algorithm,seed,episode,global_step,episode_return,episode_steps,success,collision,epsilon,mean_loss,mean_q
ddqn,2026,1,4,-10.04,4,0,1,0.9999366666666667,,
ddqn,2026,2,8,-10.04,4,0,1,0.9998733333333333,,
ddqn,2026,3,23,-10.15,15,0,1,0.9996358333333333,,
ddqn,2026,4,26,-10.03,3,0,1,0.9995883333333333,,
ddqn,2026,5,28,-10.02,2,0,1,0.9995566666666666,,
ddqn,2026,6,31,-10.03,3,0,1,0.9995091666666667,,
ddqn,2026,7,35,-10.04,4,0,1,0.9994458333333334,,
ddqn,2026,8,62,-10.27,27,0,1,0.9990183333333333,,
ddqn,2026,9,64,-10.02,2,0,1,0.9989866666666667,,
ddqn,2026,10,73,-10.09,9,0,1,0.9988441666666666,,
ddqn,2026,11,78,-10.049999999999999,5,0,1,0.998765,,
ddqn,2026,12,83,-10.049999999999999,5,0,1,0.9986858333333334,,
ddqn,2026,13,100,-10.17,17,0,1,0.9984166666666666,,
ddqn,2026,14,108,-10.08,8,0,1,0.99829,,
ddqn,2026,15,110,-10.02,2,0,1,0.9982583333333334,,
ddqn,2026,16,121,-10.11,11,0,1,0.9980841666666667,,
ddqn,2026,17,125,-10.04,4,0,1,0.9980208333333334,,
ddqn,2026,18,132,-10.07,7,0,1,0.99791,,
ddqn,2026,19,142,-10.1,10,0,1,0.9977516666666667,,
ddqn,2026,20,158,-10.16,16,0,1,0.9974983333333334,,
ddqn,2026,21,176,-10.18,18,0,1,0.9972133333333333,,
ddqn,2026,22,183,-10.07,7,0,1,0.9971025,,
ddqn,2026,23,222,-10.39,39,0,1,0.996485,,
ddqn,2026,24,234,-10.12,12,0,1,0.996295,,
ddqn,2026,25,255,-10.209999999999999,21,0,1,0.9959625,,
ddqn,2026,26,259,-10.04,4,0,1,0.9958991666666667,,
ddqn,2026,27,266,-10.07,7,0,1,0.9957883333333334,,
ddqn,2026,28,287,-10.209999999999999,21,0,1,0.9954558333333333,,
ddqn,2026,29,302,-10.15,15,0,1,0.9952183333333333,,
ddqn,2026,30,310,-10.08,8,0,1,0.9950916666666667,,
ddqn,2026,31,331,-10.209999999999999,21,0,1,0.9947591666666666,,
ddqn,2026,32,340,-10.09,9,0,1,0.9946166666666667,,
ddqn,2026,33,348,-10.08,8,0,1,0.99449,,
ddqn,2026,34,352,-10.04,4,0,1,0.9944266666666667,,
ddqn,2026,35,354,-10.02,2,0,1,0.994395,,
ddqn,2026,36,357,-10.03,3,0,1,0.9943475,,
ddqn,2026,37,369,-10.12,12,0,1,0.9941575,,
ddqn,2026,38,376,-10.07,7,0,1,0.9940466666666666,,
ddqn,2026,39,383,-10.07,7,0,1,0.9939358333333334,,
ddqn,2026,40,385,-10.02,2,0,1,0.9939041666666667,,
ddqn,2026,41,388,-10.03,3,0,1,0.9938566666666667,,
ddqn,2026,42,391,-10.03,3,0,1,0.9938091666666666,,
ddqn,2026,43,396,-10.049999999999999,5,0,1,0.99373,,
ddqn,2026,44,398,-10.02,2,0,1,0.9936983333333334,,
ddqn,2026,45,408,-10.1,10,0,1,0.99354,,
ddqn,2026,46,412,-10.04,4,0,1,0.9934766666666667,,
ddqn,2026,47,420,-10.08,8,0,1,0.99335,,
ddqn,2026,48,424,-10.04,4,0,1,0.9932866666666667,,
ddqn,2026,49,431,-10.07,7,0,1,0.9931758333333334,,
ddqn,2026,50,441,-10.1,10,0,1,0.9930175,,
ddqn,2026,51,442,-10.01,1,0,1,0.9930016666666667,,
ddqn,2026,52,448,-10.06,6,0,1,0.9929066666666667,,
ddqn,2026,53,449,-10.01,1,0,1,0.9928908333333333,,
ddqn,2026,54,463,-10.14,14,0,1,0.9926691666666667,,
ddqn,2026,55,505,-10.42,42,0,1,0.9920041666666667,,
ddqn,2026,56,507,-10.02,2,0,1,0.9919725,,
ddqn,2026,57,511,-10.04,4,0,1,0.9919091666666666,,
ddqn,2026,58,515,-10.04,4,0,1,0.9918458333333333,,
ddqn,2026,59,519,-10.04,4,0,1,0.9917825,,
ddqn,2026,60,534,-10.15,15,0,1,0.991545,,
ddqn,2026,61,544,-10.1,10,0,1,0.9913866666666666,,
ddqn,2026,62,551,-10.07,7,0,1,0.9912758333333334,,
ddqn,2026,63,560,-10.09,9,0,1,0.9911333333333333,,
ddqn,2026,64,565,-10.049999999999999,5,0,1,0.9910541666666667,,
ddqn,2026,65,580,-10.15,15,0,1,0.9908166666666667,,
ddqn,2026,66,599,-10.19,19,0,1,0.9905158333333334,,
ddqn,2026,67,615,-10.16,16,0,1,0.9902625,,
ddqn,2026,68,617,-10.02,2,0,1,0.9902308333333333,,
ddqn,2026,69,625,-10.08,8,0,1,0.9901041666666667,,
ddqn,2026,70,628,-10.03,3,0,1,0.9900566666666667,,
ddqn,2026,71,630,-10.02,2,0,1,0.990025,,
ddqn,2026,72,635,-10.049999999999999,5,0,1,0.9899458333333333,,
ddqn,2026,73,643,-10.08,8,0,1,0.9898191666666667,,
ddqn,2026,74,655,-10.12,12,0,1,0.9896291666666667,,
ddqn,2026,75,659,-10.04,4,0,1,0.9895658333333334,,
ddqn,2026,76,661,-10.02,2,0,1,0.9895341666666667,,
ddqn,2026,77,668,-10.07,7,0,1,0.9894233333333333,,
ddqn,2026,78,671,-10.03,3,0,1,0.9893758333333333,,
ddqn,2026,79,677,-10.06,6,0,1,0.9892808333333334,,
ddqn,2026,80,694,-10.17,17,0,1,0.9890116666666666,,
ddqn,2026,81,703,-10.09,9,0,1,0.9888691666666667,,
ddqn,2026,82,708,-10.049999999999999,5,0,1,0.98879,,
ddqn,2026,83,718,-10.1,10,0,1,0.9886316666666667,,
ddqn,2026,84,734,-10.16,16,0,1,0.9883783333333334,,
ddqn,2026,85,736,-10.02,2,0,1,0.9883466666666667,,
ddqn,2026,86,743,-10.07,7,0,1,0.9882358333333333,,
ddqn,2026,87,747,-10.04,4,0,1,0.9881725,,
ddqn,2026,88,757,-10.1,10,0,1,0.9880141666666666,,
ddqn,2026,89,759,-10.02,2,0,1,0.9879825,,
ddqn,2026,90,761,-10.02,2,0,1,0.9879508333333333,,
ddqn,2026,91,772,-10.11,11,0,1,0.9877766666666666,,
ddqn,2026,92,790,-10.18,18,0,1,0.9874916666666667,,
ddqn,2026,93,800,-10.1,10,0,1,0.9873333333333333,,
ddqn,2026,94,807,-10.07,7,0,1,0.9872225,,
ddqn,2026,95,810,-10.03,3,0,1,0.987175,,
ddqn,2026,96,814,-10.04,4,0,1,0.9871116666666667,,
ddqn,2026,97,822,-10.08,8,0,1,0.986985,,
ddqn,2026,98,825,-10.03,3,0,1,0.9869375,,
ddqn,2026,99,845,-10.2,20,0,1,0.9866208333333333,,
ddqn,2026,100,848,-10.03,3,0,1,0.9865733333333333,,
ddqn,2026,101,851,-10.03,3,0,1,0.9865258333333333,,
ddqn,2026,102,869,-10.18,18,0,1,0.9862408333333333,,
ddqn,2026,103,875,-10.06,6,0,1,0.9861458333333334,,
ddqn,2026,104,881,-10.06,6,0,1,0.9860508333333333,,
ddqn,2026,105,883,-10.02,2,0,1,0.9860191666666667,,
ddqn,2026,106,891,-10.08,8,0,1,0.9858925,,
ddqn,2026,107,894,-10.03,3,0,1,0.985845,,
ddqn,2026,108,901,-10.07,7,0,1,0.9857341666666667,,
ddqn,2026,109,904,-10.03,3,0,1,0.9856866666666667,,
ddqn,2026,110,906,-10.02,2,0,1,0.985655,,
ddqn,2026,111,911,-10.049999999999999,5,0,1,0.9855758333333333,,
ddqn,2026,112,917,-10.06,6,0,1,0.9854808333333334,,
ddqn,2026,113,919,-10.02,2,0,1,0.9854491666666667,,
ddqn,2026,114,925,-10.06,6,0,1,0.9853541666666666,,
ddqn,2026,115,928,-10.03,3,0,1,0.9853066666666667,,
ddqn,2026,116,937,-10.09,9,0,1,0.9851641666666666,,
ddqn,2026,117,953,-10.16,16,0,1,0.9849108333333333,,
ddqn,2026,118,955,-10.02,2,0,1,0.9848791666666666,,
ddqn,2026,119,965,-10.1,10,0,1,0.9847208333333334,,
ddqn,2026,120,990,-10.25,25,0,1,0.984325,,
ddqn,2026,121,1004,-10.14,14,0,1,0.9841033333333333,,
ddqn,2026,122,1009,-10.049999999999999,5,0,1,0.9840241666666667,,
ddqn,2026,123,1015,-10.06,6,0,1,0.9839291666666666,,
ddqn,2026,124,1021,-10.06,6,0,1,0.9838341666666667,,
ddqn,2026,125,1030,-10.09,9,0,1,0.9836916666666666,,
ddqn,2026,126,1045,-10.15,15,0,1,0.9834541666666666,,
ddqn,2026,127,1065,-10.2,20,0,1,0.9831375,,
ddqn,2026,128,1079,-10.14,14,0,1,0.9829158333333333,,
ddqn,2026,129,1082,-10.03,3,0,1,0.9828683333333333,,
ddqn,2026,130,1084,-10.02,2,0,1,0.9828366666666667,,
ddqn,2026,131,1085,-10.01,1,0,1,0.9828208333333334,,
ddqn,2026,132,1087,-10.02,2,0,1,0.9827891666666667,,
ddqn,2026,133,1096,-10.09,9,0,1,0.9826466666666667,,
ddqn,2026,134,1098,-10.02,2,0,1,0.982615,,
ddqn,2026,135,1109,-10.11,11,0,1,0.9824408333333333,,
ddqn,2026,136,1112,-10.03,3,0,1,0.9823933333333333,,
ddqn,2026,137,1114,-10.02,2,0,1,0.9823616666666667,,
ddqn,2026,138,1117,-10.03,3,0,1,0.9823141666666667,,
ddqn,2026,139,1119,-10.02,2,0,1,0.9822825,,
ddqn,2026,140,1130,-10.11,11,0,1,0.9821083333333334,,
ddqn,2026,141,1147,-10.17,17,0,1,0.9818391666666667,,
ddqn,2026,142,1159,-10.12,12,0,1,0.9816491666666667,,
ddqn,2026,143,1174,-10.15,15,0,1,0.9814116666666667,,
ddqn,2026,144,1176,-10.02,2,0,1,0.98138,,
ddqn,2026,145,1180,-10.04,4,0,1,0.9813166666666666,,
ddqn,2026,146,1184,-10.04,4,0,1,0.9812533333333333,,
ddqn,2026,147,1190,-10.06,6,0,1,0.9811583333333334,,
ddqn,2026,148,1197,-10.07,7,0,1,0.9810475,,
ddqn,2026,149,1206,-10.09,9,0,1,0.980905,,
ddqn,2026,150,1211,-10.049999999999999,5,0,1,0.9808258333333333,,
ddqn,2026,151,1215,-10.04,4,0,1,0.9807625,,
ddqn,2026,152,1248,-10.33,33,0,1,0.98024,,
ddqn,2026,153,1277,-10.29,29,0,1,0.9797808333333333,,
ddqn,2026,154,1309,-10.32,32,0,1,0.9792741666666667,,
ddqn,2026,155,1312,-10.03,3,0,1,0.9792266666666667,,
ddqn,2026,156,1327,-10.15,15,0,1,0.9789891666666667,,
ddqn,2026,157,1329,-10.02,2,0,1,0.9789575,,
ddqn,2026,158,1331,-10.02,2,0,1,0.9789258333333334,,
ddqn,2026,159,1343,-10.12,12,0,1,0.9787358333333334,,
ddqn,2026,160,1367,-10.24,24,0,1,0.9783558333333333,,
ddqn,2026,161,1379,-10.12,12,0,1,0.9781658333333333,,
ddqn,2026,162,1383,-10.04,4,0,1,0.9781025,,
ddqn,2026,163,1393,-10.1,10,0,1,0.9779441666666666,,
ddqn,2026,164,1409,-10.16,16,0,1,0.9776908333333333,,
ddqn,2026,165,1430,-10.209999999999999,21,0,1,0.9773583333333333,,
ddqn,2026,166,1438,-10.08,8,0,1,0.9772316666666667,,
ddqn,2026,167,1458,-10.2,20,0,1,0.976915,,
ddqn,2026,168,1463,-10.049999999999999,5,0,1,0.9768358333333333,,
ddqn,2026,169,1469,-10.06,6,0,1,0.9767408333333334,,
ddqn,2026,170,1474,-10.049999999999999,5,0,1,0.9766616666666667,,
ddqn,2026,171,1482,-10.08,8,0,1,0.976535,,
ddqn,2026,172,1495,-10.129999999999999,13,0,1,0.9763291666666667,,
ddqn,2026,173,1506,-10.11,11,0,1,0.976155,,
ddqn,2026,174,1529,-10.23,23,0,1,0.9757908333333334,,
ddqn,2026,175,1535,-10.06,6,0,1,0.9756958333333333,,
ddqn,2026,176,1538,-10.03,3,0,1,0.9756483333333333,,
ddqn,2026,177,1541,-10.03,3,0,1,0.9756008333333334,,
ddqn,2026,178,1545,-10.04,4,0,1,0.9755375,,
ddqn,2026,179,1567,-10.22,22,0,1,0.9751891666666667,,
ddqn,2026,180,1574,-10.07,7,0,1,0.9750783333333334,,
ddqn,2026,181,1576,-10.02,2,0,1,0.9750466666666666,,
ddqn,2026,182,1580,-10.04,4,0,1,0.9749833333333333,,
ddqn,2026,183,1612,-10.32,32,0,1,0.9744766666666667,,
ddqn,2026,184,1617,-10.049999999999999,5,0,1,0.9743975,,
ddqn,2026,185,1620,-10.03,3,0,1,0.97435,,
ddqn,2026,186,1626,-10.06,6,0,1,0.974255,,
ddqn,2026,187,1632,-10.06,6,0,1,0.97416,,
ddqn,2026,188,1636,-10.04,4,0,1,0.9740966666666666,,
ddqn,2026,189,1648,-10.12,12,0,1,0.9739066666666667,,
ddqn,2026,190,1649,-10.01,1,0,1,0.9738908333333334,,
ddqn,2026,191,1658,-10.09,9,0,1,0.9737483333333333,,
ddqn,2026,192,1673,-10.15,15,0,1,0.9735108333333333,,
ddqn,2026,193,1705,-10.32,32,0,1,0.9730041666666667,,
ddqn,2026,194,1710,-10.049999999999999,5,0,1,0.972925,,
ddqn,2026,195,1717,-10.07,7,0,1,0.9728141666666666,,
ddqn,2026,196,1737,-10.2,20,0,1,0.9724975,,
ddqn,2026,197,1740,-10.03,3,0,1,0.97245,,
ddqn,2026,198,1742,-10.02,2,0,1,0.9724183333333334,,
ddqn,2026,199,1744,-10.02,2,0,1,0.9723866666666666,,
ddqn,2026,200,1745,-10.01,1,0,1,0.9723708333333333,,
ddqn,2026,201,1748,-10.03,3,0,1,0.9723233333333333,,
ddqn,2026,202,1750,-10.02,2,0,1,0.9722916666666667,,
ddqn,2026,203,1761,-10.11,11,0,1,0.9721175,,
ddqn,2026,204,1771,-10.1,10,0,1,0.9719591666666667,,
ddqn,2026,205,1781,-10.1,10,0,1,0.9718008333333333,,
ddqn,2026,206,1783,-10.02,2,0,1,0.9717691666666667,,
ddqn,2026,207,1792,-10.09,9,0,1,0.9716266666666666,,
ddqn,2026,208,1802,-10.1,10,0,1,0.9714683333333334,,
ddqn,2026,209,1803,-10.01,1,0,1,0.9714525,,
ddqn,2026,210,1805,-10.02,2,0,1,0.9714208333333333,,
ddqn,2026,211,1827,-10.22,22,0,1,0.9710725,,
ddqn,2026,212,1846,-10.19,19,0,1,0.9707716666666667,,
ddqn,2026,213,1854,-10.08,8,0,1,0.970645,,
ddqn,2026,214,1863,-10.09,9,0,1,0.9705025,,
ddqn,2026,215,1865,-10.02,2,0,1,0.9704708333333333,,
ddqn,2026,216,1873,-10.08,8,0,1,0.9703441666666667,,
ddqn,2026,217,1880,-10.07,7,0,1,0.9702333333333333,,
ddqn,2026,218,1882,-10.02,2,0,1,0.9702016666666666,,
ddqn,2026,219,1892,-10.1,10,0,1,0.9700433333333334,,
ddqn,2026,220,1911,-10.19,19,0,1,0.9697425,,
ddqn,2026,221,1913,-10.02,2,0,1,0.9697108333333333,,
ddqn,2026,222,1923,-10.1,10,0,1,0.9695525,,
ddqn,2026,223,1948,-10.25,25,0,1,0.9691566666666667,,
ddqn,2026,224,1951,-10.03,3,0,1,0.9691091666666667,,
ddqn,2026,225,1960,-10.09,9,0,1,0.9689666666666666,,
ddqn,2026,226,1977,-10.17,17,0,1,0.9686975,,
ddqn,2026,227,1987,-10.1,10,0,1,0.9685391666666666,,
ddqn,2026,228,2007,-10.2,20,0,1,0.9682225,1.2714117169380188,-0.0019340002909302711
ddqn,2026,229,2008,-10.01,1,0,1,0.9682066666666667,1.317786455154419,-0.048803262412548065
ddqn,2026,230,2013,-10.049999999999999,5,0,1,0.9681275,0.7287153005599976,-0.06705231964588165
ddqn,2026,231,2017,-10.04,4,0,1,0.9680641666666666,0.44511348009109497,-0.11863885819911957
ddqn,2026,232,2019,-10.02,2,0,1,0.9680325,,
ddqn,2026,233,2028,-10.09,9,0,1,0.96789,0.9573765198389689,-0.16711349288622537
ddqn,2026,234,2029,-10.01,1,0,1,0.9678741666666667,,
ddqn,2026,235,2062,-10.33,33,0,1,0.9673516666666667,1.061702899634838,-0.2389987800270319
ddqn,2026,236,2066,-10.04,4,0,1,0.9672883333333333,1.263924241065979,-0.13939493894577026
ddqn,2026,237,2103,-10.37,37,0,1,0.9667025,1.1774867574373882,-0.2379812631342146
ddqn,2026,238,2110,-10.07,7,0,1,0.9665916666666666,1.593918800354004,-0.348215714097023
ddqn,2026,239,2131,-10.209999999999999,21,0,1,0.9662591666666667,0.8645985066890717,-0.26730177998542787
ddqn,2026,240,2149,-10.18,18,0,1,0.9659741666666667,0.9177123665809631,-0.12744851559400558
ddqn,2026,241,2154,-10.049999999999999,5,0,1,0.965895,1.1318295001983643,-0.10902445763349533
ddqn,2026,242,2162,-10.08,8,0,1,0.9657683333333333,1.0244977176189423,-0.1831437423825264
ddqn,2026,243,2166,-10.04,4,0,1,0.965705,1.3579280376434326,-0.25737035274505615
ddqn,2026,244,2171,-10.049999999999999,5,0,1,0.9656258333333333,1.2529319524765015,-0.3158939480781555
ddqn,2026,245,2174,-10.03,3,0,1,0.9655783333333333,0.5839953422546387,-0.3059566617012024
ddqn,2026,246,2177,-10.03,3,0,1,0.9655308333333333,1.2809793949127197,-0.44238007068634033
ddqn,2026,247,2179,-10.02,2,0,1,0.9654991666666667,,
ddqn,2026,248,2184,-10.049999999999999,5,0,1,0.96542,1.2179776728153229,-0.4108321815729141
ddqn,2026,249,2186,-10.02,2,0,1,0.9653883333333333,,
ddqn,2026,250,2189,-10.03,3,0,1,0.9653408333333333,1.5018609762191772,-0.4688856601715088
ddqn,2026,251,2204,-10.15,15,0,1,0.9651033333333333,0.9768792390823364,-0.4137389063835144
ddqn,2026,252,2208,-10.04,4,0,1,0.96504,0.773221492767334,-0.2939460277557373
ddqn,2026,253,2210,-10.02,2,0,1,0.9650083333333334,,
ddqn,2026,254,2213,-10.03,3,0,1,0.9649608333333334,0.666978120803833,-0.2825472354888916
ddqn,2026,255,2219,-10.06,6,0,1,0.9648658333333333,0.9083309769630432,-0.35308676958084106
ddqn,2026,256,2238,-10.19,19,0,1,0.964565,0.7219130098819733,-0.3238867461681366
ddqn,2026,257,2240,-10.02,2,0,1,0.9645333333333334,0.40408098697662354,-0.17001909017562866
ddqn,2026,258,2258,-10.18,18,0,1,0.9642483333333334,0.7781504169106483,-0.4069906175136566
ddqn,2026,259,2266,-10.08,8,0,1,0.9641216666666667,0.8813633918762207,-0.8080375790596008
ddqn,2026,260,2294,-10.28,28,0,1,0.9636783333333333,0.8529437780380249,-0.6402513959578106
ddqn,2026,261,2297,-10.03,3,0,1,0.9636308333333333,0.7222653031349182,-0.7208118438720703
ddqn,2026,262,2300,-10.03,3,0,1,0.9635833333333333,0.8287227749824524,-0.8725149631500244
ddqn,2026,263,2310,-10.1,10,0,1,0.963425,0.6540276408195496,-1.1210935711860657
ddqn,2026,264,2313,-10.03,3,0,1,0.9633775,0.546820878982544,-1.5541075468063354
ddqn,2026,265,2377,-10.64,64,0,1,0.9623641666666667,0.5533011546358466,-1.0520227812230587
ddqn,2026,266,2390,-10.129999999999999,13,0,1,0.9621583333333333,0.4552744925022125,-0.715531051158905
ddqn,2026,267,2396,-10.06,6,0,1,0.9620633333333334,0.5119228065013885,-0.6732995510101318
ddqn,2026,268,2447,-10.51,51,0,1,0.9612558333333333,0.4618559579054515,-0.8380290493369102
ddqn,2026,269,2473,-10.26,26,0,1,0.9608441666666667,0.34494965842791964,-1.0714700307164873
ddqn,2026,270,2479,-10.06,6,0,1,0.9607491666666667,0.49927300214767456,-0.47574302554130554
ddqn,2026,271,2491,-10.12,12,0,1,0.9605591666666666,0.43992095192273456,-0.35734133919080097
ddqn,2026,272,2498,-10.07,7,0,1,0.9604483333333333,0.35821308195590973,-0.4868145138025284
ddqn,2026,273,2511,-10.129999999999999,13,0,1,0.9602425,0.40982945760091144,-0.792793889840444
ddqn,2026,274,2520,-10.09,9,0,1,0.9601,0.532206783692042,-0.940687894821167
ddqn,2026,275,2527,-10.07,7,0,1,0.9599891666666667,0.37302500009536743,-1.3396973609924316
ddqn,2026,276,2530,-10.03,3,0,1,0.9599416666666667,0.7520245313644409,-0.8070359826087952
ddqn,2026,277,2532,-10.02,2,0,1,0.95991,0.20531727373600006,-0.6288742423057556
ddqn,2026,278,2540,-10.08,8,0,1,0.9597833333333333,0.5628169178962708,-0.8100278973579407
ddqn,2026,279,2543,-10.03,3,0,1,0.9597358333333333,,
ddqn,2026,280,2580,-10.37,37,0,1,0.95915,0.3586682125926018,-0.8743819892406464
ddqn,2026,281,2583,-10.03,3,0,1,0.9591025,,
ddqn,2026,282,2595,-10.12,12,0,1,0.9589125000000001,0.4286143680413564,-1.0102787812550862
ddqn,2026,283,2599,-10.04,4,0,1,0.9588491666666666,0.4948175251483917,-0.14381593465805054
ddqn,2026,284,2602,-10.03,3,0,1,0.9588016666666667,0.20494982600212097,-0.7282512187957764
ddqn,2026,285,2604,-10.02,2,0,1,0.95877,0.346504271030426,-0.5629225969314575
ddqn,2026,286,2606,-10.02,2,0,1,0.9587383333333334,,
ddqn,2026,287,2648,-10.42,42,0,1,0.9580733333333333,0.4232106561010534,-0.6602189920165322
ddqn,2026,288,2656,-10.08,8,0,1,0.9579466666666667,0.2616629432886839,-0.6034643650054932
ddqn,2026,289,2667,-10.11,11,0,1,0.9577725,0.3138359934091568,-0.819373369216919
ddqn,2026,290,2668,-10.01,1,0,1,0.9577566666666667,0.6238754391670227,-0.9065432548522949
ddqn,2026,291,2683,-10.15,15,0,1,0.9575191666666667,0.32026810695727664,-1.1906527280807495
ddqn,2026,292,2685,-10.02,2,0,1,0.9574875,0.43929970264434814,-0.4825248122215271
ddqn,2026,293,2687,-10.02,2,0,1,0.9574558333333333,,
ddqn,2026,294,2696,-10.09,9,0,1,0.9573133333333333,0.2238315393527349,-0.689801037311554
ddqn,2026,295,2701,-10.049999999999999,5,0,1,0.9572341666666666,0.20064251124858856,-1.5052165985107422
ddqn,2026,296,2719,-10.18,18,0,1,0.9569491666666666,0.48973456770181656,-0.9505585879087448
ddqn,2026,297,2731,-10.12,12,0,1,0.9567591666666667,0.49646198749542236,-1.1138585011164348
ddqn,2026,298,2748,-10.17,17,0,1,0.95649,0.3194466844201088,-0.7792437732219696
ddqn,2026,299,2754,-10.06,6,0,1,0.956395,0.31905555725097656,-0.8995146751403809
ddqn,2026,300,2759,-10.049999999999999,5,0,1,0.9563158333333334,0.5757111310958862,-0.8224853873252869
ddqn,2026,301,2772,-10.129999999999999,13,0,1,0.95611,0.3030501129105687,-0.6636034697294235
ddqn,2026,302,2795,-10.23,23,0,1,0.9557458333333333,0.3335129410028458,-1.0468943238258361
ddqn,2026,303,2798,-10.03,3,0,1,0.9556983333333333,0.21026599407196045,-0.948438823223114
ddqn,2026,304,2803,-10.049999999999999,5,0,1,0.9556191666666667,0.17336060106754303,-0.9343691468238831
ddqn,2026,305,2806,-10.03,3,0,1,0.9555716666666667,0.04459342360496521,-0.5599205493927002
ddqn,2026,306,2813,-10.07,7,0,1,0.9554608333333333,0.19085038267076015,-0.9492367506027222
ddqn,2026,307,2815,-10.02,2,0,1,0.9554291666666667,,
ddqn,2026,308,2818,-10.03,3,0,1,0.9553816666666667,0.19698621332645416,-0.8140000104904175
ddqn,2026,309,2820,-10.02,2,0,1,0.95535,0.37888628244400024,-1.4554482698440552
ddqn,2026,310,2852,-10.32,32,0,1,0.9548433333333334,0.47308196872472763,-0.8314132243394852
ddqn,2026,311,2866,-10.14,14,0,1,0.9546216666666667,0.42303478717803955,-1.0152117212613423
ddqn,2026,312,2867,-10.01,1,0,1,0.9546058333333334,,
ddqn,2026,313,2871,-10.04,4,0,1,0.9545425,0.19753916561603546,-0.5866670608520508
ddqn,2026,314,2877,-10.06,6,0,1,0.9544475,0.40014350414276123,-0.7351543605327606
ddqn,2026,315,2880,-10.03,3,0,1,0.9544,0.17658631503582,-0.468082994222641
ddqn,2026,316,2883,-10.03,3,0,1,0.9543525,,
ddqn,2026,317,2887,-10.04,4,0,1,0.9542891666666666,0.18393546342849731,-0.5953654646873474
ddqn,2026,318,2893,-10.06,6,0,1,0.9541941666666667,0.3239814564585686,-0.5838239789009094
ddqn,2026,319,2895,-10.02,2,0,1,0.9541625,,
ddqn,2026,320,2899,-10.04,4,0,1,0.9540991666666667,0.02535254880785942,-0.7076820135116577
ddqn,2026,321,2908,-10.09,9,0,1,0.9539566666666667,0.2756435548265775,-0.7525420784950256
ddqn,2026,322,2911,-10.03,3,0,1,0.9539091666666667,,
ddqn,2026,323,2913,-10.02,2,0,1,0.9538775,0.44671157002449036,-1.1443639993667603
ddqn,2026,324,2927,-10.14,14,0,1,0.9536558333333334,0.4251326223214467,-0.9859985907872518
ddqn,2026,325,2945,-10.18,18,0,1,0.9533708333333333,0.37053017020225526,-0.9059904932975769
ddqn,2026,326,2949,-10.04,4,0,1,0.9533075,0.3862578272819519,-0.5274502038955688
ddqn,2026,327,2950,-10.01,1,0,1,0.9532916666666666,,
ddqn,2026,328,2957,-10.07,7,0,1,0.9531808333333334,0.2272079437971115,-0.8163484930992126
ddqn,2026,329,2965,-10.08,8,0,1,0.9530541666666666,0.2531728446483612,-1.1623424887657166
ddqn,2026,330,2977,-10.12,12,0,1,0.9528641666666666,0.3735300687452157,-0.9177965323130289
ddqn,2026,331,2998,-10.209999999999999,21,0,1,0.9525316666666667,0.24988472163677217,-0.7306319177150726
ddqn,2026,332,3004,-10.06,6,0,1,0.9524366666666667,0.21526241768151522,-0.8793090283870697
ddqn,2026,333,3009,-10.049999999999999,5,0,1,0.9523575,0.24775031208992004,-0.6706802845001221
ddqn,2026,334,3015,-10.06,6,0,1,0.9522625,0.7022890448570251,-0.5291454792022705
ddqn,2026,335,3019,-10.04,4,0,1,0.9521991666666667,0.16351278126239777,-0.9917781352996826
ddqn,2026,336,3031,-10.12,12,0,1,0.9520091666666667,0.25542162358760834,-0.9147795041402181
ddqn,2026,337,3037,-10.06,6,0,1,0.9519141666666666,0.27699650824069977,-0.5867779552936554
ddqn,2026,338,3069,-10.32,32,0,1,0.9514075,0.33090855134651065,-0.9507579356431961
ddqn,2026,339,3071,-10.02,2,0,1,0.9513758333333333,,
ddqn,2026,340,3075,-10.04,4,0,1,0.9513125,0.2718273997306824,-0.36212167143821716
ddqn,2026,341,3080,-10.049999999999999,5,0,1,0.9512333333333334,0.31221847981214523,-0.6860867440700531
ddqn,2026,342,3086,-10.06,6,0,1,0.9511383333333333,0.15905049443244934,-0.7632612586021423
ddqn,2026,343,3089,-10.03,3,0,1,0.9510908333333333,0.5441208481788635,-0.7031196355819702
ddqn,2026,344,3112,-10.23,23,0,1,0.9507266666666667,0.27392588555812836,-0.9059382230043411
ddqn,2026,345,3135,-10.23,23,0,1,0.9503625,0.27029249370098113,-0.5310409486293792
ddqn,2026,346,3137,-10.02,2,0,1,0.9503308333333333,0.5688868761062622,-1.1060285568237305
ddqn,2026,347,3143,-10.06,6,0,1,0.9502358333333334,0.18431240320205688,-0.6141936182975769
ddqn,2026,348,3193,-10.5,50,0,1,0.9494441666666666,0.3911414358478326,-0.8381271981275998
ddqn,2026,349,3213,-10.2,20,0,1,0.9491275,0.3314273163676262,-0.7599215269088745
ddqn,2026,350,3238,-10.25,25,0,1,0.9487316666666666,0.3697141918043296,-0.8154208660125732
ddqn,2026,351,3243,-10.049999999999999,5,0,1,0.9486525,0.2081540822982788,-0.7312910556793213
ddqn,2026,352,3251,-10.08,8,0,1,0.9485258333333333,0.2921859696507454,-1.0948025584220886
ddqn,2026,353,3257,-10.06,6,0,1,0.9484308333333333,0.2536105439066887,-0.6222371757030487
ddqn,2026,354,3266,-10.09,9,0,1,0.9482883333333333,0.171479694545269,-0.803640216588974
ddqn,2026,355,3275,-10.09,9,0,1,0.9481458333333334,0.4138011634349823,-1.2458189725875854
ddqn,2026,356,3277,-10.02,2,0,1,0.9481141666666667,0.03525406867265701,-0.9202197194099426
ddqn,2026,357,3280,-10.03,3,0,1,0.9480666666666666,0.40851011872291565,-0.9853550791740417
ddqn,2026,358,3292,-10.12,12,0,1,0.9478766666666667,0.35930180301268894,-0.7076268295447031
ddqn,2026,359,3296,-10.04,4,0,1,0.9478133333333333,0.16032004356384277,-0.6771430969238281
ddqn,2026,360,3299,-10.03,3,0,1,0.9477658333333333,,
ddqn,2026,361,3301,-10.02,2,0,1,0.9477341666666667,0.4170834422111511,-0.7776895761489868
ddqn,2026,362,3355,-10.54,54,0,1,0.9468791666666667,0.31415994006853837,-0.9000353744396796
ddqn,2026,363,3360,-10.049999999999999,5,0,1,0.9468,0.5423188805580139,-1.356589674949646
ddqn,2026,364,3367,-10.07,7,0,1,0.9466891666666667,0.03226166218519211,-0.8408495187759399
ddqn,2026,365,3370,-10.03,3,0,1,0.9466416666666667,0.2938142716884613,-0.5314812064170837
ddqn,2026,366,3375,-10.049999999999999,5,0,1,0.9465625,0.5019935369491577,-1.3109883069992065
ddqn,2026,367,3380,-10.049999999999999,5,0,1,0.9464833333333333,0.26866765320301056,-0.8116487860679626
ddqn,2026,368,3385,-10.049999999999999,5,0,1,0.9464041666666667,0.45194536447525024,-0.6131958961486816
ddqn,2026,369,3387,-10.02,2,0,1,0.9463725000000001,,
ddqn,2026,370,3394,-10.07,7,0,1,0.9462616666666667,0.5859571695327759,-0.7883927226066589
ddqn,2026,371,3396,-10.02,2,0,1,0.94623,0.4962480068206787,-0.6342870593070984
ddqn,2026,372,3403,-10.07,7,0,1,0.9461191666666666,0.2288995385169983,-0.9432815313339233
ddqn,2026,373,3404,-10.01,1,0,1,0.9461033333333333,0.3399927318096161,-0.7328283786773682
ddqn,2026,374,3407,-10.03,3,0,1,0.9460558333333333,,
ddqn,2026,375,3422,-10.15,15,0,1,0.9458183333333333,0.36011073738336563,-0.9126379787921906
ddqn,2026,376,3425,-10.03,3,0,1,0.9457708333333333,0.11958043277263641,-0.9788512587547302
ddqn,2026,377,3456,-10.31,31,0,1,0.94528,0.2729741777293384,-1.0746782645583153
ddqn,2026,378,3460,-10.04,4,0,1,0.9452166666666667,0.07023739069700241,-0.7169482707977295
ddqn,2026,379,3462,-10.02,2,0,1,0.945185,,
ddqn,2026,380,3467,-10.049999999999999,5,0,1,0.9451058333333333,0.163056880235672,-1.2217555046081543
ddqn,2026,381,3475,-10.08,8,0,1,0.9449791666666667,0.35982974618673325,-0.5255836248397827
ddqn,2026,382,3483,-10.08,8,0,1,0.9448525,0.32449763268232346,-0.7277711927890778
ddqn,2026,383,3490,-10.07,7,0,1,0.9447416666666667,0.20404700934886932,-0.8931007385253906
ddqn,2026,384,3499,-10.09,9,0,1,0.9445991666666667,0.2409951388835907,-1.0699400901794434
ddqn,2026,385,3503,-10.04,4,0,1,0.9445358333333334,0.3783337473869324,-0.3955886662006378
ddqn,2026,386,3505,-10.02,2,0,1,0.9445041666666667,0.416215181350708,-0.5752915143966675
ddqn,2026,387,3510,-10.049999999999999,5,0,1,0.944425,0.393138587474823,-1.1352207660675049
ddqn,2026,388,3513,-10.03,3,0,1,0.9443775,0.1411791741847992,-0.9315592050552368
ddqn,2026,389,3573,-10.6,60,0,1,0.9434275,0.24442209259917339,-0.8417533377806345
ddqn,2026,390,3591,-10.18,18,0,1,0.9431425,0.09635936841368675,-0.6314788088202477
ddqn,2026,391,3596,-10.049999999999999,5,0,1,0.9430633333333334,0.18776850402355194,-0.9586147367954254
ddqn,2026,392,3599,-10.03,3,0,1,0.9430158333333334,,
ddqn,2026,393,3615,-10.16,16,0,1,0.9427625,0.18169397488236427,-0.5451146960258484
ddqn,2026,394,3617,-10.02,2,0,1,0.9427308333333333,0.12729257345199585,-0.590488076210022
ddqn,2026,395,3640,-10.23,23,0,1,0.9423666666666667,0.2969015762209892,-0.9878486593564352
ddqn,2026,396,3644,-10.04,4,0,1,0.9423033333333334,0.4897860884666443,-1.267646312713623
ddqn,2026,397,3649,-10.049999999999999,5,0,1,0.9422241666666666,0.472942978143692,-0.5769093036651611
ddqn,2026,398,3660,-10.11,11,0,1,0.94205,0.29538388053576153,-1.418479363123576
ddqn,2026,399,3673,-10.129999999999999,13,0,1,0.9418441666666667,0.2139364257454872,-1.2039484580357869
ddqn,2026,400,3677,-10.04,4,0,1,0.9417808333333333,0.39537784457206726,-0.9630370736122131
ddqn,2026,401,3679,-10.02,2,0,1,0.9417491666666666,,
ddqn,2026,402,3683,-10.04,4,0,1,0.9416858333333333,0.3174472749233246,-0.672019362449646
ddqn,2026,403,3691,-10.08,8,0,1,0.9415591666666667,0.3892049193382263,-1.0374737977981567
ddqn,2026,404,3692,-10.01,1,0,1,0.9415433333333333,0.4331050515174866,-1.292860984802246
ddqn,2026,405,3740,-10.48,48,0,1,0.9407833333333333,0.2758214622735977,-0.9748622725407282
ddqn,2026,406,3763,-10.23,23,0,1,0.9404191666666667,0.27682839930057523,-0.8852701783180237
ddqn,2026,407,3789,-10.26,26,0,1,0.9400075,0.20163166097232274,-0.941413802759988
ddqn,2026,408,3791,-10.02,2,0,1,0.9399758333333333,,
ddqn,2026,409,3816,-10.25,25,0,1,0.93958,0.16926438148532594,-0.7150221019983292
ddqn,2026,410,3819,-10.03,3,0,1,0.9395325,,
ddqn,2026,411,3821,-10.02,2,0,1,0.9395008333333333,0.11949065327644348,-1.1277778148651123
ddqn,2026,412,3825,-10.04,4,0,1,0.9394375,0.2933722138404846,-1.659080982208252
ddqn,2026,413,3832,-10.07,7,0,1,0.9393266666666666,0.21639801934361458,-1.0665159821510315
ddqn,2026,414,3839,-10.07,7,0,1,0.9392158333333334,0.314313143491745,-1.5723118782043457
ddqn,2026,415,3849,-10.1,10,0,1,0.9390575,0.26068609207868576,-1.0654056866963704
ddqn,2026,416,3850,-10.01,1,0,1,0.9390416666666667,,
ddqn,2026,417,3854,-10.04,4,0,1,0.9389783333333334,0.6472983956336975,-1.224078893661499
ddqn,2026,418,3856,-10.02,2,0,1,0.9389466666666667,0.0713881403207779,-0.8871704339981079
ddqn,2026,419,3867,-10.11,11,0,1,0.9387725,0.24627824127674103,-1.131786286830902
ddqn,2026,420,3872,-10.049999999999999,5,0,1,0.9386933333333334,0.21624266635626554,-0.7735856175422668
ddqn,2026,421,3877,-10.049999999999999,5,0,1,0.9386141666666666,0.21696870028972626,-0.8424007296562195
ddqn,2026,422,3887,-10.1,10,0,1,0.9384558333333334,0.2383602112531662,-0.9481907486915588
ddqn,2026,423,3889,-10.02,2,0,1,0.9384241666666667,0.28233689069747925,-1.223154902458191
ddqn,2026,424,3899,-10.1,10,0,1,0.9382658333333334,0.35001416504383087,-1.5734010934829712
ddqn,2026,425,3901,-10.02,2,0,1,0.9382341666666667,0.4083855450153351,-1.0204252004623413
ddqn,2026,426,3917,-10.16,16,0,1,0.9379808333333334,0.18966270238161087,-0.9581023156642914
ddqn,2026,427,3927,-10.1,10,0,1,0.9378225,0.23922798782587051,-1.0966452062129974
ddqn,2026,428,3931,-10.04,4,0,1,0.9377591666666667,0.3765081763267517,-1.1229727268218994
ddqn,2026,429,3956,-10.25,25,0,1,0.9373633333333333,0.22673525608011655,-1.0576325527259283
ddqn,2026,430,3958,-10.02,2,0,1,0.9373316666666667,,
ddqn,2026,431,3970,-10.12,12,0,1,0.9371416666666667,0.2121738443771998,-0.7327980995178223
ddqn,2026,432,3998,-10.28,28,0,1,0.9366983333333333,0.24227014290434973,-1.1297920857157027
ddqn,2026,433,4000,-10.02,2,0,1,0.9366666666666666,0.44102346897125244,-0.8933823108673096
ddqn,2026,434,4004,-10.04,4,0,1,0.9366033333333333,0.1358920931816101,-0.6210973858833313
ddqn,2026,435,4006,-10.02,2,0,1,0.9365716666666667,,
ddqn,2026,436,4016,-10.1,10,0,1,0.9364133333333333,0.13965957363446554,-0.6122192541758219
ddqn,2026,437,4025,-10.09,9,0,1,0.9362708333333334,0.15953033417463303,-1.1674546599388123
ddqn,2026,438,4027,-10.02,2,0,1,0.9362391666666666,,
ddqn,2026,439,4031,-10.04,4,0,1,0.9361758333333333,0.260107159614563,-1.1268079280853271
ddqn,2026,440,4044,-10.129999999999999,13,0,1,0.93597,0.16877206787467003,-1.079488679766655
ddqn,2026,441,4061,-10.17,17,0,1,0.9357008333333333,0.2931000553071499,-0.8931219577789307
ddqn,2026,442,4070,-10.09,9,0,1,0.9355583333333334,0.14248282089829445,-1.0190902948379517
ddqn,2026,443,4076,-10.06,6,0,1,0.9354633333333333,0.15058238990604877,-1.282743364572525
ddqn,2026,444,4095,-10.19,19,0,1,0.9351625,0.1963010337203741,-1.5913414061069489
ddqn,2026,445,4098,-10.03,3,0,1,0.935115,0.25811290740966797,-0.5677591562271118
ddqn,2026,446,4101,-10.03,3,0,1,0.9350675,0.23372183740139008,-1.1390089988708496
ddqn,2026,447,4106,-10.049999999999999,5,0,1,0.9349883333333333,0.4409812092781067,-1.5197899341583252
ddqn,2026,448,4107,-10.01,1,0,1,0.9349725,,
ddqn,2026,449,4132,-10.25,25,0,1,0.9345766666666666,0.1875902403678213,-1.0298162528446742
ddqn,2026,450,4145,-10.129999999999999,13,0,1,0.9343708333333334,0.2138802856206894,-1.0880118211110432
ddqn,2026,451,4151,-10.06,6,0,1,0.9342758333333333,0.14040255546569824,-0.6376181840896606
ddqn,2026,452,4163,-10.12,12,0,1,0.9340858333333333,0.22045285006364188,-1.03900142510732
ddqn,2026,453,4176,-10.129999999999999,13,0,1,0.93388,0.1648068968206644,-0.9618033617734909
ddqn,2026,454,4183,-10.07,7,0,1,0.9337691666666667,0.16143199801445007,-0.876381516456604
ddqn,2026,455,4184,-10.01,1,0,1,0.9337533333333333,0.25250673294067383,-1.3488882780075073
ddqn,2026,456,4187,-10.03,3,0,1,0.9337058333333333,,
ddqn,2026,457,4191,-10.04,4,0,1,0.9336425,0.17998920381069183,-0.9394162893295288
ddqn,2026,458,4253,-10.620000000000001,62,0,1,0.9326608333333333,0.2171803789678961,-1.0238202102482319
ddqn,2026,459,4266,-10.129999999999999,13,0,1,0.932455,0.22789972772200903,-1.432730754216512
ddqn,2026,460,4272,-10.06,6,0,1,0.93236,0.2878308594226837,-0.5579181462526321
ddqn,2026,461,4282,-10.1,10,0,1,0.9322016666666667,0.1724768467247486,-0.48463860154151917
ddqn,2026,462,4284,-10.02,2,0,1,0.9321699999999999,0.11783400177955627,-0.7675399780273438
ddqn,2026,463,4333,-10.49,49,0,1,0.9313941666666666,0.1241065642486016,-1.0550057937701542
ddqn,2026,464,4340,-10.07,7,0,1,0.9312833333333334,0.14674855023622513,-0.7018425166606903
ddqn,2026,465,4357,-10.17,17,0,1,0.9310141666666667,0.12657642737030983,-1.1088119745254517
ddqn,2026,466,4363,-10.06,6,0,1,0.9309191666666666,0.022252261638641357,-0.7101068496704102
ddqn,2026,467,4365,-10.02,2,0,1,0.9308875,0.09229239821434021,-0.7635457515716553
ddqn,2026,468,4367,-10.02,2,0,1,0.9308558333333333,,
ddqn,2026,469,4370,-10.03,3,0,1,0.9308083333333333,0.16951973736286163,-1.1730661392211914
ddqn,2026,470,4381,-10.11,11,0,1,0.9306341666666667,0.08579754829406738,-0.734915534655253
ddqn,2026,471,4383,-10.02,2,0,1,0.9306025,,
ddqn,2026,472,4404,-10.209999999999999,21,0,1,0.93027,0.12967855172852674,-1.0335157066583633
ddqn,2026,473,4428,-10.24,24,0,1,0.92989,0.1203451839586099,-1.2909491062164307
ddqn,2026,474,4438,-10.1,10,0,1,0.9297316666666666,0.11131373420357704,-1.6407353281974792
ddqn,2026,475,4445,-10.07,7,0,1,0.9296208333333333,0.05957845412194729,-1.447727382183075
ddqn,2026,476,4453,-10.08,8,0,1,0.9294941666666666,0.1603258028626442,-1.0166886150836945
ddqn,2026,477,4455,-10.02,2,0,1,0.9294625,,
ddqn,2026,478,4457,-10.02,2,0,1,0.9294308333333333,0.26227301359176636,-1.328755497932434
ddqn,2026,479,4488,-10.31,31,0,1,0.92894,0.10410564066842198,-1.096184752881527
ddqn,2026,480,4518,-10.3,30,0,1,0.928465,0.06770720412688595,-1.131377603326525
ddqn,2026,481,4541,-10.23,23,0,1,0.9281008333333334,0.09642274864017963,-1.1402889390786488
ddqn,2026,482,4545,-10.04,4,0,1,0.9280375,0.13640135526657104,-1.4662827253341675
ddqn,2026,483,4548,-10.03,3,0,1,0.92799,0.06375579535961151,-1.0017422437667847
ddqn,2026,484,4553,-10.049999999999999,5,0,1,0.9279108333333334,0.0571490079164505,-0.7161095142364502
ddqn,2026,485,4559,-10.06,6,0,1,0.9278158333333333,0.18575464189052582,-1.2922205924987793
ddqn,2026,486,4563,-10.04,4,0,1,0.9277525,0.08812990039587021,-0.6557137370109558
ddqn,2026,487,4566,-10.03,3,0,1,0.927705,0.08800465613603592,-0.29992151260375977
ddqn,2026,488,4593,-10.27,27,0,1,0.9272775,0.10700297408870288,-1.0303497569901603
ddqn,2026,489,4595,-10.02,2,0,1,0.9272458333333333,,
ddqn,2026,490,4620,-10.25,25,0,1,0.92685,0.12712419671671732,-1.5083811623709542
ddqn,2026,491,4627,-10.07,7,0,1,0.9267391666666667,0.04424222186207771,-1.2133355140686035
ddqn,2026,492,4628,-10.01,1,0,1,0.9267233333333333,0.05471961572766304,-1.1139179468154907
ddqn,2026,493,4658,-10.3,30,0,1,0.9262483333333333,0.06468086796147483,-1.3309872320720129
ddqn,2026,494,4660,-10.02,2,0,1,0.9262166666666667,0.06545627117156982,-1.0841213464736938
ddqn,2026,495,4702,-10.42,42,0,1,0.9255516666666667,0.05679003186523914,-1.0817501664161682
ddqn,2026,496,4711,-10.09,9,0,1,0.9254091666666666,0.03747131861746311,-0.7527192384004593
ddqn,2026,497,4712,-10.01,1,0,1,0.9253933333333333,0.09070111066102982,-1.8209304809570312
ddqn,2026,498,4714,-10.02,2,0,1,0.9253616666666666,,
ddqn,2026,499,4717,-10.03,3,0,1,0.9253141666666667,0.033953674137592316,-0.4838166832923889
ddqn,2026,500,4720,-10.03,3,0,1,0.9252666666666667,0.04059484601020813,-1.0537885427474976
ddqn,2026,501,4725,-10.049999999999999,5,0,1,0.9251875,0.08491773903369904,-1.3885349035263062
ddqn,2026,502,4729,-10.04,4,0,1,0.9251241666666666,0.03551308065652847,-1.2606627941131592
ddqn,2026,503,4734,-10.049999999999999,5,0,1,0.925045,0.0790833830833435,-0.9487780332565308
ddqn,2026,504,4737,-10.03,3,0,1,0.9249975,0.07117639482021332,-0.4162096679210663
ddqn,2026,505,4746,-10.09,9,0,1,0.924855,0.032816674560308456,-0.7955770641565323
ddqn,2026,506,4747,-10.01,1,0,1,0.9248391666666667,,
ddqn,2026,507,4752,-10.049999999999999,5,0,1,0.92476,0.030531072057783604,-1.0278656482696533
ddqn,2026,508,4754,-10.02,2,0,1,0.9247283333333334,,
ddqn,2026,509,4791,-10.37,37,0,1,0.9241425,0.05866442910499043,-1.1624722083409627
ddqn,2026,510,4802,-10.11,11,0,1,0.9239683333333333,0.06283251817027728,-0.9273037513097128
ddqn,2026,511,4806,-10.04,4,0,1,0.923905,0.06100238487124443,-1.0693812370300293
ddqn,2026,512,4841,-10.35,35,0,1,0.9233508333333333,0.04416200166775121,-1.147138022714191
ddqn,2026,513,4851,-10.1,10,0,1,0.9231925,0.09185036644339561,-1.4472688436508179
ddqn,2026,514,4886,-10.35,35,0,1,0.9226383333333333,0.052414568761984505,-1.1993631654315524
ddqn,2026,515,4893,-10.07,7,0,1,0.9225275,0.03605592995882034,-1.361884206533432
ddqn,2026,516,4899,-10.06,6,0,1,0.9224325,0.07400006055831909,-0.7419853210449219
ddqn,2026,517,4920,-10.209999999999999,21,0,1,0.9221,0.0537102979918321,-1.077000121275584
ddqn,2026,518,4926,-10.06,6,0,1,0.922005,0.06484416127204895,-1.0321543216705322
ddqn,2026,519,4966,-10.4,40,0,1,0.9213716666666667,0.0649803163483739,-1.0503955513238907
ddqn,2026,520,4974,-10.08,8,0,1,0.921245,0.11747745051980019,-1.1713114380836487
ddqn,2026,521,5003,-10.29,29,0,1,0.9207858333333333,0.06846749064113412,-1.0873994486672538
ddqn,2026,522,5031,-10.28,28,0,1,0.9203425000000001,0.03625057690909931,-1.241244716303689
ddqn,2026,523,5063,-10.32,32,0,1,0.9198358333333333,0.035496508004143834,-1.0456180931068957
ddqn,2026,524,5085,-10.22,22,0,1,0.9194875,0.03734680234144131,-1.07053076227506
ddqn,2026,525,5101,-10.16,16,0,1,0.9192341666666667,0.024332327768206596,-1.165335550904274
ddqn,2026,526,5111,-10.1,10,0,1,0.9190758333333333,0.01807027729228139,-1.1655683815479279
ddqn,2026,527,5113,-10.02,2,0,1,0.9190441666666667,0.02414328046143055,-1.4326624870300293
ddqn,2026,528,5122,-10.09,9,0,1,0.9189016666666667,0.024383341893553734,-1.1955657601356506
ddqn,2026,529,5135,-10.129999999999999,13,0,1,0.9186958333333334,0.025394702951113384,-1.4676432609558105
ddqn,2026,530,5137,-10.02,2,0,1,0.9186641666666666,0.021776137873530388,-1.138627290725708
ddqn,2026,531,5159,-10.22,22,0,1,0.9183158333333333,0.02578053642064333,-1.207702386379242
ddqn,2026,532,5167,-10.08,8,0,1,0.9181891666666667,0.021255931816995144,-0.918113112449646
ddqn,2026,533,5175,-10.08,8,0,1,0.9180625,0.015903571154922247,-0.701790988445282
ddqn,2026,534,5182,-10.07,7,0,1,0.9179516666666667,0.026274796575307846,-0.9179521799087524
ddqn,2026,535,5209,-10.27,27,0,1,0.9175241666666667,0.026442408428660462,-1.1600341839449746
ddqn,2026,536,5215,-10.06,6,0,1,0.9174291666666666,0.04562780261039734,-1.4874653816223145
ddqn,2026,537,5222,-10.07,7,0,1,0.9173183333333333,0.024282214231789112,-1.157969892024994
ddqn,2026,538,5224,-10.02,2,0,1,0.9172866666666667,0.0173075832426548,-1.3275282382965088
ddqn,2026,539,5247,-10.23,23,0,1,0.9169225,0.027993964962661266,-0.9692854881286621
ddqn,2026,540,5267,-10.2,20,0,1,0.9166058333333333,0.032061994448304175,-1.0078240633010864
ddqn,2026,541,5270,-10.03,3,0,1,0.9165583333333334,0.019361481070518494,-1.2952747344970703
ddqn,2026,542,5278,-10.08,8,0,1,0.9164316666666666,0.01628516288474202,-1.051506519317627
ddqn,2026,543,5281,-10.03,3,0,1,0.9163841666666667,0.025545485317707062,-0.8882569074630737
ddqn,2026,544,5291,-10.1,10,0,1,0.9162258333333333,0.04575965367257595,-0.5657338500022888
ddqn,2026,545,5321,-10.3,30,0,1,0.9157508333333333,0.02690931234974414,-1.1981753781437874
ddqn,2026,546,5331,-10.1,10,0,1,0.9155925,0.030309484340250492,-1.2615081071853638
ddqn,2026,547,5355,-10.24,24,0,1,0.9152125,0.018930574879050255,-1.1035473148028057
ddqn,2026,548,5370,-10.15,15,0,1,0.914975,0.013574346899986267,-0.531529389321804
ddqn,2026,549,5382,-10.12,12,0,1,0.914785,0.02802469457189242,-0.5184056361516317
ddqn,2026,550,5386,-10.04,4,0,1,0.9147216666666667,0.013975854963064194,-0.9094306230545044
ddqn,2026,551,5390,-10.04,4,0,1,0.9146583333333334,0.018042132258415222,-0.6556445360183716
ddqn,2026,552,5394,-10.04,4,0,1,0.914595,0.034144677221775055,-0.8818390369415283
ddqn,2026,553,5401,-10.07,7,0,1,0.9144841666666667,0.023151427507400513,-1.2041388750076294
ddqn,2026,554,5418,-10.17,17,0,1,0.914215,0.025983703322708607,-1.029563695192337
ddqn,2026,555,5459,-10.41,41,0,1,0.9135658333333333,0.027886473946273325,-0.834048193693161
ddqn,2026,556,5470,-10.11,11,0,1,0.9133916666666667,0.027628254145383835,-0.9565037687619528
ddqn,2026,557,5472,-10.02,2,0,1,0.91336,0.013070302084088326,-0.8341174125671387
ddqn,2026,558,5475,-10.03,3,0,1,0.9133125,,
ddqn,2026,559,5476,-10.01,1,0,1,0.9132966666666666,0.017472121864557266,-0.814399778842926
ddqn,2026,560,5479,-10.03,3,0,1,0.9132491666666667,,
ddqn,2026,561,5485,-10.06,6,0,1,0.9131541666666667,0.014164545573294163,-1.1849793493747711
ddqn,2026,562,5496,-10.11,11,0,1,0.91298,0.012200733025868734,-0.845252533753713
ddqn,2026,563,5500,-10.04,4,0,1,0.9129166666666667,0.01220884919166565,-1.13130784034729
ddqn,2026,564,5537,-10.37,37,0,1,0.9123308333333333,0.027354618534445763,-0.9252758357259963
ddqn,2026,565,5545,-10.08,8,0,1,0.9122041666666667,0.01892775110900402,-1.8455914855003357
ddqn,2026,566,5548,-10.03,3,0,1,0.9121566666666667,0.02343491092324257,-1.5389765501022339
ddqn,2026,567,5565,-10.17,17,0,1,0.9118875,0.012464187806472182,-0.9590275883674622
ddqn,2026,568,5567,-10.02,2,0,1,0.9118558333333333,,
ddqn,2026,569,5574,-10.07,7,0,1,0.911745,0.014293822459876537,-1.1047914624214172
ddqn,2026,570,5583,-10.09,9,0,1,0.9116025,0.00986197218298912,-0.8047598898410797
ddqn,2026,571,5585,-10.02,2,0,1,0.9115708333333333,0.01320570707321167,-1.5754060745239258
ddqn,2026,572,5588,-10.03,3,0,1,0.9115233333333334,0.010249851271510124,-1.5815796852111816
ddqn,2026,573,5591,-10.03,3,0,1,0.9114758333333334,,
ddqn,2026,574,5602,-10.11,11,0,1,0.9113016666666667,0.014056206370393435,-1.3659965594609578
ddqn,2026,575,5605,-10.03,3,0,1,0.9112541666666667,0.023280955851078033,-0.5788089036941528
ddqn,2026,576,5614,-10.09,9,0,1,0.9111116666666667,0.016505422070622444,-1.1349214315414429
ddqn,2026,577,5619,-10.049999999999999,5,0,1,0.9110325,0.023541243746876717,-1.0218713283538818
ddqn,2026,578,5626,-10.07,7,0,1,0.9109216666666666,0.012165314983576536,-1.3584859371185303
ddqn,2026,579,5633,-10.07,7,0,1,0.9108108333333333,0.02285720780491829,-1.1440986394882202
ddqn,2026,580,5635,-10.02,2,0,1,0.9107791666666667,,
ddqn,2026,581,5640,-10.049999999999999,5,0,1,0.9107000000000001,0.014296173583716154,-0.462251678109169
ddqn,2026,582,5643,-10.03,3,0,1,0.9106525,,
ddqn,2026,583,5655,-10.12,12,0,1,0.9104625,0.011063454207032919,-1.135522484779358
ddqn,2026,584,5681,-10.26,26,0,1,0.9100508333333334,0.014438900298305921,-0.9317816879068103
ddqn,2026,585,5685,-10.04,4,0,1,0.9099875,0.02432803250849247,-0.9133641719818115
ddqn,2026,586,5701,-10.16,16,0,1,0.9097341666666667,0.014020964270457625,-0.8146900981664658
ddqn,2026,587,5704,-10.03,3,0,1,0.9096866666666666,0.01268033403903246,-1.0658103227615356
ddqn,2026,588,5716,-10.12,12,0,1,0.9094966666666666,0.009377436091502508,-1.0857850114504497
ddqn,2026,589,5722,-10.06,6,0,1,0.9094016666666667,0.023438643664121628,-1.883310079574585
ddqn,2026,590,5724,-10.02,2,0,1,0.90937,0.012540716677904129,-1.5987963676452637
ddqn,2026,591,5730,-10.06,6,0,1,0.909275,0.008527835831046104,-0.3680947721004486
ddqn,2026,592,5732,-10.02,2,0,1,0.9092433333333333,0.020137742161750793,-0.6681551933288574
ddqn,2026,593,5754,-10.22,22,0,1,0.908895,0.016327917203307153,-1.0558010578155517
ddqn,2026,594,5763,-10.09,9,0,1,0.9087525,0.017921566031873226,-0.9224567115306854
ddqn,2026,595,5767,-10.04,4,0,1,0.9086891666666667,0.008480905555188656,-0.7819380760192871
ddqn,2026,596,5770,-10.03,3,0,1,0.9086416666666667,0.012300129979848862,-1.7568440437316895
ddqn,2026,597,5774,-10.04,4,0,1,0.9085783333333334,0.0079007213935256,-0.3060547709465027
ddqn,2026,598,5779,-10.049999999999999,5,0,1,0.9084991666666666,0.023303113877773285,-1.5070937871932983
ddqn,2026,599,5783,-10.04,4,0,1,0.9084358333333333,0.012890907004475594,-0.9488309621810913
ddqn,2026,600,5797,-10.14,14,0,1,0.9082141666666667,0.022052740212529898,-1.192244052886963
ddqn,2026,601,5806,-10.09,9,0,1,0.9080716666666666,0.01536349393427372,-1.1391444206237793
ddqn,2026,602,5815,-10.09,9,0,1,0.9079291666666667,0.01684083603322506,-0.9327695369720459
ddqn,2026,603,5827,-10.12,12,0,1,0.9077391666666667,0.021170235549410183,-1.1335935990015666
ddqn,2026,604,5852,-10.25,25,0,1,0.9073433333333334,0.02068649565002748,-1.068326243332454
ddqn,2026,605,5855,-10.03,3,0,1,0.9072958333333333,,
ddqn,2026,606,5859,-10.04,4,0,1,0.9072325,0.013837854377925396,-0.5744950771331787
ddqn,2026,607,5867,-10.08,8,0,1,0.9071058333333333,0.010802413802593946,-0.7553630173206329
ddqn,2026,608,5870,-10.03,3,0,1,0.9070583333333333,0.019509561359882355,-1.4081727266311646
ddqn,2026,609,5874,-10.04,4,0,1,0.906995,0.030188994482159615,-1.0432498455047607
ddqn,2026,610,5887,-10.129999999999999,13,0,1,0.9067891666666666,0.02657294583817323,-1.20693043867747
ddqn,2026,611,5889,-10.02,2,0,1,0.9067575,0.029676374047994614,-1.5986607074737549
ddqn,2026,612,5897,-10.08,8,0,1,0.9066308333333334,0.025742447469383478,-1.6384291052818298
ddqn,2026,613,5901,-10.04,4,0,1,0.9065675,0.026976697146892548,-0.8478803634643555
ddqn,2026,614,5903,-10.02,2,0,1,0.9065358333333333,,
ddqn,2026,615,5907,-10.04,4,0,1,0.9064725,0.01722029410302639,-1.0126276016235352
ddqn,2026,616,5909,-10.02,2,0,1,0.9064408333333334,0.016448672860860825,-1.5976626873016357
ddqn,2026,617,5916,-10.07,7,0,1,0.90633,0.015912937000393867,-0.9328683912754059
ddqn,2026,618,5921,-10.049999999999999,5,0,1,0.9062508333333333,0.019248880445957184,-1.097495436668396
ddqn,2026,619,5938,-10.17,17,0,1,0.9059816666666667,0.0230776306707412,-0.8544475063681602
ddqn,2026,620,5945,-10.07,7,0,1,0.9058708333333334,0.019055576995015144,-1.1195770800113678
ddqn,2026,621,5957,-10.12,12,0,1,0.9056808333333334,0.03583797439932823,-1.230379045009613
ddqn,2026,622,5973,-10.16,16,0,1,0.9054275,0.0321775758638978,-1.1526830941438675
ddqn,2026,623,5983,-10.1,10,0,1,0.9052691666666667,0.05436566099524498,-0.8614914417266846
ddqn,2026,624,6029,-10.46,46,0,1,0.9045408333333333,0.034005155554041266,-0.9333362281322479
ddqn,2026,625,6030,-10.01,1,0,1,0.904525,,
ddqn,2026,626,6075,-10.45,45,0,1,0.9038125,0.030350471000102432,-1.286359808661721
ddqn,2026,627,6085,-10.1,10,0,1,0.9036541666666666,0.01705972043176492,-0.9041798909505209
ddqn,2026,628,6095,-10.1,10,0,1,0.9034958333333334,0.034885093569755554,-1.4181522130966187
ddqn,2026,629,6117,-10.22,22,0,1,0.9031475,0.03082485186556975,-1.0871418019135792
ddqn,2026,630,6127,-10.1,10,0,1,0.9029891666666667,0.018446559086441994,-1.356277585029602
ddqn,2026,631,6133,-10.06,6,0,1,0.9028941666666667,0.028746490366756916,-1.1490230858325958
ddqn,2026,632,6134,-10.01,1,0,1,0.9028783333333333,,
ddqn,2026,633,6171,9.63,37,1,0,0.9022925,0.022753516936467752,-0.9421483410729302
ddqn,2026,634,6210,-10.39,39,0,1,0.901675,0.01623848555609584,-0.8996748328208923
ddqn,2026,635,6226,-10.16,16,0,1,0.9014216666666667,0.024987839628010988,-0.9460876733064651
ddqn,2026,636,6228,-10.02,2,0,1,0.90139,0.3359524607658386,-0.7830431461334229
ddqn,2026,637,6241,-10.129999999999999,13,0,1,0.9011841666666667,0.014751801577707132,-1.0608458320299785
ddqn,2026,638,6248,-10.07,7,0,1,0.9010733333333334,0.007362042320892215,-1.1575916409492493
ddqn,2026,639,6253,-10.049999999999999,5,0,1,0.9009941666666667,0.010127069428563118,-1.3555333614349365
ddqn,2026,640,6254,-10.01,1,0,1,0.9009783333333333,,
ddqn,2026,641,6262,-10.08,8,0,1,0.9008516666666667,0.006831225240603089,-1.4039825201034546
ddqn,2026,642,6281,-10.19,19,0,1,0.9005508333333333,0.014044623728841544,-0.782976484298706
ddqn,2026,643,6284,-10.03,3,0,1,0.9005033333333333,0.005360755138099194,-0.40612176060676575
ddqn,2026,644,6300,-10.16,16,0,1,0.90025,0.007351062493398786,-1.5364215672016144
ddqn,2026,645,6303,-10.03,3,0,1,0.9002025,,
ddqn,2026,646,6322,-10.19,19,0,1,0.8999016666666667,0.00906552942469716,-1.3042756557464599
ddqn,2026,647,6324,-10.02,2,0,1,0.8998700000000001,0.014668647199869156,-1.4255344867706299
ddqn,2026,648,6336,-10.12,12,0,1,0.89968,0.011610191004971663,-0.9171768228212992
ddqn,2026,649,6339,-10.03,3,0,1,0.8996325000000001,,
ddqn,2026,650,6352,-10.129999999999999,13,0,1,0.8994266666666667,0.010168143548071384,-1.2906100749969482
ddqn,2026,651,6353,-10.01,1,0,1,0.8994108333333334,,
ddqn,2026,652,6358,-10.049999999999999,5,0,1,0.8993316666666666,0.014943357557058334,-0.32111334800720215
ddqn,2026,653,6379,-10.209999999999999,21,0,1,0.8989991666666667,0.006622549146413803,-0.8998122692108155
ddqn,2026,654,6388,-10.09,9,0,1,0.8988566666666666,0.011263575404882431,-1.1679191986719768
ddqn,2026,655,6393,-10.049999999999999,5,0,1,0.8987775,0.01247362419962883,-0.8931347131729126
ddqn,2026,656,6404,-10.11,11,0,1,0.8986033333333333,0.009429798771937689,-1.1790680487950642
ddqn,2026,657,6406,-10.02,2,0,1,0.8985716666666667,,
ddqn,2026,658,6428,-10.22,22,0,1,0.8982233333333334,0.01510168177386125,-1.0008624096711476
ddqn,2026,659,6442,-10.14,14,0,1,0.8980016666666667,0.019739166523019474,-1.1475520928700764
ddqn,2026,660,6443,-10.01,1,0,1,0.8979858333333334,,
ddqn,2026,661,6479,-10.36,36,0,1,0.8974158333333333,0.013945172903024487,-1.086632039811876
ddqn,2026,662,6486,-10.07,7,0,1,0.897305,0.018417436629533768,-1.2376239001750946
ddqn,2026,663,6492,-10.06,6,0,1,0.89721,0.009390203515067697,-0.5493346452713013
ddqn,2026,664,6497,-10.049999999999999,5,0,1,0.8971308333333333,0.023121073842048645,-0.7384965419769287
ddqn,2026,665,6508,-10.11,11,0,1,0.8969566666666666,0.008310051945348581,-0.7793527642885844
ddqn,2026,666,6513,-10.049999999999999,5,0,1,0.8968775,0.008607828989624977,-1.181154727935791
ddqn,2026,667,6543,-10.3,30,0,1,0.8964025,0.010772571100720338,-0.8368700572422573
ddqn,2026,668,6547,-10.04,4,0,1,0.8963391666666667,0.0073273698799312115,-1.3650270700454712
ddqn,2026,669,6548,-10.01,1,0,1,0.8963233333333334,0.008348645642399788,-1.3105055093765259
ddqn,2026,670,6560,-10.12,12,0,1,0.8961333333333333,0.009434556743750969,-0.770436555147171
ddqn,2026,671,6565,-10.049999999999999,5,0,1,0.8960541666666667,0.005394467618316412,-1.041992425918579
ddqn,2026,672,6575,-10.1,10,0,1,0.8958958333333333,0.010886156000196934,-1.5129402875900269
ddqn,2026,673,6598,-10.23,23,0,1,0.8955316666666666,0.009678435434276858,-0.8254980643590292
ddqn,2026,674,6600,-10.02,2,0,1,0.8955,0.002949256682768464,-1.4533050060272217
ddqn,2026,675,6610,-10.1,10,0,1,0.8953416666666667,0.007867695763707161,-0.7948925793170929
ddqn,2026,676,6618,-10.08,8,0,1,0.895215,0.007594301365315914,-0.9671345949172974
ddqn,2026,677,6625,-10.07,7,0,1,0.8951041666666667,0.007341333664953709,-0.7113411128520966
ddqn,2026,678,6659,-10.34,34,0,1,0.8945658333333333,0.0069438259524758905,-0.9649254307150841
ddqn,2026,679,6664,-10.049999999999999,5,0,1,0.8944866666666667,0.005082414718344808,-0.8928469717502594
ddqn,2026,680,6669,-10.049999999999999,5,0,1,0.8944075,0.004235862288624048,-0.6478370428085327
ddqn,2026,681,6700,-10.31,31,0,1,0.8939166666666667,0.0045897760428488255,-1.0184438414871693
ddqn,2026,682,6724,-10.24,24,0,1,0.8935366666666666,0.005258831971635421,-1.145855039358139
ddqn,2026,683,6751,9.73,27,1,0,0.8931091666666666,0.003680501482449472,-1.1155104438463848
ddqn,2026,684,6779,-10.28,28,0,1,0.8926658333333334,0.05085849682135241,-1.1573204909052168
ddqn,2026,685,6780,-10.01,1,0,1,0.8926499999999999,0.007643434219062328,-1.6007977724075317
ddqn,2026,686,6791,-10.11,11,0,1,0.8924758333333334,0.0031020687893033028,-1.2562901675701141
ddqn,2026,687,6793,-10.02,2,0,1,0.8924441666666667,0.004695012699812651,-0.696087658405304
ddqn,2026,688,6807,-10.14,14,0,1,0.8922225,0.00647591861585776,-1.26615043481191
ddqn,2026,689,6825,-10.18,18,0,1,0.8919375,0.007622258551418781,-1.0555168509483337
ddqn,2026,690,6827,-10.02,2,0,1,0.8919058333333334,,
ddqn,2026,691,6830,-10.03,3,0,1,0.8918583333333333,0.007593880407512188,-1.7323651313781738
ddqn,2026,692,6832,-10.02,2,0,1,0.8918266666666667,0.008187586441636086,-1.1833465099334717
ddqn,2026,693,6834,-10.02,2,0,1,0.891795,,
ddqn,2026,694,6838,-10.04,4,0,1,0.8917316666666667,0.0031476574949920177,-0.863528311252594
ddqn,2026,695,6840,-10.02,2,0,1,0.8917,0.005013752728700638,-1.170351505279541
ddqn,2026,696,6846,-10.06,6,0,1,0.891605,0.0030209815595299006,-0.6858202219009399
ddqn,2026,697,6851,-10.049999999999999,5,0,1,0.8915258333333334,0.014994613826274872,-1.231050729751587
ddqn,2026,698,6863,-10.12,12,0,1,0.8913358333333333,0.008033090736716986,-1.0950877666473389
ddqn,2026,699,6869,-10.06,6,0,1,0.8912408333333334,0.006688319146633148,-1.1154320240020752
ddqn,2026,700,6878,-10.09,9,0,1,0.8910983333333333,0.005102111725136638,-0.5896193087100983
ddqn,2026,701,6884,-10.06,6,0,1,0.8910033333333334,0.0063753859139978886,-1.1679795384407043
ddqn,2026,702,6888,-10.04,4,0,1,0.8909400000000001,0.006309184245765209,-0.9802566766738892
ddqn,2026,703,6889,-10.01,1,0,1,0.8909241666666666,,
ddqn,2026,704,6900,-10.11,11,0,1,0.89075,0.007259922567754984,-1.0842658281326294
ddqn,2026,705,6929,-10.29,29,0,1,0.8902908333333334,0.04993579204061201,-0.9341608115604946
ddqn,2026,706,6932,-10.03,3,0,1,0.8902433333333333,0.007394262123852968,-0.952863335609436
ddqn,2026,707,6950,-10.18,18,0,1,0.8899583333333333,0.005812306539155543,-1.303176611661911
ddqn,2026,708,6960,-10.1,10,0,1,0.8898,0.005652717314660549,-0.6455945471922556
ddqn,2026,709,6967,-10.07,7,0,1,0.8896891666666666,0.005382707342505455,-0.6470574140548706
ddqn,2026,710,6969,-10.02,2,0,1,0.8896575,0.0065755220130085945,-1.7594305276870728
ddqn,2026,711,7007,-10.38,38,0,1,0.8890558333333334,0.04204942834460073,-1.2714784277809992
ddqn,2026,712,7018,-10.11,11,0,1,0.8888816666666667,0.009448417462408543,-0.9054253498713175
ddqn,2026,713,7020,-10.02,2,0,1,0.88885,0.006984360981732607,-1.4854481220245361
ddqn,2026,714,7026,-10.06,6,0,1,0.888755,0.008262230083346367,-1.4344755411148071
ddqn,2026,715,7046,-10.2,20,0,1,0.8884383333333333,0.007738606911152602,-0.8892316401004792
ddqn,2026,716,7053,-10.07,7,0,1,0.8883275,0.007821922888979316,-1.367763638496399
ddqn,2026,717,7058,-10.049999999999999,5,0,1,0.8882483333333333,0.007678292226046324,-0.3347075283527374
ddqn,2026,718,7068,-10.1,10,0,1,0.88809,0.012609165782729784,-1.447678764661153
ddqn,2026,719,7077,-10.09,9,0,1,0.8879475,0.0071136197075247765,-0.8555525839328766
ddqn,2026,720,7106,-10.29,29,0,1,0.8874883333333333,0.007751138082572392,-0.9506596071379525
ddqn,2026,721,7115,-10.09,9,0,1,0.8873458333333333,0.006890529301017523,-1.152756690979004
ddqn,2026,722,7150,-10.35,35,0,1,0.8867916666666666,0.008140113308197923,-0.9711863729688857
ddqn,2026,723,7152,-10.02,2,0,1,0.88676,0.009052134118974209,-0.8271602392196655
ddqn,2026,724,7153,-10.01,1,0,1,0.8867441666666667,,
ddqn,2026,725,7154,-10.01,1,0,1,0.8867283333333333,,
ddqn,2026,726,7158,-10.04,4,0,1,0.886665,0.007728127297013998,-0.5198319554328918
ddqn,2026,727,7161,-10.03,3,0,1,0.8866175000000001,0.007528113201260567,-0.6649681925773621
ddqn,2026,728,7166,-10.049999999999999,5,0,1,0.8865383333333333,0.007394979242235422,-0.6633307933807373
ddqn,2026,729,7171,-10.049999999999999,5,0,1,0.8864591666666667,0.007305952720344067,-1.0049145221710205
ddqn,2026,730,7174,-10.03,3,0,1,0.8864116666666667,0.00842994637787342,-1.1848177909851074
ddqn,2026,731,7177,-10.03,3,0,1,0.8863641666666666,0.008211810141801834,-0.8707882165908813
ddqn,2026,732,7190,-10.129999999999999,13,0,1,0.8861583333333334,0.006962393720944722,-0.9695473512013754
ddqn,2026,733,7194,-10.04,4,0,1,0.886095,0.006778061389923096,-0.9875165820121765
ddqn,2026,734,7195,-10.01,1,0,1,0.8860791666666666,,
ddqn,2026,735,7208,-10.129999999999999,13,0,1,0.8858733333333333,0.006363641936331987,-1.0637177526950836
ddqn,2026,736,7223,-10.15,15,0,1,0.8856358333333334,0.0063625965267419815,-1.1630055109659831
ddqn,2026,737,7232,-10.09,9,0,1,0.8854933333333334,0.006572059976557891,-1.1343558430671692
ddqn,2026,738,7236,-10.04,4,0,1,0.88543,0.004753102548420429,-0.9764820337295532
ddqn,2026,739,7240,-10.04,4,0,1,0.8853666666666666,0.008246494457125664,-1.6238338947296143
ddqn,2026,740,7262,-10.22,22,0,1,0.8850183333333334,0.008318210020661354,-1.0181674242019654
ddqn,2026,741,7274,-10.12,12,0,1,0.8848283333333333,0.11397076429178317,-1.208524187405904
ddqn,2026,742,7291,-10.17,17,0,1,0.8845591666666667,0.0060745414812117815,-1.1391788870096207
ddqn,2026,743,7314,-10.23,23,0,1,0.8841950000000001,0.005202816799283028,-1.008979429801305
ddqn,2026,744,7319,-10.049999999999999,5,0,1,0.8841158333333333,0.0071068089455366135,-1.2899583578109741
ddqn,2026,745,7328,-10.09,9,0,1,0.8839733333333334,0.005968587628255288,-1.1830931305885315
ddqn,2026,746,7340,-10.12,12,0,1,0.8837833333333334,0.0074018303615351515,-1.2200031280517578
ddqn,2026,747,7341,-10.01,1,0,1,0.8837675,,
ddqn,2026,748,7361,-10.2,20,0,1,0.8834508333333333,0.006828856095671654,-1.0232173681259156
ddqn,2026,749,7370,-10.09,9,0,1,0.8833083333333334,0.007863684091717005,-1.1805841028690338
ddqn,2026,750,7381,-10.11,11,0,1,0.8831341666666667,0.008274680779625973,-1.0054516196250916
ddqn,2026,751,7386,-10.049999999999999,5,0,1,0.883055,0.0068064527586102486,-1.0967259407043457
ddqn,2026,752,7389,-10.03,3,0,1,0.8830075000000001,0.005160185508430004,-1.1389495134353638
ddqn,2026,753,7395,-10.06,6,0,1,0.8829125,0.010516611859202385,-1.6496553421020508
ddqn,2026,754,7415,-10.2,20,0,1,0.8825958333333334,0.006404620781540871,-1.0457392811775208
ddqn,2026,755,7422,-10.07,7,0,1,0.882485,0.006488568615168333,-1.1533188223838806
ddqn,2026,756,7428,-10.06,6,0,1,0.88239,0.005864780629053712,-1.079990267753601
ddqn,2026,757,7450,-10.22,22,0,1,0.8820416666666667,0.007637340575456619,-1.092353618144989
ddqn,2026,758,7453,-10.03,3,0,1,0.8819941666666666,0.006505145691335201,-0.6925253868103027
ddqn,2026,759,7454,-10.01,1,0,1,0.8819783333333333,,
ddqn,2026,760,7461,-10.07,7,0,1,0.8818675,0.006775063229724765,-1.3015185594558716
ddqn,2026,761,7468,-10.07,7,0,1,0.8817566666666666,0.006629176437854767,-1.1195330619812012
ddqn,2026,762,7476,-10.08,8,0,1,0.88163,0.011176667176187038,-0.7379166185855865
ddqn,2026,763,7492,-10.16,16,0,1,0.8813766666666667,0.005417922395281494,-0.8574022203683853
ddqn,2026,764,7495,-10.03,3,0,1,0.8813291666666667,,
ddqn,2026,765,7498,-10.03,3,0,1,0.8812816666666666,0.01117187924683094,-1.2904155254364014
ddqn,2026,766,7533,-10.35,35,0,1,0.8807275,0.008004616842501693,-1.0371506346596613
ddqn,2026,767,7544,-10.11,11,0,1,0.8805533333333333,0.008484681602567434,-0.9525877038637797
ddqn,2026,768,7548,-10.04,4,0,1,0.88049,0.00547060277312994,-0.98748379945755
ddqn,2026,769,7557,-10.09,9,0,1,0.8803475000000001,0.005713432561606169,-1.1861164271831512
ddqn,2026,770,7564,-10.07,7,0,1,0.8802366666666667,0.00943019613623619,-1.5066633820533752
ddqn,2026,771,7571,-10.07,7,0,1,0.8801258333333333,0.008100973442196846,-1.0115094184875488
ddqn,2026,772,7579,-10.08,8,0,1,0.8799991666666667,0.00868552876636386,-0.9327923655509949
ddqn,2026,773,7585,-10.06,6,0,1,0.8799041666666667,0.007424996001645923,-1.0313196182250977
ddqn,2026,774,7592,-10.07,7,0,1,0.8797933333333333,0.007241025334224105,-0.8177860826253891
ddqn,2026,775,7594,-10.02,2,0,1,0.8797616666666667,,
ddqn,2026,776,7600,-10.06,6,0,1,0.8796666666666667,0.005473238416016102,-1.115238606929779
ddqn,2026,777,7610,-10.1,10,0,1,0.8795083333333333,0.006790595827624202,-1.4243437051773071
ddqn,2026,778,7616,-10.06,6,0,1,0.8794133333333334,0.008536305977031589,-0.9232043623924255
ddqn,2026,779,7659,-10.43,43,0,1,0.8787325,0.006363575579598546,-0.9767561197280884
ddqn,2026,780,7688,-10.29,29,0,1,0.8782733333333334,0.006745292455889285,-0.9786608591675758
ddqn,2026,781,7714,-10.26,26,0,1,0.8778616666666667,0.010253179663171371,-1.0098990102608998
ddqn,2026,782,7723,-10.09,9,0,1,0.8777191666666666,0.005754661280661821,-1.1275080740451813
ddqn,2026,783,7732,-10.09,9,0,1,0.8775766666666667,0.006596653877447049,-0.8922181725502014
ddqn,2026,784,7754,-10.22,22,0,1,0.8772283333333333,0.00930406041443348,-1.0447507619857788
ddqn,2026,785,7757,-10.03,3,0,1,0.8771808333333333,0.00815227534621954,-1.469644546508789
ddqn,2026,786,7759,-10.02,2,0,1,0.8771491666666666,,
ddqn,2026,787,7763,-10.04,4,0,1,0.8770858333333333,0.007280995603650808,-0.8128429651260376
ddqn,2026,788,7812,-10.49,49,0,1,0.87631,0.006964019141518152,-1.1086705051935637
ddqn,2026,789,7815,-10.03,3,0,1,0.8762624999999999,,
ddqn,2026,790,7820,-10.049999999999999,5,0,1,0.8761833333333333,0.005710638826712966,-0.886067658662796
ddqn,2026,791,7824,-10.04,4,0,1,0.87612,0.008898783475160599,-0.3664025366306305
ddqn,2026,792,7826,-10.02,2,0,1,0.8760883333333334,,
ddqn,2026,793,7828,-10.02,2,0,1,0.8760566666666667,0.006266376934945583,-0.835757851600647
ddqn,2026,794,7850,-10.22,22,0,1,0.8757083333333333,0.005434528551995754,-1.1661718130111693
ddqn,2026,795,7857,-10.07,7,0,1,0.8755975,0.00452310498803854,-1.4633567929267883
ddqn,2026,796,7868,-10.11,11,0,1,0.8754233333333333,0.0043650696364541846,-0.9063728849093119
ddqn,2026,797,7872,-10.04,4,0,1,0.87536,0.32319018244743347,-1.2003448009490967
ddqn,2026,798,7884,-10.12,12,0,1,0.87517,0.0075731901451945305,-0.9330737193425497
ddqn,2026,799,7886,-10.02,2,0,1,0.8751383333333334,,
ddqn,2026,800,7890,-10.04,4,0,1,0.875075,0.006494457833468914,-1.3099192380905151
ddqn,2026,801,7897,-10.07,7,0,1,0.8749641666666667,0.005702315364032984,-0.7541304230690002
ddqn,2026,802,7905,-10.08,8,0,1,0.8748374999999999,0.006518589798361063,-1.2941362857818604
ddqn,2026,803,7914,-10.09,9,0,1,0.874695,0.007199368439614773,-0.7463871240615845
ddqn,2026,804,7916,-10.02,2,0,1,0.8746633333333333,0.004687121603637934,-1.446759581565857
ddqn,2026,805,7935,-10.19,19,0,1,0.8743624999999999,0.004536427208222449,-1.3889203071594238
ddqn,2026,806,7940,-10.049999999999999,5,0,1,0.8742833333333333,0.003549593035131693,-1.1530123353004456
ddqn,2026,807,7942,-10.02,2,0,1,0.8742516666666666,,
ddqn,2026,808,7948,-10.06,6,0,1,0.8741566666666667,0.005388627294450998,-1.4543113708496094
ddqn,2026,809,7969,-10.209999999999999,21,0,1,0.8738241666666666,0.0050996216014027596,-0.9645190119743348
ddqn,2026,810,7970,-10.01,1,0,1,0.8738083333333333,,
ddqn,2026,811,8008,-10.38,38,0,1,0.8732066666666667,0.004680799634661526,-1.1408299565315247
ddqn,2026,812,8020,-10.12,12,0,1,0.8730166666666667,0.0023104497231543064,-0.8784709175427755
ddqn,2026,813,8028,-10.08,8,0,1,0.8728899999999999,0.006257060798816383,-0.8774819672107697
ddqn,2026,814,8043,-10.15,15,0,1,0.8726525,0.0037416236009448767,-0.8990568319956461
ddqn,2026,815,8056,-10.129999999999999,13,0,1,0.8724466666666667,0.0029212107183411717,-0.7946671918034554
ddqn,2026,816,8059,-10.03,3,0,1,0.8723991666666666,,
ddqn,2026,817,8063,-10.04,4,0,1,0.8723358333333333,0.0032313894480466843,-1.1444207429885864
ddqn,2026,818,8069,-10.06,6,0,1,0.8722408333333334,0.004254570929333568,-1.2462818622589111
ddqn,2026,819,8086,-10.17,17,0,1,0.8719716666666667,0.003146693401504308,-1.0033126324415207
ddqn,2026,820,8092,-10.06,6,0,1,0.8718766666666666,0.0032329889945685863,-0.8479158282279968
ddqn,2026,821,8099,-10.07,7,0,1,0.8717658333333334,0.002229580655694008,-1.1371583938598633
ddqn,2026,822,8100,-10.01,1,0,1,0.87175,0.002139208372682333,-1.2822670936584473
ddqn,2026,823,8108,-10.08,8,0,1,0.8716233333333333,0.0032849140698090196,-0.7207588106393814
ddqn,2026,824,8112,-10.04,4,0,1,0.87156,0.0033999911975115538,-1.4393408298492432
ddqn,2026,825,8114,-10.02,2,0,1,0.8715283333333333,,
ddqn,2026,826,8132,-10.18,18,0,1,0.8712433333333334,0.003940820647403598,-1.160358202457428
ddqn,2026,827,8139,-10.07,7,0,1,0.8711325,0.0019007140072062612,-0.5014719367027283
ddqn,2026,828,8191,-10.52,52,0,1,0.8703091666666667,0.003099908308985715,-1.1327735277322621
ddqn,2026,829,8193,-10.02,2,0,1,0.8702775,0.0020571239292621613,-0.9784783124923706
ddqn,2026,830,8211,-10.18,18,0,1,0.8699925,0.07990819530095905,-1.132524698972702
ddqn,2026,831,8230,-10.19,19,0,1,0.8696916666666666,0.0016573454486206174,-0.7514266610145569
ddqn,2026,832,8231,-10.01,1,0,1,0.8696758333333333,,
ddqn,2026,833,8244,-10.129999999999999,13,0,1,0.86947,0.0023055064666550606,-0.9708059728145599
ddqn,2026,834,8250,-10.06,6,0,1,0.869375,0.0025695543736219406,-0.8377434611320496
ddqn,2026,835,8260,-10.1,10,0,1,0.8692166666666667,0.0024373241079350314,-1.0392980774243672
ddqn,2026,836,8268,-10.08,8,0,1,0.86909,0.0030575270648114383,-0.7354129552841187
ddqn,2026,837,8273,-10.049999999999999,5,0,1,0.8690108333333333,0.002371151465922594,-0.8376678228378296
ddqn,2026,838,8277,-10.04,4,0,1,0.8689475,0.0036892429925501347,-0.8520583510398865
ddqn,2026,839,8293,-10.16,16,0,1,0.8686941666666667,0.0026134371873922646,-1.1623714864253998
ddqn,2026,840,8295,-10.02,2,0,1,0.8686625,,
ddqn,2026,841,8337,-10.42,42,0,1,0.8679975,0.0032211002385751767,-1.046394556760788
ddqn,2026,842,8357,-10.2,20,0,1,0.8676808333333333,0.0031424495158717037,-0.9667842268943787
ddqn,2026,843,8383,-10.26,26,0,1,0.8672691666666666,0.004048917326144874,-1.0257883717616398
ddqn,2026,844,8385,-10.02,2,0,1,0.8672375,0.004626489244401455,-0.5594505667686462
ddqn,2026,845,8388,-10.03,3,0,1,0.86719,0.0016804832266643643,-0.6957492828369141
ddqn,2026,846,8402,-10.14,14,0,1,0.8669683333333333,0.0024430843768641353,-0.6589342753092448
ddqn,2026,847,8428,-10.26,26,0,1,0.8665566666666666,0.002655787526496819,-1.1064671448298864
ddqn,2026,848,8443,-10.15,15,0,1,0.8663191666666668,0.0019225225939104955,-1.1417223413785298
ddqn,2026,849,8445,-10.02,2,0,1,0.8662875,0.002476152963936329,-0.6761182546615601
ddqn,2026,850,8448,-10.03,3,0,1,0.86624,0.002137136645615101,-1.444045066833496
ddqn,2026,851,8469,-10.209999999999999,21,0,1,0.8659075,0.0026719552697613835,-1.2261738300323486
ddqn,2026,852,8480,-10.11,11,0,1,0.8657333333333334,0.0026383393754561744,-1.250087062517802
ddqn,2026,853,8482,-10.02,2,0,1,0.8657016666666667,,
ddqn,2026,854,8487,-10.049999999999999,5,0,1,0.8656225,0.0025411995593458414,-1.1097413301467896
ddqn,2026,855,8493,-10.06,6,0,1,0.8655275,0.0034604091197252274,-1.2777976989746094
ddqn,2026,856,8527,-10.34,34,0,1,0.8649891666666667,0.0026106345176231116,-1.1343855112791061
ddqn,2026,857,8530,-10.03,3,0,1,0.8649416666666667,0.0023808954283595085,-1.1269702911376953
ddqn,2026,858,8534,-10.04,4,0,1,0.8648783333333334,0.0055328356102108955,-1.24761164188385
ddqn,2026,859,8549,-10.15,15,0,1,0.8646408333333333,0.003267749969381839,-0.9807263761758804
ddqn,2026,860,8559,-10.1,10,0,1,0.8644825,0.0021313924225978553,-1.3554971814155579
ddqn,2026,861,8563,-10.04,4,0,1,0.8644191666666667,0.0026678163558244705,-0.8033069372177124
ddqn,2026,862,8586,-10.23,23,0,1,0.864055,0.003607161808758974,-1.1666583120822906
ddqn,2026,863,8608,-10.22,22,0,1,0.8637066666666666,0.002753417162845532,-1.2417218784491222
ddqn,2026,864,8618,-10.1,10,0,1,0.8635483333333334,0.0017105602892115712,-1.2074544429779053
ddqn,2026,865,8621,-10.03,3,0,1,0.8635008333333334,0.004679850302636623,-1.3327276706695557
ddqn,2026,866,8657,-10.36,36,0,1,0.8629308333333333,0.0028174031499980223,-0.9751905666457282
ddqn,2026,867,8663,-10.06,6,0,1,0.8628358333333334,0.003820661688223481,-0.9561091661453247
ddqn,2026,868,8665,-10.02,2,0,1,0.8628041666666667,0.0017303524073213339,-0.6869550943374634
ddqn,2026,869,8682,-10.17,17,0,1,0.862535,0.003996099520009011,-0.8413393795490265
ddqn,2026,870,8715,-10.33,33,0,1,0.8620125000000001,0.004839037210331298,-0.8170310705900192
ddqn,2026,871,8732,-10.17,17,0,1,0.8617433333333333,0.004066883656196296,-1.173533821105957
ddqn,2026,872,8751,-10.19,19,0,1,0.8614425,0.0041758016450330615,-1.1997592896223068
ddqn,2026,873,8760,-10.09,9,0,1,0.8613,0.005521909023324649,-1.1579510768254597
ddqn,2026,874,8765,-10.049999999999999,5,0,1,0.8612208333333333,0.0012990785762667656,-0.8156261444091797
ddqn,2026,875,8773,-10.08,8,0,1,0.8610941666666667,0.004706880310550332,-0.8630770146846771
ddqn,2026,876,8775,-10.02,2,0,1,0.8610625000000001,,
ddqn,2026,877,8798,-10.23,23,0,1,0.8606983333333333,0.005992037360556424,-0.9580276111761729
ddqn,2026,878,8799,-10.01,1,0,1,0.8606825,,
ddqn,2026,879,8802,-10.03,3,0,1,0.860635,0.004252228885889053,-0.7199692130088806
ddqn,2026,880,8821,-10.19,19,0,1,0.8603341666666666,0.006424496090039611,-1.0762144923210144
ddqn,2026,881,8823,-10.02,2,0,1,0.8603025,,
ddqn,2026,882,8881,-10.58,58,0,1,0.8593841666666666,0.00434751125673453,-1.1845365524291993
ddqn,2026,883,8893,-10.12,12,0,1,0.8591941666666667,0.002603611947658161,-0.6710198620955149
ddqn,2026,884,8908,-10.15,15,0,1,0.8589566666666667,0.0024569781380705535,-1.0128581672906876
ddqn,2026,885,8913,-10.049999999999999,5,0,1,0.8588775,0.0011702722404152155,-0.8141902685165405
ddqn,2026,886,8924,-10.11,11,0,1,0.8587033333333334,0.0028218086808919907,-1.3079339265823364
ddqn,2026,887,8932,-10.08,8,0,1,0.8585766666666667,0.003890831721946597,-1.8940229415893555
ddqn,2026,888,8938,-10.06,6,0,1,0.8584816666666667,0.0016737596597522497,-0.5074537992477417
ddqn,2026,889,8940,-10.02,2,0,1,0.85845,0.0023013558238744736,-0.8399209976196289
ddqn,2026,890,8942,-10.02,2,0,1,0.8584183333333333,,
ddqn,2026,891,8964,-10.22,22,0,1,0.85807,0.003301013338690003,-0.9212312897046407
ddqn,2026,892,8969,-10.049999999999999,5,0,1,0.8579908333333334,0.0024978951551020145,-1.3377795219421387
ddqn,2026,893,8980,-10.11,11,0,1,0.8578166666666667,0.0037650325490782657,-1.507453163464864
ddqn,2026,894,8988,-10.08,8,0,1,0.8576900000000001,0.002327684429474175,-1.309032917022705
ddqn,2026,895,9001,-10.129999999999999,13,0,1,0.8574841666666667,0.0024202429534246526,-1.0751211841901143
ddqn,2026,896,9008,-10.07,7,0,1,0.8573733333333333,0.0017844759277068079,-0.6677373051643372
ddqn,2026,897,9010,-10.02,2,0,1,0.8573416666666667,,
ddqn,2026,898,9022,-10.12,12,0,1,0.8571516666666666,0.002429523039609194,-1.0605313777923584
ddqn,2026,899,9030,-10.08,8,0,1,0.857025,0.0027518179267644882,-1.6669625043869019
ddqn,2026,900,9046,-10.16,16,0,1,0.8567716666666667,0.001965498027857393,-0.6107366606593132
ddqn,2026,901,9074,-10.28,28,0,1,0.8563283333333334,0.0030792694306001067,-0.998162499495915
ddqn,2026,902,9080,-10.06,6,0,1,0.8562333333333334,0.0026386664249002934,-0.8314172923564911
ddqn,2026,903,9093,-10.129999999999999,13,0,1,0.8560275,0.002072870556730777,-0.969735582669576
ddqn,2026,904,9121,-10.28,28,0,1,0.8555841666666667,0.0021429917874879073,-1.0057127390589033
ddqn,2026,905,9140,-10.19,19,0,1,0.8552833333333334,0.002376733347773552,-1.1306296944618226
ddqn,2026,906,9164,-10.24,24,0,1,0.8549033333333333,0.0041426152068500715,-1.113235409061114
ddqn,2026,907,9182,-10.18,18,0,1,0.8546183333333334,0.00877326712361537,-1.1892130076885223
ddqn,2026,908,9185,-10.03,3,0,1,0.8545708333333334,0.001578842755407095,-0.9929767847061157
ddqn,2026,909,9188,-10.03,3,0,1,0.8545233333333333,0.0056176683865487576,-1.2665433883666992
ddqn,2026,910,9190,-10.02,2,0,1,0.8544916666666666,,
ddqn,2026,911,9198,-10.08,8,0,1,0.854365,0.003066360834054649,-0.864987701177597
ddqn,2026,912,9208,-10.1,10,0,1,0.8542066666666667,0.003592913659910361,-1.5196856260299683
ddqn,2026,913,9226,-10.18,18,0,1,0.8539216666666667,0.00446082660346292,-1.0725094079971313
ddqn,2026,914,9235,-10.09,9,0,1,0.8537791666666666,0.0033174912096001208,-1.0803207159042358
ddqn,2026,915,9242,-10.07,7,0,1,0.8536683333333334,0.0031121178762987256,-0.7857604026794434
ddqn,2026,916,9275,-10.33,33,0,1,0.8531458333333334,0.003873698500683531,-1.1867833882570267
ddqn,2026,917,9288,-10.129999999999999,13,0,1,0.85294,0.00595143623650074,-1.2065746188163757
ddqn,2026,918,9292,-10.04,4,0,1,0.8528766666666667,0.003807973815128207,-1.2506775856018066
ddqn,2026,919,9295,-10.03,3,0,1,0.8528291666666666,,
ddqn,2026,920,9309,-10.14,14,0,1,0.8526075,0.08119135827291757,-1.0653298646211624
ddqn,2026,921,9319,-10.1,10,0,1,0.8524491666666667,0.006472795270383358,-0.8418305218219757
ddqn,2026,922,9323,-10.04,4,0,1,0.8523858333333333,0.0013892664574086666,-0.9783599376678467
ddqn,2026,923,9331,-10.08,8,0,1,0.8522591666666667,0.004634160548448563,-1.0084447264671326
ddqn,2026,924,9348,-10.17,17,0,1,0.85199,0.003819006681442261,-0.8393869787454605
ddqn,2026,925,9351,-10.03,3,0,1,0.8519425,,
ddqn,2026,926,9361,-10.1,10,0,1,0.8517841666666667,0.00455094687640667,-0.89054008324941
ddqn,2026,927,9373,-10.12,12,0,1,0.8515941666666667,0.003497712935010592,-0.9599402944246928
ddqn,2026,928,9404,-10.31,31,0,1,0.8511033333333333,0.00199563339992892,-0.8963496387004852
ddqn,2026,929,9432,-10.28,28,0,1,0.85066,0.00207209206252758,-0.8520755086626325
ddqn,2026,930,9438,-10.06,6,0,1,0.850565,0.0030698429327458143,-1.2960410118103027
ddqn,2026,931,9444,-10.06,6,0,1,0.8504700000000001,0.002291354350745678,-1.7246910333633423
ddqn,2026,932,9447,-10.03,3,0,1,0.8504225,,
ddqn,2026,933,9457,-10.1,10,0,1,0.8502641666666667,0.001293326747448494,-0.878581682840983
ddqn,2026,934,9463,-10.06,6,0,1,0.8501691666666666,0.0016303572338074446,-0.49536967277526855
ddqn,2026,935,9468,-10.049999999999999,5,0,1,0.85009,0.004957795841619372,-1.2461761236190796
ddqn,2026,936,9469,-10.01,1,0,1,0.8500741666666667,,
ddqn,2026,937,9476,-10.07,7,0,1,0.8499633333333333,0.004493344342336059,-1.485954999923706
ddqn,2026,938,9480,-10.04,4,0,1,0.8499,0.0023992336355149746,-1.5840270519256592
ddqn,2026,939,9504,-10.24,24,0,1,0.84952,0.0031536355575857065,-1.0716557304064434
ddqn,2026,940,9505,-10.01,1,0,1,0.8495041666666667,,
ddqn,2026,941,9510,-10.049999999999999,5,0,1,0.849425,0.003450053511187434,-0.9366891980171204
ddqn,2026,942,9526,-10.16,16,0,1,0.8491716666666667,0.003250936308177188,-0.9797612279653549
ddqn,2026,943,9536,-10.1,10,0,1,0.8490133333333334,0.003985374273421864,-0.9978781541188558
ddqn,2026,944,9542,-10.06,6,0,1,0.8489183333333333,0.0027065363246947527,-0.8521733283996582
ddqn,2026,945,9583,-10.41,41,0,1,0.8482691666666666,0.004129374003969133,-1.1428895831108092
ddqn,2026,946,9590,-10.07,7,0,1,0.8481583333333333,0.15911049849819392,-1.6172547340393066
ddqn,2026,947,9606,-10.16,16,0,1,0.847905,0.0020100635301787406,-1.1520090997219086
ddqn,2026,948,9654,-10.48,48,0,1,0.847145,0.0022524616312390813,-1.1429240157206852
ddqn,2026,949,9671,-10.17,17,0,1,0.8468758333333333,0.0020316032459959388,-1.243612453341484
ddqn,2026,950,9673,-10.02,2,0,1,0.8468441666666666,0.0015323481056839228,-0.6363881826400757
ddqn,2026,951,9699,-10.26,26,0,1,0.8464325,0.0018071740632876754,-1.0235461095968883
ddqn,2026,952,9738,-10.39,39,0,1,0.845815,0.0015975461690686643,-1.046731913089752
ddqn,2026,953,9740,-10.02,2,0,1,0.8457833333333333,0.001592052518390119,-1.5784424543380737
ddqn,2026,954,9751,-10.11,11,0,1,0.8456091666666666,0.001051334256771952,-0.5764766419306397
ddqn,2026,955,9753,-10.02,2,0,1,0.8455775,0.0032060646917670965,-1.116905689239502
ddqn,2026,956,9757,-10.04,4,0,1,0.8455141666666667,0.001591517124325037,-1.1411988735198975
ddqn,2026,957,9771,-10.14,14,0,1,0.8452925,0.0017171023258318503,-1.1787910461425781
ddqn,2026,958,9778,-10.07,7,0,1,0.8451816666666667,0.001670957135502249,-0.8212594985961914
ddqn,2026,959,9788,-10.1,10,0,1,0.8450233333333333,0.0018584068166092038,-1.1247540712356567
ddqn,2026,960,9791,-10.03,3,0,1,0.8449758333333333,,
ddqn,2026,961,9818,-10.27,27,0,1,0.8445483333333333,0.001717591192573309,-0.9844911694526672
ddqn,2026,962,9837,-10.19,19,0,1,0.8442475,0.06387989916838706,-0.7497837662696838
ddqn,2026,963,9842,-10.049999999999999,5,0,1,0.8441683333333333,0.0011860928498208523,-0.9649791121482849
ddqn,2026,964,9845,-10.03,3,0,1,0.8441208333333333,0.002562162932008505,-1.2857670783996582
ddqn,2026,965,9860,-10.15,15,0,1,0.8438833333333333,0.0018445233290549368,-1.209918200969696
ddqn,2026,966,9868,-10.08,8,0,1,0.8437566666666667,0.001262388308532536,-0.9042513072490692
ddqn,2026,967,9869,-10.01,1,0,1,0.8437408333333334,,
ddqn,2026,968,9871,-10.02,2,0,1,0.8437091666666667,,
ddqn,2026,969,9874,-10.03,3,0,1,0.8436616666666666,0.0007655877852812409,-1.4457350969314575
ddqn,2026,970,9878,-10.04,4,0,1,0.8435983333333333,0.0020963207352906466,-1.266709804534912
ddqn,2026,971,9880,-10.02,2,0,1,0.8435666666666667,0.001198889221996069,-1.2726187705993652
ddqn,2026,972,9891,-10.11,11,0,1,0.8433925,0.15321543044410646,-1.4284985661506653
ddqn,2026,973,9925,-10.34,34,0,1,0.8428541666666667,0.002314814844996565,-0.9620818363295661
ddqn,2026,974,9926,-10.01,1,0,1,0.8428383333333334,,
ddqn,2026,975,9961,-10.35,35,0,1,0.8422841666666667,0.03693264489346701,-1.1495629085434809
ddqn,2026,976,9969,-10.08,8,0,1,0.8421575,0.0026265758788213134,-0.896852970123291
ddqn,2026,977,9991,-10.22,22,0,1,0.8418091666666667,0.0011179152177646756,-1.0309276223182677
ddqn,2026,978,9997,-10.06,6,0,1,0.8417141666666667,0.0015735854394733906,-1.2011136412620544
ddqn,2026,979,10036,-10.39,39,0,1,0.8410966666666666,0.0010143801569938659,-0.7712096229195595
ddqn,2026,980,10043,-10.07,7,0,1,0.8409858333333333,0.0024175429716706276,-0.6493890285491943
ddqn,2026,981,10052,-10.09,9,0,1,0.8408433333333334,0.0010531069322799642,-1.1184006134668987
ddqn,2026,982,10054,-10.02,2,0,1,0.8408116666666667,,
ddqn,2026,983,10056,-10.02,2,0,1,0.84078,0.0024229465052485466,-1.2559438943862915
ddqn,2026,984,10061,-10.049999999999999,5,0,1,0.8407008333333333,0.31820884346961975,-1.3131476640701294
ddqn,2026,985,10071,-10.1,10,0,1,0.8405425,0.0014204158214852214,-1.1154678165912628
ddqn,2026,986,10077,-10.06,6,0,1,0.8404475,0.002000833861529827,-0.8630663752555847
ddqn,2026,987,10080,-10.03,3,0,1,0.8404,0.0013784581096842885,-0.8220747709274292
ddqn,2026,988,10112,-10.32,32,0,1,0.8398933333333334,0.001898209797218442,-1.1679262816905975
ddqn,2026,989,10119,-10.07,7,0,1,0.8397825,0.0023220283910632133,-1.2566629648208618
ddqn,2026,990,10145,-10.26,26,0,1,0.8393708333333334,0.0009958975798716502,-1.0527735182217188
ddqn,2026,991,10152,-10.07,7,0,1,0.83926,0.0008642654283903539,-1.1949189901351929
ddqn,2026,992,10157,-10.049999999999999,5,0,1,0.8391808333333333,0.0006391076603904366,-1.2731550931930542
ddqn,2026,993,10177,-10.2,20,0,1,0.8388641666666667,0.001179035264067352,-0.801374527066946
ddqn,2026,994,10179,-10.02,2,0,1,0.8388325,,
ddqn,2026,995,10184,-10.049999999999999,5,0,1,0.8387533333333334,0.0012683163222391158,-0.7961703240871429
ddqn,2026,996,10186,-10.02,2,0,1,0.8387216666666667,,
ddqn,2026,997,10192,-10.06,6,0,1,0.8386266666666666,0.0009284902480430901,-1.1281121969223022
ddqn,2026,998,10198,-10.06,6,0,1,0.8385316666666667,0.0011307242093607783,-0.8156951069831848
ddqn,2026,999,10204,-10.06,6,0,1,0.8384366666666667,0.0024577450240030885,-1.4207321405410767
ddqn,2026,1000,10216,-10.12,12,0,1,0.8382466666666667,0.0020730193937197328,-1.4402615626653035
ddqn,2026,1001,10219,-10.03,3,0,1,0.8381991666666666,,
ddqn,2026,1002,10256,-10.37,37,0,1,0.8376133333333333,0.0018998137325979768,-1.0892491549253465
ddqn,2026,1003,10258,-10.02,2,0,1,0.8375816666666667,,
ddqn,2026,1004,10267,-10.09,9,0,1,0.8374391666666667,0.0019021800253540277,-1.3339592218399048
ddqn,2026,1005,10293,-10.26,26,0,1,0.8370275,0.0010948838399989264,-1.0753128954342432
ddqn,2026,1006,10303,-10.1,10,0,1,0.8368691666666667,0.0018869799096137285,-1.0388754308223724
ddqn,2026,1007,10313,-10.1,10,0,1,0.8367108333333333,0.0017791190766729414,-0.9131672779719034
ddqn,2026,1008,10344,-10.31,31,0,1,0.83622,0.0014893672268954106,-1.0228197649121284
ddqn,2026,1009,10346,-10.02,2,0,1,0.8361883333333333,,
ddqn,2026,1010,10377,-10.31,31,0,1,0.8356975,0.002555198225309141,-0.9688164442777634
ddqn,2026,1011,10383,-10.06,6,0,1,0.8356025,0.0018265459220856428,-0.4799930453300476
ddqn,2026,1012,10404,-10.209999999999999,21,0,1,0.83527,0.0016014175877595942,-0.8558878898620605
ddqn,2026,1013,10410,-10.06,6,0,1,0.835175,0.0014152983203530312,-1.8821841478347778
ddqn,2026,1014,10414,-10.04,4,0,1,0.8351116666666667,0.0008895663777366281,-0.8042205572128296
ddqn,2026,1015,10421,-10.07,7,0,1,0.8350008333333334,0.0021425531595014036,-1.1346139311790466
ddqn,2026,1016,10427,-10.06,6,0,1,0.8349058333333333,0.0025462599005550146,-0.6390407085418701
ddqn,2026,1017,10432,-10.049999999999999,5,0,1,0.8348266666666666,0.0017373571172356606,-0.871412992477417
ddqn,2026,1018,10433,-10.01,1,0,1,0.8348108333333333,,
ddqn,2026,1019,10440,-10.07,7,0,1,0.8347,0.0014037943328730762,-0.9877177774906158
ddqn,2026,1020,10447,-10.07,7,0,1,0.8345891666666667,0.0030891178175807,-1.4777414798736572
ddqn,2026,1021,10461,-10.14,14,0,1,0.8343675,0.07987517581204884,-0.9891075938940048
ddqn,2026,1022,10480,-10.19,19,0,1,0.8340666666666667,0.0008689183741807938,-1.0874882936477661
ddqn,2026,1023,10513,-10.33,33,0,1,0.8335441666666666,0.0018869644118240103,-0.9806253090500832
ddqn,2026,1024,10514,-10.01,1,0,1,0.8335283333333333,,
ddqn,2026,1025,10518,-10.04,4,0,1,0.833465,0.002427395898848772,-1.3102071285247803
ddqn,2026,1026,10529,-10.11,11,0,1,0.8332908333333333,0.002163251085827748,-0.9616303046544393
ddqn,2026,1027,10533,-10.04,4,0,1,0.8332275,0.0009399825357832015,-0.950339674949646
ddqn,2026,1028,10542,-10.09,9,0,1,0.8330850000000001,0.0016243819845840335,-1.1294607520103455
ddqn,2026,1029,10551,-10.09,9,0,1,0.8329425,0.0011345117818564177,-1.2640714645385742
ddqn,2026,1030,10556,-10.049999999999999,5,0,1,0.8328633333333333,0.0009378290269523859,-0.8734122216701508
ddqn,2026,1031,10574,-10.18,18,0,1,0.8325783333333333,0.0012619181798072532,-1.1612582057714462
ddqn,2026,1032,10593,-10.19,19,0,1,0.8322775,0.0016869830782525242,-0.8779103398323059
ddqn,2026,1033,10596,-10.03,3,0,1,0.83223,0.001240867655724287,-1.1192796230316162
ddqn,2026,1034,10630,-10.34,34,0,1,0.8316916666666667,0.0014963380235712975,-0.7796606495976448
ddqn,2026,1035,10691,-10.61,61,0,1,0.8307258333333334,0.02388626049505547,-0.8569443066914876
ddqn,2026,1036,10698,-10.07,7,0,1,0.830615,0.004615818383172154,-0.8457108438014984
ddqn,2026,1037,10699,-10.01,1,0,1,0.8305991666666667,,
ddqn,2026,1038,10707,-10.08,8,0,1,0.8304725,0.0026287452783435583,-1.3794771432876587
ddqn,2026,1039,10740,-10.33,33,0,1,0.82995,0.037005094229243696,-1.0813354717360601
ddqn,2026,1040,10743,-10.03,3,0,1,0.8299025,,
ddqn,2026,1041,10754,-10.11,11,0,1,0.8297283333333334,0.006032446709771951,-0.8881133397420248
ddqn,2026,1042,10791,-10.37,37,0,1,0.8291425,0.0051308064462824,-0.9434445963965522
ddqn,2026,1043,10798,-10.07,7,0,1,0.8290316666666666,0.005267519154585898,-1.3065740466117859
ddqn,2026,1044,10804,-10.06,6,0,1,0.8289366666666667,0.008486806065775454,-1.4718855023384094
ddqn,2026,1045,10818,-10.14,14,0,1,0.828715,0.005696551331008474,-0.5767270227273306
ddqn,2026,1046,10828,-10.1,10,0,1,0.8285566666666666,0.005712688124428193,-1.2590384483337402
ddqn,2026,1047,10846,-10.18,18,0,1,0.8282716666666667,0.005723062786273658,-0.9676496684551239
ddqn,2026,1048,10862,-10.16,16,0,1,0.8280183333333333,0.0025578161876183003,-0.8435983099043369
ddqn,2026,1049,10873,-10.11,11,0,1,0.8278441666666667,0.0021542216418311,-0.8682046830654144
ddqn,2026,1050,10878,-10.049999999999999,5,0,1,0.8277650000000001,0.0022430962417274714,-0.48196250200271606
ddqn,2026,1051,10879,-10.01,1,0,1,0.8277491666666666,,
ddqn,2026,1052,10917,-10.38,38,0,1,0.8271475,0.0015911030932329595,-0.8919141411781311
ddqn,2026,1053,10919,-10.02,2,0,1,0.8271158333333334,,
ddqn,2026,1054,10936,-10.17,17,0,1,0.8268466666666667,0.0027504248544573786,-1.0990310192108155
ddqn,2026,1055,10940,-10.04,4,0,1,0.8267833333333333,0.006405111867934465,-1.2366825342178345
ddqn,2026,1056,10945,-10.049999999999999,5,0,1,0.8267041666666667,0.003543789964169264,-1.7082737684249878
ddqn,2026,1057,10954,-10.09,9,0,1,0.8265616666666666,0.0031293502543121576,-0.6851707994937897
ddqn,2026,1058,10968,-10.14,14,0,1,0.8263400000000001,0.08591136720497161,-0.8519227653741837
ddqn,2026,1059,10980,-10.12,12,0,1,0.82615,0.007012372914080818,-0.6671199798583984
ddqn,2026,1060,10994,-10.14,14,0,1,0.8259283333333334,0.00802453770302236,-0.9848630626996359
ddqn,2026,1061,11029,-10.35,35,0,1,0.8253741666666667,0.0070362099989627796,-0.8280732168091668
ddqn,2026,1062,11054,-10.25,25,0,1,0.8249783333333334,0.011049850882651905,-0.8959285815556844
ddqn,2026,1063,11094,-10.4,40,0,1,0.824345,0.01640127208083868,-0.955485361814499
ddqn,2026,1064,11131,-10.37,37,0,1,0.8237591666666667,0.010313951151652468,-0.8366276290681627
ddqn,2026,1065,11132,-10.01,1,0,1,0.8237433333333334,0.0015461547300219536,-1.1595591306686401
ddqn,2026,1066,11136,-10.04,4,0,1,0.82368,0.013504942879080772,-1.4001141786575317
ddqn,2026,1067,11146,-10.1,10,0,1,0.8235216666666667,0.00497755385003984,-0.9344703555107117
ddqn,2026,1068,11160,-10.14,14,0,1,0.8233,0.011834823060780764,-1.294599562883377
ddqn,2026,1069,11163,-10.03,3,0,1,0.8232525,,
ddqn,2026,1070,11189,-10.26,26,0,1,0.8228408333333334,0.007046093731852514,-1.0423530510493688
ddqn,2026,1071,11201,-10.12,12,0,1,0.8226508333333333,0.011027864801386992,-0.9743032455444336
ddqn,2026,1072,11323,-11.22,122,0,1,0.8207191666666667,0.0070711583597585555,-1.0166603207588196
ddqn,2026,1073,11332,-10.09,9,0,1,0.8205766666666667,0.004243881596873204,-0.811353882153829
ddqn,2026,1074,11341,-10.09,9,0,1,0.8204341666666667,0.0063520504627376795,-1.1051703691482544
ddqn,2026,1075,11371,-10.3,30,0,1,0.8199591666666667,0.009464283340743609,-1.0015628337860107
ddqn,2026,1076,11380,-10.09,9,0,1,0.8198166666666666,0.10696845482258747,-0.859184185663859
ddqn,2026,1077,11389,-10.09,9,0,1,0.8196741666666667,0.0068479422479867935,-1.1842700242996216
ddqn,2026,1078,11394,-10.049999999999999,5,0,1,0.819595,0.0049547916278243065,-1.1019182205200195
ddqn,2026,1079,11420,-10.26,26,0,1,0.8191833333333334,0.0036614154565281103,-1.0566983222961426
ddqn,2026,1080,11452,-10.32,32,0,1,0.8186766666666667,0.0026288605222362094,-1.0399276241660118
ddqn,2026,1081,11456,-10.04,4,0,1,0.8186133333333333,0.001991488039493561,-1.3019496202468872
ddqn,2026,1082,11476,-10.2,20,0,1,0.8182966666666667,0.06492383511504159,-1.0630722999572755
ddqn,2026,1083,11479,-10.03,3,0,1,0.8182491666666667,,
ddqn,2026,1084,11497,-10.18,18,0,1,0.8179641666666667,0.0016211210982874035,-0.8566196084022522
ddqn,2026,1085,11500,-10.03,3,0,1,0.8179166666666666,0.0011307509848847985,-0.500942587852478
ddqn,2026,1086,11511,-10.11,11,0,1,0.8177425,0.002133652684278786,-1.1346904635429382
ddqn,2026,1087,11524,-10.129999999999999,13,0,1,0.8175366666666667,0.0032988663006108254,-1.3722434043884277
ddqn,2026,1088,11526,-10.02,2,0,1,0.817505,,
ddqn,2026,1089,11537,-10.11,11,0,1,0.8173308333333333,0.002489623885291318,-0.7685263752937317
ddqn,2026,1090,11541,-10.04,4,0,1,0.8172675,0.0016585965640842915,-1.9366168975830078
ddqn,2026,1091,11547,-10.06,6,0,1,0.8171725,0.0004958718782290816,-0.3527029752731323
ddqn,2026,1092,11549,-10.02,2,0,1,0.8171408333333333,0.001363733783364296,-0.8032543063163757
ddqn,2026,1093,11569,-10.2,20,0,1,0.8168241666666667,0.06288574996870011,-1.026946222782135
ddqn,2026,1094,11581,-10.12,12,0,1,0.8166341666666667,0.001453234387251238,-0.8649566570917765
ddqn,2026,1095,11590,-10.09,9,0,1,0.8164916666666667,0.0009047682979144156,-1.2107264995574951
ddqn,2026,1096,11597,-10.07,7,0,1,0.8163808333333333,0.0019866489456035197,-1.0612890720367432
ddqn,2026,1097,11615,-10.18,18,0,1,0.8160958333333334,0.0023933268385007977,-1.1658294647932053
ddqn,2026,1098,11619,-10.04,4,0,1,0.8160325,0.0015695008914917707,-1.136751651763916
ddqn,2026,1099,11632,-10.129999999999999,13,0,1,0.8158266666666667,0.002184846089221537,-0.8927668184041977
ddqn,2026,1100,11653,-10.209999999999999,21,0,1,0.8154941666666666,0.003722324245609343,-1.4189074754714965
ddqn,2026,1101,11655,-10.02,2,0,1,0.8154625,,
ddqn,2026,1102,11659,-10.04,4,0,1,0.8153991666666667,0.0022241431288421154,-1.5752440690994263
ddqn,2026,1103,11665,-10.06,6,0,1,0.8153041666666667,0.002874131198041141,-1.0823386907577515
ddqn,2026,1104,11675,-10.1,10,0,1,0.8151458333333333,0.00244269787799567,-0.8812079131603241
ddqn,2026,1105,11702,-10.27,27,0,1,0.8147183333333333,0.0020920140419288407,-1.1594239643641882
ddqn,2026,1106,11711,-10.09,9,0,1,0.8145758333333334,0.0019472484709694982,-0.9889060258865356
ddqn,2026,1107,11714,-10.03,3,0,1,0.8145283333333333,0.0017902933759614825,-0.8077831864356995
ddqn,2026,1108,11753,-10.39,39,0,1,0.8139108333333334,0.0024040472111664713,-0.9495698928833007
ddqn,2026,1109,11763,-10.1,10,0,1,0.8137525,0.0012199253542348742,-1.2982499599456787
ddqn,2026,1110,11767,-10.04,4,0,1,0.8136891666666667,0.0031267856247723103,-1.564663290977478
ddqn,2026,1111,11795,-10.28,28,0,1,0.8132458333333333,0.001452212392385783,-0.9495963837419238
ddqn,2026,1112,11797,-10.02,2,0,1,0.8132141666666667,0.0015238631749525666,-0.9871121048927307
ddqn,2026,1113,11803,-10.06,6,0,1,0.8131191666666666,0.30906471610069275,-0.6745874285697937
ddqn,2026,1114,11811,-10.08,8,0,1,0.8129925,0.004216793808154762,-0.8689473867416382
ddqn,2026,1115,11815,-10.04,4,0,1,0.8129291666666667,0.0013692541979253292,-1.1408576965332031
ddqn,2026,1116,11868,-10.53,53,0,1,0.81209,0.0016343153173303498,-1.0814954468182154
ddqn,2026,1117,11870,-10.02,2,0,1,0.8120583333333333,,
ddqn,2026,1118,11891,-10.209999999999999,21,0,1,0.8117258333333334,0.001571634935680777,-0.8822840094566345
ddqn,2026,1119,11894,-10.03,3,0,1,0.8116783333333333,0.0012956892605870962,-1.742836833000183
ddqn,2026,1120,11909,-10.15,15,0,1,0.8114408333333334,0.0016596232599113137,-1.2543958723545074
ddqn,2026,1121,11918,-10.09,9,0,1,0.8112983333333333,0.003052649786695838,-0.867339551448822
ddqn,2026,1122,11927,-10.09,9,0,1,0.8111558333333333,0.0032091352622956038,-1.2485171258449554
ddqn,2026,1123,11954,-10.27,27,0,1,0.8107283333333333,0.0035594916137467536,-1.0021718378577913
ddqn,2026,1124,11956,-10.02,2,0,1,0.8106966666666666,0.005970815196633339,-0.7767396569252014
ddqn,2026,1125,11965,-10.09,9,0,1,0.8105541666666667,0.0036417179508134723,-0.9732069969177246
ddqn,2026,1126,11967,-10.02,2,0,1,0.8105225,,
ddqn,2026,1127,11983,-10.16,16,0,1,0.8102691666666667,0.0024852627830114216,-0.9609445184469223
ddqn,2026,1128,12003,-10.2,20,0,1,0.8099525,0.004181514447554946,-0.9790997743606568
ddqn,2026,1129,12004,-10.01,1,0,1,0.8099366666666666,0.001792282098904252,-1.0972373485565186
ddqn,2026,1130,12008,-10.04,4,0,1,0.8098733333333333,0.008212081156671047,-1.0430877208709717
ddqn,2026,1131,12014,-10.06,6,0,1,0.8097783333333333,0.004471912048757076,-1.7048883438110352
ddqn,2026,1132,12026,-10.12,12,0,1,0.8095883333333334,0.006073790214334925,-1.0331907669703166
ddqn,2026,1133,12033,-10.07,7,0,1,0.8094775000000001,0.003887111903168261,-1.2952601313591003
ddqn,2026,1134,12034,-10.01,1,0,1,0.8094616666666666,,
ddqn,2026,1135,12035,-10.01,1,0,1,0.8094458333333333,,
ddqn,2026,1136,12051,-10.16,16,0,1,0.8091925,0.002545599330915138,-0.8655607849359512
ddqn,2026,1137,12059,-10.08,8,0,1,0.8090658333333334,0.0037208948051556945,-0.9473649263381958
ddqn,2026,1138,12100,-10.41,41,0,1,0.8084166666666667,0.0022603217406537046,-0.9349806119095195
ddqn,2026,1139,12103,-10.03,3,0,1,0.8083691666666667,,
ddqn,2026,1140,12104,-10.01,1,0,1,0.8083533333333334,0.003604242578148842,-1.075698971748352
ddqn,2026,1141,12141,-10.37,37,0,1,0.8077675,0.0029822519928630856,-0.9040176322062811
ddqn,2026,1142,12146,-10.049999999999999,5,0,1,0.8076883333333333,0.00322346156463027,-1.1144733428955078
ddqn,2026,1143,12157,-10.11,11,0,1,0.8075141666666666,0.002775684387112657,-0.979690670967102
ddqn,2026,1144,12179,-10.22,22,0,1,0.8071658333333334,0.0023553496226668357,-1.037223356962204
ddqn,2026,1145,12195,-10.16,16,0,1,0.8069125,0.0027471656212583184,-1.0366832911968231
ddqn,2026,1146,12196,-10.01,1,0,1,0.8068966666666666,0.0022158119827508926,-0.8062448501586914
ddqn,2026,1147,12202,-10.06,6,0,1,0.8068016666666666,0.0017719571478664875,-0.6338672637939453
ddqn,2026,1148,12218,-10.16,16,0,1,0.8065483333333333,0.002117098541930318,-0.9220680296421051
ddqn,2026,1149,12228,-10.1,10,0,1,0.8063899999999999,0.001669806893914938,-1.070566713809967
ddqn,2026,1150,12233,-10.049999999999999,5,0,1,0.8063108333333333,0.0015763973351567984,-0.6528265476226807
ddqn,2026,1151,12243,-10.1,10,0,1,0.8061525,0.15585026587359607,-0.9762035012245178
ddqn,2026,1152,12247,-10.04,4,0,1,0.8060891666666666,0.0036220867186784744,-0.9693731665611267
ddqn,2026,1153,12253,-10.06,6,0,1,0.8059941666666667,0.0017742547788657248,-1.1462289988994598
ddqn,2026,1154,12264,-10.11,11,0,1,0.80582,0.0018528078605110447,-1.1130267977714539
ddqn,2026,1155,12270,-10.06,6,0,1,0.805725,0.0021436866372823715,-0.9157622456550598
ddqn,2026,1156,12297,-10.27,27,0,1,0.8052975,0.04573873696582658,-0.9749647974967957
ddqn,2026,1157,12306,-10.09,9,0,1,0.8051550000000001,0.0016103838570415974,-1.2866415679454803
ddqn,2026,1158,12308,-10.02,2,0,1,0.8051233333333333,0.004259408451616764,-1.4458056688308716
ddqn,2026,1159,12330,-10.22,22,0,1,0.804775,0.002798943384550512,-1.0420300722122193
ddqn,2026,1160,12335,-10.049999999999999,5,0,1,0.8046958333333334,0.001827917294576764,-0.6316128969192505
ddqn,2026,1161,12375,-10.4,40,0,1,0.8040625,0.002294747775886208,-0.9090550422668457
ddqn,2026,1162,12408,-10.33,33,0,1,0.80354,0.0025653925388016635,-1.0003967086474101
ddqn,2026,1163,12411,-10.03,3,0,1,0.8034924999999999,,
ddqn,2026,1164,12442,-10.31,31,0,1,0.8030016666666666,0.0030256216414272785,-0.8646508641541004
ddqn,2026,1165,12495,-10.53,53,0,1,0.8021625,0.003514902916951821,-1.0027199937747076
ddqn,2026,1166,12526,-10.31,31,0,1,0.8016716666666667,0.002415884708170779,-0.9833451956510544
ddqn,2026,1167,12556,-10.3,30,0,1,0.8011966666666667,0.0029454172763507813,-1.0269319117069244
ddqn,2026,1168,12585,-10.29,29,0,1,0.8007375,0.0029850868075819953,-0.9318756035396031
ddqn,2026,1169,12602,-10.17,17,0,1,0.8004683333333333,0.0032455528853461146,-1.0163097083568573
ddqn,2026,1170,12607,-10.049999999999999,5,0,1,0.8003891666666667,0.001993918791413307,-0.31747686862945557
ddqn,2026,1171,12609,-10.02,2,0,1,0.8003575,0.0046806493774056435,-0.7799941301345825
ddqn,2026,1172,12656,-10.47,47,0,1,0.7996133333333333,0.0029459671932272613,-1.0618636111418407
ddqn,2026,1173,12664,-10.08,8,0,1,0.7994866666666667,0.0021077393321320415,-0.5469911843538284
ddqn,2026,1174,12683,-10.19,19,0,1,0.7991858333333334,0.0015587889938615263,-1.0942732393741608
ddqn,2026,1175,12692,-10.09,9,0,1,0.7990433333333333,0.0026152033048371473,-0.9249771237373352
ddqn,2026,1176,12698,-10.06,6,0,1,0.7989483333333334,0.0018883759621530771,-1.2746050357818604
ddqn,2026,1177,12734,-10.36,36,0,1,0.7983783333333334,0.002710766572919157,-0.9846203790770637
ddqn,2026,1178,12738,-10.04,4,0,1,0.798315,0.0024962997995316982,-1.1187694072723389
ddqn,2026,1179,12745,-10.07,7,0,1,0.7982041666666666,0.0031472418922930956,-0.6832217574119568
ddqn,2026,1180,12765,-10.2,20,0,1,0.7978875000000001,0.003160923719406128,-0.9002299189567566
ddqn,2026,1181,12781,-10.16,16,0,1,0.7976341666666666,0.0025775476242415607,-0.9278186857700348
ddqn,2026,1182,12830,-10.49,49,0,1,0.7968583333333333,0.0028328798847117773,-0.7320387437939644
ddqn,2026,1183,12851,-10.209999999999999,21,0,1,0.7965258333333334,0.002634886745363474,-0.8873015284538269
ddqn,2026,1184,12853,-10.02,2,0,1,0.7964941666666667,0.002547341864556074,-0.8051027059555054
ddqn,2026,1185,12855,-10.02,2,0,1,0.7964625000000001,,
ddqn,2026,1186,12857,-10.02,2,0,1,0.7964308333333333,0.0011857475619763136,-0.5046899914741516
ddqn,2026,1187,12865,-10.08,8,0,1,0.7963041666666667,0.0022777236299589276,-0.8387495875358582
ddqn,2026,1188,12867,-10.02,2,0,1,0.7962724999999999,,
ddqn,2026,1189,12873,-10.06,6,0,1,0.7961775,0.0044356901198625565,-0.7460495829582214
ddqn,2026,1190,12892,-10.19,19,0,1,0.7958766666666667,0.0019864904461428523,-0.7558549165725708
ddqn,2026,1191,12903,-10.11,11,0,1,0.7957025,0.0037623997777700424,-1.1557031869888306
ddqn,2026,1192,12906,-10.03,3,0,1,0.795655,0.0030071476940065622,-0.4400218725204468
ddqn,2026,1193,12917,-10.11,11,0,1,0.7954808333333334,0.0018710533234601219,-1.0037701924641926
ddqn,2026,1194,12920,-10.03,3,0,1,0.7954333333333333,0.0026987865567207336,-0.8119882345199585
ddqn,2026,1195,12926,-10.06,6,0,1,0.7953383333333334,0.0027362597174942493,-0.8462360501289368
ddqn,2026,1196,12928,-10.02,2,0,1,0.7953066666666666,0.0028933470603078604,-0.8331713676452637
ddqn,2026,1197,12932,-10.04,4,0,1,0.7952433333333333,0.004106555134057999,-1.6152033805847168
ddqn,2026,1198,12940,-10.08,8,0,1,0.7951166666666667,0.002256596810184419,-1.1362349390983582
ddqn,2026,1199,12961,-10.209999999999999,21,0,1,0.7947841666666666,0.002426208113320172,-0.8364449143409729
ddqn,2026,1200,12970,-10.09,9,0,1,0.7946416666666667,0.002512135193683207,-0.9389042258262634
ddqn,2026,1201,12972,-10.02,2,0,1,0.79461,0.0020247125066816807,-1.5602105855941772
ddqn,2026,1202,12975,-10.03,3,0,1,0.7945625000000001,,
ddqn,2026,1203,12978,-10.03,3,0,1,0.7945150000000001,0.0016456396551802754,-0.49139881134033203
ddqn,2026,1204,12983,-10.049999999999999,5,0,1,0.7944358333333333,0.001546042854897678,-0.6604182124137878
ddqn,2026,1205,12996,-10.129999999999999,13,0,1,0.79423,0.0029713090043514967,-0.8015934973955154
ddqn,2026,1206,13012,-10.16,16,0,1,0.7939766666666667,0.0027581551112234592,-0.986172266304493
ddqn,2026,1207,13013,-10.01,1,0,1,0.7939608333333333,,
ddqn,2026,1208,13020,-10.07,7,0,1,0.79385,0.004383028484880924,-1.0015451461076736
ddqn,2026,1209,13023,-10.03,3,0,1,0.7938025,,
ddqn,2026,1210,13044,-10.209999999999999,21,0,1,0.79347,0.0034838671951244273,-0.9683821896711985
ddqn,2026,1211,13048,-10.04,4,0,1,0.7934066666666667,0.00800012331455946,-0.5401692390441895
ddqn,2026,1212,13080,-10.32,32,0,1,0.7929,0.04267964087193832,-0.6301397271454334
ddqn,2026,1213,13097,-10.17,17,0,1,0.7926308333333334,0.004964349092915654,-0.7315244227647781
ddqn,2026,1214,13100,-10.03,3,0,1,0.7925833333333334,0.004406074061989784,-0.6337270736694336
ddqn,2026,1215,13102,-10.02,2,0,1,0.7925516666666667,,
ddqn,2026,1216,13111,-10.09,9,0,1,0.7924091666666666,0.002769873011857271,-1.3138428926467896
ddqn,2026,1217,13130,-10.19,19,0,1,0.7921083333333334,0.007306579221040011,-1.0977710008621215
ddqn,2026,1218,13132,-10.02,2,0,1,0.7920766666666667,0.0038712883833795786,-0.6663520932197571
ddqn,2026,1219,13149,-10.17,17,0,1,0.7918075,0.003796431061346084,-0.9097943603992462
ddqn,2026,1220,13157,-10.08,8,0,1,0.7916808333333334,0.0053790484089404345,-1.0494456589221954
ddqn,2026,1221,13171,-10.14,14,0,1,0.7914591666666667,0.0031674318791677556,-0.9505542814731598
ddqn,2026,1222,13180,-10.09,9,0,1,0.7913166666666667,0.003951497608795762,-0.7994325160980225
ddqn,2026,1223,13214,-10.34,34,0,1,0.7907783333333334,0.04373367258813232,-0.8980931267142296
ddqn,2026,1224,13220,-10.06,6,0,1,0.7906833333333334,0.008154693059623241,-0.8782896399497986
ddqn,2026,1225,13223,-10.03,3,0,1,0.7906358333333333,,
ddqn,2026,1226,13237,-10.14,14,0,1,0.7904141666666666,0.0043927819933742285,-0.9697837382555008
ddqn,2026,1227,13250,-10.129999999999999,13,0,1,0.7902083333333334,0.00582448486238718,-1.1620015303293865
ddqn,2026,1228,13253,-10.03,3,0,1,0.7901608333333334,0.0065536294132471085,-1.4903805255889893
ddqn,2026,1229,13260,-10.07,7,0,1,0.79005,0.0020696010906249285,-0.8926114141941071
ddqn,2026,1230,13271,-10.11,11,0,1,0.7898758333333333,0.0033293506130576134,-0.7745268642902374
ddqn,2026,1231,13273,-10.02,2,0,1,0.7898441666666667,0.0023282882757484913,-0.9300534129142761
ddqn,2026,1232,13285,-10.12,12,0,1,0.7896541666666667,0.0025985253353913627,-0.9980550209681193
ddqn,2026,1233,13312,-10.27,27,0,1,0.7892266666666667,0.0029073816923690693,-1.0367323160171509
ddqn,2026,1234,13366,-10.54,54,0,1,0.7883716666666667,0.026129424321250275,-0.9075090197416452
ddqn,2026,1235,13377,-10.11,11,0,1,0.7881975,0.002096291476239761,-0.8683785796165466
ddqn,2026,1236,13379,-10.02,2,0,1,0.7881658333333333,,
ddqn,2026,1237,13391,-10.12,12,0,1,0.7879758333333333,0.003214668637762467,-1.0588250557581584
ddqn,2026,1238,13403,-10.12,12,0,1,0.7877858333333334,0.0041382694616913795,-0.8769930998484293
ddqn,2026,1239,13420,-10.17,17,0,1,0.7875166666666666,0.006044190656393766,-0.9053764581680298
ddqn,2026,1240,13428,-10.08,8,0,1,0.78739,0.00705478060990572,-1.223681628704071
ddqn,2026,1241,13436,-10.08,8,0,1,0.7872633333333333,0.00402030861005187,-1.1874819099903107
ddqn,2026,1242,13444,-10.08,8,0,1,0.7871366666666667,0.004952542018145323,-1.0914190709590912
ddqn,2026,1243,13446,-10.02,2,0,1,0.787105,,
ddqn,2026,1244,13463,-10.17,17,0,1,0.7868358333333334,0.007258140831254423,-0.847240224480629
ddqn,2026,1245,13467,-10.04,4,0,1,0.7867725,0.0038734597619622946,-0.5208444595336914
ddqn,2026,1246,13510,-10.43,43,0,1,0.7860916666666666,0.0060439000583507796,-0.9018890857696533
ddqn,2026,1247,13518,-10.08,8,0,1,0.785965,0.005026334896683693,-1.0871670246124268
ddqn,2026,1248,13520,-10.02,2,0,1,0.7859333333333334,0.008376182988286018,-0.6224674582481384
ddqn,2026,1249,13543,-10.23,23,0,1,0.7855691666666667,0.008848278038203716,-1.1615635633468628
ddqn,2026,1250,13582,-10.39,39,0,1,0.7849516666666667,0.006456644437275827,-0.8633988380432129
ddqn,2026,1251,13592,-10.1,10,0,1,0.7847933333333333,0.00461769833539923,-0.8971102833747864
ddqn,2026,1252,13600,-10.08,8,0,1,0.7846666666666666,0.0026968346792273223,-0.8184481710195541
ddqn,2026,1253,13607,-10.07,7,0,1,0.7845558333333333,0.0017830547876656055,-0.9718004465103149
ddqn,2026,1254,13614,-10.07,7,0,1,0.7844450000000001,0.0025215200148522854,-0.8247469663619995
ddqn,2026,1255,13625,-10.11,11,0,1,0.7842708333333334,0.005019338180621465,-0.8134599725405375
ddqn,2026,1256,13655,-10.3,30,0,1,0.7837958333333334,0.004261636690768812,-0.9280843351568494
ddqn,2026,1257,13677,-10.22,22,0,1,0.7834475,0.004011363256722689,-0.9671361446380615
ddqn,2026,1258,13685,-10.08,8,0,1,0.7833208333333334,0.008064128458499908,-1.0246699452400208
ddqn,2026,1259,13687,-10.02,2,0,1,0.7832891666666667,,
ddqn,2026,1260,13694,-10.07,7,0,1,0.7831783333333333,0.004664836567826569,-0.8231616318225861
ddqn,2026,1261,13701,-10.07,7,0,1,0.7830675,0.0033066319301724434,-0.8160325586795807
ddqn,2026,1262,13705,-10.04,4,0,1,0.7830041666666667,0.0024036592803895473,-0.5183092951774597
ddqn,2026,1263,13713,-10.08,8,0,1,0.7828775,0.0029395039891824126,-0.7225683331489563
ddqn,2026,1264,13715,-10.02,2,0,1,0.7828458333333334,,
ddqn,2026,1265,13748,-10.33,33,0,1,0.7823233333333334,0.004386503792678316,-0.6770918038156297
ddqn,2026,1266,13750,-10.02,2,0,1,0.7822916666666667,,
ddqn,2026,1267,13782,-10.32,32,0,1,0.7817850000000001,0.0038137747906148434,-0.8873579278588295
ddqn,2026,1268,13788,-10.06,6,0,1,0.78169,0.0038429907290264964,-0.7265900671482086
ddqn,2026,1269,13831,-10.43,43,0,1,0.7810091666666666,0.003640281083062291,-0.9408437967300415
ddqn,2026,1270,13836,-10.049999999999999,5,0,1,0.78093,0.004150191904045641,-0.5634267181158066
ddqn,2026,1271,13843,-10.07,7,0,1,0.7808191666666667,0.006402270868420601,-1.1041114330291748
ddqn,2026,1272,13851,-10.08,8,0,1,0.7806925,0.004550575045868754,-1.2275626063346863
ddqn,2026,1273,13859,-10.08,8,0,1,0.7805658333333333,0.002579296939074993,-1.4367092847824097
ddqn,2026,1274,13862,-10.03,3,0,1,0.7805183333333333,0.007758014369755983,-1.5010125637054443
ddqn,2026,1275,13872,-10.1,10,0,1,0.78036,0.0027506279681498804,-0.702293132742246
ddqn,2026,1276,13880,-10.08,8,0,1,0.7802333333333333,0.0025160445366054773,-0.7096476405858994
ddqn,2026,1277,13896,-10.16,16,0,1,0.77998,0.005483069806359708,-0.7798909172415733
ddqn,2026,1278,13940,-10.44,44,0,1,0.7792833333333333,0.007678506218574264,-0.8238614770499143
ddqn,2026,1279,13973,-10.33,33,0,1,0.7787608333333333,0.012297017994569615,-1.0097988173365593
ddqn,2026,1280,13991,-10.18,18,0,1,0.7784758333333334,0.01120166399050504,-1.0689470171928406
ddqn,2026,1281,14001,-10.1,10,0,1,0.7783175,0.004817259963601828,-0.6097141603628794
ddqn,2026,1282,14013,-10.12,12,0,1,0.7781275,0.00696000208457311,-1.1641709009806316
ddqn,2026,1283,14067,-10.54,54,0,1,0.7772725,0.005260246984947186,-0.8973545248691852
ddqn,2026,1284,14123,-10.56,56,0,1,0.7763858333333333,0.004722298206096249,-0.9537486838442939
ddqn,2026,1285,14157,-10.34,34,0,1,0.7758475,0.005691538513120677,-0.8215218219492171
ddqn,2026,1286,14166,-10.09,9,0,1,0.775705,0.003842250443994999,-1.1151631474494934
ddqn,2026,1287,14173,-10.07,7,0,1,0.7755941666666667,0.004075659438967705,-0.7938267886638641
ddqn,2026,1288,14189,-10.16,16,0,1,0.7753408333333334,0.011813275748863816,-0.9083729982376099
ddqn,2026,1289,14205,-10.16,16,0,1,0.7750875,0.007335117377806455,-1.0186231583356857
ddqn,2026,1290,14209,-10.04,4,0,1,0.7750241666666666,0.0068470994010567665,-0.4947287142276764
ddqn,2026,1291,14228,-10.19,19,0,1,0.7747233333333333,0.005916218925267458,-0.6375856161117553
ddqn,2026,1292,14233,-10.049999999999999,5,0,1,0.7746441666666667,0.006054183002561331,-0.9852868318557739
ddqn,2026,1293,14235,-10.02,2,0,1,0.7746125,,
ddqn,2026,1294,14246,-10.11,11,0,1,0.7744383333333333,0.0036059863244493804,-0.6270744800567627
ddqn,2026,1295,14256,-10.1,10,0,1,0.77428,0.004070402084228893,-1.1972359418869019
ddqn,2026,1296,14293,-10.37,37,0,1,0.7736941666666667,0.0077145880916052395,-1.0607572727733188
ddqn,2026,1297,14295,-10.02,2,0,1,0.7736625,,
ddqn,2026,1298,14304,-10.09,9,0,1,0.77352,0.005626380055521925,-0.8243345816930135
ddqn,2026,1299,14308,-10.04,4,0,1,0.7734566666666667,0.0031173480674624443,-0.13490839302539825
ddqn,2026,1300,14336,-10.28,28,0,1,0.7730133333333333,0.005821594319838498,-0.800891786813736
ddqn,2026,1301,14351,-10.15,15,0,1,0.7727758333333333,0.009327009165038666,-0.5885184009869894
ddqn,2026,1302,14354,-10.03,3,0,1,0.7727283333333334,0.005563518963754177,-1.1553727388381958
ddqn,2026,1303,14357,-10.03,3,0,1,0.7726808333333334,0.0029815740417689085,-0.4731077253818512
ddqn,2026,1304,14360,-10.03,3,0,1,0.7726333333333333,0.006928207352757454,-0.9051156640052795
ddqn,2026,1305,14368,-10.08,8,0,1,0.7725066666666667,0.0059694028459489346,-0.8329720795154572
ddqn,2026,1306,14375,-10.07,7,0,1,0.7723958333333334,0.010368138551712036,-1.1462428569793701
ddqn,2026,1307,14381,-10.06,6,0,1,0.7723008333333333,0.006441953592002392,-1.0912387073040009
ddqn,2026,1308,14386,-10.049999999999999,5,0,1,0.7722216666666667,0.015163198113441467,-0.8461695909500122
ddqn,2026,1309,14389,-10.03,3,0,1,0.7721741666666666,0.0029465211555361748,-0.9099216461181641
ddqn,2026,1310,14403,-10.14,14,0,1,0.7719525,0.004007035594743987,-1.3780664205551147
ddqn,2026,1311,14407,-10.04,4,0,1,0.7718891666666667,0.0008841762319207191,-0.31268981099128723
ddqn,2026,1312,14409,-10.02,2,0,1,0.7718575,0.01318780705332756,-0.7300708293914795
ddqn,2026,1313,14411,-10.02,2,0,1,0.7718258333333333,,
ddqn,2026,1314,14412,-10.01,1,0,1,0.77181,0.0016463036881759763,-0.6275131702423096
ddqn,2026,1315,14428,-10.16,16,0,1,0.7715566666666667,0.0029302004841156304,-1.045085147023201
ddqn,2026,1316,14455,-10.27,27,0,1,0.7711291666666666,0.004307754687033594,-0.7055543065071106
ddqn,2026,1317,14458,-10.03,3,0,1,0.7710816666666667,0.007581687998026609,-0.7104272842407227
ddqn,2026,1318,14490,-10.32,32,0,1,0.770575,0.0027877888205694035,-1.0561669319868088
ddqn,2026,1319,14500,-10.1,10,0,1,0.7704166666666666,0.003114379243925214,-1.137467046578725
ddqn,2026,1320,14508,-10.08,8,0,1,0.77029,0.0020184399327263236,-1.5488547682762146
ddqn,2026,1321,14531,-10.23,23,0,1,0.7699258333333333,0.0012133138021454214,-0.8388767600059509
ddqn,2026,1322,14534,-10.03,3,0,1,0.7698783333333333,0.003956412896513939,-0.8053828477859497
ddqn,2026,1323,14537,-10.03,3,0,1,0.7698308333333334,0.0013662916608154774,-0.3179766833782196
ddqn,2026,1324,14541,-10.04,4,0,1,0.7697674999999999,0.0019297301769256592,-0.46263089776039124
ddqn,2026,1325,14576,-10.35,35,0,1,0.7692133333333333,0.004595418900458349,-1.0713543858793046
ddqn,2026,1326,14582,-10.06,6,0,1,0.7691183333333333,0.0027888433542102575,-1.1382886171340942
ddqn,2026,1327,14585,-10.03,3,0,1,0.7690708333333334,0.002661059144884348,-1.2603205442428589
ddqn,2026,1328,14587,-10.02,2,0,1,0.7690391666666667,,
ddqn,2026,1329,14628,-10.41,41,0,1,0.76839,0.0021443518238480797,-0.8643814433704723
ddqn,2026,1330,14632,-10.04,4,0,1,0.7683266666666666,0.0014023997355252504,-0.7872470617294312
ddqn,2026,1331,14646,-10.14,14,0,1,0.768105,0.0012925584451295435,-0.5340592761834463
ddqn,2026,1332,14650,-10.04,4,0,1,0.7680416666666667,0.0016565724508836865,-1.5627353191375732
ddqn,2026,1333,14652,-10.02,2,0,1,0.76801,0.0016579130897298455,-1.1032235622406006
ddqn,2026,1334,14676,-10.24,24,0,1,0.76763,0.0026029598278303943,-0.9308288296063741
ddqn,2026,1335,14687,-10.11,11,0,1,0.7674558333333333,0.0016267872415482998,-0.22830038517713547
ddqn,2026,1336,14694,-10.07,7,0,1,0.7673449999999999,0.0016752107185311615,-1.025717318058014
ddqn,2026,1337,14714,-10.2,20,0,1,0.7670283333333333,0.0019397900206968189,-1.1321465015411376
ddqn,2026,1338,14735,-10.209999999999999,21,0,1,0.7666958333333334,0.0022188676288351417,-1.0686323583126067
ddqn,2026,1339,14741,-10.06,6,0,1,0.7666008333333334,0.0014315089210867882,-0.937771201133728
ddqn,2026,1340,14750,-10.09,9,0,1,0.7664583333333334,0.001577756687765941,-0.7671133875846863
ddqn,2026,1341,14752,-10.02,2,0,1,0.7664266666666667,0.001569942687638104,-1.073510766029358
ddqn,2026,1342,14797,-10.45,45,0,1,0.7657141666666667,0.00183460022195835,-1.1382357207211582
ddqn,2026,1343,14799,-10.02,2,0,1,0.7656825,,
ddqn,2026,1344,14804,-10.049999999999999,5,0,1,0.7656033333333334,0.003271949593909085,-0.9630469083786011
ddqn,2026,1345,14807,-10.03,3,0,1,0.7655558333333333,,
ddqn,2026,1346,14834,-10.27,27,0,1,0.7651283333333334,0.0016420661704614758,-0.9806668502943856
ddqn,2026,1347,14843,-10.09,9,0,1,0.7649858333333334,0.002861931687220931,-0.9235725402832031
ddqn,2026,1348,14849,-10.06,6,0,1,0.7648908333333333,0.0019251524936407804,-1.11918106675148
ddqn,2026,1349,14853,-10.04,4,0,1,0.7648275,0.0012557693989947438,-1.2727766036987305
ddqn,2026,1350,14857,-10.04,4,0,1,0.7647641666666667,0.001051666447892785,-0.4517868161201477
ddqn,2026,1351,14868,-10.11,11,0,1,0.76459,0.0029711269307881594,-0.7579366664091746
ddqn,2026,1352,14880,-10.12,12,0,1,0.7644,0.0036252051359042525,-0.5256771842638651
ddqn,2026,1353,14928,-10.48,48,0,1,0.76364,0.003706092150726666,-1.0387540211280186
ddqn,2026,1354,14966,-10.38,38,0,1,0.7630383333333334,0.003869925961933202,-0.7240296916829215
ddqn,2026,1355,14978,-10.12,12,0,1,0.7628483333333334,0.003708109181995193,-0.7842187881469727
ddqn,2026,1356,14993,-10.15,15,0,1,0.7626108333333333,0.002653751173056662,-0.8360299468040466
ddqn,2026,1357,15045,-10.52,52,0,1,0.7617875000000001,0.004002696986740025,-0.8871043989291558
ddqn,2026,1358,15053,-10.08,8,0,1,0.7616608333333333,0.0020113124046474695,-0.7744064033031464
ddqn,2026,1359,15056,-10.03,3,0,1,0.7616133333333334,0.005600214935839176,-1.4096653461456299
ddqn,2026,1360,15085,-10.29,29,0,1,0.7611541666666667,0.005164554608719689,-1.0084948880331857
ddqn,2026,1361,15088,-10.03,3,0,1,0.7611066666666667,0.00946829654276371,-0.7104337215423584
ddqn,2026,1362,15093,-10.049999999999999,5,0,1,0.7610275,0.009302946738898754,-1.025036096572876
ddqn,2026,1363,15095,-10.02,2,0,1,0.7609958333333333,,
ddqn,2026,1364,15126,-10.31,31,0,1,0.760505,0.005537260178243741,-0.9695026353001595
ddqn,2026,1365,15127,-10.01,1,0,1,0.7604891666666667,,
ddqn,2026,1366,15144,-10.17,17,0,1,0.76022,0.008357740566134452,-0.6700316488742828
ddqn,2026,1367,15160,-10.16,16,0,1,0.7599666666666667,0.008297257125377655,-0.7684365510940552
ddqn,2026,1368,15164,-10.04,4,0,1,0.7599033333333334,0.008369402959942818,-0.831269383430481
ddqn,2026,1369,15168,-10.04,4,0,1,0.75984,0.00687592476606369,-1.0062432289123535
ddqn,2026,1370,15176,-10.08,8,0,1,0.7597133333333334,0.0025458591990172863,-1.000150740146637
ddqn,2026,1371,15179,-10.03,3,0,1,0.7596658333333334,,
ddqn,2026,1372,15189,-10.1,10,0,1,0.7595075,0.00867766917993625,-0.8983468115329742
ddqn,2026,1373,15194,-10.049999999999999,5,0,1,0.7594283333333334,0.012110945768654346,-1.219264268875122
ddqn,2026,1374,15201,-10.07,7,0,1,0.7593175,0.006504888413473964,-0.715101569890976
ddqn,2026,1375,15223,-10.22,22,0,1,0.7589691666666667,0.004441147902980447,-0.8144470870494842
ddqn,2026,1376,15230,-10.07,7,0,1,0.7588583333333333,0.005924536380916834,-0.739408016204834
ddqn,2026,1377,15239,-10.09,9,0,1,0.7587158333333334,0.0030658624600619078,-0.5091336369514465
ddqn,2026,1378,15242,-10.03,3,0,1,0.7586683333333333,0.005569257773458958,-1.0468659400939941
ddqn,2026,1379,15259,-10.17,17,0,1,0.7583991666666666,0.004981003527063876,-1.4080355018377304
ddqn,2026,1380,15260,-10.01,1,0,1,0.7583833333333333,0.006360918749123812,-0.7340276837348938
ddqn,2026,1381,15273,-10.129999999999999,13,0,1,0.7581775,0.004491376147295038,-0.3288966665665309
ddqn,2026,1382,15282,-10.09,9,0,1,0.758035,0.0032657195115461946,-0.32974570989608765
ddqn,2026,1383,15285,-10.03,3,0,1,0.7579875,0.004578691907227039,-0.889487624168396
ddqn,2026,1384,15289,-10.04,4,0,1,0.7579241666666666,0.0032051873859018087,-0.5593498945236206
ddqn,2026,1385,15315,-10.26,26,0,1,0.7575125,0.0020773675059899688,-0.992996022105217
ddqn,2026,1386,15319,-10.04,4,0,1,0.7574491666666666,0.003159252693876624,-0.32768869400024414
ddqn,2026,1387,15329,-10.1,10,0,1,0.7572908333333334,0.006695889246960481,-0.8140719930330912
ddqn,2026,1388,15334,-10.049999999999999,5,0,1,0.7572116666666666,0.004581397864967585,-0.7644018530845642
ddqn,2026,1389,15351,-10.17,17,0,1,0.7569425,0.005678773275576532,-1.0073873847723007
ddqn,2026,1390,15355,-10.04,4,0,1,0.7568791666666667,0.005863296799361706,-1.2949568033218384
ddqn,2026,1391,15369,-10.14,14,0,1,0.7566575,0.004100732388906181,-0.6624395847320557
ddqn,2026,1392,15385,-10.16,16,0,1,0.7564041666666667,0.00339003890985623,-0.7615091577172279
ddqn,2026,1393,15394,-10.09,9,0,1,0.7562616666666667,0.0038833830039948225,-0.7067252546548843
ddqn,2026,1394,15401,-10.07,7,0,1,0.7561508333333333,0.004519126960076392,-0.7401807606220245
ddqn,2026,1395,15402,-10.01,1,0,1,0.756135,,
ddqn,2026,1396,15405,-10.03,3,0,1,0.7560875,0.004318784456700087,-1.1853673458099365
ddqn,2026,1397,15408,-10.03,3,0,1,0.75604,0.0030243154615163803,-1.0465857982635498
ddqn,2026,1398,15416,-10.08,8,0,1,0.7559133333333333,0.005175266647711396,-0.7334428429603577
ddqn,2026,1399,15418,-10.02,2,0,1,0.7558816666666667,,
ddqn,2026,1400,15420,-10.02,2,0,1,0.75585,0.0036734093446284533,-1.5248711109161377
ddqn,2026,1401,15439,-10.19,19,0,1,0.7555491666666667,0.0023765668738633394,-0.7922448515892029
ddqn,2026,1402,15450,-10.11,11,0,1,0.755375,0.004508001108964284,-1.0509462356567383
ddqn,2026,1403,15455,-10.049999999999999,5,0,1,0.7552958333333334,0.006316205486655235,-1.077477216720581
ddqn,2026,1404,15479,-10.24,24,0,1,0.7549158333333333,0.004274684586562216,-0.5942434171835581
ddqn,2026,1405,15487,-10.08,8,0,1,0.7547891666666666,0.005088145146146417,-0.8736560344696045
ddqn,2026,1406,15499,-10.12,12,0,1,0.7545991666666667,0.0018501270096749067,-0.8212789098421732
ddqn,2026,1407,15504,-10.049999999999999,5,0,1,0.75452,0.0036603263579308987,-0.7198050022125244
ddqn,2026,1408,15507,-10.03,3,0,1,0.7544725,,
ddqn,2026,1409,15520,-10.129999999999999,13,0,1,0.7542666666666666,0.006054917233996093,-0.9388794712722301
ddqn,2026,1410,15527,-10.07,7,0,1,0.7541558333333334,0.0030891941860318184,-0.40388739109039307
ddqn,2026,1411,15557,-10.3,30,0,1,0.7536808333333334,0.004840093868551776,-0.7475514225661755
ddqn,2026,1412,15562,-10.049999999999999,5,0,1,0.7536016666666667,0.001297110808081925,-1.0989813804626465
ddqn,2026,1413,15565,-10.03,3,0,1,0.7535541666666666,0.002765426877886057,-1.099384069442749
ddqn,2026,1414,15571,-10.06,6,0,1,0.7534591666666667,0.004798217210918665,-0.8194330930709839
ddqn,2026,1415,15589,-10.18,18,0,1,0.7531741666666667,0.007760961214080453,-0.7580237865447998
ddqn,2026,1416,15591,-10.02,2,0,1,0.7531425,,
ddqn,2026,1417,15605,-10.14,14,0,1,0.7529208333333334,0.005804024403914809,-0.8318781852722168
ddqn,2026,1418,15610,-10.049999999999999,5,0,1,0.7528416666666666,0.007589659653604031,-0.7185824513435364
ddqn,2026,1419,15639,-10.29,29,0,1,0.7523825,0.004600535579291838,-1.116155275276729
ddqn,2026,1420,15660,-10.209999999999999,21,0,1,0.75205,0.006329016488355895,-0.8900801837444305
ddqn,2026,1421,15663,-10.03,3,0,1,0.7520025,,
ddqn,2026,1422,15681,-10.18,18,0,1,0.7517175,0.006892840377986431,-0.8604338884353637
ddqn,2026,1423,15689,-10.08,8,0,1,0.7515908333333333,0.008115610107779503,-1.0735121965408325
ddqn,2026,1424,15696,-10.07,7,0,1,0.75148,0.008407394285313785,-0.8026155531406403
ddqn,2026,1425,15726,-10.3,30,0,1,0.751005,0.004929350605899734,-0.8233575480324882
ddqn,2026,1426,15741,-10.15,15,0,1,0.7507675,0.0028308938490226865,-0.9563309699296951
ddqn,2026,1427,15743,-10.02,2,0,1,0.7507358333333334,,
ddqn,2026,1428,15764,-10.209999999999999,21,0,1,0.7504033333333333,0.00332557720442613,-0.8484324266513189
ddqn,2026,1429,15770,-10.06,6,0,1,0.7503083333333334,0.009622287936508656,-1.5754519701004028
ddqn,2026,1430,15781,-10.11,11,0,1,0.7501341666666667,0.10795524972490966,-1.1584696968396504
ddqn,2026,1431,15802,-10.209999999999999,21,0,1,0.7498016666666667,0.004825789947062731,-0.5984398007392884
ddqn,2026,1432,15805,-10.03,3,0,1,0.7497541666666667,0.011095883324742317,-0.6853845119476318
ddqn,2026,1433,15839,-10.34,34,0,1,0.7492158333333334,0.004626276611816138,-0.9564797431230545
ddqn,2026,1434,15843,-10.04,4,0,1,0.7491525,0.005215244833379984,-1.1113649606704712
ddqn,2026,1435,15850,-10.07,7,0,1,0.7490416666666666,0.0038755080895498395,-0.6934472918510437
ddqn,2026,1436,15867,-10.17,17,0,1,0.7487725000000001,0.004739058203995228,-0.6355948559939861
ddqn,2026,1437,15870,-10.03,3,0,1,0.748725,0.0025663806591182947,-0.6096143126487732
ddqn,2026,1438,15896,-10.26,26,0,1,0.7483133333333334,0.006032018390085016,-0.7514396522726331
ddqn,2026,1439,15937,-10.41,41,0,1,0.7476641666666667,0.006259266124106944,-1.0603850603103637
ddqn,2026,1440,15948,-10.11,11,0,1,0.74749,0.003953296147907774,-0.9177752733230591
ddqn,2026,1441,15950,-10.02,2,0,1,0.7474583333333333,,
ddqn,2026,1442,15965,-10.15,15,0,1,0.7472208333333333,0.005187955219298601,-0.8486675769090652
ddqn,2026,1443,15968,-10.03,3,0,1,0.7471733333333334,0.003841324243694544,-0.7078720331192017
ddqn,2026,1444,15980,-10.12,12,0,1,0.7469833333333333,0.003798244521021843,-1.1874693234761555
ddqn,2026,1445,15984,-10.04,4,0,1,0.74692,0.003650940489023924,-0.5698572993278503
ddqn,2026,1446,16006,-10.22,22,0,1,0.7465716666666666,0.002321630669757724,-0.7316443085670471
ddqn,2026,1447,16011,-10.049999999999999,5,0,1,0.7464925,0.002444399753585458,-1.550983190536499
ddqn,2026,1448,16029,-10.18,18,0,1,0.7462075,0.0023344120476394893,-0.7968285143375397
ddqn,2026,1449,16049,-10.2,20,0,1,0.7458908333333334,0.002744310139678419,-0.7633626580238342
ddqn,2026,1450,16057,-10.08,8,0,1,0.7457641666666667,0.002604974724818021,-0.6038779020309448
ddqn,2026,1451,16106,-10.49,49,0,1,0.7449883333333334,0.0017649382498348132,-0.9386925889799992
ddqn,2026,1452,16109,-10.03,3,0,1,0.7449408333333334,0.0009046656778082252,-0.9222320318222046
ddqn,2026,1453,16115,-10.06,6,0,1,0.7448458333333333,0.0010000651236623526,-0.9217226505279541
ddqn,2026,1454,16122,-10.07,7,0,1,0.744735,0.0016731776995584369,-1.3055995106697083
ddqn,2026,1455,16125,-10.03,3,0,1,0.7446875,0.001876252586953342,-1.0596822500228882
ddqn,2026,1456,16133,-10.08,8,0,1,0.7445608333333333,0.0009477943531237543,-0.8475914597511292
ddqn,2026,1457,16136,-10.03,3,0,1,0.7445133333333334,0.00190514768473804,-1.0923495292663574
ddqn,2026,1458,16171,-10.35,35,0,1,0.7439591666666667,0.0013691818458028138,-1.1255614459514618
ddqn,2026,1459,16177,-10.06,6,0,1,0.7438641666666667,0.0011535963858477771,-0.8268561959266663
ddqn,2026,1460,16181,-10.04,4,0,1,0.7438008333333334,0.0015418968396261334,-0.5848676562309265
ddqn,2026,1461,16183,-10.02,2,0,1,0.7437691666666667,,
ddqn,2026,1462,16196,-10.129999999999999,13,0,1,0.7435633333333334,0.0011110368359368294,-1.0776769518852234
ddqn,2026,1463,16197,-10.01,1,0,1,0.7435475,,
ddqn,2026,1464,16201,-10.04,4,0,1,0.7434841666666667,0.0010439723264425993,-1.0674141645431519
ddqn,2026,1465,16249,-10.48,48,0,1,0.7427241666666666,0.00100583547706871,-0.6108974739909172
ddqn,2026,1466,16261,-10.12,12,0,1,0.7425341666666667,0.0022301808930933475,-1.4345695972442627
ddqn,2026,1467,16267,-10.06,6,0,1,0.7424391666666667,0.0009219745406880975,-1.2380000352859497
ddqn,2026,1468,16271,-10.04,4,0,1,0.7423758333333333,0.0009959368035197258,-0.6068615913391113
ddqn,2026,1469,16310,-10.39,39,0,1,0.7417583333333333,0.0009395209606736898,-0.885835413634777
ddqn,2026,1470,16312,-10.02,2,0,1,0.7417266666666666,0.0009311410831287503,-0.27490234375
ddqn,2026,1471,16362,-10.5,50,0,1,0.740935,0.0009560016963708525,-0.8913021758198738
ddqn,2026,1472,16430,-10.68,68,0,1,0.7398583333333333,0.0011805999846033314,-0.884170404251884
ddqn,2026,1473,16433,-10.03,3,0,1,0.7398108333333333,0.0012453531380742788,-0.9373540282249451
ddqn,2026,1474,16438,-10.049999999999999,5,0,1,0.7397316666666667,0.0006149699911475182,-0.6160569190979004
ddqn,2026,1475,16460,-10.22,22,0,1,0.7393833333333333,0.0017210087777736287,-0.8986328889926275
ddqn,2026,1476,16493,-10.33,33,0,1,0.7388608333333333,0.002140219323337078,-0.9671779349446297
ddqn,2026,1477,16496,-10.03,3,0,1,0.7388133333333333,0.003856237977743149,-0.6334600448608398
ddqn,2026,1478,16500,-10.04,4,0,1,0.73875,0.004879238083958626,-0.4825146198272705
ddqn,2026,1479,16544,-10.44,44,0,1,0.7380533333333333,0.005574810498563404,-0.7982919419353659
ddqn,2026,1480,16548,-10.04,4,0,1,0.73799,0.006732170004397631,-0.5131601095199585
ddqn,2026,1481,16554,-10.06,6,0,1,0.737895,0.004110867623239756,-0.9650072455406189
ddqn,2026,1482,16565,-10.11,11,0,1,0.7377208333333334,0.004061143457268675,-0.680932859579722
ddqn,2026,1483,16573,-10.08,8,0,1,0.7375941666666667,0.0037958284374326468,-0.9178356379270554
ddqn,2026,1484,16576,-10.03,3,0,1,0.7375466666666667,0.009170309640467167,-0.4938112497329712
ddqn,2026,1485,16581,-10.049999999999999,5,0,1,0.7374675,0.009976359084248543,-0.8349820971488953
ddqn,2026,1486,16585,-10.04,4,0,1,0.7374041666666666,0.0033177596051245928,-0.7402198314666748
ddqn,2026,1487,16604,-10.19,19,0,1,0.7371033333333333,0.008798414748162032,-0.9398969888687134
ddqn,2026,1488,16617,-10.129999999999999,13,0,1,0.7368975,0.009039603328953186,-1.1441327929496765
ddqn,2026,1489,16620,-10.03,3,0,1,0.73685,0.016837771981954575,-1.3297545909881592
ddqn,2026,1490,16642,-10.22,22,0,1,0.7365016666666667,0.009910887200385332,-0.9996280431747436
ddqn,2026,1491,16647,-10.049999999999999,5,0,1,0.7364225,0.008261913433670998,-1.130389928817749
ddqn,2026,1492,16656,-10.09,9,0,1,0.73628,0.005027698876801878,-0.9945336977640787
ddqn,2026,1493,16661,-10.049999999999999,5,0,1,0.7362008333333334,0.31404298543930054,-1.0872148275375366
ddqn,2026,1494,16665,-10.04,4,0,1,0.7361375,0.0021737590432167053,-0.9015520215034485
ddqn,2026,1495,16668,-10.03,3,0,1,0.73609,0.0033303392119705677,-0.7378674745559692
ddqn,2026,1496,16677,-10.09,9,0,1,0.7359475,0.004280886380001903,-1.0177295804023743
ddqn,2026,1497,16681,-10.04,4,0,1,0.7358841666666667,0.0010431241244077682,-0.6164145469665527
ddqn,2026,1498,16684,-10.03,3,0,1,0.7358366666666667,0.0027669088449329138,-0.7442829608917236
ddqn,2026,1499,16686,-10.02,2,0,1,0.735805,,
ddqn,2026,1500,16730,-10.44,44,0,1,0.7351083333333334,0.0029251699293540282,-0.9850034767931158
ddqn,2026,1501,16745,-10.15,15,0,1,0.7348708333333334,0.009766339848283678,-1.1191453337669373
ddqn,2026,1502,16783,-10.38,38,0,1,0.7342691666666668,0.007790112402290106,-0.9241158995363448
ddqn,2026,1503,16798,-10.15,15,0,1,0.7340316666666666,0.0046690138697158545,-0.863347515463829
ddqn,2026,1504,16801,-10.03,3,0,1,0.7339841666666667,0.010466964915394783,-0.8731671571731567
ddqn,2026,1505,16820,-10.19,19,0,1,0.7336833333333334,0.006252888822928071,-0.61700139939785
ddqn,2026,1506,16841,-10.209999999999999,21,0,1,0.7333508333333334,0.0042362978216260675,-0.7062825679779052
ddqn,2026,1507,16848,-10.07,7,0,1,0.73324,0.004100323421880603,-1.1517266035079956
ddqn,2026,1508,16850,-10.02,2,0,1,0.7332083333333334,,
ddqn,2026,1509,16852,-10.02,2,0,1,0.7331766666666667,0.002795417094603181,-1.5687143802642822
ddqn,2026,1510,16855,-10.03,3,0,1,0.7331291666666667,,
ddqn,2026,1511,16857,-10.02,2,0,1,0.7330975,0.00757098663598299,-1.1431405544281006
ddqn,2026,1512,16859,-10.02,2,0,1,0.7330658333333333,,
ddqn,2026,1513,16861,-10.02,2,0,1,0.7330341666666667,0.0012000964488834143,-0.31124579906463623
ddqn,2026,1514,16865,-10.04,4,0,1,0.7329708333333333,0.001634715823456645,-1.0911539793014526
ddqn,2026,1515,16907,-10.42,42,0,1,0.7323058333333333,0.004480434965807944,-0.8667262256145477
ddqn,2026,1516,16920,-10.129999999999999,13,0,1,0.7321,0.005062331852968782,-1.0995986461639404
ddqn,2026,1517,16961,-10.41,41,0,1,0.7314508333333334,0.001993458712240681,-0.8766987651586533
ddqn,2026,1518,16984,-10.23,23,0,1,0.7310866666666667,0.0029601071340342364,-0.8743665317694346
ddqn,2026,1519,17000,-10.16,16,0,1,0.7308333333333333,0.00429598506889306,-0.9055448770523071
ddqn,2026,1520,17002,-10.02,2,0,1,0.7308016666666667,,
ddqn,2026,1521,17005,-10.03,3,0,1,0.7307541666666667,0.001351052662357688,-0.7745623588562012
ddqn,2026,1522,17010,-10.049999999999999,5,0,1,0.730675,0.002636377466842532,-0.7582486271858215
ddqn,2026,1523,17013,-10.03,3,0,1,0.7306275,0.003924929071217775,-1.2194766998291016
ddqn,2026,1524,17024,-10.11,11,0,1,0.7304533333333334,0.002883196653177341,-0.8182434240976969
ddqn,2026,1525,17034,-10.1,10,0,1,0.730295,0.0030098477145656943,-1.3935949802398682
ddqn,2026,1526,17054,-10.2,20,0,1,0.7299783333333334,0.012400291580706834,-1.1328276872634888
ddqn,2026,1527,17069,-10.15,15,0,1,0.7297408333333334,0.008416946162469685,-0.741634264588356
ddqn,2026,1528,17103,-10.34,34,0,1,0.7292025,0.0025657283113105223,-0.8681469261646271
ddqn,2026,1529,17107,-10.04,4,0,1,0.7291391666666667,0.0012457371922209859,-0.14643238484859467
ddqn,2026,1530,17109,-10.02,2,0,1,0.7291075,0.0024762351531535387,-1.5686830282211304
ddqn,2026,1531,17123,-10.14,14,0,1,0.7288858333333333,0.0019551827184235058,-0.9406400124231974
ddqn,2026,1532,17144,-10.209999999999999,21,0,1,0.7285533333333334,0.0023329222943478576,-0.992349902788798
ddqn,2026,1533,17147,-10.03,3,0,1,0.7285058333333334,,
ddqn,2026,1534,17150,-10.03,3,0,1,0.7284583333333334,0.0030932966619729996,-0.9624546766281128
ddqn,2026,1535,17159,-10.09,9,0,1,0.7283158333333334,0.0010752238449640572,-0.7808226346969604
ddqn,2026,1536,17171,-10.12,12,0,1,0.7281258333333334,0.0015883484156802297,-0.7160891393820444
ddqn,2026,1537,17176,-10.049999999999999,5,0,1,0.7280466666666667,0.002809255849570036,-1.2852423787117004
ddqn,2026,1538,17181,-10.049999999999999,5,0,1,0.7279675000000001,0.0017168568447232246,-0.805325984954834
ddqn,2026,1539,17200,-10.19,19,0,1,0.7276666666666667,0.0026354613481089475,-1.1658092379570006
ddqn,2026,1540,17206,-10.06,6,0,1,0.7275716666666667,0.004941524937748909,-0.8901395201683044
ddqn,2026,1541,17218,-10.12,12,0,1,0.7273816666666667,0.003129956079646945,-0.8842150370279948
ddqn,2026,1542,17229,-10.11,11,0,1,0.7272075,0.007559774598727624,-1.2479861974716187
ddqn,2026,1543,17236,-10.07,7,0,1,0.7270966666666667,0.0015759462548885494,-0.8843877613544464
ddqn,2026,1544,17240,-10.04,4,0,1,0.7270333333333334,0.0029534478671848774,-0.5028987526893616
ddqn,2026,1545,17241,-10.01,1,0,1,0.7270175000000001,,
ddqn,2026,1546,17267,-10.26,26,0,1,0.7266058333333334,0.0019792862973796823,-0.7556197990973791
ddqn,2026,1547,17274,-10.07,7,0,1,0.726495,0.001986185903660953,-0.9420792162418365
ddqn,2026,1548,17281,-10.07,7,0,1,0.7263841666666667,0.001631149323657155,-0.6959879696369171
ddqn,2026,1549,17292,-10.11,11,0,1,0.72621,0.0008217481469425062,-0.6786161462465922
ddqn,2026,1550,17295,-10.03,3,0,1,0.7261625,,
ddqn,2026,1551,17300,-10.049999999999999,5,0,1,0.7260833333333334,0.001725265639834106,-0.6360782086849213
ddqn,2026,1552,17329,-10.29,29,0,1,0.7256241666666667,0.001464137454084786,-0.8778474118028369
ddqn,2026,1553,17331,-10.02,2,0,1,0.7255925000000001,,
ddqn,2026,1554,17355,-10.24,24,0,1,0.7252125,0.0009878424073879917,-1.0490590731302898
ddqn,2026,1555,17359,-10.04,4,0,1,0.7251491666666667,0.0008139075944200158,-0.46119391918182373
ddqn,2026,1556,17361,-10.02,2,0,1,0.7251175000000001,0.002419364405795932,-1.4206095933914185
ddqn,2026,1557,17366,-10.049999999999999,5,0,1,0.7250383333333333,0.0011949901236221194,-0.6114832162857056
ddqn,2026,1558,17373,-10.07,7,0,1,0.7249275000000001,0.0013565748231485486,-0.7766356766223907
ddqn,2026,1559,17377,-10.04,4,0,1,0.7248641666666666,0.0007034559384919703,-0.9517421722412109
ddqn,2026,1560,17388,-10.11,11,0,1,0.7246900000000001,0.0008116870594676584,-1.112695833047231
ddqn,2026,1561,17391,-10.03,3,0,1,0.7246425000000001,,
ddqn,2026,1562,17398,-10.07,7,0,1,0.7245316666666667,0.0009180561755783856,-1.020190268754959
ddqn,2026,1563,17418,-10.2,20,0,1,0.724215,0.0011116186622530222,-0.8171635389328002
ddqn,2026,1564,17443,-10.25,25,0,1,0.7238191666666667,0.0013556302001234144,-0.990983804066976
ddqn,2026,1565,17457,-10.14,14,0,1,0.7235975,0.0013688144681509584,-0.86464624106884
ddqn,2026,1566,17472,-10.15,15,0,1,0.72336,0.001917676825542003,-0.9739417284727097
ddqn,2026,1567,17480,-10.08,8,0,1,0.7232333333333334,0.0008806067635305226,-0.25834155082702637
ddqn,2026,1568,17493,-10.129999999999999,13,0,1,0.7230275,0.0020275518375759325,-0.6426746249198914
ddqn,2026,1569,17510,-10.17,17,0,1,0.7227583333333334,0.0032019758509704843,-0.6741726025938988
ddqn,2026,1570,17545,-10.35,35,0,1,0.7222041666666668,0.0030082123056571516,-0.8356417454779148
ddqn,2026,1571,17546,-10.01,1,0,1,0.7221883333333334,,
ddqn,2026,1572,17549,-10.03,3,0,1,0.7221408333333333,0.0032092819456011057,-1.689124345779419
ddqn,2026,1573,17557,-10.08,8,0,1,0.7220141666666666,0.005026422441005707,-1.4597588777542114
ddqn,2026,1574,17616,-10.59,59,0,1,0.7210799999999999,0.003090339565339188,-0.9611010034879048
ddqn,2026,1575,17636,-10.2,20,0,1,0.7207633333333334,0.0017188322264701128,-0.922869074344635
ddqn,2026,1576,17647,-10.11,11,0,1,0.7205891666666666,0.005404730909503996,-1.7067225575447083
ddqn,2026,1577,17658,-10.11,11,0,1,0.720415,0.013441275029132763,-1.0869231323401134
ddqn,2026,1578,17662,-10.04,4,0,1,0.7203516666666667,0.011924151331186295,-0.5752598643302917
ddqn,2026,1579,17675,-10.129999999999999,13,0,1,0.7201458333333334,0.10862659414609273,-1.2998545964558919
ddqn,2026,1580,17679,-10.04,4,0,1,0.7200825,0.002112835180014372,-0.7855542302131653
ddqn,2026,1581,17681,-10.02,2,0,1,0.7200508333333333,0.013842795975506306,-1.034393072128296
ddqn,2026,1582,17697,-10.16,16,0,1,0.7197975000000001,0.003543548780726269,-0.6163970828056335
ddqn,2026,1583,17705,-10.08,8,0,1,0.7196708333333334,0.009152640588581562,-1.2744603157043457
ddqn,2026,1584,17715,-10.1,10,0,1,0.7195125,0.002323625492863357,-0.8706113696098328
ddqn,2026,1585,17717,-10.02,2,0,1,0.7194808333333333,0.010246648453176022,-1.170406699180603
ddqn,2026,1586,17722,-10.049999999999999,5,0,1,0.7194016666666667,0.0014084534486755729,-0.9367784857749939
ddqn,2026,1587,17727,-10.049999999999999,5,0,1,0.7193225000000001,0.003028544131666422,-0.44406187534332275
ddqn,2026,1588,17732,-10.049999999999999,5,0,1,0.7192433333333333,0.00915205804631114,-0.8995848894119263
ddqn,2026,1589,17786,-10.54,54,0,1,0.7183883333333334,0.02723326664776183,-0.9984788802953867
ddqn,2026,1590,17792,-10.06,6,0,1,0.7182933333333333,0.0017780859488993883,-1.1191784143447876
ddqn,2026,1591,17815,-10.23,23,0,1,0.7179291666666667,0.003071521082893014,-1.1646475911140441
ddqn,2026,1592,17822,-10.07,7,0,1,0.7178183333333333,0.004672860028222203,-1.069948673248291
ddqn,2026,1593,17827,-10.049999999999999,5,0,1,0.7177391666666667,0.0016680543776601553,-0.7766497731208801
ddqn,2026,1594,17831,-10.04,4,0,1,0.7176758333333333,0.0006709852023050189,-1.0956511497497559
ddqn,2026,1595,17835,-10.04,4,0,1,0.7176125,0.0015065890038385987,-0.3411308526992798
ddqn,2026,1596,17861,-10.26,26,0,1,0.7172008333333333,0.0024060782909925494,-0.6708560075078692
ddqn,2026,1597,17866,-10.049999999999999,5,0,1,0.7171216666666667,0.0066476501524448395,-0.6889493465423584
ddqn,2026,1598,17871,-10.049999999999999,5,0,1,0.7170425,0.003040008246898651,-1.1392977237701416
ddqn,2026,1599,17876,-10.049999999999999,5,0,1,0.7169633333333334,0.0056558335199952126,-0.5261205285787582
ddqn,2026,1600,17901,-10.25,25,0,1,0.7165675,0.017559418454766273,-0.8065028736988703
ddqn,2026,1601,17910,-10.09,9,0,1,0.7164250000000001,0.02338952966965735,-0.7923431098461151
ddqn,2026,1602,17918,-10.08,8,0,1,0.7162983333333334,0.018106468953192234,-1.0326303839683533
ddqn,2026,1603,17930,-10.12,12,0,1,0.7161083333333333,0.009416249891122183,-0.7630159258842468
ddqn,2026,1604,17934,-10.04,4,0,1,0.716045,0.035513125360012054,-0.8584346175193787
ddqn,2026,1605,17941,-10.07,7,0,1,0.7159341666666668,0.007116680731996894,-0.9092042744159698
ddqn,2026,1606,17944,-10.03,3,0,1,0.7158866666666667,0.01581696979701519,-1.1784555912017822
ddqn,2026,1607,17971,-10.27,27,0,1,0.7154591666666668,0.007701217740153273,-0.7144865194956461
ddqn,2026,1608,17975,-10.04,4,0,1,0.7153958333333333,0.002075239084661007,-0.9744457602500916
ddqn,2026,1609,17981,-10.06,6,0,1,0.7153008333333333,0.004052884178236127,-0.6193258613348007
ddqn,2026,1610,18012,-10.31,31,0,1,0.71481,0.006025523616699502,-0.7795198746025562
ddqn,2026,1611,18016,-10.04,4,0,1,0.7147466666666666,0.004090083763003349,-1.0730347633361816
ddqn,2026,1612,18026,-10.1,10,0,1,0.7145883333333334,0.004842135356739163,-0.8215897083282471
ddqn,2026,1613,18036,-10.1,10,0,1,0.71443,0.005304319318383932,-0.8662725687026978
ddqn,2026,1614,18038,-10.02,2,0,1,0.7143983333333334,,
ddqn,2026,1615,18047,-10.09,9,0,1,0.7142558333333333,0.003244221326895058,-1.0039442777633667
ddqn,2026,1616,18051,-10.04,4,0,1,0.7141925,0.007495982106775045,-1.4682176113128662
ddqn,2026,1617,18070,-10.19,19,0,1,0.7138916666666666,0.004477582545951009,-1.049036169052124
ddqn,2026,1618,18071,-10.01,1,0,1,0.7138758333333333,,
ddqn,2026,1619,18081,-10.1,10,0,1,0.7137175,0.0024882929089168706,-0.5922188560167948
ddqn,2026,1620,18084,-10.03,3,0,1,0.71367,0.0017131096683442593,-0.6252408027648926
ddqn,2026,1621,18094,-10.1,10,0,1,0.7135116666666668,0.0035248955246061087,-1.0005104541778564
ddqn,2026,1622,18096,-10.02,2,0,1,0.7134800000000001,0.0005162268644198775,-0.0031927088275551796
ddqn,2026,1623,18136,-10.4,40,0,1,0.7128466666666666,0.0017579139210283756,-0.8277185618877411
ddqn,2026,1624,18138,-10.02,2,0,1,0.712815,,
ddqn,2026,1625,18140,-10.02,2,0,1,0.7127833333333333,0.0028228270821273327,-1.2140214443206787
ddqn,2026,1626,18147,-10.07,7,0,1,0.7126725,0.0009357857634313405,-0.9326422214508057
ddqn,2026,1627,18150,-10.03,3,0,1,0.7126250000000001,0.0017949275206774473,-0.7837045192718506
ddqn,2026,1628,18153,-10.03,3,0,1,0.7125775000000001,0.0009683658136054873,-0.6211965680122375
ddqn,2026,1629,18165,-10.12,12,0,1,0.7123875,0.0020081467228010297,-1.0504342714945476
ddqn,2026,1630,18170,-10.049999999999999,5,0,1,0.7123083333333333,0.0033700428903102875,-0.9212851524353027
ddqn,2026,1631,18207,-10.37,37,0,1,0.7117225,0.003320656716823578,-1.052321069770389
ddqn,2026,1632,18214,-10.07,7,0,1,0.7116116666666668,0.005479894345626235,-1.1757998764514923
ddqn,2026,1633,18226,-10.12,12,0,1,0.7114216666666666,0.006135139653148751,-0.9551437695821127
ddqn,2026,1634,18231,-10.049999999999999,5,0,1,0.7113425,0.008297841064631939,-1.1560733318328857
ddqn,2026,1635,18242,-10.11,11,0,1,0.7111683333333334,0.004022846308847268,-0.7461755673090616
ddqn,2026,1636,18245,-10.03,3,0,1,0.7111208333333334,0.009205653332173824,-0.41654178500175476
ddqn,2026,1637,18250,-10.049999999999999,5,0,1,0.7110416666666667,0.014753310941159725,-0.8628644943237305
ddqn,2026,1638,18290,-10.4,40,0,1,0.7104083333333333,0.007258606771938503,-0.9526213333010674
ddqn,2026,1639,18296,-10.06,6,0,1,0.7103133333333334,0.015550087206065655,-0.6331440061330795
ddqn,2026,1640,18304,-10.08,8,0,1,0.7101866666666667,0.0026973544154316187,-0.6299938261508942
ddqn,2026,1641,18343,-10.39,39,0,1,0.7095691666666666,0.008903570861245194,-1.0088302195072174
ddqn,2026,1642,18349,-10.06,6,0,1,0.7094741666666666,0.007007180014625192,-1.0640713572502136
ddqn,2026,1643,18355,-10.06,6,0,1,0.7093791666666667,0.008745047263801098,-0.8869360685348511
ddqn,2026,1644,18358,-10.03,3,0,1,0.7093316666666667,0.00203552283346653,-0.7823047637939453
ddqn,2026,1645,18362,-10.04,4,0,1,0.7092683333333334,0.011235065758228302,-0.8485478162765503
ddqn,2026,1646,18368,-10.06,6,0,1,0.7091733333333334,0.012409978779032826,-1.2027374505996704
ddqn,2026,1647,18377,-10.09,9,0,1,0.7090308333333333,0.019028302747756243,-1.172320932149887
ddqn,2026,1648,18418,-10.41,41,0,1,0.7083816666666667,0.008083849225658923,-0.8616245150566101
ddqn,2026,1649,18437,-10.19,19,0,1,0.7080808333333333,0.006676113093271851,-0.9618853330612183
ddqn,2026,1650,18447,-10.1,10,0,1,0.7079225,0.003340929513797164,-1.1092338263988495
ddqn,2026,1651,18450,-10.03,3,0,1,0.707875,0.011937238276004791,-1.1806063652038574
ddqn,2026,1652,18453,-10.03,3,0,1,0.7078275,0.002060794737190008,-0.5874735713005066
ddqn,2026,1653,18485,-10.32,32,0,1,0.7073208333333334,0.003069809463340789,-0.8011092096567154
ddqn,2026,1654,18501,-10.16,16,0,1,0.7070675,0.0021909664355916902,-0.7526799663901329
ddqn,2026,1655,18525,-10.24,24,0,1,0.7066874999999999,0.0025191070162691176,-1.01141091187795
ddqn,2026,1656,18526,-10.01,1,0,1,0.7066716666666666,,
ddqn,2026,1657,18542,-10.16,16,0,1,0.7064183333333334,0.0021891106152907014,-1.0552857369184494
ddqn,2026,1658,18551,-10.09,9,0,1,0.7062758333333334,0.001638025394640863,-0.715175062417984
ddqn,2026,1659,18555,-10.04,4,0,1,0.7062124999999999,0.0012484623584896326,-1.7092124223709106
ddqn,2026,1660,18558,-10.03,3,0,1,0.7061649999999999,0.0018420094856992364,-0.9236317873001099
ddqn,2026,1661,18585,-10.27,27,0,1,0.7057374999999999,0.0012667881507825638,-1.0197039672306605
ddqn,2026,1662,18597,-10.12,12,0,1,0.7055475,0.0015191085015734036,-0.9506643215815226
ddqn,2026,1663,18632,-10.35,35,0,1,0.7049933333333334,0.0016867523599002096,-1.032925307750702
ddqn,2026,1664,18638,-10.06,6,0,1,0.7048983333333334,0.002623162232339382,-1.1202058792114258
ddqn,2026,1665,18652,-10.14,14,0,1,0.7046766666666666,0.0019562785455491394,-1.053346186876297
ddqn,2026,1666,18674,-10.22,22,0,1,0.7043283333333334,0.0015669445740059019,-1.1076823830604554
ddqn,2026,1667,18685,-10.11,11,0,1,0.7041541666666666,0.003127003631864985,-1.2440709869066875
ddqn,2026,1668,18702,-10.17,17,0,1,0.7038850000000001,0.0011513317294884473,-0.8919754922389984
ddqn,2026,1669,18703,-10.01,1,0,1,0.7038691666666668,,
ddqn,2026,1670,18706,-10.03,3,0,1,0.7038216666666667,0.0019462706986814737,-0.13753877580165863
ddqn,2026,1671,18713,-10.07,7,0,1,0.7037108333333333,0.00261934706941247,-1.0994790494441986
ddqn,2026,1672,18724,-10.11,11,0,1,0.7035366666666667,0.0015706746295715372,-0.693142294883728
ddqn,2026,1673,18727,-10.03,3,0,1,0.7034891666666667,,
ddqn,2026,1674,18750,-10.23,23,0,1,0.703125,0.0038131531327962875,-1.0491938690344493
ddqn,2026,1675,18800,-10.5,50,0,1,0.7023333333333333,0.00257627868380111,-0.8478606744454458
ddqn,2026,1676,18816,-10.16,16,0,1,0.70208,0.0022489260882139206,-0.8634790033102036
ddqn,2026,1677,18821,-10.049999999999999,5,0,1,0.7020008333333334,0.0013733234954997897,-0.954291582107544
ddqn,2026,1678,18840,-10.19,19,0,1,0.7017,0.00203313531819731,-0.8652393341064453
ddqn,2026,1679,18846,-10.06,6,0,1,0.701605,0.0016903560608625412,-1.114223599433899
ddqn,2026,1680,18853,-10.07,7,0,1,0.7014941666666668,0.0016081163194030523,-0.9474151134490967
ddqn,2026,1681,18856,-10.03,3,0,1,0.7014466666666667,0.002443433739244938,-1.0707215070724487
ddqn,2026,1682,18864,-10.08,8,0,1,0.7013199999999999,0.0023400704958476126,-1.474265694618225
ddqn,2026,1683,18866,-10.02,2,0,1,0.7012883333333333,,
ddqn,2026,1684,18869,-10.03,3,0,1,0.7012408333333333,0.003021326381713152,-1.1388003826141357
ddqn,2026,1685,18872,-10.03,3,0,1,0.7011933333333333,0.0009626942919567227,-0.6486983299255371
ddqn,2026,1686,18891,-10.19,19,0,1,0.7008924999999999,0.0027050168719142675,-1.0164427757263184
ddqn,2026,1687,18895,-10.04,4,0,1,0.7008291666666666,0.0006423490704037249,-0.7987802028656006
ddqn,2026,1688,18898,-10.03,3,0,1,0.7007816666666666,0.00048651525867171586,-0.6366390585899353
ddqn,2026,1689,18901,-10.03,3,0,1,0.7007341666666667,0.002027324866503477,-1.2635352611541748
ddqn,2026,1690,18978,-10.77,77,0,1,0.699515,0.01808698251414554,-0.8729604715971571
ddqn,2026,1691,18980,-10.02,2,0,1,0.6994833333333333,0.0008780753123573959,-0.29860055446624756
ddqn,2026,1692,18990,-10.1,10,0,1,0.699325,0.0031545954989269376,-0.7477911114692688
ddqn,2026,1693,19006,-10.16,16,0,1,0.6990716666666668,0.001894368717330508,-0.919027179479599
ddqn,2026,1694,19011,-10.049999999999999,5,0,1,0.6989925,0.0038966648280620575,-0.7574925422668457
ddqn,2026,1695,19016,-10.049999999999999,5,0,1,0.6989133333333333,0.0021723530953750014,-1.087635099887848
ddqn,2026,1696,19037,-10.209999999999999,21,0,1,0.6985808333333334,0.002145616989582777,-1.0595359325408935
ddqn,2026,1697,19063,-10.26,26,0,1,0.6981691666666667,0.0015394124881519626,-0.7098414798577627
ddqn,2026,1698,19067,-10.04,4,0,1,0.6981058333333334,0.001098166685551405,-0.9319170713424683
ddqn,2026,1699,19090,-10.23,23,0,1,0.6977416666666667,0.0015493563453977306,-0.7026666005452474
ddqn,2026,1700,19111,-10.209999999999999,21,0,1,0.6974091666666666,0.0008803351782262325,-0.710688841342926
ddqn,2026,1701,19134,-10.23,23,0,1,0.697045,0.001083147682948038,-0.9981324374675751
ddqn,2026,1702,19163,-10.29,29,0,1,0.6965858333333333,0.0013830815441906452,-1.0645408970969064
ddqn,2026,1703,19171,-10.08,8,0,1,0.6964591666666666,0.0008284206851385534,-0.886599212884903
ddqn,2026,1704,19181,-10.1,10,0,1,0.6963008333333334,0.0020306562849630914,-1.302574356396993
ddqn,2026,1705,19228,-10.47,47,0,1,0.6955566666666666,0.0014586294904196013,-0.9816174581646919
ddqn,2026,1706,19230,-10.02,2,0,1,0.695525,,
ddqn,2026,1707,19237,-10.07,7,0,1,0.6954141666666667,0.0015338874072767794,-1.049732118844986
ddqn,2026,1708,19244,-10.07,7,0,1,0.6953033333333334,0.0013790203956887126,-0.783171609044075
ddqn,2026,1709,19260,-10.16,16,0,1,0.69505,0.0012426445027813315,-0.7965657189488411
ddqn,2026,1710,19266,-10.06,6,0,1,0.694955,0.0013020422775298357,-1.5863792896270752
ddqn,2026,1711,19275,-10.09,9,0,1,0.6948125,0.0020398054039105773,-0.9275290966033936
ddqn,2026,1712,19277,-10.02,2,0,1,0.6947808333333334,0.0011544423177838326,-1.7197611331939697
ddqn,2026,1713,19303,-10.26,26,0,1,0.6943691666666667,0.0011477182755091537,-1.222057471672694
ddqn,2026,1714,19325,-10.22,22,0,1,0.6940208333333333,0.0006671662219256783,-0.8979889154434204
ddqn,2026,1715,19327,-10.02,2,0,1,0.6939891666666667,,
ddqn,2026,1716,19341,-10.14,14,0,1,0.6937675,0.0008392162417294458,-0.8327493071556091
ddqn,2026,1717,19345,-10.04,4,0,1,0.6937041666666667,0.0009437378030270338,-0.8027858138084412
ddqn,2026,1718,19358,-10.129999999999999,13,0,1,0.6934983333333333,0.000991658967298766,-1.2706270217895508
ddqn,2026,1719,19400,-10.42,42,0,1,0.6928333333333334,0.0007411586993839592,-1.0831681977618823
ddqn,2026,1720,19405,-10.049999999999999,5,0,1,0.6927541666666667,0.000494170468300581,-1.423616886138916
ddqn,2026,1721,19432,-10.27,27,0,1,0.6923266666666666,0.001482530904468149,-0.9500408002308437
ddqn,2026,1722,19445,-10.129999999999999,13,0,1,0.6921208333333333,0.0016809409523072343,-0.7338796456654867
ddqn,2026,1723,19481,-10.36,36,0,1,0.6915508333333333,0.036508437892836004,-1.0200535588794284
ddqn,2026,1724,19494,-10.129999999999999,13,0,1,0.691345,0.0026777356397360563,-1.0431885321935017
ddqn,2026,1725,19499,-10.049999999999999,5,0,1,0.6912658333333334,0.0035489224828779697,-0.6057384014129639
ddqn,2026,1726,19509,-10.1,10,0,1,0.6911075,0.0022793751947271326,-0.7087694406509399
ddqn,2026,1727,19510,-10.01,1,0,1,0.6910916666666667,,
ddqn,2026,1728,19513,-10.03,3,0,1,0.6910441666666667,0.0005221705068834126,-0.957621693611145
ddqn,2026,1729,19527,-10.14,14,0,1,0.6908225,0.002385245868936181,-1.1521302858988445
ddqn,2026,1730,19530,-10.03,3,0,1,0.690775,0.001321051619015634,-0.8304286003112793
ddqn,2026,1731,19532,-10.02,2,0,1,0.6907433333333333,0.004025480709969997,-0.9993071556091309
ddqn,2026,1732,19545,-10.129999999999999,13,0,1,0.6905375,0.002199359160537521,-1.3148517608642578
ddqn,2026,1733,19552,-10.07,7,0,1,0.6904266666666666,0.0015313405310735106,-1.585269570350647
ddqn,2026,1734,19559,-10.07,7,0,1,0.6903158333333334,0.0008818006026558578,-0.3276161551475525
ddqn,2026,1735,19591,-10.32,32,0,1,0.6898091666666667,0.0020960183028364554,-1.1545676216483116
ddqn,2026,1736,19602,-10.11,11,0,1,0.689635,0.0020494035755594573,-0.9158841371536255
ddqn,2026,1737,19606,-10.04,4,0,1,0.6895716666666667,0.0005057079251855612,-0.6304869651794434
ddqn,2026,1738,19611,-10.049999999999999,5,0,1,0.6894925000000001,0.0027212812565267086,-1.0801868438720703
ddqn,2026,1739,19617,-10.06,6,0,1,0.6893975,0.0016417031292803586,-1.007035732269287
ddqn,2026,1740,19626,-10.09,9,0,1,0.689255,0.0005794606986455619,-0.1871439516544342
ddqn,2026,1741,19631,-10.049999999999999,5,0,1,0.6891758333333333,0.0028990537393838167,-1.1516368389129639
ddqn,2026,1742,19641,-10.1,10,0,1,0.6890175000000001,0.001510705566033721,-1.154125491778056
ddqn,2026,1743,19645,-10.04,4,0,1,0.6889541666666666,0.0008860305533744395,-0.6447967290878296
ddqn,2026,1744,19676,-10.31,31,0,1,0.6884633333333333,0.0017363979131914675,-0.7838536873459816
ddqn,2026,1745,19680,-10.04,4,0,1,0.6884,0.0016115924809128046,-1.1440471410751343
ddqn,2026,1746,19685,-10.049999999999999,5,0,1,0.6883208333333333,0.001318574883043766,-0.964776873588562
ddqn,2026,1747,19713,-10.28,28,0,1,0.6878775,0.002764119109737554,-1.0656209673200334
ddqn,2026,1748,19729,-10.16,16,0,1,0.6876241666666667,0.0792505407880526,-1.1111193299293518
ddqn,2026,1749,19731,-10.02,2,0,1,0.6875925,,
ddqn,2026,1750,19737,-10.06,6,0,1,0.6874975,0.0047650187043473125,-0.7628362327814102
ddqn,2026,1751,19745,-10.08,8,0,1,0.6873708333333333,0.0020022198441438377,-1.0409206748008728
ddqn,2026,1752,19754,-10.09,9,0,1,0.6872283333333333,0.0058216669131070375,-1.0981287360191345
ddqn,2026,1753,19772,-10.18,18,0,1,0.6869433333333334,0.005423131166025996,-0.8597991824150085
ddqn,2026,1754,19776,-10.04,4,0,1,0.6868799999999999,0.000742935633752495,-0.33413636684417725
ddqn,2026,1755,19780,-10.04,4,0,1,0.6868166666666666,0.002546999603509903,-0.9562276601791382
ddqn,2026,1756,19786,-10.06,6,0,1,0.6867216666666667,0.0050138491205871105,-0.9162757396697998
ddqn,2026,1757,19801,-10.15,15,0,1,0.6864841666666667,0.0022792976233176887,-0.6904716044664383
ddqn,2026,1758,19803,-10.02,2,0,1,0.6864525,,
ddqn,2026,1759,19820,-10.17,17,0,1,0.6861833333333334,0.0031902302987873556,-0.9630913734436035
ddqn,2026,1760,19825,-10.049999999999999,5,0,1,0.6861041666666667,0.0025893934071063995,-0.67781662940979
ddqn,2026,1761,19833,-10.08,8,0,1,0.6859775,0.0014417659840546548,-0.8659233152866364
ddqn,2026,1762,19845,-10.12,12,0,1,0.6857875,0.0027695409953594208,-1.0971205234527588
ddqn,2026,1763,19850,-10.049999999999999,5,0,1,0.6857083333333334,0.0031968934927135706,-1.2804605960845947
ddqn,2026,1764,19853,-10.03,3,0,1,0.6856608333333334,0.0011919396929442883,-0.80144202709198
ddqn,2026,1765,19858,-10.049999999999999,5,0,1,0.6855816666666666,0.0035430043935775757,-0.7652459144592285
ddqn,2026,1766,19860,-10.02,2,0,1,0.68555,0.0036181341856718063,-0.6103819608688354
ddqn,2026,1767,19880,-10.2,20,0,1,0.6852333333333334,0.061931317124981435,-0.7449996590614318
ddqn,2026,1768,19892,-10.12,12,0,1,0.6850433333333333,0.0030552594301601252,-1.1635200381278992
ddqn,2026,1769,19905,-10.129999999999999,13,0,1,0.6848375,0.0052023545528451605,-0.9212689499060313
ddqn,2026,1770,19911,-10.06,6,0,1,0.6847425,0.0023327700328081846,-0.306456595659256
ddqn,2026,1771,19938,-10.27,27,0,1,0.684315,0.04582703231634306,-0.91823582138334
ddqn,2026,1772,19942,-10.04,4,0,1,0.6842516666666667,0.004799686372280121,-1.074832558631897
ddqn,2026,1773,19945,-10.03,3,0,1,0.6842041666666667,0.0016363377217203379,-0.32165902853012085
ddqn,2026,1774,19962,-10.17,17,0,1,0.683935,0.002640003804117441,-1.351460188627243
ddqn,2026,1775,19971,-10.09,9,0,1,0.6837925,0.0014196643605828285,-0.8793349266052246
ddqn,2026,1776,19974,-10.03,3,0,1,0.683745,0.0016467184759676456,-0.650092363357544
ddqn,2026,1777,20021,-10.47,47,0,1,0.6830008333333333,0.001966447113469864,-0.9267789572477341
ddqn,2026,1778,20055,-10.34,34,0,1,0.6824625,0.001687615062110126,-0.9424814358353615
ddqn,2026,1779,20093,9.62,38,1,0,0.6818608333333334,0.0020907423458993435,-0.914178803563118
ddqn,2026,1780,20103,-10.1,10,0,1,0.6817025,0.0009421886934433132,-1.125078797340393
ddqn,2026,1781,20108,-10.049999999999999,5,0,1,0.6816233333333334,0.0006829198100604117,-0.7988472580909729
ddqn,2026,1782,20121,-10.129999999999999,13,0,1,0.6814175,0.0010294487583450973,-0.6982494592666626
ddqn,2026,1783,20129,-10.08,8,0,1,0.6812908333333334,0.0005619045405182987,-1.188824325799942
ddqn,2026,1784,20136,-10.07,7,0,1,0.68118,0.0009475364640820771,-0.953458845615387
ddqn,2026,1785,20149,-10.129999999999999,13,0,1,0.6809741666666667,0.0004890245230247577,-0.8573323339223862
ddqn,2026,1786,20172,-10.23,23,0,1,0.6806099999999999,0.0007870910631027073,-0.9603360146284103
ddqn,2026,1787,20178,-10.06,6,0,1,0.680515,0.0035305116325616837,-1.9229440689086914
ddqn,2026,1788,20192,-10.14,14,0,1,0.6802933333333333,0.0011098969298473094,-0.5593902617692947
ddqn,2026,1789,20239,-10.47,47,0,1,0.6795491666666666,0.002097875737077133,-1.0583809993483804
ddqn,2026,1790,20251,-10.12,12,0,1,0.6793591666666667,0.001799957516292731,-0.823605994383494
ddqn,2026,1791,20253,-10.02,2,0,1,0.6793275,0.000583960092626512,-0.6426621675491333
ddqn,2026,1792,20342,-10.89,89,0,1,0.6779183333333334,0.0016120900545502082,-0.8719594397328116
ddqn,2026,1793,20344,-10.02,2,0,1,0.6778866666666667,0.0014225086197257042,-0.8265940546989441
ddqn,2026,1794,20349,-10.049999999999999,5,0,1,0.6778075,0.0010660119587555528,-0.5129706263542175
ddqn,2026,1795,20356,-10.07,7,0,1,0.6776966666666666,0.0014742331113666296,-0.8033861815929413
ddqn,2026,1796,20378,-10.22,22,0,1,0.6773483333333333,0.0007825466454960406,-1.0529630184173584
ddqn,2026,1797,20400,-10.22,22,0,1,0.677,0.0007174492930062115,-1.0878883103529613
ddqn,2026,1798,20435,-10.35,35,0,1,0.6764458333333334,0.0016311240215145517,-0.8264581449329853
ddqn,2026,1799,20438,-10.03,3,0,1,0.6763983333333333,0.0068845730274915695,-0.7638328075408936
ddqn,2026,1800,20446,-10.08,8,0,1,0.6762716666666666,0.0037013726541772485,-0.656392514705658
ddqn,2026,1801,20448,-10.02,2,0,1,0.67624,0.0073448955081403255,-0.8650156259536743
ddqn,2026,1802,20449,-10.01,1,0,1,0.6762241666666666,,
ddqn,2026,1803,20455,-10.06,6,0,1,0.6761291666666667,0.006368003785610199,-0.7109301090240479
ddqn,2026,1804,20467,-10.12,12,0,1,0.6759391666666666,0.004413117848647137,-0.8739729324976603
ddqn,2026,1805,20476,-10.09,9,0,1,0.6757966666666667,0.0062737418338656425,-0.8776700894037882
ddqn,2026,1806,20490,-10.14,14,0,1,0.675575,0.003131614997982979,-0.8903891245524088
ddqn,2026,1807,20492,-10.02,2,0,1,0.6755433333333334,0.001399276196025312,-0.4797284007072449
ddqn,2026,1808,20496,-10.04,4,0,1,0.6754800000000001,0.0009251435403712094,-0.3460885286331177
ddqn,2026,1809,20501,-10.049999999999999,5,0,1,0.6754008333333333,0.0016334452666342258,-0.6736350059509277
ddqn,2026,1810,20504,-10.03,3,0,1,0.6753533333333334,0.0038913653697818518,-1.464780569076538
ddqn,2026,1811,20506,-10.02,2,0,1,0.6753216666666667,,
ddqn,2026,1812,20520,-10.14,14,0,1,0.6751,0.002339220984140411,-1.026563674211502
ddqn,2026,1813,20534,-10.14,14,0,1,0.6748783333333334,0.0012507525583108265,-0.9138868848482767
ddqn,2026,1814,20538,-10.04,4,0,1,0.6748149999999999,0.0009771116310730577,-0.9564970135688782
ddqn,2026,1815,20551,-10.129999999999999,13,0,1,0.6746091666666667,0.002314454507237921,-1.1165887514750164
ddqn,2026,1816,20554,-10.03,3,0,1,0.6745616666666667,0.002201844472438097,-0.661937952041626
ddqn,2026,1817,20560,-10.06,6,0,1,0.6744666666666667,0.0031025318894535303,-1.1715871691703796
ddqn,2026,1818,20570,-10.1,10,0,1,0.6743083333333333,0.0022154751350171864,-0.31328117847442627
ddqn,2026,1819,20583,-10.129999999999999,13,0,1,0.6741025,0.002063891578776141,-0.8764500419298807
ddqn,2026,1820,20603,-10.2,20,0,1,0.6737858333333333,0.0012816239381209017,-1.0292284727096557
ddqn,2026,1821,20605,-10.02,2,0,1,0.6737541666666667,0.0006795508088544011,-0.6342931985855103
ddqn,2026,1822,20608,-10.03,3,0,1,0.6737066666666667,0.004277445841580629,-0.7701928615570068
ddqn,2026,1823,20621,-10.129999999999999,13,0,1,0.6735008333333333,0.002750361842724184,-0.712297240893046
ddqn,2026,1824,20637,-10.16,16,0,1,0.6732475,0.0019430838292464614,-0.9012963175773621
ddqn,2026,1825,20665,-10.28,28,0,1,0.6728041666666666,0.0027012293742570493,-0.8282912118094308
ddqn,2026,1826,20682,-10.17,17,0,1,0.672535,0.00380295337527059,-0.9376063048839569
ddqn,2026,1827,20703,-10.209999999999999,21,0,1,0.6722025,0.0009402507159393281,-0.5239046335220336
ddqn,2026,1828,20706,-10.03,3,0,1,0.6721550000000001,0.0024781024549156427,-1.1413968801498413
ddqn,2026,1829,20729,-10.23,23,0,1,0.6717908333333333,0.0021937305864412338,-1.0348612169424694
ddqn,2026,1830,20761,-10.32,32,0,1,0.6712841666666667,0.001881209565908648,-0.9793749749660492
ddqn,2026,1831,20769,-10.08,8,0,1,0.6711575000000001,0.0025446595973335207,-0.6278092265129089
ddqn,2026,1832,20773,-10.04,4,0,1,0.6710941666666667,0.0034223245456814766,-1.1472244262695312
ddqn,2026,1833,20786,-10.129999999999999,13,0,1,0.6708883333333333,0.0017234810705607135,-0.7954568862915039
ddqn,2026,1834,20788,-10.02,2,0,1,0.6708566666666667,0.001230735913850367,-0.7918752431869507
ddqn,2026,1835,20807,-10.19,19,0,1,0.6705558333333334,0.0015557868755422533,-0.896812304854393
ddqn,2026,1836,20816,-10.09,9,0,1,0.6704133333333333,0.0019973013938094177,-1.1190080444018047
ddqn,2026,1837,20834,-10.18,18,0,1,0.6701283333333333,0.0008419171208515763,-0.6410052552819252
ddqn,2026,1838,20908,-10.74,74,0,1,0.6689566666666666,0.0011929956036558572,-0.7301777216948961
ddqn,2026,1839,20929,-10.209999999999999,21,0,1,0.6686241666666667,0.000679538754047826,-0.9078726172447205
ddqn,2026,1840,20957,-10.28,28,0,1,0.6681808333333333,0.001079135125369898,-0.9117518578256879
ddqn,2026,1841,20970,-10.129999999999999,13,0,1,0.667975,0.001339941460173577,-0.7681892315546671
ddqn,2026,1842,20978,-10.08,8,0,1,0.6678483333333334,0.0012502666213549674,-1.2637431621551514
ddqn,2026,1843,20980,-10.02,2,0,1,0.6678166666666667,0.000397626543417573,-0.49648118019104004
ddqn,2026,1844,21008,-10.28,28,0,1,0.6673733333333334,0.0009590640713992928,-0.7362794237477439
ddqn,2026,1845,21013,-10.049999999999999,5,0,1,0.6672941666666667,0.0006167715764604509,-0.5004480481147766
ddqn,2026,1846,21021,-10.08,8,0,1,0.6671675,0.0010081962682306767,-1.0461180210113525
ddqn,2026,1847,21026,-10.049999999999999,5,0,1,0.6670883333333333,0.000540681357961148,-0.7988269329071045
ddqn,2026,1848,21062,-10.36,36,0,1,0.6665183333333333,0.0008502058141554395,-0.9248894850413004
ddqn,2026,1849,21069,-10.07,7,0,1,0.6664075,0.0005898286181036383,-0.2651057541370392
ddqn,2026,1850,21072,-10.03,3,0,1,0.6663600000000001,0.0003976574807893485,-0.49493667483329773
ddqn,2026,1851,21088,-10.16,16,0,1,0.6661066666666666,0.0010952559969155118,-0.7917347401380539
ddqn,2026,1852,21114,-10.26,26,0,1,0.665695,0.0006947888274832318,-1.01369708776474
ddqn,2026,1853,21126,-10.12,12,0,1,0.665505,0.0011090728221461177,-0.8025976320107778
ddqn,2026,1854,21136,-10.1,10,0,1,0.6653466666666668,0.0006754960922989994,-0.8039910395940145
ddqn,2026,1855,21166,-10.3,30,0,1,0.6648716666666667,0.0007368473535669702,-0.7793869205883571
ddqn,2026,1856,21173,-10.07,7,0,1,0.6647608333333334,0.0007151477038860321,-1.033153474330902
ddqn,2026,1857,21177,-10.04,4,0,1,0.6646975,0.0006971562979742885,-1.265994906425476
ddqn,2026,1858,21179,-10.02,2,0,1,0.6646658333333333,,
ddqn,2026,1859,21183,-10.04,4,0,1,0.6646025,0.00082982680760324,-0.9553483128547668
ddqn,2026,1860,21193,-10.1,10,0,1,0.6644441666666667,0.0010194490120435755,-0.8993497888247172
ddqn,2026,1861,21204,-10.11,11,0,1,0.66427,0.0007297449628822505,-0.7021241883436838
ddqn,2026,1862,21213,-10.09,9,0,1,0.6641275,0.0011776653700508177,-0.8756572306156158
ddqn,2026,1863,21242,-10.29,29,0,1,0.6636683333333333,0.0008334037764663142,-0.9335000770432609
ddqn,2026,1864,21249,-10.07,7,0,1,0.6635575,0.0011367667466402054,-0.9542209804058075
ddqn,2026,1865,21264,-10.15,15,0,1,0.66332,0.001205103995744139,-0.73196180164814
ddqn,2026,1866,21320,-10.56,56,0,1,0.6624333333333334,0.023069280162287344,-0.7632024437189102
ddqn,2026,1867,21323,-10.03,3,0,1,0.6623858333333333,,
ddqn,2026,1868,21361,-10.38,38,0,1,0.6617841666666666,0.032758358551654966,-1.0238851010799408
ddqn,2026,1869,21401,-10.4,40,0,1,0.6611508333333334,0.0627107172680553,-0.7659060806035995
ddqn,2026,1870,21402,-10.01,1,0,1,0.661135,,
ddqn,2026,1871,21410,-10.08,8,0,1,0.6610083333333334,0.006197954528033733,-0.9098011553287506
ddqn,2026,1872,21433,-10.23,23,0,1,0.6606441666666667,0.003303383923290918,-0.8990504791339239
ddqn,2026,1873,21441,-10.08,8,0,1,0.6605175000000001,0.00279563688673079,-1.1532806754112244
ddqn,2026,1874,21449,-10.08,8,0,1,0.6603908333333334,0.0014982734574005008,-1.0683843791484833
ddqn,2026,1875,21460,-10.11,11,0,1,0.6602166666666667,0.0023103561252355576,-1.0507068435351055
ddqn,2026,1876,21471,-10.11,11,0,1,0.6600425000000001,0.004188636550679803,-1.1951670944690704
ddqn,2026,1877,21502,-10.31,31,0,1,0.6595516666666668,0.002135124472260941,-0.8415964597952552
ddqn,2026,1878,21508,-10.06,6,0,1,0.6594566666666667,0.0018319160444661975,-0.8873226046562195
ddqn,2026,1879,21522,-10.14,14,0,1,0.659235,0.0012475387193262577,-0.9794376691182455
ddqn,2026,1880,21538,-10.16,16,0,1,0.6589816666666667,0.002508779100026004,-1.055158905684948
ddqn,2026,1881,21551,-10.129999999999999,13,0,1,0.6587758333333333,0.0010122104237476985,-0.7444282869497935
ddqn,2026,1882,21570,-10.19,19,0,1,0.658475,0.0017881792970001697,-0.740008020401001
ddqn,2026,1883,21592,-10.22,22,0,1,0.6581266666666667,0.0019146322786885623,-0.9916469752788544
ddqn,2026,1884,21594,-10.02,2,0,1,0.6580950000000001,,
ddqn,2026,1885,21623,-10.29,29,0,1,0.6576358333333334,0.0019019225895005678,-1.1360054527010237
ddqn,2026,1886,21628,-10.049999999999999,5,0,1,0.6575566666666667,0.000701405864674598,-0.8039494007825851
ddqn,2026,1887,21652,-10.24,24,0,1,0.6571766666666667,0.0007919388590380549,-0.8511923253536224
ddqn,2026,1888,21656,-10.04,4,0,1,0.6571133333333333,0.0008411642629653215,-0.7976043820381165
ddqn,2026,1889,21673,-10.17,17,0,1,0.6568441666666667,0.0014173381787259132,-1.0425413846969604
ddqn,2026,1890,21688,-10.15,15,0,1,0.6566066666666667,0.07647762872511521,-1.1870244145393372
ddqn,2026,1891,21700,-10.12,12,0,1,0.6564166666666666,0.0016893928016846378,-0.8118444879849752
ddqn,2026,1892,21706,-10.06,6,0,1,0.6563216666666667,0.001747658010572195,-0.778511643409729
ddqn,2026,1893,21752,-10.46,46,0,1,0.6555933333333334,0.0012526631471700966,-0.934431329369545
ddqn,2026,1894,21770,-10.18,18,0,1,0.6553083333333334,0.001652247185120359,-0.8494131462648511
ddqn,2026,1895,21798,-10.28,28,0,1,0.654865,0.0011900009620668633,-0.7671811495508466
ddqn,2026,1896,21827,-10.29,29,0,1,0.6544058333333334,0.0012128384883648583,-1.039953819343022
ddqn,2026,1897,21834,-10.07,7,0,1,0.6542950000000001,0.0014347541145980358,-1.1786674559116364
ddqn,2026,1898,21865,-10.31,31,0,1,0.6538041666666667,0.001117014187911991,-0.8382582925260067
ddqn,2026,1899,21867,-10.02,2,0,1,0.6537725000000001,,
ddqn,2026,1900,21923,-10.56,56,0,1,0.6528858333333334,0.0020817054069734047,-0.936748240675245
ddqn,2026,1901,21939,-10.16,16,0,1,0.6526325000000001,0.0022863627527840436,-0.8977080285549164
ddqn,2026,1902,21941,-10.02,2,0,1,0.6526008333333333,0.0018900204449892044,-1.5637986660003662
ddqn,2026,1903,21945,-10.04,4,0,1,0.6525375,0.001181693864054978,-1.282569169998169
ddqn,2026,1904,21949,-10.04,4,0,1,0.6524741666666667,0.004362026695162058,-0.5077491402626038
ddqn,2026,1905,21964,-10.15,15,0,1,0.6522366666666667,0.004204080061754212,-0.738826435059309
ddqn,2026,1906,21968,-10.04,4,0,1,0.6521733333333334,0.0010252664797008038,-1.411332368850708
ddqn,2026,1907,21978,-10.1,10,0,1,0.652015,0.0024251779541373253,-0.5231522619724274
ddqn,2026,1908,21988,-10.1,10,0,1,0.6518566666666668,0.0013665332614133756,-0.7615011930465698
ddqn,2026,1909,21992,-10.04,4,0,1,0.6517933333333333,0.001478721620514989,-0.7967137098312378
ddqn,2026,1910,22029,-10.37,37,0,1,0.6512075,0.0018429860032887922,-0.7305187616083357
ddqn,2026,1911,22032,-10.03,3,0,1,0.65116,0.0015065566403791308,-0.9814096689224243
ddqn,2026,1912,22042,-10.1,10,0,1,0.6510016666666667,0.0007704765885137022,-0.8290688395500183
ddqn,2026,1913,22053,-10.11,11,0,1,0.6508275,0.0027362194765980044,-1.219560484091441
ddqn,2026,1914,22061,-10.08,8,0,1,0.6507008333333334,0.0018046257318928838,-0.9013198614120483
ddqn,2026,1915,22076,-10.15,15,0,1,0.6504633333333334,0.00267948470718693,-1.144242063164711
ddqn,2026,1916,22079,-10.03,3,0,1,0.6504158333333334,,
ddqn,2026,1917,22090,-10.11,11,0,1,0.6502416666666667,0.0014349050470627844,-0.6065575281778971
ddqn,2026,1918,22101,-10.11,11,0,1,0.6500675,0.0008451556786894798,-0.7420767446358999
ddqn,2026,1919,22106,-10.049999999999999,5,0,1,0.6499883333333334,0.0011018398217856884,-1.4296150207519531
ddqn,2026,1920,22108,-10.02,2,0,1,0.6499566666666667,0.0012662451481446624,-1.1394758224487305
ddqn,2026,1921,22110,-10.02,2,0,1,0.6499250000000001,,
ddqn,2026,1922,22114,-10.04,4,0,1,0.6498616666666667,0.0006988078239373863,-0.983058750629425
ddqn,2026,1923,22117,-10.03,3,0,1,0.6498141666666667,0.0011916760122403502,-0.8271809816360474
ddqn,2026,1924,22126,-10.09,9,0,1,0.6496716666666666,0.0013590846210718155,-1.5695818662643433
ddqn,2026,1925,22138,-10.12,12,0,1,0.6494816666666667,0.001202731024629126,-0.9101123412450155
ddqn,2026,1926,22142,-10.04,4,0,1,0.6494183333333334,0.0006251371232792735,-0.471222460269928
ddqn,2026,1927,22144,-10.02,2,0,1,0.6493866666666667,0.0010381571482867002,-1.2556442022323608
ddqn,2026,1928,22146,-10.02,2,0,1,0.649355,,
ddqn,2026,1929,22151,-10.049999999999999,5,0,1,0.6492758333333334,0.001269059139303863,-1.419547438621521
ddqn,2026,1930,22175,-10.24,24,0,1,0.6488958333333333,0.0006871661025797948,-0.6811092446247736
ddqn,2026,1931,22218,-10.43,43,0,1,0.648215,0.0006119360993827947,-0.8874920985915444
ddqn,2026,1932,22220,-10.02,2,0,1,0.6481833333333333,0.0008074477664195001,-0.4899216890335083
ddqn,2026,1933,22231,-10.11,11,0,1,0.6480091666666667,0.0010141803068108857,-1.0387711822986603
ddqn,2026,1934,22250,-10.19,19,0,1,0.6477083333333333,0.0014635170926339924,-1.1113834142684937
ddqn,2026,1935,22253,-10.03,3,0,1,0.6476608333333334,0.0007088286802172661,-0.3492560386657715
ddqn,2026,1936,22279,-10.26,26,0,1,0.6472491666666667,0.0018002114375121891,-1.069670836130778
ddqn,2026,1937,22305,-10.26,26,0,1,0.6468375,0.0025621044832015677,-0.765442030770438
ddqn,2026,1938,22324,-10.19,19,0,1,0.6465366666666668,0.002182479854673147,-0.5074498534202576
ddqn,2026,1939,22334,-10.1,10,0,1,0.6463783333333333,0.007108132354915142,-0.6247612908482552
ddqn,2026,1940,22348,-10.14,14,0,1,0.6461566666666667,0.006104511994635686,-0.7662362456321716
ddqn,2026,1941,22362,-10.14,14,0,1,0.645935,0.0050735785625875,-0.8542222181955973
ddqn,2026,1942,22369,-10.07,7,0,1,0.6458241666666666,0.0028012485709041357,-0.9433929324150085
ddqn,2026,1943,22371,-10.02,2,0,1,0.6457925,,
ddqn,2026,1944,22379,-10.08,8,0,1,0.6456658333333334,0.004301014356315136,-1.003947228193283
ddqn,2026,1945,22393,-10.14,14,0,1,0.6454441666666667,0.007142640126403421,-0.8535609692335129
ddqn,2026,1946,22407,-10.14,14,0,1,0.6452225,0.012746207357849926,-1.0137140552202861
ddqn,2026,1947,22421,-10.14,14,0,1,0.6450008333333334,0.00945975404465571,-0.9574741870164871
ddqn,2026,1948,22427,-10.06,6,0,1,0.6449058333333333,0.0071906535886228085,-0.7479882836341858
ddqn,2026,1949,22496,-10.69,69,0,1,0.6438133333333333,0.007836411888193753,-1.015637480550342
ddqn,2026,1950,22503,-10.07,7,0,1,0.6437025000000001,0.0029435770120471716,-0.6498457789421082
ddqn,2026,1951,22515,-10.12,12,0,1,0.6435125,0.004775316454470158,-0.904512345790863
ddqn,2026,1952,22518,-10.03,3,0,1,0.643465,0.011295129545032978,-0.6202347874641418
ddqn,2026,1953,22536,-10.18,18,0,1,0.6431800000000001,0.005424150382168591,-0.7180592298507691
ddqn,2026,1954,22540,-10.04,4,0,1,0.6431166666666668,0.007335284259170294,-1.3689849376678467
ddqn,2026,1955,22546,-10.06,6,0,1,0.6430216666666666,0.0037641071248799562,-1.240491509437561
ddqn,2026,1956,22563,-10.17,17,0,1,0.6427525000000001,0.003268280066549778,-1.3628905713558197
ddqn,2026,1957,22565,-10.02,2,0,1,0.6427208333333334,0.0006981334299780428,-0.6512481570243835
ddqn,2026,1958,22567,-10.02,2,0,1,0.6426891666666668,,
ddqn,2026,1959,22579,-10.12,12,0,1,0.6424991666666666,0.003646999364718795,-1.0247927109400432
ddqn,2026,1960,22589,-10.1,10,0,1,0.6423408333333334,0.0013937584008090198,-0.8976570765177408
ddqn,2026,1961,22593,-10.04,4,0,1,0.6422775000000001,0.000721972668543458,-0.6524484157562256
ddqn,2026,1962,22603,-10.1,10,0,1,0.6421191666666667,0.0010118534264620394,-0.5787151753902435
ddqn,2026,1963,22606,-10.03,3,0,1,0.6420716666666666,0.0009020157158374786,-0.3219541609287262
ddqn,2026,1964,22611,-10.049999999999999,5,0,1,0.6419925,0.0014734878204762936,-0.6196001172065735
ddqn,2026,1965,22613,-10.02,2,0,1,0.6419608333333333,0.0016836910508573055,-0.7911999225616455
ddqn,2026,1966,22694,-10.81,81,0,1,0.6406783333333333,0.0014087821458815598,-0.9248660206794739
ddqn,2026,1967,22720,-10.26,26,0,1,0.6402666666666668,0.002498321218549141,-1.2702338610376631
ddqn,2026,1968,22735,-10.15,15,0,1,0.6400291666666666,0.0009334395290352404,-1.173557162284851
ddqn,2026,1969,22767,-10.32,32,0,1,0.6395225,0.002025625013629906,-0.8435652442276478
ddqn,2026,1970,22769,-10.02,2,0,1,0.6394908333333333,0.004687813110649586,-0.7741245031356812
ddqn,2026,1971,22803,-10.34,34,0,1,0.6389525,0.00101163833096507,-0.6912196800112724
ddqn,2026,1972,22815,-10.12,12,0,1,0.6387625000000001,0.0013437506762177993,-0.8055153091748556
ddqn,2026,1973,22823,-10.08,8,0,1,0.6386358333333333,0.001239464880200103,-0.9432341456413269
ddqn,2026,1974,22826,-10.03,3,0,1,0.6385883333333333,0.0018861261196434498,-0.957269549369812
ddqn,2026,1975,22855,-10.29,29,0,1,0.6381291666666666,0.0012661218643188477,-0.8089866893632072
ddqn,2026,1976,22915,-10.6,60,0,1,0.6371791666666666,0.0010965177546798561,-0.8390923878798883
ddqn,2026,1977,22923,-10.08,8,0,1,0.6370525,0.0004717440460808575,-0.9663751721382141
ddqn,2026,1978,22927,-10.04,4,0,1,0.6369891666666667,0.00045765170943923295,-0.9591325521469116
ddqn,2026,1979,22967,-10.4,40,0,1,0.6363558333333335,0.0013990961015224457,-0.8697936166077852
ddqn,2026,1980,22976,-10.09,9,0,1,0.6362133333333333,0.0025575735683863363,-0.8122019171714783
ddqn,2026,1981,22985,-10.09,9,0,1,0.6360708333333334,0.0021755173802375793,-0.7230319082736969
ddqn,2026,1982,22996,-10.11,11,0,1,0.6358966666666668,0.003056340074787537,-1.0281493266423543
ddqn,2026,1983,22999,-10.03,3,0,1,0.6358491666666666,,
ddqn,2026,1984,23001,-10.02,2,0,1,0.6358174999999999,0.003126835450530052,-1.0762920379638672
ddqn,2026,1985,23003,-10.02,2,0,1,0.6357858333333333,,
ddqn,2026,1986,23011,-10.08,8,0,1,0.6356591666666667,0.0013604911509901285,-1.1052325367927551
ddqn,2026,1987,23018,-10.07,7,0,1,0.6355483333333334,0.0016563713434152305,-0.7281205654144287
ddqn,2026,1988,23029,-10.11,11,0,1,0.6353741666666667,0.004200343391858041,-0.9181566635767618
ddqn,2026,1989,23030,-10.01,1,0,1,0.6353583333333332,,
ddqn,2026,1990,23034,-10.04,4,0,1,0.6352949999999999,0.00237300549633801,-1.1300475597381592
ddqn,2026,1991,23036,-10.02,2,0,1,0.6352633333333333,0.006191916298121214,-0.85067218542099
ddqn,2026,1992,23056,-10.2,20,0,1,0.6349466666666668,0.0024088889011181893,-0.8511583417654037
ddqn,2026,1993,23070,-10.14,14,0,1,0.634725,0.0008195822592824697,-0.42035337289174396
ddqn,2026,1994,23135,-10.65,65,0,1,0.6336958333333333,0.0014949571814213414,-0.915077731013298
ddqn,2026,1995,23158,-10.23,23,0,1,0.6333316666666666,0.0010383300347408901,-0.9259808162848154
ddqn,2026,1996,23167,-10.09,9,0,1,0.6331891666666667,0.0013384622579906136,-0.8092973083257675
ddqn,2026,1997,23191,-10.24,24,0,1,0.6328091666666666,0.0009009442001115531,-0.5941196009516716
ddqn,2026,1998,23194,-10.03,3,0,1,0.6327616666666667,0.0016658533131703734,-0.6488935947418213
ddqn,2026,1999,23208,-10.14,14,0,1,0.6325400000000001,0.0025322252258774824,-0.7132308781147003
ddqn,2026,2000,23216,-10.08,8,0,1,0.6324133333333333,0.00314015569165349,-0.971826434135437
ddqn,2026,2001,23248,-10.32,32,0,1,0.6319066666666666,0.002066990164166782,-0.7311896421015263
ddqn,2026,2002,23271,-10.23,23,0,1,0.6315425000000001,0.0016616392880678178,-0.8859816431999207
ddqn,2026,2003,23300,-10.29,29,0,1,0.6310833333333334,0.001823491184040904,-0.7769461385905743
ddqn,2026,2004,23302,-10.02,2,0,1,0.6310516666666667,,
ddqn,2026,2005,23311,-10.09,9,0,1,0.6309091666666666,0.0003467039205133915,-0.396731436252594
ddqn,2026,2006,23318,-10.07,7,0,1,0.6307983333333333,0.0013329839275684208,-1.0106166005134583
ddqn,2026,2007,23339,-10.209999999999999,21,0,1,0.6304658333333333,0.0019122237805277108,-0.8829307913780212
ddqn,2026,2008,23355,-10.16,16,0,1,0.6302125000000001,0.0016860038158483803,-0.7970106452703476
ddqn,2026,2009,23366,-10.11,11,0,1,0.6300383333333333,0.001366994595931222,-0.7219680945078532
ddqn,2026,2010,23368,-10.02,2,0,1,0.6300066666666666,0.00030410708859562874,-0.6378965377807617
ddqn,2026,2011,23381,-10.129999999999999,13,0,1,0.6298008333333334,0.001080838730558753,-0.9101251761118571
ddqn,2026,2012,23401,-10.2,20,0,1,0.6294841666666666,0.0014367307361681015,-0.883566427230835
ddqn,2026,2013,23416,-10.15,15,0,1,0.6292466666666667,0.0009987632147385739,-0.7827159315347672
ddqn,2026,2014,23426,-10.1,10,0,1,0.6290883333333332,0.0007198404055088758,-0.863998144865036
ddqn,2026,2015,23429,-10.03,3,0,1,0.6290408333333333,0.0006492134416475892,-0.7970754504203796
ddqn,2026,2016,23435,-10.06,6,0,1,0.6289458333333333,0.0034748059697449207,-1.2828495502471924
ddqn,2026,2017,23452,-10.17,17,0,1,0.6286766666666668,0.0016067619086243211,-1.077197265625
ddqn,2026,2018,23462,-10.1,10,0,1,0.6285183333333333,0.002018496859818697,-1.4053469896316528
ddqn,2026,2019,23465,-10.03,3,0,1,0.6284708333333333,0.0010811202228069305,-0.9694358110427856
ddqn,2026,2020,23471,-10.06,6,0,1,0.6283758333333334,0.0010519588831812143,-0.6570686101913452
ddqn,2026,2021,23504,-10.33,33,0,1,0.6278533333333334,0.0015443442324693832,-0.9266446166568332
ddqn,2026,2022,23527,-10.23,23,0,1,0.6274891666666667,0.06163624410983175,-0.7220090508460999
ddqn,2026,2023,23555,-10.28,28,0,1,0.6270458333333333,0.0015758873279472546,-0.9829422235488892
ddqn,2026,2024,23559,-10.04,4,0,1,0.6269825,0.007710008416324854,-1.3727543354034424
ddqn,2026,2025,23561,-10.02,2,0,1,0.6269508333333333,0.0010136094642803073,-1.4196083545684814
ddqn,2026,2026,23572,-10.11,11,0,1,0.6267766666666668,0.0013317587630202372,-0.9986684918403625
ddqn,2026,2027,23578,-10.06,6,0,1,0.6266816666666667,0.0025068819522857666,-1.4075689315795898
ddqn,2026,2028,23583,-10.049999999999999,5,0,1,0.6266025,0.0005277427844703197,-0.47748321294784546
ddqn,2026,2029,23604,-10.209999999999999,21,0,1,0.62627,0.0008331585704581812,-0.9276125878095627
ddqn,2026,2030,23626,-10.22,22,0,1,0.6259216666666667,0.0010052448022179305,-0.7502926886081696
ddqn,2026,2031,23630,-10.04,4,0,1,0.6258583333333334,0.00021430649212561548,-0.6405180096626282
ddqn,2026,2032,23632,-10.02,2,0,1,0.6258266666666668,0.000841746455989778,-1.1081907749176025
ddqn,2026,2033,23642,-10.1,10,0,1,0.6256683333333333,0.0006498611764982343,-0.8134079277515411
ddqn,2026,2034,23670,-10.28,28,0,1,0.6252249999999999,0.0020990787389954285,-1.0579009311539787
ddqn,2026,2035,23679,-10.09,9,0,1,0.6250825,0.002862583438400179,-0.7988932430744171
ddqn,2026,2036,23695,-10.16,16,0,1,0.6248291666666667,0.0029144058644305915,-0.7644964084029198
ddqn,2026,2037,23697,-10.02,2,0,1,0.6247975,0.0009517432190477848,-0.3413565456867218
ddqn,2026,2038,23708,-10.11,11,0,1,0.6246233333333333,0.002991782734170556,-0.7763146658738455
ddqn,2026,2039,23718,-10.1,10,0,1,0.624465,0.0065704924636520445,-0.7534820139408112
ddqn,2026,2040,23749,-10.31,31,0,1,0.6239741666666667,0.0016468122230435256,-0.7166807353496552
ddqn,2026,2041,23757,-10.08,8,0,1,0.6238475,0.00106345908716321,-1.0373033285140991
ddqn,2026,2042,23761,-10.04,4,0,1,0.6237841666666667,0.002077188342809677,-1.7145133018493652
ddqn,2026,2043,23779,-10.18,18,0,1,0.6234991666666667,0.0004855549123021774,-1.0182685106992722
ddqn,2026,2044,23782,-10.03,3,0,1,0.6234516666666667,0.0007595343049615622,-1.095501184463501
ddqn,2026,2045,23790,-10.08,8,0,1,0.623325,0.0004816901928279549,-0.5560864806175232
ddqn,2026,2046,23835,-10.45,45,0,1,0.6226125,0.0011019380313386632,-0.9346776848489587
ddqn,2026,2047,23839,-10.04,4,0,1,0.6225491666666667,0.000642811122816056,-0.6318435668945312
ddqn,2026,2048,23843,-10.04,4,0,1,0.6224858333333334,0.0006961938925087452,-1.5784457921981812
ddqn,2026,2049,23875,-10.32,32,0,1,0.6219791666666667,0.000687477266183123,-0.9054448381066322
ddqn,2026,2050,23889,-10.14,14,0,1,0.6217575,0.0007819737220415846,-0.7538341283798218
ddqn,2026,2051,23912,-10.23,23,0,1,0.6213933333333334,0.000608844609814696,-0.8664992948373159
ddqn,2026,2052,23939,-10.27,27,0,1,0.6209658333333333,0.0008314152946695685,-0.7606523633003235
ddqn,2026,2053,23952,-10.129999999999999,13,0,1,0.62076,0.0006340743129840121,-0.8046141564846039
ddqn,2026,2054,23968,-10.16,16,0,1,0.6205066666666667,0.001141862798249349,-1.0189990401268005
ddqn,2026,2055,23975,-10.07,7,0,1,0.6203958333333333,0.0006265020929276943,-0.7931155562400818
ddqn,2026,2056,23988,-10.129999999999999,13,0,1,0.62019,0.002608214956126176,-1.0163391381502151
ddqn,2026,2057,24008,-10.2,20,0,1,0.6198733333333333,0.0026119974441826343,-0.9219315767288208
ddqn,2026,2058,24026,-10.18,18,0,1,0.6195883333333334,0.005394941021222621,-0.9866456836462021
ddqn,2026,2059,24033,-10.07,7,0,1,0.6194775,0.003056379035115242,-0.9272495806217194
ddqn,2026,2060,24041,-10.08,8,0,1,0.6193508333333333,0.0027209753752686083,-0.8698165416717529
ddqn,2026,2061,24051,-10.1,10,0,1,0.6191925,0.0012624229420907795,-0.5767107009887695
ddqn,2026,2062,24074,-10.23,23,0,1,0.6188283333333333,0.0029493944408992925,-0.8523813237746557
ddqn,2026,2063,24128,-10.54,54,0,1,0.6179733333333333,0.0024565839557908475,-0.8881593942642212
ddqn,2026,2064,24134,-10.06,6,0,1,0.6178783333333333,0.0004097281489521265,-0.6392872333526611
ddqn,2026,2065,24144,-10.1,10,0,1,0.61772,0.0023302038510640464,-1.2674072583516438
ddqn,2026,2066,24158,-10.14,14,0,1,0.6174983333333333,0.0031172859016805887,-1.0370969772338867
ddqn,2026,2067,24192,-10.34,34,0,1,0.61696,0.0029065511448101867,-0.8557862440745035
ddqn,2026,2068,24204,-10.12,12,0,1,0.61677,0.0021634179477890334,-0.8840169509251913
ddqn,2026,2069,24206,-10.02,2,0,1,0.6167383333333334,,
ddqn,2026,2070,24229,-10.23,23,0,1,0.6163741666666667,0.052688825875520706,-0.8227927585442861
ddqn,2026,2071,24304,-10.75,75,0,1,0.6151866666666667,0.0027410280477182056,-0.942937256474244
ddqn,2026,2072,24317,-10.129999999999999,13,0,1,0.6149808333333333,0.004570779545853536,-1.0685282548268635
ddqn,2026,2073,24322,-10.049999999999999,5,0,1,0.6149016666666667,0.002845012815669179,-0.6586592793464661
ddqn,2026,2074,24328,-10.06,6,0,1,0.6148066666666667,0.0023431384470313787,-0.5577477961778641
ddqn,2026,2075,24337,-10.09,9,0,1,0.6146641666666667,0.0028381275478750467,-0.9762449264526367
ddqn,2026,2076,24357,-10.2,20,0,1,0.6143475,0.0033273811684921386,-0.8833314299583435
ddqn,2026,2077,24369,-10.12,12,0,1,0.6141575,0.002528141407916943,-0.9309830864270529
ddqn,2026,2078,24373,-10.04,4,0,1,0.6140941666666666,0.0038336808793246746,-0.6655020713806152
ddqn,2026,2079,24382,-10.09,9,0,1,0.6139516666666667,0.002344424952752888,-0.6397028267383575
ddqn,2026,2080,24410,-10.28,28,0,1,0.6135083333333333,0.0038478168925004347,-0.6568335848195213
ddqn,2026,2081,24417,-10.07,7,0,1,0.6133975,0.0018011400825344026,-1.0523892641067505
ddqn,2026,2082,24429,-10.12,12,0,1,0.6132075,0.004715963111569484,-0.6582975188891093
ddqn,2026,2083,24432,-10.03,3,0,1,0.61316,0.002575263613834977,-0.9601743221282959
ddqn,2026,2084,24435,-10.03,3,0,1,0.6131125,,
ddqn,2026,2085,24444,-10.09,9,0,1,0.61297,0.004660572002952297,-1.0977031191190083
ddqn,2026,2086,24448,-10.04,4,0,1,0.6129066666666667,0.006086565554141998,-0.8545547723770142
ddqn,2026,2087,24453,-10.049999999999999,5,0,1,0.6128275,0.003945361822843552,-0.39881032705307007
ddqn,2026,2088,24460,-10.07,7,0,1,0.6127166666666667,0.0038765252102166414,-0.5953283309936523
ddqn,2026,2089,24592,-11.32,132,0,1,0.6106266666666667,0.021106397270958758,-0.8137926256114786
ddqn,2026,2090,24610,-10.18,18,0,1,0.6103416666666667,0.004098342382349074,-0.953763946890831
ddqn,2026,2091,24645,-10.35,35,0,1,0.6097875,0.007962659053090546,-0.8887762327988943
ddqn,2026,2092,24658,-10.129999999999999,13,0,1,0.6095816666666667,0.0030714185753216348,-0.8859695792198181
ddqn,2026,2093,24663,-10.049999999999999,5,0,1,0.6095025000000001,0.0019529886776581407,-0.19953015446662903
ddqn,2026,2094,24679,-10.16,16,0,1,0.6092491666666666,0.00378568860469386,-0.8143683820962906
ddqn,2026,2095,24734,-10.55,55,0,1,0.6083783333333334,0.0034052751476078163,-0.876171031168529
ddqn,2026,2096,24770,-10.36,36,0,1,0.6078083333333333,0.016195101766950555,-0.8077622850735983
ddqn,2026,2097,24834,9.36,64,1,0,0.606795,0.009476295592321549,-0.8413024824112654
ddqn,2026,2098,24837,-10.03,3,0,1,0.6067475,0.016841720789670944,-1.0099365711212158
ddqn,2026,2099,24892,-10.55,55,0,1,0.6058766666666666,0.005494631461000868,-0.9833084004265922
ddqn,2026,2100,24902,-10.1,10,0,1,0.6057183333333334,0.004948692629113793,-0.4290453791618347
ddqn,2026,2101,24936,-10.34,34,0,1,0.60518,0.005550301375074519,-0.9288294812043508
ddqn,2026,2102,24953,-10.17,17,0,1,0.6049108333333333,0.00467083923285827,-0.8305606469511986
ddqn,2026,2103,24962,-10.09,9,0,1,0.6047683333333334,0.0029553219210356474,-0.8588430881500244
ddqn,2026,2104,24996,-10.34,34,0,1,0.60423,0.003342411584324307,-0.8464149733384451
ddqn,2026,2105,24999,-10.03,3,0,1,0.6041825000000001,,
ddqn,2026,2106,25023,-10.24,24,0,1,0.6038025,0.00398188930315276,-0.7945405542850494
ddqn,2026,2107,25059,-10.36,36,0,1,0.6032325000000001,0.003749910690304306,-1.0451627837287054
ddqn,2026,2108,25075,-10.16,16,0,1,0.6029791666666666,0.00670057866955176,-0.6118113249540329
ddqn,2026,2109,25123,-10.48,48,0,1,0.6022191666666667,0.006400318913316975,-0.7444918695837259
ddqn,2026,2110,25163,-10.4,40,0,1,0.6015858333333334,0.0047910869354382156,-0.8493648856878281
ddqn,2026,2111,25178,-10.15,15,0,1,0.6013483333333334,0.003683194925542921,-0.7534877643920481
ddqn,2026,2112,25179,-10.01,1,0,1,0.6013325,,
ddqn,2026,2113,25226,-10.47,47,0,1,0.6005883333333333,0.007091617948996524,-0.9006455689668655
ddqn,2026,2114,25259,-10.33,33,0,1,0.6000658333333333,0.005763923501945101,-0.7156017608940601
ddqn,2026,2115,25298,-10.39,39,0,1,0.5994483333333334,0.005789729580283165,-0.6849121034145356
ddqn,2026,2116,25300,-10.02,2,0,1,0.5994166666666667,0.006781641859561205,-0.5451360940933228
ddqn,2026,2117,25305,-10.049999999999999,5,0,1,0.5993375000000001,0.0029218937270343304,-0.5852712392807007
ddqn,2026,2118,25320,-10.15,15,0,1,0.5991,0.0021199016482569277,-0.9140261113643646
ddqn,2026,2119,25326,-10.06,6,0,1,0.599005,0.00360315409488976,-0.21286925673484802
ddqn,2026,2120,25364,-10.38,38,0,1,0.5984033333333334,0.005579587235115468,-0.7469479307532311
ddqn,2026,2121,25400,-10.36,36,0,1,0.5978333333333333,0.004745707924788197,-0.9750270545482635
ddqn,2026,2122,25407,-10.07,7,0,1,0.5977225,0.007490184158086777,-0.4719040095806122
ddqn,2026,2123,25411,-10.04,4,0,1,0.5976591666666666,0.005926981568336487,-0.7570151686668396
ddqn,2026,2124,25477,-10.66,66,0,1,0.5966141666666667,0.022732818985412663,-0.7700653343516237
ddqn,2026,2125,25507,-10.3,30,0,1,0.5961391666666667,0.004720283322967589,-0.9739189275673458
ddqn,2026,2126,25510,-10.03,3,0,1,0.5960916666666667,0.008899452164769173,-0.8326190710067749
ddqn,2026,2127,25519,-10.09,9,0,1,0.5959491666666668,0.006099282298237085,-0.7079971432685852
ddqn,2026,2128,25524,-10.049999999999999,5,0,1,0.59587,0.006286852061748505,-0.42580610513687134
ddqn,2026,2129,25532,-10.08,8,0,1,0.5957433333333333,0.0042926406022161245,-1.2758049964904785
ddqn,2026,2130,25538,-10.06,6,0,1,0.5956483333333333,0.00623468728736043,-0.6208067536354065
ddqn,2026,2131,25542,-10.04,4,0,1,0.595585,0.006826510652899742,-0.7773933410644531
ddqn,2026,2132,25554,-10.12,12,0,1,0.595395,0.007777968111137549,-0.9107323090235392
ddqn,2026,2133,25573,-10.19,19,0,1,0.5950941666666667,0.06279439951758832,-0.872134780883789
ddqn,2026,2134,25592,-10.19,19,0,1,0.5947933333333333,0.005440047709271312,-0.7800055891275406
ddqn,2026,2135,25597,-10.049999999999999,5,0,1,0.5947141666666667,0.005904137156903744,-1.2237598896026611
ddqn,2026,2136,25604,-10.07,7,0,1,0.5946033333333334,0.004664912587031722,-0.7184067964553833
ddqn,2026,2137,25607,-10.03,3,0,1,0.5945558333333334,,
ddqn,2026,2138,25675,-10.68,68,0,1,0.5934791666666667,0.006004655651529045,-0.8686509465470034
ddqn,2026,2139,25696,-10.209999999999999,21,0,1,0.5931466666666667,0.004581500504476328,-0.7425776720046997
ddqn,2026,2140,25708,-10.12,12,0,1,0.5929566666666667,0.00819422056277593,-0.9406852126121521
ddqn,2026,2141,25710,-10.02,2,0,1,0.592925,,
ddqn,2026,2142,25717,-10.07,7,0,1,0.5928141666666666,0.005436559556983411,-1.2126799821853638
ddqn,2026,2143,25721,-10.04,4,0,1,0.5927508333333333,0.004288622178137302,-0.3753387928009033
ddqn,2026,2144,25724,-10.03,3,0,1,0.5927033333333334,0.007109454367309809,-0.3410367965698242
ddqn,2026,2145,25727,-10.03,3,0,1,0.5926558333333334,,
ddqn,2026,2146,25730,-10.03,3,0,1,0.5926083333333334,0.008157636970281601,-0.527862548828125
ddqn,2026,2147,25765,-10.35,35,0,1,0.5920541666666667,0.006532969030862053,-0.9930541879600949
ddqn,2026,2148,25771,-10.06,6,0,1,0.5919591666666667,0.004727884195744991,-0.5182713270187378
ddqn,2026,2149,25800,-10.29,29,0,1,0.5915,0.044253746018512174,-0.9636286310851574
ddqn,2026,2150,25802,-10.02,2,0,1,0.5914683333333334,,
ddqn,2026,2151,25822,-10.2,20,0,1,0.5911516666666667,0.005787048442289233,-0.7121952116489411
ddqn,2026,2152,25829,-10.07,7,0,1,0.5910408333333333,0.0033909730846062303,-0.751117616891861
ddqn,2026,2153,25854,-10.25,25,0,1,0.5906450000000001,0.0036346225921685496,-0.8388347824414571
ddqn,2026,2154,25872,-10.18,18,0,1,0.59036,0.003706068731844425,-0.9931607961654663
ddqn,2026,2155,25888,-10.16,16,0,1,0.5901066666666667,0.004081429215148091,-0.6305180639028549
ddqn,2026,2156,25891,-10.03,3,0,1,0.5900591666666667,,
ddqn,2026,2157,25892,-10.01,1,0,1,0.5900433333333334,0.003212801180779934,-0.10147449374198914
ddqn,2026,2158,25893,-10.01,1,0,1,0.5900275,,
ddqn,2026,2159,25937,-10.44,44,0,1,0.5893308333333334,0.00362821349831806,-0.8758455677465959
ddqn,2026,2160,25941,-10.04,4,0,1,0.5892675,0.001477978890761733,-1.0836334228515625
ddqn,2026,2161,25955,-10.14,14,0,1,0.5890458333333334,0.0017207341346268852,-0.6336061855157217
ddqn,2026,2162,25958,-10.03,3,0,1,0.5889983333333333,0.0018315850757062435,-0.7498167157173157
ddqn,2026,2163,26067,-11.09,109,0,1,0.5872725000000001,0.0029924928288285932,-0.7773175051918736
ddqn,2026,2164,26072,-10.049999999999999,5,0,1,0.5871933333333333,0.006234764237888157,-0.8069504648447037
ddqn,2026,2165,26092,-10.2,20,0,1,0.5868766666666667,0.01158164048101753,-0.5247035026550293
ddqn,2026,2166,26094,-10.02,2,0,1,0.5868450000000001,,
ddqn,2026,2167,26117,-10.23,23,0,1,0.5864808333333333,0.0726051718617479,-0.9498353401819865
ddqn,2026,2168,26158,-10.41,41,0,1,0.5858316666666668,0.040973639418371025,-0.9172717869281769
ddqn,2026,2169,26161,-10.03,3,0,1,0.5857841666666667,0.017441991716623306,-0.5524387359619141
ddqn,2026,2170,26172,-10.11,11,0,1,0.58561,0.10922607500106096,-0.9287251631418864
ddqn,2026,2171,26204,-10.32,32,0,1,0.5851033333333333,0.006688853609375656,-0.6779651455581188
ddqn,2026,2172,26219,-10.15,15,0,1,0.5848658333333334,0.004679657053202391,-0.6820831100145975
ddqn,2026,2173,26256,-10.37,37,0,1,0.58428,0.035276281624101104,-0.8824129939079285
ddqn,2026,2174,26296,-10.4,40,0,1,0.5836466666666666,0.06619564720895141,-0.7031160861253738
ddqn,2026,2175,26309,-10.129999999999999,13,0,1,0.5834408333333334,0.005385527232040961,-0.7464751501878103
ddqn,2026,2176,26320,-10.11,11,0,1,0.5832666666666667,0.003651271186148127,-0.7410961588223776
ddqn,2026,2177,26323,-10.03,3,0,1,0.5832191666666667,,
ddqn,2026,2178,26331,-10.08,8,0,1,0.5830925,0.0044427497778087854,-0.747628390789032
ddqn,2026,2179,26334,-10.03,3,0,1,0.583045,0.0032930660527199507,-0.5883206129074097
ddqn,2026,2180,26343,-10.09,9,0,1,0.5829025000000001,0.005133535945788026,-0.6462686955928802
ddqn,2026,2181,26377,-10.34,34,0,1,0.5823641666666667,0.0042710916734197074,-0.6196429994371202
ddqn,2026,2182,26402,-10.25,25,0,1,0.5819683333333334,0.006018192235690852,-0.7164735992749532
ddqn,2026,2183,26404,-10.02,2,0,1,0.5819366666666668,0.007883003912866116,-1.9016048908233643
ddqn,2026,2184,26407,-10.03,3,0,1,0.5818891666666667,,
ddqn,2026,2185,26413,-10.06,6,0,1,0.5817941666666667,0.009972661966457963,-1.0316672623157501
ddqn,2026,2186,26424,-10.11,11,0,1,0.58162,0.003191242072110375,-0.7383357683817545
ddqn,2026,2187,26458,-10.34,34,0,1,0.5810816666666667,0.004614155215676874,-0.8877303972840309
ddqn,2026,2188,26467,-10.09,9,0,1,0.5809391666666667,0.0032916441559791565,-0.46312859654426575
ddqn,2026,2189,26474,-10.07,7,0,1,0.5808283333333334,0.005140485940501094,-0.7065992653369904
ddqn,2026,2190,26487,-10.129999999999999,13,0,1,0.5806225,0.005902399619420369,-1.0884658892949421
ddqn,2026,2191,26521,-10.34,34,0,1,0.5800841666666667,0.004562503774650395,-0.8316188131769499
ddqn,2026,2192,26524,-10.03,3,0,1,0.5800366666666668,0.004750189371407032,-0.559493899345398
ddqn,2026,2193,26564,-10.4,40,0,1,0.5794033333333334,0.005289872374851257,-0.7896130502223968
ddqn,2026,2194,26569,-10.049999999999999,5,0,1,0.5793241666666666,0.0046526165679097176,-0.6299614906311035
ddqn,2026,2195,26575,-10.06,6,0,1,0.5792291666666667,0.004474359564483166,-0.627034068107605
ddqn,2026,2196,26586,-10.11,11,0,1,0.5790550000000001,0.004296185914427042,-1.1248376965522766
ddqn,2026,2197,26606,-10.2,20,0,1,0.5787383333333334,0.005191090144217014,-0.8664669394493103
ddqn,2026,2198,26614,-10.08,8,0,1,0.5786116666666667,0.0064207930117845535,-0.5187530219554901
ddqn,2026,2199,26629,-10.15,15,0,1,0.5783741666666666,0.00327344739343971,-0.7923781722784042
ddqn,2026,2200,26646,-10.17,17,0,1,0.5781050000000001,0.0028812144009862095,-0.6580661237239838
ddqn,2026,2201,26685,-10.39,39,0,1,0.5774875,0.004370958334766329,-0.8175904780626297
ddqn,2026,2202,26714,-10.29,29,0,1,0.5770283333333334,0.0043348517335419145,-0.8058356898171561
ddqn,2026,2203,26760,-10.46,46,0,1,0.5763,0.0034326648067993424,-0.6783600176374117
ddqn,2026,2204,26767,-10.07,7,0,1,0.5761891666666668,0.003905597608536482,-1.2234926223754883
ddqn,2026,2205,26776,-10.09,9,0,1,0.5760466666666667,0.004790901516874631,-1.3682223955790203
ddqn,2026,2206,26781,-10.049999999999999,5,0,1,0.5759675,0.003499869257211685,-0.5701251029968262
ddqn,2026,2207,26784,-10.03,3,0,1,0.57592,0.00420788861811161,-1.2062649726867676
ddqn,2026,2208,26794,-10.1,10,0,1,0.5757616666666667,0.002133055357262492,-1.0209748148918152
ddqn,2026,2209,26798,-10.04,4,0,1,0.5756983333333334,0.004581892862915993,-0.9693515300750732
ddqn,2026,2210,26822,-10.24,24,0,1,0.5753183333333334,0.0037683696524860957,-0.9309459229310354
ddqn,2026,2211,26833,-10.11,11,0,1,0.5751441666666667,0.0032817552952716746,-0.9315813382466634
ddqn,2026,2212,26840,-10.07,7,0,1,0.5750333333333333,0.005235073156654835,-1.0359442830085754
ddqn,2026,2213,26861,-10.209999999999999,21,0,1,0.5747008333333334,0.004159089829772711,-0.4809056341648102
ddqn,2026,2214,26871,-10.1,10,0,1,0.5745425,0.0060550684574991465,-0.7513089776039124
ddqn,2026,2215,26875,-10.04,4,0,1,0.5744791666666667,0.006209398619830608,-0.7148623466491699
ddqn,2026,2216,26907,-10.32,32,0,1,0.5739725,0.006982029430218972,-0.9580961093306541
ddqn,2026,2217,26957,-10.5,50,0,1,0.5731808333333334,0.0029358455212786794,-0.9264371509735401
ddqn,2026,2218,27006,-10.49,49,0,1,0.572405,0.0022561339428648353,-0.7628394365310669
ddqn,2026,2219,27022,-10.16,16,0,1,0.5721516666666666,0.002701954363146797,-1.0251388549804688
ddqn,2026,2220,27026,-10.04,4,0,1,0.5720883333333333,0.001171144307591021,-0.4225991666316986
ddqn,2026,2221,27034,-10.08,8,0,1,0.5719616666666667,0.0016541392542421818,-0.9675039649009705
ddqn,2026,2222,27078,-10.44,44,0,1,0.571265,0.0020373635554940188,-0.8480181531472639
ddqn,2026,2223,27089,-10.11,11,0,1,0.5710908333333333,0.0030529019810880222,-1.0062309503555298
ddqn,2026,2224,27132,-10.43,43,0,1,0.5704100000000001,0.002866156335750764,-0.7653760747476057
ddqn,2026,2225,27139,-10.07,7,0,1,0.5702991666666667,0.002852452453225851,-0.46650758385658264
ddqn,2026,2226,27145,-10.06,6,0,1,0.5702041666666666,0.0012910334044136107,-0.4681956097483635
ddqn,2026,2227,27162,-10.17,17,0,1,0.5699350000000001,0.003231273149140179,-1.234499141573906
ddqn,2026,2228,27177,-10.15,15,0,1,0.5696975,0.004273437603842467,-0.9568476527929306
ddqn,2026,2229,27207,-10.3,30,0,1,0.5692225,0.0027953769479479107,-0.7506950880799975
ddqn,2026,2230,27213,-10.06,6,0,1,0.5691275,0.0036864058347418904,-0.5128144323825836
ddqn,2026,2231,27214,-10.01,1,0,1,0.5691116666666667,,
ddqn,2026,2232,27219,-10.049999999999999,5,0,1,0.5690325,0.0056932233273983,-1.0957926511764526
ddqn,2026,2233,27228,-10.09,9,0,1,0.5688900000000001,0.0028184811429431043,-0.802433172861735
ddqn,2026,2234,27243,-10.15,15,0,1,0.5686525,0.0024767820723354816,-1.3142393827438354
ddqn,2026,2235,27255,-10.12,12,0,1,0.5684625000000001,0.001810995046980679,-0.7016564607620239
ddqn,2026,2236,27261,-10.06,6,0,1,0.5683675,0.0030609406530857086,-0.8639762997627258
ddqn,2026,2237,27290,-10.29,29,0,1,0.5679083333333333,0.002959281305915543,-0.889765066759927
ddqn,2026,2238,27297,-10.07,7,0,1,0.5677975,0.0028736862586811185,-0.7640140652656555
ddqn,2026,2239,27301,-10.04,4,0,1,0.5677341666666667,0.0034068336244672537,-1.0938966274261475
ddqn,2026,2240,27336,-10.35,35,0,1,0.56718,0.00278292835638341,-0.9456381599108378
ddqn,2026,2241,27357,-10.209999999999999,21,0,1,0.5668475,0.002500928146764636,-0.8544709324836731
ddqn,2026,2242,27371,-10.14,14,0,1,0.5666258333333334,0.003926078400885065,-0.945520838101705
ddqn,2026,2243,27373,-10.02,2,0,1,0.5665941666666667,0.0034387921914458275,-0.7448444366455078
ddqn,2026,2244,27392,-10.19,19,0,1,0.5662933333333333,0.0026159585686400533,-0.9431098371744155
ddqn,2026,2245,27400,-10.08,8,0,1,0.5661666666666667,0.00291125918738544,-1.2481598258018494
ddqn,2026,2246,27453,-10.53,53,0,1,0.5653275,0.002059915331371415,-0.8549301945246183
ddqn,2026,2247,27463,-10.1,10,0,1,0.5651691666666667,0.0014316932647489011,-0.9958805739879608
ddqn,2026,2248,27475,-10.12,12,0,1,0.5649791666666666,0.0018165983104457457,-0.6192073424657186
ddqn,2026,2249,27477,-10.02,2,0,1,0.5649474999999999,0.0008523828582838178,-0.7963588237762451
ddqn,2026,2250,27482,-10.049999999999999,5,0,1,0.5648683333333333,0.0011674172710627317,-1.1121830940246582
ddqn,2026,2251,27484,-10.02,2,0,1,0.5648366666666667,0.001135747181251645,-0.9543196558952332
ddqn,2026,2252,27487,-10.03,3,0,1,0.5647891666666667,,
ddqn,2026,2253,27495,-10.08,8,0,1,0.5646625000000001,0.0023693862603977323,-0.8657748699188232
ddqn,2026,2254,27505,-10.1,10,0,1,0.5645041666666667,0.0028796606541921697,-0.9383527239163717
ddqn,2026,2255,27538,-10.33,33,0,1,0.5639816666666666,0.0033199175231857225,-0.7400633133947849
ddqn,2026,2256,27550,-10.12,12,0,1,0.5637916666666667,0.0013725473157440622,-0.6612619161605835
ddqn,2026,2257,27557,-10.07,7,0,1,0.5636808333333334,0.15639401660882868,-0.7012005373835564
ddqn,2026,2258,27559,-10.02,2,0,1,0.5636491666666668,,
ddqn,2026,2259,27609,-10.5,50,0,1,0.5628575,0.002959643880156084,-0.7641320595374475
ddqn,2026,2260,27616,-10.07,7,0,1,0.5627466666666667,0.1537823921535164,-1.066849172115326
ddqn,2026,2261,27618,-10.02,2,0,1,0.5627150000000001,,
ddqn,2026,2262,27655,-10.37,37,0,1,0.5621291666666668,0.0038934047075195443,-0.7381556663248274
ddqn,2026,2263,27739,-10.84,84,0,1,0.5607991666666667,0.017707898242709536,-0.8435610561143785
ddqn,2026,2264,27758,-10.19,19,0,1,0.5604983333333333,0.0028248168528079987,-0.7721366643905639
ddqn,2026,2265,27773,-10.15,15,0,1,0.5602608333333334,0.0023067283909767866,-0.8527707308530807
ddqn,2026,2266,27789,-10.16,16,0,1,0.5600075,0.0016685641603544354,-0.790708914399147
ddqn,2026,2267,27798,-10.09,9,0,1,0.5598650000000001,0.0015155840665102005,-0.85244220495224
ddqn,2026,2268,27803,-10.049999999999999,5,0,1,0.5597858333333334,0.0034925718791782856,-0.9496384859085083
ddqn,2026,2269,27824,-10.209999999999999,21,0,1,0.5594533333333334,0.0017877968105797966,-1.0435594817002614
ddqn,2026,2270,27852,-10.28,28,0,1,0.55901,0.0016649566740462823,-0.6600409916469029
ddqn,2026,2271,27861,-10.09,9,0,1,0.5588675000000001,0.0035088201984763145,-0.9968203902244568
ddqn,2026,2272,27862,-10.01,1,0,1,0.5588516666666667,,
ddqn,2026,2273,27868,-10.06,6,0,1,0.5587566666666667,0.0016110326396301389,-0.7451182305812836
ddqn,2026,2274,27888,-10.2,20,0,1,0.55844,0.001409618277102709,-0.8968981027603149
ddqn,2026,2275,27890,-10.02,2,0,1,0.5584083333333334,,
ddqn,2026,2276,27895,-10.049999999999999,5,0,1,0.5583291666666668,0.0025147879496216774,-0.17605043947696686
ddqn,2026,2277,27914,-10.19,19,0,1,0.5580283333333333,0.0019633796298876406,-0.7866332769393921
ddqn,2026,2278,27943,-10.29,29,0,1,0.5575691666666667,0.0019129354706300156,-0.5796742641500064
ddqn,2026,2279,27946,-10.03,3,0,1,0.5575216666666667,0.002943546511232853,-0.5702834725379944
ddqn,2026,2280,27958,-10.12,12,0,1,0.5573316666666668,0.003924417387073238,-0.9788191318511963
ddqn,2026,2281,27961,-10.03,3,0,1,0.5572841666666667,0.002260655164718628,-0.6031926870346069
ddqn,2026,2282,28002,-10.41,41,0,1,0.556635,0.0033782745827920734,-1.0801714718341828
ddqn,2026,2283,28010,-10.08,8,0,1,0.5565083333333334,0.002948767854832113,-0.7066276669502258
ddqn,2026,2284,28015,-10.049999999999999,5,0,1,0.5564291666666668,0.0006709717563353479,-0.44272926449775696
ddqn,2026,2285,28067,-10.52,52,0,1,0.5556058333333334,0.002503978554159403,-0.8060246648696753
ddqn,2026,2286,28098,9.69,31,1,0,0.555115,0.003658439251012169,-0.8963267877697945
ddqn,2026,2287,28107,-10.09,9,0,1,0.5549725000000001,0.003019146854057908,-0.9885841608047485
ddqn,2026,2288,28114,-10.07,7,0,1,0.5548616666666666,0.005316434311680496,-0.7981087565422058
ddqn,2026,2289,28133,-10.19,19,0,1,0.5545608333333334,0.006533486861735582,-1.0932195425033568
ddqn,2026,2290,28164,-10.31,31,0,1,0.5540700000000001,0.005783245811471716,-0.6824641861021519
ddqn,2026,2291,28190,-10.26,26,0,1,0.5536583333333334,0.006075697621175398,-0.9060802360375723
ddqn,2026,2292,28196,-10.06,6,0,1,0.5535633333333334,0.0027412016643211246,-0.5084336251020432
ddqn,2026,2293,28204,-10.08,8,0,1,0.5534366666666667,0.011829293798655272,-1.1847514510154724
ddqn,2026,2294,28206,-10.02,2,0,1,0.5534049999999999,,
ddqn,2026,2295,28209,-10.03,3,0,1,0.5533575,0.0038530463352799416,-0.4877234995365143
ddqn,2026,2296,28224,-10.15,15,0,1,0.5531200000000001,0.02102378581184894,-1.0837426334619522
ddqn,2026,2297,28252,-10.28,28,0,1,0.5526766666666667,0.006609778934424477,-0.7326044567993709
ddqn,2026,2298,28254,-10.02,2,0,1,0.552645,,
ddqn,2026,2299,28291,-10.37,37,0,1,0.5520591666666668,0.005681676350327002,-0.7381961792707443
ddqn,2026,2300,28301,-10.1,10,0,1,0.5519008333333333,0.01657862386976679,-0.8070930043856303
ddqn,2026,2301,28340,-10.39,39,0,1,0.5512833333333333,0.015074364771135152,-0.7102744027972221
ddqn,2026,2302,28369,-10.29,29,0,1,0.5508241666666667,0.015494954173586198,-0.7149070480040142
ddqn,2026,2303,28378,-10.09,9,0,1,0.5506816666666667,0.015424265060573816,-1.1270462274551392
ddqn,2026,2304,28389,-10.11,11,0,1,0.5505074999999999,0.01138776820152998,-0.7737111647923788
ddqn,2026,2305,28427,-10.38,38,0,1,0.5499058333333333,0.007695996487099264,-0.8888638549380832
ddqn,2026,2306,28445,-10.18,18,0,1,0.5496208333333333,0.016332345129922033,-0.8267168521881103
ddqn,2026,2307,28486,-10.41,41,0,1,0.5489716666666666,0.0470700599020347,-0.961260861158371
ddqn,2026,2308,28527,-10.41,41,0,1,0.5483225,0.022540271829348056,-0.781544278562069
ddqn,2026,2309,28534,-10.07,7,0,1,0.5482116666666667,0.005797427846118808,-0.9496952593326569
ddqn,2026,2310,28549,-10.15,15,0,1,0.5479741666666667,0.011014881660230458,-1.0733722001314163
ddqn,2026,2311,28551,-10.02,2,0,1,0.5479425,,
ddqn,2026,2312,28570,-10.19,19,0,1,0.5476416666666667,0.006381003349088132,-0.8598154008388519
ddqn,2026,2313,28598,-10.28,28,0,1,0.5471983333333333,0.006671981586675558,-0.8789813773972648
ddqn,2026,2314,28612,-10.14,14,0,1,0.5469766666666667,0.0064830184273887426,-0.6596511900424957
ddqn,2026,2315,28616,-10.04,4,0,1,0.5469133333333334,0.008729642257094383,-0.8081012964248657
ddqn,2026,2316,28617,-10.01,1,0,1,0.5468975,,
ddqn,2026,2317,28619,-10.02,2,0,1,0.5468658333333334,,
ddqn,2026,2318,28626,-10.07,7,0,1,0.546755,0.0056721820728853345,-0.7205337285995483
ddqn,2026,2319,28629,-10.03,3,0,1,0.5467075,0.0007249361369758844,-0.3001559376716614
ddqn,2026,2320,28631,-10.02,2,0,1,0.5466758333333334,,
ddqn,2026,2321,28649,-10.18,18,0,1,0.5463908333333334,0.0037784169893711806,-0.6736245036125184
ddqn,2026,2322,28651,-10.02,2,0,1,0.5463591666666667,,
ddqn,2026,2323,28701,-10.5,50,0,1,0.5455675,0.0037940768166803396,-0.7615425540850713
ddqn,2026,2324,28732,-10.31,31,0,1,0.5450766666666667,0.0015448797712451778,-0.9506894871592522
ddqn,2026,2325,28739,-10.07,7,0,1,0.5449658333333334,0.0008504571742378175,-0.6175335645675659
ddqn,2026,2326,28754,-10.15,15,0,1,0.5447283333333334,0.0009722622344270349,-0.5330396592617035
ddqn,2026,2327,28786,-10.32,32,0,1,0.5442216666666666,0.001539952150778845,-0.9467225149273872
ddqn,2026,2328,28810,-10.24,24,0,1,0.5438416666666667,0.001934218598762527,-0.9421854366858801
ddqn,2026,2329,28826,-10.16,16,0,1,0.5435883333333333,0.0017732416454236954,-0.8798103034496307
ddqn,2026,2330,28829,-10.03,3,0,1,0.5435408333333334,0.0029769486282020807,-0.7842140197753906
ddqn,2026,2331,28856,-10.27,27,0,1,0.5431133333333333,0.04519907276595144,-0.7676682110343661
ddqn,2026,2332,28881,-10.25,25,0,1,0.5427175,0.0020360669877845794,-0.6743772998452187
ddqn,2026,2333,28891,-10.1,10,0,1,0.5425591666666667,0.1563475257717073,-0.4054296091198921
ddqn,2026,2334,28918,-10.27,27,0,1,0.5421316666666667,0.0038616085408388506,-0.7859182783535549
ddqn,2026,2335,28960,-10.42,42,0,1,0.5414666666666667,0.004970441368641332,-0.9627960920333862
ddqn,2026,2336,28963,-10.03,3,0,1,0.5414191666666667,,
ddqn,2026,2337,29002,-10.39,39,0,1,0.5408016666666666,0.0027743005310185255,-0.767497618496418
ddqn,2026,2338,29037,-10.35,35,0,1,0.5402475,0.003120977480042105,-0.7470148834917281
ddqn,2026,2339,29041,-10.04,4,0,1,0.5401841666666667,0.0006616371683776379,-0.7605090141296387
ddqn,2026,2340,29072,-10.31,31,0,1,0.5396933333333334,0.0015939189688651823,-0.7904489785432816
ddqn,2026,2341,29086,-10.14,14,0,1,0.5394716666666667,0.0009440587309654802,-0.8114768266677856
ddqn,2026,2342,29097,-10.11,11,0,1,0.5392975,0.0024440036116478345,-0.5113241275151571
ddqn,2026,2343,29107,-10.1,10,0,1,0.5391391666666667,0.0009277811623178422,-0.9467368721961975
ddqn,2026,2344,29112,-10.049999999999999,5,0,1,0.53906,0.0015391534034279175,-0.8498328924179077
ddqn,2026,2345,29146,-10.34,34,0,1,0.5385216666666667,0.0016711579664843157,-0.7997789680957794
ddqn,2026,2346,29150,-10.04,4,0,1,0.5384583333333334,0.0004360286984592676,-1.0838229656219482
ddqn,2026,2347,29155,-10.049999999999999,5,0,1,0.5383791666666666,0.0008906240109354258,-0.7681531310081482
ddqn,2026,2348,29278,-11.23,123,0,1,0.5364316666666666,0.0012520235332269822,-0.8698946468291744
ddqn,2026,2349,29458,-11.8,180,0,1,0.5335816666666666,0.0009766476848098035,-0.8135878562927246
ddqn,2026,2350,29463,-10.049999999999999,5,0,1,0.5335025,0.0006207372643984854,-0.761387825012207
ddqn,2026,2351,29470,-10.07,7,0,1,0.5333916666666667,0.0017200199072249234,-0.5185180902481079
ddqn,2026,2352,29482,-10.12,12,0,1,0.5332016666666667,0.0016709980360853176,-1.126740316549937
ddqn,2026,2353,29495,-10.129999999999999,13,0,1,0.5329958333333333,0.0008691153198014945,-0.7145436008771261
ddqn,2026,2354,29513,-10.18,18,0,1,0.5327108333333334,0.0003351110295625404,-0.634898665547371
ddqn,2026,2355,29558,-10.45,45,0,1,0.5319983333333334,0.0004465730030047284,-0.664380815896121
ddqn,2026,2356,29573,-10.15,15,0,1,0.5317608333333333,0.0004826582226087339,-0.8430663496255875
ddqn,2026,2357,29581,-10.08,8,0,1,0.5316341666666666,0.00010376988939242437,-0.2920704334974289
ddqn,2026,2358,29616,-10.35,35,0,1,0.53108,0.0006023563489887036,-0.6581881195306778
ddqn,2026,2359,29618,-10.02,2,0,1,0.5310483333333333,,
ddqn,2026,2360,29671,-10.53,53,0,1,0.5302091666666666,0.0005962056804072255,-0.8714923996191758
ddqn,2026,2361,29685,-10.14,14,0,1,0.5299875000000001,0.0008423898707405897,-0.8460219949483871
ddqn,2026,2362,29717,-10.32,32,0,1,0.5294808333333334,0.0005178184983378742,-0.741256020963192
ddqn,2026,2363,29807,-10.9,90,0,1,0.5280558333333334,0.0007230640615241348,-0.7929374006661501
ddqn,2026,2364,29824,-10.17,17,0,1,0.5277866666666666,0.06193086506100372,-1.0799528777599334
ddqn,2026,2365,29833,-10.09,9,0,1,0.5276441666666667,0.000805385468993336,-0.9056998491287231
ddqn,2026,2366,29838,-10.049999999999999,5,0,1,0.5275650000000001,0.0006600017659366131,-0.9037294983863831
ddqn,2026,2367,29864,-10.26,26,0,1,0.5271533333333334,0.0016274850931949914,-1.0632112196513586
ddqn,2026,2368,29947,-10.83,83,0,1,0.5258391666666666,0.015935938451002586,-0.8099190600216388
ddqn,2026,2369,29953,-10.06,6,0,1,0.5257441666666667,0.0015182152856141329,-0.7850318551063538
ddqn,2026,2370,29958,-10.049999999999999,5,0,1,0.525665,0.0007109991274774075,-0.6007533073425293
ddqn,2026,2371,29972,9.86,14,1,0,0.5254433333333334,0.002226841781521216,-1.0678833723068237
ddqn,2026,2372,29996,-10.24,24,0,1,0.5250633333333333,0.04981333613856501,-0.6777238696813583
ddqn,2026,2373,29998,-10.02,2,0,1,0.5250316666666667,,
ddqn,2026,2374,30022,-10.24,24,0,1,0.5246516666666667,0.04913984262384474,-0.8362225542465845
ddqn,2026,2375,30023,-10.01,1,0,1,0.5246358333333334,,
ddqn,2026,2376,30090,9.33,67,1,0,0.5235750000000001,0.020243458651855367,-0.9076675246743595
ddqn,2026,2377,30103,-10.129999999999999,13,0,1,0.5233691666666667,0.002425369069290658,-0.7919748028119405
ddqn,2026,2378,30105,-10.02,2,0,1,0.5233375,0.0026009446009993553,-0.62050461769104
ddqn,2026,2379,30109,-10.04,4,0,1,0.5232741666666667,0.00607885979115963,-1.1089437007904053
ddqn,2026,2380,30114,-10.049999999999999,5,0,1,0.5231950000000001,0.005424093455076218,-0.7545601725578308
ddqn,2026,2381,30117,-10.03,3,0,1,0.5231475000000001,0.0005706034135073423,-0.6139736771583557
ddqn,2026,2382,30228,-11.110000000000001,111,0,1,0.52139,0.002618362206184039,-0.7685461172035762
ddqn,2026,2383,30263,-10.35,35,0,1,0.5208358333333334,0.0010708949885156471,-0.5990367964841425
ddqn,2026,2384,30267,-10.04,4,0,1,0.5207725000000001,0.00025122190709225833,-0.45825546979904175
ddqn,2026,2385,30272,-10.049999999999999,5,0,1,0.5206933333333335,0.001783670246368274,-0.3924681693315506
ddqn,2026,2386,30278,-10.06,6,0,1,0.5205983333333333,0.00214572180993855,-1.0956541299819946
ddqn,2026,2387,30294,-10.16,16,0,1,0.5203450000000001,0.002084139807266183,-0.433587983250618
ddqn,2026,2388,30296,-10.02,2,0,1,0.5203133333333334,0.0005872356705367565,-0.767850399017334
ddqn,2026,2389,30309,-10.129999999999999,13,0,1,0.5201075000000001,0.001296286005526781,-1.0419949690500896
ddqn,2026,2390,30335,-10.26,26,0,1,0.5196958333333332,0.0022742961761347638,-0.729453906416893
ddqn,2026,2391,30379,-10.44,44,0,1,0.5189991666666667,0.03262249270284718,-0.6532697000286796
ddqn,2026,2392,30393,-10.14,14,0,1,0.5187775000000001,0.004129171196836978,-0.43398815765976906
ddqn,2026,2393,30401,-10.08,8,0,1,0.5186508333333333,0.006933420430868864,-0.8114780485630035
ddqn,2026,2394,30415,-10.14,14,0,1,0.5184291666666667,0.011294122242058316,-0.8207211544116338
ddqn,2026,2395,30520,-11.05,105,0,1,0.5167666666666666,0.03021191902506096,-0.7036454241584849
ddqn,2026,2396,30594,-10.74,74,0,1,0.515595,0.013272307804274734,-0.6759277929862341
ddqn,2026,2397,30606,-10.12,12,0,1,0.515405,0.004740596399642527,-0.7562876045703888
ddqn,2026,2398,30612,-10.06,6,0,1,0.51531,0.004316221573390067,-1.1694238185882568
ddqn,2026,2399,30632,9.8,20,1,0,0.5149933333333334,0.003079411352518946,-0.8242039322853089
ddqn,2026,2400,30704,-10.72,72,0,1,0.5138533333333333,0.0025828703720536497,-0.7201793673965666
ddqn,2026,2401,30706,-10.02,2,0,1,0.5138216666666666,,
ddqn,2026,2402,30707,-10.01,1,0,1,0.5138058333333333,,
ddqn,2026,2403,30728,-10.209999999999999,21,0,1,0.5134733333333333,0.05176864280171382,-0.7540932446718216
ddqn,2026,2404,30749,-10.209999999999999,21,0,1,0.5131408333333334,0.002302461536601186,-0.9413438200950622
ddqn,2026,2405,30776,-10.27,27,0,1,0.5127133333333334,0.0012697188732480364,-0.855677774974278
ddqn,2026,2406,30808,-10.32,32,0,1,0.5122066666666667,0.0014038538520253496,-0.799444854259491
ddqn,2026,2407,30811,-10.03,3,0,1,0.5121591666666667,,
ddqn,2026,2408,30813,-10.02,2,0,1,0.5121275000000001,0.00011482021363917738,-0.4510630965232849
ddqn,2026,2409,30867,-10.54,54,0,1,0.5112725,0.0012914118907736759,-0.7164432956622198
ddqn,2026,2410,30871,-10.04,4,0,1,0.5112091666666667,0.001694748061709106,-0.9280660152435303
ddqn,2026,2411,30913,-10.42,42,0,1,0.5105441666666667,0.0011413303529314528,-0.5926809175447985
ddqn,2026,2412,30943,-10.3,30,0,1,0.5100691666666666,0.0022291444391677423,-0.830693781375885
ddqn,2026,2413,30949,-10.06,6,0,1,0.5099741666666666,0.0009313143818872049,-0.6031084507703781
ddqn,2026,2414,30962,-10.129999999999999,13,0,1,0.5097683333333334,0.0024169525713659823,-0.9517868757247925
ddqn,2026,2415,30965,-10.03,3,0,1,0.5097208333333334,0.0036116926930844784,-1.2579798698425293
ddqn,2026,2416,30990,-10.25,25,0,1,0.509325,0.0008835348950621361,-0.5494349499543508
ddqn,2026,2417,31001,-10.11,11,0,1,0.5091508333333333,0.0010015526010344427,-1.1309187610944111
ddqn,2026,2418,31028,-10.27,27,0,1,0.5087233333333334,0.0011761555838997342,-0.8743592202663422
ddqn,2026,2419,31039,-10.11,11,0,1,0.5085491666666667,0.0006552229169756174,-0.38348113000392914
ddqn,2026,2420,31066,-10.27,27,0,1,0.5081216666666666,0.002839225105292696,-0.7167960149901254
ddqn,2026,2421,31070,-10.04,4,0,1,0.5080583333333333,0.0014557575341314077,-1.0836772918701172
ddqn,2026,2422,31073,-10.03,3,0,1,0.5080108333333333,0.001057732617482543,-0.46539098024368286
ddqn,2026,2423,31079,-10.06,6,0,1,0.5079158333333333,0.0005098306573927402,-0.3076438307762146
ddqn,2026,2424,31102,-10.23,23,0,1,0.5075516666666667,0.0021359397505875677,-0.6095201124747595
ddqn,2026,2425,31182,9.2,80,1,0,0.506285,0.0015528227406321094,-0.7900737792253494
ddqn,2026,2426,31225,-10.43,43,0,1,0.5056041666666667,0.0018627595471281727,-0.6982786736705087
ddqn,2026,2427,31231,-10.06,6,0,1,0.5055091666666667,0.002343439031392336,-1.0971636772155762
ddqn,2026,2428,31284,-10.53,53,0,1,0.5046700000000001,0.001705125198766057,-1.066053799220494
ddqn,2026,2429,31293,-10.09,9,0,1,0.5045275,0.00047008828551042825,-0.7621887028217316
ddqn,2026,2430,31297,-10.04,4,0,1,0.5044641666666667,0.0004409689863678068,-0.6021943092346191
ddqn,2026,2431,31316,-10.19,19,0,1,0.5041633333333333,0.00043525240034796296,-0.6726071953773498
ddqn,2026,2432,31348,-10.32,32,0,1,0.5036566666666666,0.00030922971745894756,-0.6077310871332884
ddqn,2026,2433,31370,-10.22,22,0,1,0.5033083333333332,0.00036063618026673796,-0.6729306697845459
ddqn,2026,2434,31380,-10.1,10,0,1,0.50315,0.0005220145443066334,-0.7110635836919149
ddqn,2026,2435,31385,-10.049999999999999,5,0,1,0.5030708333333334,0.0005259411409497261,-0.7578228116035461
ddqn,2026,2436,31389,-10.04,4,0,1,0.5030075,0.0005948811303824186,-0.9258340001106262
ddqn,2026,2437,31394,-10.049999999999999,5,0,1,0.5029283333333334,0.00023841364600230008,-0.6117952466011047
ddqn,2026,2438,31399,-10.049999999999999,5,0,1,0.5028491666666667,0.00011995072418358177,-0.45457640290260315
ddqn,2026,2439,31439,-10.4,40,0,1,0.5022158333333333,0.0008234930253820493,-0.7656345397233963
ddqn,2026,2440,31456,-10.17,17,0,1,0.5019466666666668,0.0003973044062149711,-0.6088792622089386
ddqn,2026,2441,31461,-10.049999999999999,5,0,1,0.5018675,0.00017151152133010328,-0.6107216477394104
ddqn,2026,2442,31511,9.5,50,1,0,0.5010758333333334,0.0004269926109069881,-0.6738419545193514
ddqn,2026,2443,31513,-10.02,2,0,1,0.5010441666666667,0.00013431385741569102,-0.6068138480186462
ddqn,2026,2444,31517,-10.04,4,0,1,0.5009808333333334,0.00029557093512266874,-0.6052706241607666
ddqn,2026,2445,31528,-10.11,11,0,1,0.5008066666666667,0.0003036884299945086,-0.8741897344589233
ddqn,2026,2446,31536,-10.08,8,0,1,0.50068,0.00032401880889665335,-0.6878849267959595
ddqn,2026,2447,31552,-10.16,16,0,1,0.5004266666666666,0.0005392707389546558,-0.5681187584996223
ddqn,2026,2448,31557,-10.049999999999999,5,0,1,0.5003475,6.630802090512589e-05,-0.4523553252220154
ddqn,2026,2449,31578,-10.209999999999999,21,0,1,0.5000150000000001,0.00016727945039747284,-0.8297852396965026
ddqn,2026,2450,31608,-10.3,30,0,1,0.49954,0.03828694697949686,-0.763997670263052
ddqn,2026,2451,31612,-10.04,4,0,1,0.4994766666666667,0.0008161928271874785,-0.9101229906082153
ddqn,2026,2452,31637,-10.25,25,0,1,0.4990808333333334,0.05059351296707367,-0.790483146905899
ddqn,2026,2453,31673,-10.36,36,0,1,0.49851083333333335,0.001702594742204787,-0.83306598994467
ddqn,2026,2454,31676,-10.03,3,0,1,0.49846333333333337,0.00038268184289336205,-0.2988065481185913
ddqn,2026,2455,31698,-10.22,22,0,1,0.4981150000000001,0.0018496869131922721,-0.8633566737174988
ddqn,2026,2456,31727,-10.29,29,0,1,0.4976558333333333,0.001151328898101513,-0.7661442330905369
ddqn,2026,2457,31731,-10.04,4,0,1,0.4975925,0.00041559862438589334,-0.29071444272994995
ddqn,2026,2458,31747,-10.16,16,0,1,0.49733916666666667,0.001832895344705321,-0.5234012678265572
ddqn,2026,2459,31763,-10.16,16,0,1,0.49708583333333334,0.001769247226548032,-0.7368027199991047
ddqn,2026,2460,31812,-10.49,49,0,1,0.49631000000000003,0.001440028086877786,-0.7385235726833344
ddqn,2026,2461,31837,-10.25,25,0,1,0.49591416666666677,0.0013167138677090406,-0.8749940693378448
ddqn,2026,2462,31862,-10.25,25,0,1,0.4955183333333333,0.0010573248146101832,-0.8989846607049307
ddqn,2026,2463,31873,-10.11,11,0,1,0.4953441666666667,0.000900314946193248,-0.8148665428161621
ddqn,2026,2464,31882,-10.09,9,0,1,0.49520166666666665,0.0007421735499519855,-0.7617819011211395
ddqn,2026,2465,31885,-10.03,3,0,1,0.4951541666666667,0.0009494660189375281,-0.9158344864845276
ddqn,2026,2466,31897,-10.12,12,0,1,0.49496416666666676,0.0005159194697625935,-0.615597645441691
ddqn,2026,2467,31935,-10.38,38,0,1,0.49436250000000004,0.000470194558147341,-0.8346103760931227
ddqn,2026,2468,31943,-10.08,8,0,1,0.4942358333333333,0.0009417873516213149,-0.4643106609582901
ddqn,2026,2469,31983,-10.4,40,0,1,0.49360250000000006,0.000529124150853022,-0.7665773183107376
ddqn,2026,2470,32005,-10.22,22,0,1,0.49325416666666666,0.053186083585994005,-0.6318747202555338
ddqn,2026,2471,32022,-10.17,17,0,1,0.4929850000000001,0.00025172008827212267,-0.6867346912622452
ddqn,2026,2472,32041,-10.19,19,0,1,0.4926841666666667,0.0007074139139149338,-0.7106709718704224
ddqn,2026,2473,32062,-10.209999999999999,21,0,1,0.49235166666666674,0.0005043517972808331,-0.8337380945682525
ddqn,2026,2474,32067,-10.049999999999999,5,0,1,0.4922725,0.2900989353656769,-0.760027289390564
ddqn,2026,2475,32077,-10.1,10,0,1,0.49211416666666674,0.0012132214275576796,-0.8183314800262451
ddqn,2026,2476,32082,-10.049999999999999,5,0,1,0.4920350000000001,0.00036292700679041445,-0.9341663718223572
ddqn,2026,2477,32096,-10.14,14,0,1,0.4918133333333333,0.00033003305725287646,-0.5003474280238152
ddqn,2026,2478,32103,-10.07,7,0,1,0.49170250000000004,0.0010491727152839303,-0.7746567726135254
ddqn,2026,2479,32106,-10.03,3,0,1,0.49165499999999995,8.222505857702345e-05,0.010690989904105663
ddqn,2026,2480,32113,-10.07,7,0,1,0.49154416666666667,0.0007719973509665579,-0.533327579498291
ddqn,2026,2481,32117,-10.04,4,0,1,0.49148083333333337,0.0001361998001812026,-0.6144306063652039
ddqn,2026,2482,32120,-10.03,3,0,1,0.4914333333333334,9.941151802195236e-05,-0.6140872240066528
ddqn,2026,2483,32133,-10.129999999999999,13,0,1,0.49122750000000004,0.0007283982655887181,-0.6191450357437134
ddqn,2026,2484,32198,-10.65,65,0,1,0.4901983333333334,0.0006451956801356573,-0.7534440705203451
ddqn,2026,2485,32207,-10.09,9,0,1,0.49005583333333336,0.0003567157400539145,-0.5375430285930634
ddqn,2026,2486,32241,-10.34,34,0,1,0.48951750000000005,0.03410026185641376,-0.8028376566039191
ddqn,2026,2487,32282,-10.41,41,0,1,0.48886833333333335,0.0011179929017089308,-0.9434053838253021
ddqn,2026,2488,32334,-10.52,52,0,1,0.48804499999999995,0.0006448765880822276,-0.6273604711660972
ddqn,2026,2489,32361,-10.27,27,0,1,0.48761750000000004,0.0007149101230814787,-0.8172173202037811
ddqn,2026,2490,32398,-10.37,37,0,1,0.48703166666666664,0.0010700171826303834,-1.0162240597936842
ddqn,2026,2491,32417,-10.19,19,0,1,0.48673083333333333,0.0004758411028888077,-0.8948246002197265
ddqn,2026,2492,32448,-10.31,31,0,1,0.4862400000000001,0.0006431600850191899,-1.006893239915371
ddqn,2026,2493,32457,-10.09,9,0,1,0.48609749999999996,0.0019199253292754292,-0.8662952780723572
ddqn,2026,2494,32460,-10.03,3,0,1,0.48605,8.536524546798319e-05,-0.30501624941825867
ddqn,2026,2495,32497,-10.37,37,0,1,0.4854641666666667,0.000837980108270939,-0.580020266585052
ddqn,2026,2496,32511,-10.14,14,0,1,0.4852425,0.0018069052700108539,-0.6577099561691284
ddqn,2026,2497,32599,-10.88,88,0,1,0.48384916666666666,0.0280608773933967,-0.8360834216529672
ddqn,2026,2498,32600,-10.01,1,0,1,0.48383333333333334,0.002410795073956251,-0.6046558022499084
ddqn,2026,2499,32681,-10.81,81,0,1,0.4825508333333334,0.018609190278220923,-0.9031463844701648
ddqn,2026,2500,32687,-10.06,6,0,1,0.4824558333333334,0.002880190033465624,-1.0910261869430542
ddqn,2026,2501,32697,-10.1,10,0,1,0.48229749999999993,0.0006762179740083715,-0.7718334794044495
ddqn,2026,2502,32702,-10.049999999999999,5,0,1,0.4822183333333333,0.00040211546001955867,-0.6090758442878723
ddqn,2026,2503,32712,-10.1,10,0,1,0.48206000000000004,0.10128551170540352,-0.8704575498898824
ddqn,2026,2504,32719,-10.07,7,0,1,0.48194916666666665,0.0006378749967552722,-0.4548916220664978
ddqn,2026,2505,32734,-10.15,15,0,1,0.48171166666666676,0.001055131113389507,-0.8533659502863884
ddqn,2026,2506,32743,-10.09,9,0,1,0.4815691666666667,0.0014917475928086787,-0.9405558705329895
ddqn,2026,2507,32750,-10.07,7,0,1,0.48145833333333343,0.0015322879771701992,-0.4554845690727234
ddqn,2026,2508,32762,-10.12,12,0,1,0.4812683333333333,0.0027206040588983646,-0.3977847596009572
ddqn,2026,2509,32766,-10.04,4,0,1,0.481205,0.0012826856691390276,-0.6259305477142334
ddqn,2026,2510,32792,-10.26,26,0,1,0.4807933333333334,0.0021661848461787614,-0.9248853027820587
ddqn,2026,2511,32814,-10.22,22,0,1,0.480445,0.0011693202308379115,-1.2515445828437806
ddqn,2026,2512,32817,-10.03,3,0,1,0.48039750000000003,0.00262574665248394,-1.3726284503936768
ddqn,2026,2513,32827,-10.1,10,0,1,0.48023916666666666,0.0002993743109982461,-0.46154314279556274
ddqn,2026,2514,32834,-10.07,7,0,1,0.4801283333333334,0.0012836476089432836,-1.1031556129455566
ddqn,2026,2515,32845,-10.11,11,0,1,0.4799541666666667,0.000799342766792203,-0.6669142047564188
ddqn,2026,2516,32858,-10.129999999999999,13,0,1,0.47974833333333333,0.0014581674380072702,-0.6171212395032247
ddqn,2026,2517,32911,-10.53,53,0,1,0.4789091666666667,0.000597096328419866,-0.518352549093274
ddqn,2026,2518,32966,-10.55,55,0,1,0.47803833333333334,0.02200299171142563,-0.7801696615559714
ddqn,2026,2519,32978,-10.12,12,0,1,0.47784833333333343,0.001446311711333692,-0.7301751772562662
ddqn,2026,2520,32984,-10.06,6,0,1,0.47775333333333336,0.0004632319032680243,-0.8476595878601074
ddqn,2026,2521,32988,-10.04,4,0,1,0.47769000000000006,0.0012615355663001537,-0.6060891151428223
ddqn,2026,2522,33065,-10.77,77,0,1,0.4764708333333333,0.001966471089154335,-0.7893209049576208
ddqn,2026,2523,33079,-10.14,14,0,1,0.4762491666666667,0.00280117429792881,-0.5480628311634064
ddqn,2026,2524,33157,-10.780000000000001,78,0,1,0.47501416666666674,0.0034828385018045084,-0.7380459792912006
ddqn,2026,2525,33159,-10.02,2,0,1,0.4749825000000001,,
ddqn,2026,2526,33179,-10.2,20,0,1,0.47466583333333334,0.0021089413843583316,-0.6564865708351135
ddqn,2026,2527,33196,-10.17,17,0,1,0.4743966666666667,0.0035596427507698534,-0.8126637458801269
ddqn,2026,2528,33240,-10.44,44,0,1,0.4737,0.001678561754736372,-0.7288633612069216
ddqn,2026,2529,33268,-10.28,28,0,1,0.47325666666666666,0.0017288508409235095,-0.7427805278982434
ddqn,2026,2530,33318,-10.5,50,0,1,0.472465,0.001545150530243215,-0.7591567859053612
ddqn,2026,2531,33319,-10.01,1,0,1,0.4724491666666667,,
ddqn,2026,2532,33323,-10.04,4,0,1,0.4723858333333334,0.001090105390176177,-0.7686548233032227
ddqn,2026,2533,33334,-10.11,11,0,1,0.4722116666666667,0.0003761738698813133,-0.739094873269399
ddqn,2026,2534,33352,-10.18,18,0,1,0.4719266666666667,0.0007756058243103325,-0.7238883018493653
ddqn,2026,2535,33356,-10.04,4,0,1,0.4718633333333334,0.002596581820398569,-0.6055213212966919
ddqn,2026,2536,33374,-10.18,18,0,1,0.4715783333333333,0.001191757502965629,-1.0713718682527542
ddqn,2026,2537,33380,-10.06,6,0,1,0.47148333333333337,0.00023899156076367944,-0.7088384032249451
ddqn,2026,2538,33414,-10.34,34,0,1,0.47094500000000006,0.000876340356626315,-0.6097876746207476
ddqn,2026,2539,33417,-10.03,3,0,1,0.4708975000000001,0.00013595979544334114,-0.7853090763092041
ddqn,2026,2540,33451,-10.34,34,0,1,0.47035916666666666,0.0007507413283747155,-0.7437593564391136
ddqn,2026,2541,33453,-10.02,2,0,1,0.4703275,0.0009469572687521577,-0.7745385766029358
ddqn,2026,2542,33472,-10.19,19,0,1,0.4700266666666667,0.00036658947356045247,-0.8145272612571717
ddqn,2026,2543,33481,-10.09,9,0,1,0.46988416666666666,0.0005354088789317757,-1.0164891183376312
ddqn,2026,2544,33513,-10.32,32,0,1,0.4693775,0.00039637607278564246,-0.5886364289326593
ddqn,2026,2545,33539,-10.26,26,0,1,0.4689658333333333,0.0002849199566602086,-0.6804221669832865
ddqn,2026,2546,33564,-10.25,25,0,1,0.46857000000000004,0.00028694035115352435,-0.607283102614539
ddqn,2026,2547,33601,-10.37,37,0,1,0.46798416666666665,0.0005531498690187517,-0.870265911022822
ddqn,2026,2548,33605,-10.04,4,0,1,0.46792083333333334,0.0008377460762858391,-1.5603389739990234
ddqn,2026,2549,33621,-10.16,16,0,1,0.4676675,0.0004512653758865781,-0.671672597527504
ddqn,2026,2550,33628,-10.07,7,0,1,0.46755666666666673,0.0004206712037557736,-0.7027813196182251
ddqn,2026,2551,33651,-10.23,23,0,1,0.4671925,0.0002389324436080642,-0.6582273840904236
ddqn,2026,2552,33672,-10.209999999999999,21,0,1,0.46685999999999994,0.0002256331675501618,-0.758390337228775
ddqn,2026,2553,33675,-10.03,3,0,1,0.46681249999999996,,
ddqn,2026,2554,33692,-10.17,17,0,1,0.4665433333333333,0.0003483426116872579,-0.8168514192104339
ddqn,2026,2555,33695,-10.03,3,0,1,0.46649583333333333,,
ddqn,2026,2556,33729,-10.34,34,0,1,0.4659575,0.0003175331706491609,-0.6268447604444292
ddqn,2026,2557,33739,-10.1,10,0,1,0.46579916666666665,0.0004153233749093488,-0.7854878306388855
ddqn,2026,2558,33741,-10.02,2,0,1,0.4657675,0.00017316227604169399,-0.16010691225528717
ddqn,2026,2559,33786,-10.45,45,0,1,0.465055,0.00036349390310616315,-0.7413087080825459
ddqn,2026,2560,33889,-11.030000000000001,103,0,1,0.46342416666666675,0.00042715914101930906,-0.7129166510242683
ddqn,2026,2561,33928,-10.39,39,0,1,0.4628066666666667,0.0003175266450853087,-0.9098358154296875
ddqn,2026,2562,33939,-10.11,11,0,1,0.4626325,0.00024433384533040226,-0.6197753846645355
ddqn,2026,2563,33971,-10.32,32,0,1,0.46212583333333335,0.0002046601412075688,-0.6299370247870684
ddqn,2026,2564,34013,-10.42,42,0,1,0.46146083333333343,0.00031739076737060464,-0.7272480515794914
ddqn,2026,2565,34023,-10.1,10,0,1,0.46130249999999995,0.0010334630278521217,-0.6336155831813812
ddqn,2026,2566,34026,-10.03,3,0,1,0.46125499999999997,0.00016405171481892467,-0.3309648036956787
ddqn,2026,2567,34059,-10.33,33,0,1,0.4607325,0.000603133803451783,-0.9242343902587891
ddqn,2026,2568,34062,-10.03,3,0,1,0.460685,5.3645017032977194e-05,-0.7884460091590881
ddqn,2026,2569,34077,-10.15,15,0,1,0.4604475000000001,0.00032840635321917944,-0.8265857100486755
ddqn,2026,2570,34089,-10.12,12,0,1,0.4602575,0.0006736757156128684,-0.7411492268244425
ddqn,2026,2571,34090,-10.01,1,0,1,0.46024166666666666,,
ddqn,2026,2572,34093,-10.03,3,0,1,0.4601941666666667,0.0005989400087855756,-0.7852882146835327
ddqn,2026,2573,34104,-10.11,11,0,1,0.46002,0.00022326175045842925,-0.5787356694539388
ddqn,2026,2574,34110,-10.06,6,0,1,0.45992500000000003,0.00047265688772313297,-0.9413552284240723
ddqn,2026,2575,34113,-10.03,3,0,1,0.45987750000000005,0.000232322869123891,-0.47797855734825134
ddqn,2026,2576,34121,-10.08,8,0,1,0.45975083333333333,5.099740155856125e-05,-0.47887641191482544
ddqn,2026,2577,34170,-10.49,49,0,1,0.458975,0.0002611447622863731,-0.7243084908307841
ddqn,2026,2578,34184,-10.14,14,0,1,0.45875333333333335,0.0007291167130460963,-0.7848490327596664
ddqn,2026,2579,34203,-10.19,19,0,1,0.45845250000000004,0.0018259037897223607,-1.2252298444509506
ddqn,2026,2580,34215,-10.12,12,0,1,0.4582625,0.0007184255421937754,-0.9917847514152527
ddqn,2026,2581,34230,-10.15,15,0,1,0.458025,0.0005004374725103844,-0.5983151346445084
ddqn,2026,2582,34243,-10.129999999999999,13,0,1,0.45781916666666667,0.0007632724106467018,-0.7286174893379211
ddqn,2026,2583,34275,-10.32,32,0,1,0.4573125,0.001592034586792579,-0.9235666878521442
ddqn,2026,2584,34286,-10.11,11,0,1,0.4571383333333333,0.001776839994514982,-1.0637820561726887
ddqn,2026,2585,34305,-10.19,19,0,1,0.4568375,0.0008779055060585961,-0.8754844784736633
ddqn,2026,2586,34330,-10.25,25,0,1,0.45644166666666663,0.0015785842939900856,-0.6648075878620148
ddqn,2026,2587,34334,-10.04,4,0,1,0.45637833333333333,0.0028284816071391106,-0.7735745310783386
ddqn,2026,2588,34338,-10.04,4,0,1,0.456315,0.0010729026980698109,-0.9369069337844849
ddqn,2026,2589,34378,-10.4,40,0,1,0.45568166666666676,0.0010814879773533904,-0.7112358480691909
ddqn,2026,2590,34384,-10.06,6,0,1,0.4555866666666667,0.00014877018838888034,-0.6404597461223602
ddqn,2026,2591,34405,-10.209999999999999,21,0,1,0.4552541666666666,0.0009769644238986075,-0.7837886989116669
ddqn,2026,2592,34421,-10.16,16,0,1,0.4550008333333334,0.0009675936125859153,-0.6798434853553772
ddqn,2026,2593,34443,-10.22,22,0,1,0.4546525000000001,0.0008831756364088506,-0.6627190232276916
ddqn,2026,2594,34448,-10.049999999999999,5,0,1,0.4545733333333333,0.0005630710948025808,-0.7103446125984192
ddqn,2026,2595,34462,-10.14,14,0,1,0.4543516666666667,0.0007257121033035219,-0.6926905115445455
ddqn,2026,2596,34476,-10.14,14,0,1,0.45413000000000003,0.0005595765032921918,-0.9434370547533035
ddqn,2026,2597,34484,-10.08,8,0,1,0.4540033333333334,0.0005206239002291113,-0.6382207572460175
ddqn,2026,2598,34494,-10.1,10,0,1,0.45384500000000005,0.0006600221677217633,-1.1111027002334595
ddqn,2026,2599,34529,-10.35,35,0,1,0.4532908333333333,0.0007310057893240204,-0.7355037563376956
ddqn,2026,2600,34551,-10.22,22,0,1,0.4529425,0.00037256861687637863,-0.9463971018791199
ddqn,2026,2601,34553,-10.02,2,0,1,0.4529108333333334,0.00025798153365030885,-0.6256662607192993
ddqn,2026,2602,34626,9.27,73,1,0,0.45175500000000013,0.00038044400975599676,-0.6332858088943694
ddqn,2026,2603,34631,-10.049999999999999,5,0,1,0.4516758333333333,0.0005691720289178193,-0.3177975118160248
ddqn,2026,2604,34645,-10.14,14,0,1,0.4514541666666667,0.00022336254187393934,-0.43986304849386215
ddqn,2026,2605,34678,-10.33,33,0,1,0.45093166666666673,0.000493423469379195,-0.7707944195717573
ddqn,2026,2606,34687,-10.09,9,0,1,0.4507891666666668,0.00038460544601548463,-0.5558115765452385
ddqn,2026,2607,34689,-10.02,2,0,1,0.4507574999999999,0.29226866364479065,-0.46189606189727783
ddqn,2026,2608,34721,-10.32,32,0,1,0.4502508333333334,0.004367109329905361,-0.5786582250148058
ddqn,2026,2609,34722,-10.01,1,0,1,0.45023500000000005,,
ddqn,2026,2610,34745,-10.23,23,0,1,0.44987083333333344,0.04983811008666331,-0.7644708752632141
ddqn,2026,2611,34778,-10.33,33,0,1,0.44934833333333335,0.006085333247028757,-0.8946304768323898
ddqn,2026,2612,34780,-10.02,2,0,1,0.4493166666666667,0.006062052678316832,-0.804678201675415
ddqn,2026,2613,34812,-10.32,32,0,1,0.44880999999999993,0.0030894400260876864,-0.7114352360367775
ddqn,2026,2614,34858,-10.46,46,0,1,0.4480816666666667,0.002135198256424205,-0.8465522852810946
ddqn,2026,2615,34918,-10.6,60,0,1,0.4471316666666667,0.0010301425325451418,-0.7280160486698151
ddqn,2026,2616,34934,-10.16,16,0,1,0.44687833333333327,0.0011401714873500168,-0.5816316977143288
ddqn,2026,2617,35004,-10.7,70,0,1,0.44577,0.0011578531682769405,-0.9319772356086307
ddqn,2026,2618,35022,-10.18,18,0,1,0.445485,0.0004925342109345365,-0.5598135069012642
ddqn,2026,2619,35031,-10.09,9,0,1,0.4453425000000001,0.00026003991297329776,-0.7297404110431671
ddqn,2026,2620,35053,-10.22,22,0,1,0.4449941666666667,0.0005361038056435063,-0.8851880679527918
ddqn,2026,2621,35074,-10.209999999999999,21,0,1,0.44466166666666673,0.0005744883230363485,-0.6414678417146206
ddqn,2026,2622,35082,-10.08,8,0,1,0.444535,0.0009791406337171793,-0.5744592845439911
ddqn,2026,2623,35098,-10.16,16,0,1,0.4442816666666667,0.0004457716495380737,-0.6030057966709137
ddqn,2026,2624,35108,-10.1,10,0,1,0.4441233333333334,0.000370021749404259,-0.7046602070331573
ddqn,2026,2625,35141,-10.33,33,0,1,0.44360083333333333,0.00044612220699491445,-0.8010183572769165
ddqn,2026,2626,35189,-10.48,48,0,1,0.44284083333333335,0.025890026955797413,-0.9151482731103897
ddqn,2026,2627,35211,-10.22,22,0,1,0.44249250000000007,0.0019295827369205654,-0.8108674168586731
ddqn,2026,2628,35216,-10.049999999999999,5,0,1,0.44241333333333344,0.0014233149122446775,-1.0986790657043457
ddqn,2026,2629,35233,-10.17,17,0,1,0.44214416666666667,0.06798110867021023,-0.756311908364296
ddqn,2026,2630,35249,-10.16,16,0,1,0.44189083333333334,0.0017028535257850308,-0.5256746113300323
ddqn,2026,2631,35256,-10.07,7,0,1,0.44178000000000006,0.0014329151017591357,-0.8202193230390549
ddqn,2026,2632,35323,-10.67,67,0,1,0.44071916666666666,0.003048108812436112,-0.7638420537114143
ddqn,2026,2633,35326,-10.03,3,0,1,0.4406716666666667,0.001359322457574308,-0.9602826237678528
ddqn,2026,2634,35339,-10.129999999999999,13,0,1,0.44046583333333333,0.00131556832153971,-0.48897306124369305
ddqn,2026,2635,35346,-10.07,7,0,1,0.44035500000000005,0.0019440462056081742,-0.8777637481689453
ddqn,2026,2636,35369,-10.23,23,0,1,0.43999083333333333,0.0017130660271504894,-0.7583978225787481
ddqn,2026,2637,35388,-10.19,19,0,1,0.43969,0.002965378703083843,-0.7661144435405731
ddqn,2026,2638,35402,-10.14,14,0,1,0.43946833333333335,0.0020131462176019945,-1.0112976630528767
ddqn,2026,2639,35408,-10.06,6,0,1,0.4393733333333334,0.002055038115940988,-0.3349790871143341
ddqn,2026,2640,35434,-10.26,26,0,1,0.4389616666666667,0.002424681471893564,-0.7284800261259079
ddqn,2026,2641,35455,-10.209999999999999,21,0,1,0.43862916666666674,0.0021610044641420245,-1.0563377857208252
ddqn,2026,2642,35469,-10.14,14,0,1,0.43840750000000006,0.0018617688183439896,-0.7210854589939117
ddqn,2026,2643,35478,-10.09,9,0,1,0.438265,0.0006725209532305598,-0.5689973831176758
ddqn,2026,2644,35483,-10.049999999999999,5,0,1,0.4381858333333333,0.000934218114707619,-0.8241392374038696
ddqn,2026,2645,35494,-10.11,11,0,1,0.4380116666666667,0.0007227880220549802,-0.5499592622121176
ddqn,2026,2646,35520,-10.26,26,0,1,0.4376000000000001,0.0022658417250828017,-0.8517532348632812
ddqn,2026,2647,35528,-10.08,8,0,1,0.4374733333333334,0.0004924971726723015,-0.39782048761844635
ddqn,2026,2648,35566,-10.38,38,0,1,0.43687166666666666,0.0015085861927622722,-0.6268128752708435
ddqn,2026,2649,35594,-10.28,28,0,1,0.4364283333333334,0.04157078150975784,-0.804733042206083
ddqn,2026,2650,35595,-10.01,1,0,1,0.4364125,,
ddqn,2026,2651,35614,-10.19,19,0,1,0.4361116666666667,0.0006518397654872388,-0.6754338681697846
ddqn,2026,2652,35631,-10.17,17,0,1,0.4358425,0.0012545532954391092,-0.6896821409463882
ddqn,2026,2653,35639,-10.08,8,0,1,0.4357158333333334,0.0009226490801665932,-0.71514493227005
ddqn,2026,2654,35655,-10.16,16,0,1,0.4354625000000001,0.0017680627352092415,-1.0419915914535522
ddqn,2026,2655,35657,-10.02,2,0,1,0.4354308333333333,3.779864346142858e-05,-0.3339746594429016
ddqn,2026,2656,35686,-10.29,29,0,1,0.43497166666666665,0.00021377388579172215,-0.6693010926246643
ddqn,2026,2657,35692,-10.06,6,0,1,0.4348766666666667,0.0005141123037901707,-0.802989274263382
ddqn,2026,2658,35700,-10.08,8,0,1,0.4347500000000001,0.0007678282490815036,-0.6372164189815521
ddqn,2026,2659,35724,-10.24,24,0,1,0.43437000000000003,0.05358460336477341,-1.0664840439955394
ddqn,2026,2660,35775,-10.51,51,0,1,0.4335625000000001,0.0244673412356254,-0.7823233803113302
ddqn,2026,2661,35807,-10.32,32,0,1,0.4330558333333333,0.0032820883716340177,-0.8832928575575352
ddqn,2026,2662,35813,-10.06,6,0,1,0.43296083333333335,0.00027351554308552295,-0.19243963807821274
ddqn,2026,2663,35831,-10.18,18,0,1,0.43267583333333337,0.0015892372175585479,-0.8798972070217133
ddqn,2026,2664,35847,-10.16,16,0,1,0.43242250000000004,0.07612048578448594,-0.8048266768455505
ddqn,2026,2665,35855,-10.08,8,0,1,0.4322958333333333,0.0018638234323589131,-0.8776271492242813
ddqn,2026,2666,35872,-10.17,17,0,1,0.43202666666666667,0.0006532613420858979,-0.6425008594989776
ddqn,2026,2667,35875,-10.03,3,0,1,0.4319791666666667,,
ddqn,2026,2668,35886,-10.11,11,0,1,0.4318050000000001,0.0018737023541082938,-0.6647588014602661
ddqn,2026,2669,35893,-10.07,7,0,1,0.4316941666666667,0.0013177715591154993,-0.5651354491710663
ddqn,2026,2670,35907,-10.14,14,0,1,0.43147250000000004,0.0012664919389256586,-0.5367345909277598
ddqn,2026,2671,35961,-10.54,54,0,1,0.4306175,0.001158179239220252,-0.7587527100528989
ddqn,2026,2672,35971,-10.1,10,0,1,0.4304591666666666,0.0004349998926045373,-0.33668865263462067
ddqn,2026,2673,36023,-10.52,52,0,1,0.42963583333333333,0.00092073198622809,-0.9130575886139503
ddqn,2026,2674,36042,-10.19,19,0,1,0.429335,0.00030532664677593855,-0.6198845624923706
ddqn,2026,2675,36072,-10.3,30,0,1,0.42886,0.0009418556473974604,-1.0196228474378586
ddqn,2026,2676,36096,-10.24,24,0,1,0.42847999999999997,0.0009940151867340319,-0.7338111673792204
ddqn,2026,2677,36109,-10.129999999999999,13,0,1,0.42827416666666673,0.0006144748088748505,-0.8548717896143595
ddqn,2026,2678,36129,-10.2,20,0,1,0.4279575000000001,0.0009563533167238347,-0.9954799890518189
ddqn,2026,2679,36161,-10.32,32,0,1,0.42745083333333334,0.00038708088686689734,-0.6134078130126
ddqn,2026,2680,36190,-10.29,29,0,1,0.42699166666666677,0.0003299145121543136,-0.717875042131969
ddqn,2026,2681,36214,-10.24,24,0,1,0.4266116666666666,0.0007194849555768693,-0.8059616486231486
ddqn,2026,2682,36239,-10.25,25,0,1,0.42621583333333335,0.0009654622263042256,-0.8595020671685537
ddqn,2026,2683,36264,-10.25,25,0,1,0.42582,0.00021613940303463357,-0.5851007210356849
ddqn,2026,2684,36270,-10.06,6,0,1,0.425725,0.00010696081153582782,-0.6506986618041992
ddqn,2026,2685,36286,-10.16,16,0,1,0.4254716666666667,0.0003058026159123983,-0.8858006596565247
ddqn,2026,2686,36323,-10.37,37,0,1,0.4248858333333333,0.0003951404926030793,-1.0682641863822937
ddqn,2026,2687,36350,-10.27,27,0,1,0.4244583333333334,0.0004461187459777908,-0.6954744032451085
ddqn,2026,2688,36392,-10.42,42,0,1,0.42379333333333336,0.0010274536947359923,-0.8495796458287672
ddqn,2026,2689,36425,-10.33,33,0,1,0.4232708333333334,0.000892949845365365,-0.7869323790073395
ddqn,2026,2690,36441,-10.16,16,0,1,0.42301750000000005,0.0005348481208784506,-1.0506332963705063
ddqn,2026,2691,36443,-10.02,2,0,1,0.4229858333333333,,
ddqn,2026,2692,36453,-10.1,10,0,1,0.4228275,0.000891316197036455,-0.7462362845738729
ddqn,2026,2693,36473,-10.2,20,0,1,0.4225108333333334,0.0005008094653021544,-1.0307052850723266
ddqn,2026,2694,36504,-10.31,31,0,1,0.42201999999999995,0.0013593527546618134,-0.7302740849554539
ddqn,2026,2695,36506,-10.02,2,0,1,0.4219883333333333,,
ddqn,2026,2696,36510,-10.04,4,0,1,0.421925,0.0003112455306109041,-0.8006248474121094
ddqn,2026,2697,36555,-10.45,45,0,1,0.4212125000000001,0.05779609745844606,-0.748546065254645
ddqn,2026,2698,36564,-10.09,9,0,1,0.42106999999999994,0.0029801082564517856,-0.8207677801450094
ddqn,2026,2699,36566,-10.02,2,0,1,0.4210383333333333,,
ddqn,2026,2700,36570,-10.04,4,0,1,0.420975,0.0017040944658219814,-0.6304731369018555
ddqn,2026,2701,36576,-10.06,6,0,1,0.42088000000000003,0.15977438166737556,-0.5557653307914734
ddqn,2026,2702,36583,-10.07,7,0,1,0.42076916666666664,0.006899431347846985,-0.9370231032371521
ddqn,2026,2703,36608,-10.25,25,0,1,0.4203733333333334,0.004201910616497376,-0.6314837762287685
ddqn,2026,2704,36610,-10.02,2,0,1,0.4203416666666667,,
ddqn,2026,2705,36615,-10.049999999999999,5,0,1,0.4202625000000001,0.0005642925971187651,-0.6646729707717896
ddqn,2026,2706,36618,-10.03,3,0,1,0.4202150000000001,0.0017330730333924294,-0.8307471871376038
ddqn,2026,2707,36635,-10.17,17,0,1,0.41994583333333335,0.0019464106590021402,-0.5797179788351059
ddqn,2026,2708,36636,-10.01,1,0,1,0.41993,0.005797815043479204,-0.915356457233429
ddqn,2026,2709,36679,-10.43,43,0,1,0.4192491666666668,0.0015525655850069596,-0.688136276602745
ddqn,2026,2710,36682,-10.03,3,0,1,0.4192016666666667,0.00016494307783432305,-0.4963904321193695
ddqn,2026,2711,36705,-10.23,23,0,1,0.4188375,0.0006803220603615046,-0.9157041807969412
ddqn,2026,2712,36739,-10.34,34,0,1,0.4182991666666668,0.00075159034349781,-0.7499462589621544
ddqn,2026,2713,36740,-10.01,1,0,1,0.41828333333333345,0.0006768986932002008,-0.8019901514053345
ddqn,2026,2714,36802,-10.620000000000001,62,0,1,0.4173016666666668,0.00037227194940593714,-0.7441787973046303
ddqn,2026,2715,36810,-10.08,8,0,1,0.41717499999999996,0.0008423966937698424,-0.658329039812088
ddqn,2026,2716,36824,-10.14,14,0,1,0.4169533333333333,0.00032244274552795105,-0.6891635209321976
ddqn,2026,2717,36831,-10.07,7,0,1,0.4168425,0.00012740334204863757,-0.8118813037872314
ddqn,2026,2718,36856,-10.25,25,0,1,0.41644666666666674,0.0002599647289441366,-0.7399892679282597
ddqn,2026,2719,36859,-10.03,3,0,1,0.41639916666666676,,
ddqn,2026,2720,36861,-10.02,2,0,1,0.4163675000000001,0.00010105194814968854,-0.8114117980003357
ddqn,2026,2721,36866,-10.049999999999999,5,0,1,0.41628833333333326,0.0010216468945145607,-1.1177219152450562
ddqn,2026,2722,36896,-10.3,30,0,1,0.41581333333333337,0.0006690713425996364,-0.6927474848926067
ddqn,2026,2723,36902,-10.06,6,0,1,0.4157183333333334,0.0005329286213964224,-0.6499434113502502
ddqn,2026,2724,36913,-10.11,11,0,1,0.4155441666666667,0.0007477094186469913,-0.7501166661580404
ddqn,2026,2725,36969,-10.56,56,0,1,0.4146575,0.00042778315972619955,-0.7958070976393563
ddqn,2026,2726,36977,-10.08,8,0,1,0.4145308333333334,0.000573660887312144,-0.502044141292572
ddqn,2026,2727,37008,-10.31,31,0,1,0.41403999999999996,0.03753645098549896,-0.7851124741137028
ddqn,2026,2728,37038,-10.3,30,0,1,0.41356500000000007,0.0005527734943565779,-0.7305452270167214
ddqn,2026,2729,37068,-10.3,30,0,1,0.41308999999999996,0.039133822145231534,-0.6000438369810581
ddqn,2026,2730,37089,-10.209999999999999,21,0,1,0.4127575,0.0007933667046017944,-0.851147985458374
ddqn,2026,2731,37097,-10.08,8,0,1,0.4126308333333334,0.0015674713649787009,-0.9108090400695801
ddqn,2026,2732,37106,-10.09,9,0,1,0.41248833333333346,0.0019147678976878524,-0.9488511085510254
ddqn,2026,2733,37121,-10.15,15,0,1,0.41225083333333334,0.0009368097671540454,-0.7445167005062103
ddqn,2026,2734,37242,-11.21,121,0,1,0.410335,0.010915938729037103,-0.7002342532078425
ddqn,2026,2735,37258,-10.16,16,0,1,0.4100816666666667,0.07167214732908178,-0.891169548034668
ddqn,2026,2736,37299,-10.41,41,0,1,0.4094325,0.031723479677020806,-0.8862764596939087
ddqn,2026,2737,37308,-10.09,9,0,1,0.40929000000000004,0.0017276745444784563,-0.4557969371477763
ddqn,2026,2738,37323,-10.15,15,0,1,0.40905250000000004,0.0024343638021188476,-0.6812611619631449
ddqn,2026,2739,37329,-10.06,6,0,1,0.4089575000000001,0.0017419038922525942,-0.5596618801355362
ddqn,2026,2740,37365,-10.36,36,0,1,0.4083875,0.03485443506441596,-0.8264293107721541
ddqn,2026,2741,37395,-10.3,30,0,1,0.4079125,0.0027467992227424736,-0.7561143721852984
ddqn,2026,2742,37497,-11.02,102,0,1,0.4062975,0.00252889912091912,-0.7875396758317947
ddqn,2026,2743,37525,-10.28,28,0,1,0.40585416666666674,0.04682624552931104,-1.1000269651412964
ddqn,2026,2744,37536,-10.11,11,0,1,0.40568000000000004,0.001922800865334769,-0.8110438684622446
ddqn,2026,2745,37617,-10.81,81,0,1,0.4043975000000001,0.015482810653338674,-0.6933719888329506
ddqn,2026,2746,37623,-10.06,6,0,1,0.4043025,0.0015265261754393578,-0.9559992551803589
ddqn,2026,2747,37629,-10.06,6,0,1,0.40420750000000005,0.004996899515390396,-1.0202468484640121
ddqn,2026,2748,37669,-10.4,40,0,1,0.4035741666666667,0.003188842732924968,-0.7758522123098374
ddqn,2026,2749,37677,-10.08,8,0,1,0.40344750000000007,0.0009627295366954058,-0.5029341876506805
ddqn,2026,2750,37775,-10.98,98,0,1,0.40189583333333334,0.004756844915391412,-0.817886101702849
ddqn,2026,2751,37778,-10.03,3,0,1,0.40184833333333336,0.00127418281044811,-0.7944576740264893
ddqn,2026,2752,37790,-10.12,12,0,1,0.40165833333333334,0.0038899260883529982,-0.9782345692316691
ddqn,2026,2753,37797,-10.07,7,0,1,0.40154750000000006,0.0026084560086019337,-0.8365117907524109
ddqn,2026,2754,37803,-10.06,6,0,1,0.4014525,0.0002890202740672976,-0.6586604118347168
ddqn,2026,2755,37822,-10.19,19,0,1,0.4011516666666667,0.0013298169593326747,-0.7408320724964141
ddqn,2026,2756,37854,-10.32,32,0,1,0.40064500000000003,0.0826388772984501,-0.9772694036364555
ddqn,2026,2757,37864,-10.1,10,0,1,0.40048666666666666,0.008646670263260603,-0.7036146322886149
ddqn,2026,2758,37867,-10.03,3,0,1,0.4004391666666667,,
ddqn,2026,2759,37885,-10.18,18,0,1,0.4001541666666667,0.022026152163743973,-0.9775023818016052
ddqn,2026,2760,37887,-10.02,2,0,1,0.40012250000000005,,
ddqn,2026,2761,37910,-10.23,23,0,1,0.3997583333333333,0.013674948985377947,-0.7666991005341212
ddqn,2026,2762,37914,-10.04,4,0,1,0.399695,0.05686178058385849,-1.5923125743865967
ddqn,2026,2763,37958,-10.44,44,0,1,0.39899833333333334,0.030964438507164068,-0.6383917995474555
ddqn,2026,2764,37971,-10.129999999999999,13,0,1,0.3987925,0.0026130074014266333,-0.9561348954836527
ddqn,2026,2765,37974,-10.03,3,0,1,0.398745,0.001136727281846106,-0.5065950751304626
ddqn,2026,2766,37981,-10.07,7,0,1,0.39863416666666673,0.006039398023858666,-1.0741819739341736
ddqn,2026,2767,38004,-10.23,23,0,1,0.39827,0.0017128478454348321,-0.7849379256367683
ddqn,2026,2768,38031,-10.27,27,0,1,0.3978425,0.006102888723641324,-0.9662962158521017
ddqn,2026,2769,38051,-10.2,20,0,1,0.39752583333333336,0.005709320236928761,-1.189573073387146
ddqn,2026,2770,38054,-10.03,3,0,1,0.3974783333333334,0.0029457323253154755,-1.2975127696990967
ddqn,2026,2771,38093,-10.39,39,0,1,0.39686083333333333,0.01258934858487919,-0.7981099843978882
ddqn,2026,2772,38108,-10.15,15,0,1,0.3966233333333333,0.010556246212217957,-0.538967676460743
ddqn,2026,2773,38120,-10.12,12,0,1,0.3964333333333334,0.012628981533149878,-0.7471666932106018
ddqn,2026,2774,38137,-10.17,17,0,1,0.39616416666666665,0.007286051870323718,-0.8571322709321976
ddqn,2026,2775,38159,-10.22,22,0,1,0.39581583333333337,0.06288414746522904,-1.138571524620056
ddqn,2026,2776,38164,-10.049999999999999,5,0,1,0.39573666666666674,0.007239122875034809,-1.1299456357955933
ddqn,2026,2777,38171,-10.07,7,0,1,0.39562583333333334,0.0012528818333521485,-0.20981928706169128
ddqn,2026,2778,38248,-10.77,77,0,1,0.3944066666666667,0.006230681226588786,-0.6545301886275411
ddqn,2026,2779,38250,-10.02,2,0,1,0.39437500000000003,,
ddqn,2026,2780,38254,-10.04,4,0,1,0.3943116666666667,0.013119230046868324,-0.5580371022224426
ddqn,2026,2781,38264,-10.1,10,0,1,0.39415333333333336,0.004887376291056474,-0.8004117012023926
ddqn,2026,2782,38272,-10.08,8,0,1,0.39402666666666664,0.008712169714272022,-0.9974928796291351
ddqn,2026,2783,38277,-10.049999999999999,5,0,1,0.3939475,0.0023213049862533808,-0.823566198348999
ddqn,2026,2784,38279,-10.02,2,0,1,0.39391583333333335,,
ddqn,2026,2785,38284,-10.049999999999999,5,0,1,0.3938366666666667,0.004791420011315495,-0.4492478519678116
ddqn,2026,2786,38286,-10.02,2,0,1,0.39380500000000007,,
ddqn,2026,2787,38294,-10.08,8,0,1,0.39367833333333335,0.0049745404394343495,-0.5264773964881897
ddqn,2026,2788,38299,-10.049999999999999,5,0,1,0.3935991666666667,0.006471723783761263,-0.6842949390411377
ddqn,2026,2789,38311,-10.12,12,0,1,0.3934091666666667,0.008008124772459269,-0.9060240189234415
ddqn,2026,2790,38321,-10.1,10,0,1,0.3932508333333333,0.010747444039831558,-0.7130638559659322
ddqn,2026,2791,38326,-10.049999999999999,5,0,1,0.3931716666666667,0.004161941818892956,-0.5259793400764465
ddqn,2026,2792,38332,-10.06,6,0,1,0.39307666666666663,0.03172414191067219,-1.3819606304168701
ddqn,2026,2793,38386,-10.54,54,0,1,0.3922216666666667,0.005876599336401201,-0.751648371036236
ddqn,2026,2794,38415,-10.29,29,0,1,0.3917625,0.004755013023636171,-0.9566735114370074
ddqn,2026,2795,38462,-10.47,47,0,1,0.39101833333333336,0.0029591089478344657,-0.7968630169828733
ddqn,2026,2796,38463,-10.01,1,0,1,0.39100250000000003,,
ddqn,2026,2797,38473,-10.1,10,0,1,0.39084416666666666,0.0019923459040001035,-1.0095784266789753
ddqn,2026,2798,38512,-10.39,39,0,1,0.3902266666666667,0.03137026951881126,-0.7324672281742096
ddqn,2026,2799,38532,-10.2,20,0,1,0.3899100000000001,0.006369276880286634,-0.9029433012008667
ddqn,2026,2800,38557,-10.25,25,0,1,0.3895141666666667,0.005418481305241585,-0.6824634671211243
ddqn,2026,2801,38581,-10.24,24,0,1,0.38913416666666667,0.05034751328639686,-0.7826179365317026
ddqn,2026,2802,38637,-10.56,56,0,1,0.38824749999999997,0.00325411040518832,-0.7588155737945012
ddqn,2026,2803,38644,-10.07,7,0,1,0.3881366666666667,0.0028741051792167127,-0.5099053680896759
ddqn,2026,2804,38667,-10.23,23,0,1,0.3877725000000001,0.001555487874429673,-0.7470983117818832
ddqn,2026,2805,38697,-10.3,30,0,1,0.38729749999999996,0.03799057066134992,-0.6236128620803356
ddqn,2026,2806,38721,-10.24,24,0,1,0.3869175,0.002386935375398025,-0.8789778451124827
ddqn,2026,2807,38729,-10.08,8,0,1,0.3867908333333334,0.005236927652731538,-1.2602549195289612
ddqn,2026,2808,38745,-10.16,16,0,1,0.3865375,0.0039027647726470605,-0.5394157692790031
ddqn,2026,2809,38781,-10.36,36,0,1,0.3859675,0.002339437862651216,-0.6792292926046584
ddqn,2026,2810,38802,-10.209999999999999,21,0,1,0.38563499999999995,0.001917292841244489,-0.8050834894180298
ddqn,2026,2811,38808,-10.06,6,0,1,0.38554,0.000826675066491589,-0.33734080940485
ddqn,2026,2812,38847,-10.39,39,0,1,0.38492250000000006,0.0013714599060929483,-0.5956784453656938
ddqn,2026,2813,38851,-10.04,4,0,1,0.38485916666666675,0.0015277424827218056,-1.1257624626159668
ddqn,2026,2814,38855,-10.04,4,0,1,0.38479583333333345,0.001650883350521326,-1.2795963287353516
ddqn,2026,2815,38918,-10.63,63,0,1,0.38379833333333346,0.021023996985604754,-0.7597507461905479
ddqn,2026,2816,38988,-10.7,70,0,1,0.38269,0.0012433728552423418,-0.5808452376061015
ddqn,2026,2817,38996,-10.08,8,0,1,0.38256333333333337,0.002062676183413714,-0.9852355718612671
ddqn,2026,2818,39009,-10.129999999999999,13,0,1,0.3823575,0.0011052013336059947,-0.6106969118118286
ddqn,2026,2819,39082,-10.73,73,0,1,0.38120166666666666,0.0013532352135775404,-0.7448774311277602
ddqn,2026,2820,39136,-10.54,54,0,1,0.3803466666666667,0.005165260939975269,-0.8339411541819572
ddqn,2026,2821,39153,-10.17,17,0,1,0.38007750000000007,0.004042202257551253,-0.7747576534748077
ddqn,2026,2822,39203,-10.5,50,0,1,0.37928583333333343,0.002139565365117354,-0.7942495296398798
ddqn,2026,2823,39251,-10.48,48,0,1,0.37852583333333334,0.001521435303099376,-0.7572443249324957
ddqn,2026,2824,39317,-10.66,66,0,1,0.3774808333333334,0.0014456952999085735,-0.8132204089094611
ddqn,2026,2825,39337,-10.2,20,0,1,0.37716416666666674,0.003122890053782612,-0.6960669308900833
ddqn,2026,2826,39345,-10.08,8,0,1,0.3770375,0.0011184124377905391,-0.45495131239295006
ddqn,2026,2827,39376,-10.31,31,0,1,0.3765466666666667,0.003508529145619832,-0.6348333992063999
ddqn,2026,2828,39381,-10.049999999999999,5,0,1,0.37646750000000007,0.0033722231164574623,-1.0220766067504883
ddqn,2026,2829,39389,-10.08,8,0,1,0.37634083333333335,0.00349004112649709,-0.7575839161872864
ddqn,2026,2830,39549,-11.600000000000001,160,0,1,0.37380750000000007,0.008858655676158378,-0.7210928156971932
ddqn,2026,2831,39582,-10.33,33,0,1,0.3732850000000001,0.002959898949484341,-0.784469835460186
ddqn,2026,2832,39603,-10.209999999999999,21,0,1,0.3729525,0.0012333015096373857,-0.9762313485145568
ddqn,2026,2833,39693,-10.9,90,0,1,0.3715275,0.0016400787799679877,-0.7566815938638605
ddqn,2026,2834,39698,-10.049999999999999,5,0,1,0.3714483333333334,0.0005218100268393755,-1.1351866722106934
ddqn,2026,2835,39705,-10.07,7,0,1,0.3713375000000001,0.0004301023145671934,-0.7593258023262024
ddqn,2026,2836,39713,-10.08,8,0,1,0.37121083333333327,0.0006292651960393414,-0.37180089950561523
ddqn,2026,2837,39717,-10.04,4,0,1,0.37114749999999996,0.00130352727137506,-0.9902197122573853
ddqn,2026,2838,39734,-10.17,17,0,1,0.3708783333333333,0.0009681654773885384,-0.7424769625067711
ddqn,2026,2839,39765,-10.31,31,0,1,0.3703875000000001,0.0006319461135717575,-0.8511871658265591
ddqn,2026,2840,39766,-10.01,1,0,1,0.37037166666666677,,
ddqn,2026,2841,39768,-10.02,2,0,1,0.3703400000000001,0.00023016476188786328,-0.8355685472488403
ddqn,2026,2842,39818,-10.5,50,0,1,0.36954833333333337,0.00038205979217309505,-0.6995903452237447
ddqn,2026,2843,39826,-10.08,8,0,1,0.36942166666666676,0.00036769037251360714,-0.519874207675457
ddqn,2026,2844,39872,-10.46,46,0,1,0.36869333333333343,0.00047586249517432105,-0.6870141550898552
ddqn,2026,2845,39878,-10.06,6,0,1,0.36859833333333336,0.00027871521888300776,-0.5133026838302612
ddqn,2026,2846,39886,-10.08,8,0,1,0.36847166666666675,0.0008133955125231296,-1.0633701086044312
ddqn,2026,2847,39888,-10.02,2,0,1,0.3684400000000001,0.0001593496708665043,-0.21269333362579346
ddqn,2026,2848,39915,-10.27,27,0,1,0.3680125000000001,0.000499211106216535,-0.6513108611106873
ddqn,2026,2849,39962,-10.47,47,0,1,0.3672683333333333,0.0005560905434928524,-0.7359937032063802
ddqn,2026,2850,39991,-10.29,29,0,1,0.36680916666666674,0.0005282946409092151,-0.8061854243278503
ddqn,2026,2851,39997,-10.06,6,0,1,0.3667141666666667,0.0006454608083004132,-0.8283092081546783
ddqn,2026,2852,40012,-10.15,15,0,1,0.3664766666666667,0.06879683610895881,-0.8337273150682449
ddqn,2026,2853,40040,-10.28,28,0,1,0.3660333333333333,0.0017148638913308137,-0.7235435673168727
ddqn,2026,2854,40062,-10.22,22,0,1,0.36568500000000004,0.0007359041192103177,-0.5630741447210312
ddqn,2026,2855,40075,-10.129999999999999,13,0,1,0.3654791666666667,0.0006479053117800504,-0.7519429723421732
ddqn,2026,2856,40099,-10.24,24,0,1,0.36509916666666664,0.0006620505992032122,-0.720958818991979
ddqn,2026,2857,40101,-10.02,2,0,1,0.3650675,0.0008550689090043306,-1.160313606262207
ddqn,2026,2858,40103,-10.02,2,0,1,0.36503583333333334,,
ddqn,2026,2859,40161,-10.58,58,0,1,0.3641175,0.019080568867502735,-0.8977540930112203
ddqn,2026,2860,40176,-10.15,15,0,1,0.3638800000000001,0.0013092082408547867,-0.8522432744503021
ddqn,2026,2861,40181,-10.049999999999999,5,0,1,0.36380083333333335,0.0003050804079975933,-0.8648235201835632
ddqn,2026,2862,40214,-10.33,33,0,1,0.36327833333333337,0.0011873710946019855,-0.5426167557016015
ddqn,2026,2863,40237,-10.23,23,0,1,0.36291416666666676,0.0011852509924210608,-0.7480392058690389
ddqn,2026,2864,40289,9.48,52,1,0,0.36209083333333336,0.0008343187241385189,-0.874115315767435
ddqn,2026,2865,40293,-10.04,4,0,1,0.36202750000000006,0.0005938761169090867,-0.6862504482269287
ddqn,2026,2866,40355,-10.620000000000001,62,0,1,0.3610458333333334,0.0009119262763609489,-0.7578952113787333
ddqn,2026,2867,40369,-10.14,14,0,1,0.3608241666666667,0.000751629351725569,-0.8635462820529938
ddqn,2026,2868,40374,-10.049999999999999,5,0,1,0.360745,0.0004985994892194867,-0.8634961843490601
ddqn,2026,2869,40415,-10.41,41,0,1,0.3600958333333334,0.0005272123933536931,-0.7068332552909851
ddqn,2026,2870,40439,-10.24,24,0,1,0.35971583333333335,0.000290200971600522,-0.4920184674362342
ddqn,2026,2871,40452,-10.129999999999999,13,0,1,0.35951,0.0006998734679655172,-0.7984660714864731
ddqn,2026,2872,40473,-10.209999999999999,21,0,1,0.35917750000000004,0.0006792651664000004,-0.9122748255729676
ddqn,2026,2873,40500,-10.27,27,0,1,0.35875,0.00022148497893275426,-0.6499593130179814
ddqn,2026,2874,40519,-10.19,19,0,1,0.3584491666666667,0.0004456716342247091,-1.0818073749542236
ddqn,2026,2875,40526,-10.07,7,0,1,0.3583383333333333,0.0004073409509146586,-0.6198914051055908
ddqn,2026,2876,40539,-10.129999999999999,13,0,1,0.3581325000000001,0.0002974603994516656,-0.8981293638547262
ddqn,2026,2877,40565,-10.26,26,0,1,0.3577208333333334,0.00030578809258128913,-0.8080362975597382
ddqn,2026,2878,40568,-10.03,3,0,1,0.3576733333333333,0.0003983221249654889,-0.8470205664634705
ddqn,2026,2879,40622,-10.54,54,0,1,0.35681833333333335,0.0003181884894729592,-0.7430348637012335
ddqn,2026,2880,40657,-10.35,35,0,1,0.3562641666666667,0.0003490265456396931,-0.8137746254603068
ddqn,2026,2881,40684,-10.27,27,0,1,0.3558366666666667,0.0005791085921893162,-0.8673478833266667
ddqn,2026,2882,40686,-10.02,2,0,1,0.35580500000000004,,
ddqn,2026,2883,40691,-10.049999999999999,5,0,1,0.3557258333333333,0.0008400902734138072,-0.5568516254425049
ddqn,2026,2884,40760,-10.69,69,0,1,0.35463333333333336,0.017953345865357226,-0.6507871333095763
ddqn,2026,2885,40788,-10.28,28,0,1,0.3541900000000001,0.002310503615132932,-0.8048876183373588
ddqn,2026,2886,40827,-10.39,39,0,1,0.35357250000000007,0.0032862088474858967,-0.6979827847745683
ddqn,2026,2887,40834,-10.07,7,0,1,0.3534616666666667,0.0070617059245705605,-0.9647480845451355
ddqn,2026,2888,40853,-10.19,19,0,1,0.35316083333333337,0.003316087042912841,-0.5279246985912323
ddqn,2026,2889,40856,-10.03,3,0,1,0.3531133333333334,0.006628655828535557,-1.025888204574585
ddqn,2026,2890,40902,-10.46,46,0,1,0.35238500000000006,0.004632543555503203,-0.790617661042647
ddqn,2026,2891,40969,-10.67,67,0,1,0.35132416666666677,0.002957553999936756,-0.7432744148022988
ddqn,2026,2892,40993,-10.24,24,0,1,0.3509441666666667,0.04745356999531699,-0.8653605580329895
ddqn,2026,2893,41056,-10.63,63,0,1,0.34994666666666663,0.018009793032433663,-0.9056944102048874
ddqn,2026,2894,41101,-10.45,45,0,1,0.3492341666666666,0.0013633276116293432,-0.7805133218115027
ddqn,2026,2895,41159,-10.58,58,0,1,0.3483158333333334,0.000792302934444576,-0.920590626341956
ddqn,2026,2896,41162,-10.03,3,0,1,0.3482683333333333,0.00033837551018223166,-0.2446499466896057
ddqn,2026,2897,41207,-10.45,45,0,1,0.3475558333333334,0.0008560450263427232,-0.9051235074346716
ddqn,2026,2898,41248,-10.41,41,0,1,0.3469066666666667,0.0005818857885473831,-0.8780242692340504
ddqn,2026,2899,41257,-10.09,9,0,1,0.34676416666666676,0.000583761662710458,-0.8717308938503265
ddqn,2026,2900,41269,-10.12,12,0,1,0.34657416666666674,0.0006582280960477268,-0.8624801834424337
ddqn,2026,2901,41275,-10.06,6,0,1,0.3464791666666668,0.0004993393085896969,-1.022525668144226
ddqn,2026,2902,41293,-10.18,18,0,1,0.3461941666666667,0.00021439598422148264,-0.5506317794322968
ddqn,2026,2903,41296,-10.03,3,0,1,0.3461466666666667,4.101762533537112e-05,-0.24563713371753693
ddqn,2026,2904,41311,-10.15,15,0,1,0.3459091666666667,0.0920828716965237,-1.0053221384684246
ddqn,2026,2905,41318,-10.07,7,0,1,0.34579833333333343,0.0005972417893644888,-0.6263927221298218
ddqn,2026,2906,41321,-10.03,3,0,1,0.34575083333333334,0.0005429323064163327,-1.6457440853118896
ddqn,2026,2907,41323,-10.02,2,0,1,0.3457191666666667,,
ddqn,2026,2908,41346,-10.23,23,0,1,0.34535499999999997,0.000372966613213066,-0.8401672020554543
ddqn,2026,2909,41357,-10.11,11,0,1,0.3451808333333334,0.0009314368847602358,-0.6498602827390035
ddqn,2026,2910,41408,-10.51,51,0,1,0.3443733333333333,0.004340489735253728,-0.9423038776104267
ddqn,2026,2911,41416,-10.08,8,0,1,0.3442466666666667,0.0027024647570215166,-0.9691053032875061
ddqn,2026,2912,41458,-10.42,42,0,1,0.3435816666666668,0.002958214396494441,-0.8829381912946701
ddqn,2026,2913,41480,-10.22,22,0,1,0.3432333333333334,0.05023416456727622,-0.9099768102169037
ddqn,2026,2914,41502,-10.22,22,0,1,0.342885,0.002556848665699363,-0.9150710344314575
ddqn,2026,2915,41553,-10.51,51,0,1,0.34207750000000003,0.0028688204273259123,-0.7028818336816934
ddqn,2026,2916,41584,-10.31,31,0,1,0.3415866666666666,0.0030135203851386905,-0.7479961812496185
ddqn,2026,2917,41648,-10.64,64,0,1,0.3405733333333333,0.0009475780052525806,-0.6892242697067559
ddqn,2026,2918,41662,-10.14,14,0,1,0.3403516666666667,0.000686680005552868,-1.2803407510121663
ddqn,2026,2919,41690,-10.28,28,0,1,0.33990833333333337,0.0011813529542580778,-0.9979043092046466
ddqn,2026,2920,41772,-10.82,82,0,1,0.33860999999999997,0.01318902962902073,-0.675299628504685
ddqn,2026,2921,41794,-10.22,22,0,1,0.3382616666666667,0.0033012441825121643,-1.0851200342178344
ddqn,2026,2922,41820,-10.26,26,0,1,0.3378500000000001,0.002257181007215487,-0.771326265164784
ddqn,2026,2923,41867,-10.47,47,0,1,0.33710583333333344,0.0014229770458769053,-0.7974836772138422
ddqn,2026,2924,41896,-10.29,29,0,1,0.33664666666666665,0.0013241565393400379,-1.016858123242855
ddqn,2026,2925,41963,-10.67,67,0,1,0.33558583333333336,0.0009043262562045129,-0.9414332248270512
ddqn,2026,2926,42007,-10.44,44,0,1,0.3348891666666667,0.0007520227875581688,-0.8373964821750467
ddqn,2026,2927,42015,-10.08,8,0,1,0.33476249999999996,0.000886796486156527,-0.9287858009338379
ddqn,2026,2928,42030,-10.15,15,0,1,0.3345250000000001,0.0004013256329926662,-0.8725761622190475
ddqn,2026,2929,42088,-10.58,58,0,1,0.3336066666666667,0.0011789429700002074,-0.9161141773064931
ddqn,2026,2930,42093,-10.049999999999999,5,0,1,0.3335275,0.000601314241066575,-1.1876353025436401
ddqn,2026,2931,42096,-10.03,3,0,1,0.33348,0.00040856911800801754,-0.5620157718658447
ddqn,2026,2932,42110,-10.14,14,0,1,0.33325833333333343,8.742727610903482e-05,-0.45081038276354474
ddqn,2026,2933,42113,-10.03,3,0,1,0.33321083333333334,0.0013315605465322733,-1.1735665798187256
ddqn,2026,2934,42215,-11.02,102,0,1,0.3315958333333333,0.001219919509603642,-0.669217546582222
ddqn,2026,2935,42234,-10.19,19,0,1,0.331295,0.0009020727826282382,-0.6196551203727723
ddqn,2026,2936,42240,-10.06,6,0,1,0.33120000000000005,0.0005933922075200826,-1.0988444089889526
ddqn,2026,2937,42261,-10.209999999999999,21,0,1,0.3308675,0.0006472719484008849,-0.6487979561090469
ddqn,2026,2938,42302,-10.41,41,0,1,0.3302183333333334,0.0005195970079512335,-0.7588060557842254
ddqn,2026,2939,42321,-10.19,19,0,1,0.3299175,0.00045964880846440794,-0.775321090221405
ddqn,2026,2940,42333,-10.12,12,0,1,0.32972750000000006,0.00012320261157583445,-0.5035383900006613
ddqn,2026,2941,42367,-10.34,34,0,1,0.32918916666666675,0.0004894893663731636,-0.8080766499042511
ddqn,2026,2942,42374,-10.07,7,0,1,0.32907833333333336,0.00017841356748249382,-0.7937129735946655
ddqn,2026,2943,42377,-10.03,3,0,1,0.3290308333333333,0.0006272278842516243,-1.1832579374313354
ddqn,2026,2944,42405,-10.28,28,0,1,0.32858750000000003,0.0004880995433528109,-0.9992784219128745
ddqn,2026,2945,42468,-10.63,63,0,1,0.32759000000000005,0.001039910864619742,-0.7896128250285983
ddqn,2026,2946,42481,-10.129999999999999,13,0,1,0.3273841666666667,0.00016578478728964305,-0.5586821436882019
ddqn,2026,2947,42533,-10.52,52,0,1,0.3265608333333334,0.0004517592197561708,-0.5914330952442609
ddqn,2026,2948,42573,-10.4,40,0,1,0.32592750000000004,0.0003489306865958497,-0.7913886904716492
ddqn,2026,2949,42626,-10.53,53,0,1,0.3250883333333333,0.02324565343280063,-0.7692331746220589
ddqn,2026,2950,42634,-10.08,8,0,1,0.3249616666666667,0.00040478767186868936,-0.9490312933921814
ddqn,2026,2951,42637,-10.03,3,0,1,0.3249141666666667,0.0002940656850114465,-1.0241214036941528
ddqn,2026,2952,42655,-10.18,18,0,1,0.32462916666666675,0.0004309639248276653,-0.7861106619238853
ddqn,2026,2953,42666,-10.11,11,0,1,0.32445500000000005,0.00021740215136863603,-0.5589823027451833
ddqn,2026,2954,42684,-10.18,18,0,1,0.32416999999999996,0.0004039468854898587,-0.8029236555099487
ddqn,2026,2955,42701,-10.17,17,0,1,0.3239008333333334,0.0005321427706803661,-0.7949655055999756
ddqn,2026,2956,42723,-10.22,22,0,1,0.3235525,0.05875799497589469,-0.8173860788345337
ddqn,2026,2957,42739,-10.16,16,0,1,0.3232991666666667,0.005444475493277423,-0.8169235736131668
ddqn,2026,2958,42743,-10.04,4,0,1,0.3232358333333333,0.002212792867794633,-0.5333957672119141
ddqn,2026,2959,42744,-10.01,1,0,1,0.32321999999999995,0.003911124542355537,-0.3739509582519531
ddqn,2026,2960,42757,-10.129999999999999,13,0,1,0.3230141666666667,0.01559347837852935,-0.6271704534689585
ddqn,2026,2961,42788,-10.31,31,0,1,0.3225233333333334,0.011574800417292863,-0.852899894118309
ddqn,2026,2962,42862,-10.74,74,0,1,0.3213516666666667,0.002768536677144261,-0.6898774951696396
ddqn,2026,2963,42897,-10.35,35,0,1,0.32079750000000007,0.00188463324351081,-0.6470046523544524
ddqn,2026,2964,42936,-10.39,39,0,1,0.32018,0.00231544627022231,-0.7773082882165909
ddqn,2026,2965,42973,-10.37,37,0,1,0.31959416666666673,0.001118162417292802,-0.7668184373113844
ddqn,2026,2966,43026,-10.53,53,0,1,0.3187550000000001,0.001799669064684377,-0.9510022516434009
ddqn,2026,2967,43033,-10.07,7,0,1,0.31864416666666673,0.00024413920618826523,-0.7118220329284668
ddqn,2026,2968,43058,-10.25,25,0,1,0.31824833333333336,0.051085112997194905,-0.7765200038750967
ddqn,2026,2969,43067,-10.09,9,0,1,0.3181058333333334,0.000741091906093061,-0.7086877226829529
ddqn,2026,2970,43079,-10.12,12,0,1,0.3179158333333334,0.0009007256497473767,-0.7705934941768646
ddqn,2026,2971,43160,-10.81,81,0,1,0.3166333333333333,0.0017017935814302681,-0.8801394147532327
ddqn,2026,2972,43191,-10.31,31,0,1,0.3161425,0.0014332218582109948,-0.8567525318690709
ddqn,2026,2973,43193,-10.02,2,0,1,0.31611083333333334,0.00018697374616749585,-0.5639681220054626
ddqn,2026,2974,43292,-10.99,99,0,1,0.3145433333333333,0.014854725310578942,-0.8590723049640655
ddqn,2026,2975,43295,-10.03,3,0,1,0.3144958333333333,,
ddqn,2026,2976,43409,-11.14,114,0,1,0.31269083333333336,0.0036249294042073445,-0.8126614173424656
ddqn,2026,2977,43415,-10.06,6,0,1,0.3125958333333333,0.0037990694399923086,-1.0141162872314453
ddqn,2026,2978,43426,-10.11,11,0,1,0.3124216666666667,0.004059617912086348,-0.6918022930622101
ddqn,2026,2979,43475,-10.49,49,0,1,0.3116458333333333,0.005257384031817007,-0.674451840420564
ddqn,2026,2980,43486,-10.11,11,0,1,0.3114716666666667,0.0014853909766922395,-0.5975782672564188
ddqn,2026,2981,43491,-10.049999999999999,5,0,1,0.31139250000000007,0.008403856307268143,-1.1588903665542603
ddqn,2026,2982,43552,-10.61,61,0,1,0.31042666666666674,0.0030801806278759614,-0.8453805688768625
ddqn,2026,2983,43578,-10.26,26,0,1,0.31001500000000004,0.003208709832203264,-0.9563885529836019
ddqn,2026,2984,43587,-10.09,9,0,1,0.3098725,0.003096856002230197,-0.7775897681713104
ddqn,2026,2985,43639,-10.52,52,0,1,0.3090491666666667,0.0034384096417432795,-0.76179661659094
ddqn,2026,2986,43641,-10.02,2,0,1,0.30901749999999995,0.004564320202916861,-0.9113806486129761
ddqn,2026,2987,43733,-10.92,92,0,1,0.3075608333333334,0.0019734198273078578,-0.7288022462440573
ddqn,2026,2988,43810,-10.77,77,0,1,0.30634166666666673,0.017438819402167082,-0.7649301161107264
ddqn,2026,2989,43818,-10.08,8,0,1,0.3062150000000001,0.021143353369552642,-0.5056637227535248
ddqn,2026,2990,43832,-10.14,14,0,1,0.30599333333333334,0.011827586218714714,-0.7385711669921875
ddqn,2026,2991,43882,-10.5,50,0,1,0.3052016666666666,0.010030907064598674,-0.776525562008222
ddqn,2026,2992,43911,-10.29,29,0,1,0.3047425,0.004475060018843838,-0.4067827399287905
ddqn,2026,2993,43974,9.37,63,1,0,0.30374500000000004,0.004536561750683177,-0.7738741524517536
ddqn,2026,2994,43997,-10.23,23,0,1,0.30338083333333343,0.0185820972158884,-0.7597277760505676
ddqn,2026,2995,44056,-10.59,59,0,1,0.30244666666666675,0.032308017121007046,-0.7326299170653026
ddqn,2026,2996,44060,-10.04,4,0,1,0.30238333333333345,0.057019881904125214,-1.1433130502700806
ddqn,2026,2997,44078,-10.18,18,0,1,0.30209833333333336,0.029176939744502306,-0.9548943787813187
ddqn,2026,2998,44107,-10.29,29,0,1,0.3016391666666667,0.05947815507118191,-0.9948924609592983
ddqn,2026,2999,44119,-10.12,12,0,1,0.30144916666666677,0.020577039724836748,-0.9155769745508829
ddqn,2026,3000,44124,-10.049999999999999,5,0,1,0.30137,0.020693087950348854,-1.3104930520057678
ddqn,2026,3001,44144,-10.2,20,0,1,0.3010533333333334,0.010216908995062113,-0.7403490602970123
ddqn,2026,3002,44157,-10.129999999999999,13,0,1,0.30084750000000005,0.014437966669599215,-1.1464765270551045
ddqn,2026,3003,44231,-10.74,74,0,1,0.29967583333333336,0.006917834786387782,-0.8298156071040366
ddqn,2026,3004,44258,-10.27,27,0,1,0.29924833333333334,0.005519331698971135,-0.6813158797366279
ddqn,2026,3005,44264,-10.06,6,0,1,0.2991533333333334,0.005067860591225326,-0.8710685968399048
ddqn,2026,3006,44270,-10.06,6,0,1,0.2990583333333333,0.0034774262458086014,-0.8844549655914307
ddqn,2026,3007,44285,-10.15,15,0,1,0.2988208333333334,0.0038816776068415493,-0.8279889822006226
ddqn,2026,3008,44290,-10.049999999999999,5,0,1,0.2987416666666667,0.00457020103931427,-0.7267419099807739
ddqn,2026,3009,44312,-10.22,22,0,1,0.2983933333333333,0.00388277197877566,-0.9200713833173116
ddqn,2026,3010,44319,-10.07,7,0,1,0.2982825,0.005563976243138313,-0.19598636031150818
ddqn,2026,3011,44421,-11.02,102,0,1,0.2966675000000001,0.015541936781329032,-0.7130630520673898
ddqn,2026,3012,44458,-10.37,37,0,1,0.2960816666666667,0.005915870113919179,-0.785356601079305
ddqn,2026,3013,44461,-10.03,3,0,1,0.2960341666666667,0.0015306391287595034,-0.5746709108352661
ddqn,2026,3014,44464,-10.03,3,0,1,0.29598666666666673,0.0021509698126465082,-0.5693372488021851
ddqn,2026,3015,44468,-10.04,4,0,1,0.2959233333333334,0.001791558344848454,-0.920515775680542
ddqn,2026,3016,44496,-10.28,28,0,1,0.29547999999999996,0.007094853757215398,-0.9764071788106646
ddqn,2026,3017,44509,-10.129999999999999,13,0,1,0.2952741666666667,0.005155845700452725,-0.5380859225988388
ddqn,2026,3018,44537,-10.28,28,0,1,0.2948308333333334,0.006885788104097758,-0.7202034550053733
ddqn,2026,3019,44549,-10.12,12,0,1,0.29464083333333335,0.008084730555613836,-0.5015727480252584
ddqn,2026,3020,44573,-10.24,24,0,1,0.2942608333333333,0.007909534615464509,-0.6292246331771215
ddqn,2026,3021,44578,-10.049999999999999,5,0,1,0.2941816666666667,0.01720052771270275,-1.16775643825531
ddqn,2026,3022,44583,-10.049999999999999,5,0,1,0.29410250000000004,0.005403047427535057,-1.1256858110427856
ddqn,2026,3023,44585,-10.02,2,0,1,0.2940708333333334,0.006232558283954859,-0.1872878074645996
ddqn,2026,3024,44601,-10.16,16,0,1,0.29381750000000006,0.010385884786956012,-0.5765367560088634
ddqn,2026,3025,44658,-10.57,57,0,1,0.29291500000000004,0.009845872293226421,-0.747497198837144
ddqn,2026,3026,44704,-10.46,46,0,1,0.2921866666666667,0.005800631993527834,-0.6770400553941727
ddqn,2026,3027,44796,-10.92,92,0,1,0.29073000000000004,0.004137559854627952,-0.7036099365871885
ddqn,2026,3028,44900,-11.040000000000001,104,0,1,0.28908333333333336,0.00336435790030429,-0.8286309517346896
ddqn,2026,3029,44973,-10.73,73,0,1,0.2879275,0.0029332070844247937,-0.8154978818363614
ddqn,2026,3030,45035,-10.620000000000001,62,0,1,0.28694583333333334,0.001751775216932098,-0.8236216862996419
ddqn,2026,3031,45082,-10.47,47,0,1,0.2862016666666667,0.0012944125628564507,-0.7136125043034554
ddqn,2026,3032,45085,-10.03,3,0,1,0.2861541666666667,0.0004660263657569885,-0.9803094267845154
ddqn,2026,3033,45135,-10.5,50,0,1,0.2853625000000001,0.0009431713406229392,-0.735239972670873
ddqn,2026,3034,45151,-10.16,16,0,1,0.28510916666666675,0.0009663671371527016,-0.9284502863883972
ddqn,2026,3035,45159,-10.08,8,0,1,0.2849825,0.0011166211334057152,-0.7406482100486755
ddqn,2026,3036,45194,-10.35,35,0,1,0.2844283333333334,0.0010111890603891676,-0.7505608830187056
ddqn,2026,3037,45201,-10.07,7,0,1,0.2843175000000001,0.0010077698971144855,-0.8213812410831451
ddqn,2026,3038,45251,-10.5,50,0,1,0.28352583333333337,0.0009578862955095246,-0.6701709056893984
ddqn,2026,3039,45258,-10.07,7,0,1,0.2834150000000001,0.0010966926929540932,-0.6463141441345215
ddqn,2026,3040,45269,-10.11,11,0,1,0.2832408333333334,0.0006025944409581522,-0.7016865462064743
ddqn,2026,3041,45273,-10.04,4,0,1,0.28317749999999997,0.001075737876817584,-1.438821792602539
ddqn,2026,3042,45331,-10.58,58,0,1,0.2822591666666667,0.02076418502006813,-0.8436411576611655
ddqn,2026,3043,45342,-10.11,11,0,1,0.28208500000000003,0.0010433867573738098,-0.5534339298804601
ddqn,2026,3044,45357,-10.15,15,0,1,0.28184750000000003,0.0007705453026574105,-0.6634963192045689
ddqn,2026,3045,45360,-10.03,3,0,1,0.28180000000000005,0.0010463243816047907,-0.49774986505508423
ddqn,2026,3046,45382,9.78,22,1,0,0.28145166666666677,0.0026715791667811573,-0.6885806560516358
ddqn,2026,3047,45398,-10.16,16,0,1,0.28119833333333333,0.0009302176622441038,-0.703605268150568
ddqn,2026,3048,45410,-10.12,12,0,1,0.2810083333333333,0.0014186466966445248,-0.9206399321556091
ddqn,2026,3049,45412,-10.02,2,0,1,0.28097666666666665,0.001448189141228795,-1.1275315284729004
ddqn,2026,3050,45423,-10.11,11,0,1,0.28080250000000007,0.0016013747663237154,-0.9056613743305206
ddqn,2026,3051,45613,-11.900000000000002,190,0,1,0.2777941666666667,0.0017587560626755778,-0.6733132358640432
ddqn,2026,3052,45671,-10.58,58,0,1,0.27687583333333343,0.0010427195354298288,-0.6618951346193042
ddqn,2026,3053,45684,-10.129999999999999,13,0,1,0.2766700000000001,0.0007337984716286883,-0.5072629489004612
ddqn,2026,3054,45686,-10.02,2,0,1,0.27663833333333343,,
ddqn,2026,3055,45701,-10.15,15,0,1,0.2764008333333333,0.0009393864602316171,-0.5789052881300449
ddqn,2026,3056,45723,-10.22,22,0,1,0.27605250000000003,0.06138514911290258,-0.8696540474891663
ddqn,2026,3057,45738,-10.15,15,0,1,0.27581500000000003,0.06655045376101043,-0.41325920075178146
ddqn,2026,3058,45756,-10.18,18,0,1,0.27553000000000005,0.05477841830579564,-0.7996385574340821
ddqn,2026,3059,45758,-10.02,2,0,1,0.2754983333333333,,
ddqn,2026,3060,45775,-10.17,17,0,1,0.27522916666666664,0.002022607979597524,-0.7015964388847351
ddqn,2026,3061,45784,-10.09,9,0,1,0.2750866666666667,0.0022557724344854555,-0.697689433892568
ddqn,2026,3062,45792,-10.08,8,0,1,0.2749600000000001,0.00253611383959651,-0.8088532090187073
ddqn,2026,3063,45796,-10.04,4,0,1,0.2748966666666667,0.0005887822480872273,-0.04446881264448166
ddqn,2026,3064,45832,-10.36,36,0,1,0.2743266666666667,0.002938273459828148,-0.6724542809857262
ddqn,2026,3065,45846,-10.14,14,0,1,0.27410500000000004,0.005123465302555512,-0.6391633351643881
ddqn,2026,3066,45887,-10.41,41,0,1,0.27345583333333334,0.0045349460793659094,-0.7581539571285247
ddqn,2026,3067,45893,-10.06,6,0,1,0.2733608333333334,0.001986589515581727,-0.7415636777877808
ddqn,2026,3068,45916,-10.23,23,0,1,0.27299666666666667,0.004692954690350841,-0.571591873963674
ddqn,2026,3069,45929,-10.129999999999999,13,0,1,0.2727908333333334,0.10185212607029825,-0.5528632005055746
ddqn,2026,3070,45970,-10.41,41,0,1,0.2721416666666667,0.0014806076069362462,-0.7050371676683426
ddqn,2026,3071,45988,-10.18,18,0,1,0.27185666666666675,0.0013119000475853681,-0.5578830122947693
ddqn,2026,3072,45991,-10.03,3,0,1,0.27180916666666677,,
ddqn,2026,3073,45997,-10.06,6,0,1,0.2717141666666667,0.0008607253257650882,-0.4210949242115021
ddqn,2026,3074,46002,-10.049999999999999,5,0,1,0.27163499999999996,0.0025484731886535883,-1.1526308059692383
ddqn,2026,3075,46009,-10.07,7,0,1,0.2715241666666667,0.0005961773276794702,-0.5160223841667175
ddqn,2026,3076,46019,-10.1,10,0,1,0.2713658333333333,0.0006273506296565756,-0.6591991782188416
ddqn,2026,3077,46025,-10.06,6,0,1,0.27127083333333335,0.0008684727072250098,-0.6578637659549713
ddqn,2026,3078,46038,-10.129999999999999,13,0,1,0.271065,0.0007591127650812268,-0.6163233518600464
ddqn,2026,3079,46041,-10.03,3,0,1,0.2710175,0.0019800567533820868,-0.9959647059440613
ddqn,2026,3080,46051,-10.1,10,0,1,0.27085916666666676,0.002616261364892125,-0.7552206516265869
ddqn,2026,3081,46054,-10.03,3,0,1,0.2708116666666668,0.0002814059844240546,-0.8331645131111145
ddqn,2026,3082,46064,-10.1,10,0,1,0.2706533333333333,0.0009549087068686882,-0.7704365650812784
ddqn,2026,3083,46067,-10.03,3,0,1,0.2706058333333333,,
ddqn,2026,3084,46077,-10.1,10,0,1,0.27044750000000006,0.00212918307321767,-0.7624097069104513
ddqn,2026,3085,46080,-10.03,3,0,1,0.2704,0.0013918193290010095,-0.9965996742248535
ddqn,2026,3086,46107,-10.27,27,0,1,0.26997250000000006,0.001839676241312797,-0.7006665368874868
ddqn,2026,3087,46117,-10.1,10,0,1,0.2698141666666668,0.0014787603092069428,-0.7201698422431946
ddqn,2026,3088,46135,-10.18,18,0,1,0.2695291666666667,0.0009997253437177278,-0.8341779559850693
ddqn,2026,3089,46147,-10.12,12,0,1,0.2693391666666667,0.0006860489180932442,-0.6112364133199056
ddqn,2026,3090,46150,-10.03,3,0,1,0.2692916666666667,0.00022256381635088474,-0.2051696628332138
ddqn,2026,3091,46185,-10.35,35,0,1,0.26873749999999996,0.0005564087574991087,-0.5835095470150312
ddqn,2026,3092,46208,-10.23,23,0,1,0.26837333333333335,0.001031959633110091,-0.7268753747145335
ddqn,2026,3093,46216,-10.08,8,0,1,0.26824666666666674,0.0019382770406082273,-0.8886640071868896
ddqn,2026,3094,46284,-10.68,68,0,1,0.26717,0.0008904759203741217,-0.7489485425107619
ddqn,2026,3095,46292,-10.08,8,0,1,0.2670433333333334,0.00022026995429769158,-0.43710459768772125
ddqn,2026,3096,46299,-10.07,7,0,1,0.26693250000000013,0.0002510184422135353,-0.5109994411468506
ddqn,2026,3097,46310,-10.11,11,0,1,0.2667583333333333,0.0005662454156360278,-0.9313212037086487
ddqn,2026,3098,46317,-10.07,7,0,1,0.26664750000000004,0.00027966428751824424,-0.5165088027715683
ddqn,2026,3099,46352,-10.35,35,0,1,0.2660933333333334,0.02956016997308729,-0.6452431314521365
ddqn,2026,3100,46360,-10.08,8,0,1,0.2659666666666668,0.000489490237669088,-0.2825978398323059
ddqn,2026,3101,46375,-10.15,15,0,1,0.2657291666666667,0.00028525706147775054,-0.6275610129038492
ddqn,2026,3102,46396,-10.209999999999999,21,0,1,0.2653966666666667,0.002677539028809406,-0.7477087527513504
ddqn,2026,3103,46402,-10.06,6,0,1,0.26530166666666677,0.00011621683370321989,-0.36097046732902527
ddqn,2026,3104,46417,-10.15,15,0,1,0.26506416666666677,0.001135987025918439,-0.7186879590153694
ddqn,2026,3105,46452,-10.35,35,0,1,0.26451,0.0012806595736441927,-0.6903267800807953
ddqn,2026,3106,46493,-10.41,41,0,1,0.2638608333333333,0.0010582295406493358,-0.5957484036684036
ddqn,2026,3107,46536,-10.43,43,0,1,0.2631800000000001,0.0016895108274184167,-0.8772756376049735
ddqn,2026,3108,46580,-10.44,44,0,1,0.2624833333333334,0.0011422774253085001,-0.6843215145848014
ddqn,2026,3109,46653,-10.73,73,0,1,0.26132750000000005,0.0005012633943503412,-0.7864066850807931
ddqn,2026,3110,46673,-10.2,20,0,1,0.2610108333333333,0.00026608520129229875,-0.6413321971893311
ddqn,2026,3111,46683,-10.1,10,0,1,0.26085250000000004,0.0014128175098448992,-0.5995277166366577
ddqn,2026,3112,46702,-10.19,19,0,1,0.26055166666666674,0.0006716414587572217,-0.7339756608009338
ddqn,2026,3113,46811,-11.09,109,0,1,0.2588258333333333,0.0006660168097975353,-0.778035761029632
ddqn,2026,3114,46837,-10.26,26,0,1,0.2584141666666667,0.000862990680616349,-0.6350063213280269
ddqn,2026,3115,46891,-10.54,54,0,1,0.2575591666666668,0.02119218731800524,-0.7972587094857142
ddqn,2026,3116,46905,-10.14,14,0,1,0.2573375000000001,0.0012816538655897602,-0.523223526775837
ddqn,2026,3117,46926,-10.209999999999999,21,0,1,0.25700500000000004,0.0014059272245503962,-0.742253178358078
ddqn,2026,3118,46944,-10.18,18,0,1,0.25672000000000006,0.00510212208610028,-0.962805199623108
ddqn,2026,3119,46987,-10.43,43,0,1,0.2560391666666667,0.001535784429870546,-0.7338625639677048
ddqn,2026,3120,46997,-10.1,10,0,1,0.25588083333333334,0.10017211754893651,-0.5095984190702438
ddqn,2026,3121,47009,-10.12,12,0,1,0.2556908333333334,0.0015325514347447704,-0.5519473055998484
ddqn,2026,3122,47016,-10.07,7,0,1,0.25558000000000003,0.0004054069722769782,-0.9825266599655151
ddqn,2026,3123,47039,-10.23,23,0,1,0.2552158333333333,0.000571697426494211,-0.55596142411232
ddqn,2026,3124,47078,-10.39,39,0,1,0.25459833333333337,0.0011013987343176268,-0.6090661317110062
ddqn,2026,3125,47103,-10.25,25,0,1,0.2542025,0.05285718196197801,-0.6934814701477686
ddqn,2026,3126,47135,-10.32,32,0,1,0.25369583333333345,0.0005830199015690596,-0.5743017606437206
ddqn,2026,3127,47139,-10.04,4,0,1,0.25363250000000004,9.497696009930223e-05,-0.5142901539802551
ddqn,2026,3128,47222,-10.83,83,0,1,0.2523183333333333,0.0005756757673225366,-0.7836837257657733
ddqn,2026,3129,47225,-10.03,3,0,1,0.25227083333333333,0.25895097851753235,-0.9494433403015137
ddqn,2026,3130,47245,-10.2,20,0,1,0.2519541666666667,0.0007864464831072837,-0.7633841335773468
ddqn,2026,3131,47250,-10.049999999999999,5,0,1,0.25187500000000007,0.00041248922934755683,-0.6679255962371826
ddqn,2026,3132,47310,-10.6,60,0,1,0.25092500000000006,0.0006929346505785361,-0.5821030050516128
ddqn,2026,3133,47329,-10.19,19,0,1,0.25062416666666665,0.0005085418641101569,-0.4709258943796158
ddqn,2026,3134,47377,-10.48,48,0,1,0.24986416666666678,0.00046146148088155314,-0.5596647843097647
ddqn,2026,3135,47407,-10.3,30,0,1,0.24938916666666666,0.00042847883014474064,-0.5366310690130506
ddqn,2026,3136,47408,-10.01,1,0,1,0.24937333333333334,0.0001625939185032621,-0.21704629063606262
ddqn,2026,3137,47409,-10.01,1,0,1,0.2493575,,
ddqn,2026,3138,47435,-10.26,26,0,1,0.24894583333333342,0.04217819020171495,-0.8491707146167755
ddqn,2026,3139,47437,-10.02,2,0,1,0.24891416666666677,0.001947943470440805,-0.6475393772125244
ddqn,2026,3140,47455,-10.18,18,0,1,0.24862916666666668,0.0007063648517942056,-0.7430525049567223
ddqn,2026,3141,47518,-10.63,63,0,1,0.2476316666666667,0.0014717751473654062,-0.6613365691155195
ddqn,2026,3142,47537,-10.19,19,0,1,0.2473308333333334,0.0017497215667390265,-0.7511551141738891
ddqn,2026,3143,47634,-10.97,97,0,1,0.24579499999999999,0.0015704996500668738,-0.6645160564221442
ddqn,2026,3144,47665,-10.31,31,0,1,0.24530416666666666,0.0005362059091567062,-0.6356290429830551
ddqn,2026,3145,47688,-10.23,23,0,1,0.24494000000000005,0.0003045863995794207,-0.46663127342859906
ddqn,2026,3146,47702,-10.14,14,0,1,0.24471833333333337,0.0004294871517534678,-0.9207806984583536
ddqn,2026,3147,47710,-10.08,8,0,1,0.24459166666666665,0.00017300436957157217,-0.3583569675683975
ddqn,2026,3148,47717,-10.07,7,0,1,0.24448083333333337,0.0005427996802609414,-0.8375034630298615
ddqn,2026,3149,47723,-10.06,6,0,1,0.2443858333333334,0.00019163549586664885,-0.5274340510368347
ddqn,2026,3150,47780,-10.57,57,0,1,0.24348333333333338,0.02128107407867598,-0.7961930414040883
ddqn,2026,3151,47879,-10.99,99,0,1,0.24191583333333333,0.0006723703378762972,-0.7320212194075187
ddqn,2026,3152,47928,-10.49,49,0,1,0.24114000000000013,0.000670536065277142,-0.664755234351525
ddqn,2026,3153,48008,-10.8,80,0,1,0.23987333333333338,0.0008657560465508141,-0.772068077325821
ddqn,2026,3154,48052,-10.44,44,0,1,0.2391766666666667,0.0009042664896696806,-0.6950304454023187
ddqn,2026,3155,48119,-10.67,67,0,1,0.2381158333333333,0.0007472656025129254,-0.8122375123202801
ddqn,2026,3156,48123,-10.04,4,0,1,0.2380525,0.0009181301575154066,-1.4203698635101318
ddqn,2026,3157,48128,-10.049999999999999,5,0,1,0.23797333333333337,0.00028774148086085916,-0.490115150809288
ddqn,2026,3158,48175,-10.47,47,0,1,0.2372291666666667,0.000750252691266889,-0.5541323152455416
ddqn,2026,3159,48225,-10.5,50,0,1,0.23643750000000008,0.022822949616686225,-0.5403807071539072
ddqn,2026,3160,48235,-10.1,10,0,1,0.2362791666666667,0.002383158658631146,-0.6652801930904388
ddqn,2026,3161,48308,-10.73,73,0,1,0.23512333333333335,0.01698094995471796,-0.5618428752610558
ddqn,2026,3162,48353,-10.45,45,0,1,0.23441083333333346,0.0028449270652014425,-0.6451980905099348
ddqn,2026,3163,48395,9.58,42,1,0,0.23374583333333343,0.004279111337382346,-0.7745878502726555
ddqn,2026,3164,48448,-10.53,53,0,1,0.2329066666666667,0.0017886691618644232,-0.6565806376082557
ddqn,2026,3165,48450,-10.02,2,0,1,0.23287500000000005,,
ddqn,2026,3166,48457,-10.07,7,0,1,0.23276416666666677,0.0015313932090066373,-0.49051330983638763
ddqn,2026,3167,48520,-10.63,63,0,1,0.23176666666666668,0.020600751242454862,-0.6502599809318781
ddqn,2026,3168,48529,-10.09,9,0,1,0.23162416666666674,0.0010721546423155814,-0.9016004502773285
ddqn,2026,3169,48535,-10.06,6,0,1,0.23152916666666679,0.003333511296659708,-0.8293513059616089
ddqn,2026,3170,48554,-10.19,19,0,1,0.23122833333333337,0.0019498279900290072,-0.5977043747901917
ddqn,2026,3171,48573,-10.19,19,0,1,0.23092750000000006,0.0032630368135869504,-0.7006207168102264
ddqn,2026,3172,48687,-11.14,114,0,1,0.2291225,0.011118689250516971,-0.6515370459694948
ddqn,2026,3173,48755,-10.68,68,0,1,0.2280458333333334,0.006056235168430516,-0.5768817172330969
ddqn,2026,3174,48768,-10.129999999999999,13,0,1,0.22784000000000004,0.009723474737256765,-0.7165769934654236
ddqn,2026,3175,48784,-10.16,16,0,1,0.2275866666666666,0.007613810244947672,-0.8387835621833801
ddqn,2026,3176,48812,-10.28,28,0,1,0.22714333333333336,0.004627638280258647,-0.7117176311356681
ddqn,2026,3177,48824,-10.12,12,0,1,0.22695333333333334,0.005151619513829549,-0.7163514097531637
ddqn,2026,3178,48953,-11.290000000000001,129,0,1,0.2249108333333334,0.009465991993238276,-0.6608664095401764
ddqn,2026,3179,48964,-10.11,11,0,1,0.2247366666666667,0.0013004230665198218,-0.4598725785811742
ddqn,2026,3180,49005,-10.41,41,0,1,0.2240875000000001,0.0035852497792802753,-0.7842146337032319
ddqn,2026,3181,49017,-10.12,12,0,1,0.22389750000000008,0.0016490690177306533,-0.8117772936820984
ddqn,2026,3182,49091,-10.74,74,0,1,0.2227258333333333,0.0015142362002128114,-0.6134951909383138
ddqn,2026,3183,49112,-10.209999999999999,21,0,1,0.22239333333333333,0.04705720119333515,-0.608199824889501
ddqn,2026,3184,49128,-10.16,16,0,1,0.22214000000000012,0.0010342064124415629,-0.6970544941723347
ddqn,2026,3185,49193,-10.65,65,0,1,0.22111083333333337,0.0021116738480486674,-0.6767144668847322
ddqn,2026,3186,49259,-10.66,66,0,1,0.2200658333333334,0.0005456573808260146,-0.685798242688179
ddqn,2026,3187,49291,-10.32,32,0,1,0.21955916666666675,0.0004599984495143872,-0.7835548296570778
ddqn,2026,3188,49304,-10.129999999999999,13,0,1,0.2193533333333334,0.0002733719829848269,-0.4528930112719536
ddqn,2026,3189,49309,-10.049999999999999,5,0,1,0.21927416666666677,0.0024950969964265823,-0.9788251519203186
ddqn,2026,3190,49315,-10.06,6,0,1,0.2191791666666667,8.528325997758657e-05,-0.33741170167922974
ddqn,2026,3191,49327,-10.12,12,0,1,0.21898916666666668,0.0006329140451271087,-0.6384357015291849
ddqn,2026,3192,49372,-10.45,45,0,1,0.21827666666666679,0.0007697027661682417,-0.6346517155567805
ddqn,2026,3193,49399,-10.27,27,0,1,0.21784916666666665,0.0004056832416002483,-0.5181702151894569
ddqn,2026,3194,49439,-10.4,40,0,1,0.21721583333333339,0.0008154791765264235,-0.6776860296726227
ddqn,2026,3195,49537,-10.98,98,0,1,0.21566416666666666,0.0009259464486967772,-0.5785477662086487
ddqn,2026,3196,49591,-10.54,54,0,1,0.21480916666666672,0.0009308315280717439,-0.6618404239416122
ddqn,2026,3197,49620,-10.29,29,0,1,0.21435000000000004,0.0006170201295390143,-0.5674444176256657
ddqn,2026,3198,49624,-10.04,4,0,1,0.21428666666666674,0.000621907995082438,-0.9728391170501709
ddqn,2026,3199,49671,-10.47,47,0,1,0.21354250000000008,0.0005622040546520359,-0.6756859448823062
ddqn,2026,3200,49702,-10.31,31,0,1,0.21305166666666664,0.000588617377616174,-0.4887091815471649
ddqn,2026,3201,49707,-10.049999999999999,5,0,1,0.2129725,0.00034246520954184234,-0.49965372681617737
ddqn,2026,3202,49718,-10.11,11,0,1,0.21279833333333342,0.0004234427445529339,-0.44786566495895386
ddqn,2026,3203,49730,-10.12,12,0,1,0.2126083333333334,0.0003901060263160616,-0.6462160448233286
ddqn,2026,3204,49791,-10.61,61,0,1,0.21164250000000007,0.0004047831743567561,-0.7093105455239613
ddqn,2026,3205,49814,-10.23,23,0,1,0.21127833333333335,0.00039886836990869295,-0.7277923425038656
ddqn,2026,3206,49830,-10.16,16,0,1,0.21102500000000002,0.00032143235148396343,-0.7619854658842087
ddqn,2026,3207,49853,-10.23,23,0,1,0.2106608333333334,0.00035281960178205435,-0.7012493709723154
ddqn,2026,3208,49865,-10.12,12,0,1,0.21047083333333338,0.0002476385610255723,-0.7497185071309408
ddqn,2026,3209,49867,-10.02,2,0,1,0.21043916666666673,,
ddqn,2026,3210,49915,-10.48,48,0,1,0.20967916666666675,0.02307319461882192,-0.7497505818804105
ddqn,2026,3211,49960,-10.45,45,0,1,0.20896666666666674,0.02538936383401354,-0.6551971311370531
ddqn,2026,3212,49978,-10.18,18,0,1,0.20868166666666677,0.0008914461941458285,-0.7610175609588623
ddqn,2026,3213,50053,-10.75,75,0,1,0.20749416666666665,0.0010160330537856727,-0.6397462844064361
ddqn,2026,3214,50059,-10.06,6,0,1,0.2073991666666667,0.000666730513330549,-0.9587674140930176
ddqn,2026,3215,50132,-10.73,73,0,1,0.20624333333333333,0.0010974303191975004,-0.6086696332418605
ddqn,2026,3216,50140,-10.08,8,0,1,0.20611666666666673,0.0005337181937647983,-0.5752562880516052
ddqn,2026,3217,50168,-10.28,28,0,1,0.20567333333333337,0.00046355299751407335,-0.6712708473205566
ddqn,2026,3218,50182,-10.14,14,0,1,0.2054516666666667,0.10118478416310002,-0.5944932103157043
ddqn,2026,3219,50190,-10.08,8,0,1,0.20532499999999998,0.00016845846403157339,-0.49627557396888733
ddqn,2026,3220,50286,-10.96,96,0,1,0.20380500000000012,0.000736970820374457,-0.6680530073742071
ddqn,2026,3221,50287,-10.01,1,0,1,0.2037891666666668,,
ddqn,2026,3222,50303,-10.16,16,0,1,0.20353583333333336,0.00044907009578309953,-0.5316846072673798
ddqn,2026,3223,50308,-10.049999999999999,5,0,1,0.20345666666666673,0.000286668109765742,-0.3332982510328293
ddqn,2026,3224,50310,-10.02,2,0,1,0.20342499999999997,,
ddqn,2026,3225,50387,9.23,77,1,0,0.20220583333333342,0.0003482098777328103,-0.6320233337189022
ddqn,2026,3226,50395,-10.08,8,0,1,0.2020791666666667,0.00018846829334506765,-0.8861317038536072
ddqn,2026,3227,50428,-10.33,33,0,1,0.20155666666666672,0.0006452019475141747,-0.8057427273856269
ddqn,2026,3228,50461,-10.33,33,0,1,0.20103416666666674,0.0004815353358935681,-0.6490547358989716
ddqn,2026,3229,50464,-10.03,3,0,1,0.20098666666666676,0.0002207154902862385,-0.490031361579895
ddqn,2026,3230,50466,-10.02,2,0,1,0.2009550000000001,,
ddqn,2026,3231,50499,-10.33,33,0,1,0.2004325,0.0008200098318411619,-0.4747226913459599
ddqn,2026,3232,50549,-10.5,50,0,1,0.19964083333333338,0.001345972554050744,-0.6603970802747287
ddqn,2026,3233,50551,-10.02,2,0,1,0.19960916666666673,,
ddqn,2026,3234,50559,-10.08,8,0,1,0.1994825,0.0006002481968607754,-0.7442831695079803
ddqn,2026,3235,50571,-10.12,12,0,1,0.1992925000000001,0.0006125559351251771,-0.7026170889536539
ddqn,2026,3236,50604,-10.33,33,0,1,0.19877,0.000474929060955118,-0.7370336519347297
ddqn,2026,3237,50660,-10.56,56,0,1,0.1978833333333333,0.000564720751364283,-0.6471285987645388
ddqn,2026,3238,50747,-10.870000000000001,87,0,1,0.19650583333333338,0.013588669584437628,-0.6322258703765415
ddqn,2026,3239,50764,-10.17,17,0,1,0.19623666666666673,0.004000043120322516,-0.539450328424573
ddqn,2026,3240,50776,-10.12,12,0,1,0.1960466666666667,0.005517616479968031,-0.883195718129476
ddqn,2026,3241,50782,-10.06,6,0,1,0.19595166666666664,0.003648576093837619,-0.6349244117736816
ddqn,2026,3242,50800,-10.18,18,0,1,0.19566666666666666,0.002221720473608002,-0.6962603271007538
ddqn,2026,3243,50825,-10.25,25,0,1,0.1952708333333334,0.0014872430280471842,-0.6178453605001172
ddqn,2026,3244,50845,-10.2,20,0,1,0.19495416666666665,0.001228451490169391,-0.6513971537351608
ddqn,2026,3245,50855,-10.1,10,0,1,0.1947958333333334,0.0014360143104568124,-0.33078890293836594
ddqn,2026,3246,50871,-10.16,16,0,1,0.19454250000000006,0.00039755292527843267,-0.3831091374158859
ddqn,2026,3247,50886,-10.15,15,0,1,0.19430500000000006,0.0006040259104338475,-0.5705362036824226
ddqn,2026,3248,50892,-10.06,6,0,1,0.1942100000000001,0.0006831988866906613,-0.5787420570850372
ddqn,2026,3249,50912,-10.2,20,0,1,0.19389333333333336,0.00046744762221351266,-0.5562028050422668
ddqn,2026,3250,50929,-10.17,17,0,1,0.1936241666666667,0.00010738711625890573,-0.2601856319233775
ddqn,2026,3251,50970,-10.41,41,0,1,0.192975,0.029002982193196657,-0.6450138360261917
ddqn,2026,3252,50982,-10.12,12,0,1,0.19278499999999998,0.0016453942904869716,-0.8123309214909872
ddqn,2026,3253,50991,-10.09,9,0,1,0.19264250000000005,0.007230934737890493,-0.39860688149929047
ddqn,2026,3254,50995,-10.04,4,0,1,0.19257916666666675,0.001182928099296987,-0.9514975547790527
ddqn,2026,3255,51047,-10.52,52,0,1,0.19175583333333335,0.000662406248291238,-0.7201235729914445
ddqn,2026,3256,51069,-10.22,22,0,1,0.19140750000000006,0.000226586716962629,-0.5279806728164355
ddqn,2026,3257,51105,-10.36,36,0,1,0.1908375,0.00023724052718737058,-0.6581697463989258
ddqn,2026,3258,51166,-10.61,61,0,1,0.18987166666666666,0.0022470363318764916,-0.6894062658150991
ddqn,2026,3259,51199,-10.33,33,0,1,0.1893491666666668,0.0011959162966377335,-0.5055554788559675
ddqn,2026,3260,51205,-10.06,6,0,1,0.1892541666666666,0.0019094585441052914,-0.8079400360584259
ddqn,2026,3261,51215,-10.1,10,0,1,0.18909583333333335,0.0009133758139796555,-0.5902588963508606
ddqn,2026,3262,51220,-10.049999999999999,5,0,1,0.18901666666666672,0.00039780560473445803,-0.5850500017404556
ddqn,2026,3263,51249,-10.29,29,0,1,0.18855750000000004,0.0009159844110919428,-0.8172673689467567
ddqn,2026,3264,51330,-10.81,81,0,1,0.18727499999999997,0.0011712318235368002,-0.6899032190442085
ddqn,2026,3265,51472,-11.420000000000002,142,0,1,0.18502666666666667,0.01147377955931006,-0.6069288816716936
ddqn,2026,3266,51557,9.15,85,1,0,0.1836808333333334,0.01396400291733222,-0.6813420809450603
ddqn,2026,3267,51565,-10.08,8,0,1,0.18355416666666668,0.00048443257401231676,-0.5039475038647652
ddqn,2026,3268,51583,-10.18,18,0,1,0.1832691666666667,0.000689585845975671,-0.41416284814476967
ddqn,2026,3269,51597,-10.14,14,0,1,0.18304750000000003,0.0008696584409335628,-0.4726208224892616
ddqn,2026,3270,51689,-10.92,92,0,1,0.18159083333333337,0.0008987450085481649,-0.5712529906760091
ddqn,2026,3271,51727,-10.38,38,0,1,0.18098916666666676,0.000526801261407349,-0.6785673499107361
ddqn,2026,3272,51742,-10.15,15,0,1,0.18075166666666675,0.07609240582678467,-0.6525202244520187
ddqn,2026,3273,51748,-10.06,6,0,1,0.1806566666666667,0.002590865653473884,-0.9576135277748108
ddqn,2026,3274,51813,-10.65,65,0,1,0.17962750000000005,0.0016714465555196512,-0.7287589572370052
ddqn,2026,3275,51841,-10.28,28,0,1,0.1791841666666667,0.0010870968108065426,-0.599486014672688
ddqn,2026,3276,51859,-10.18,18,0,1,0.17889916666666672,0.07420780035317875,-0.8014198839664459
ddqn,2026,3277,51965,-11.06,106,0,1,0.17722083333333338,0.0014760062005263063,-0.6438612915851452
ddqn,2026,3278,52098,-11.33,133,0,1,0.17511500000000002,0.0010780852632403064,-0.6425267643097675
ddqn,2026,3279,52141,-10.43,43,0,1,0.17443416666666667,0.0006404764009692536,-0.7546157322146676
ddqn,2026,3280,52274,-11.33,133,0,1,0.17232833333333342,0.0006986609126518791,-0.634425952014598
ddqn,2026,3281,52289,-10.15,15,0,1,0.1720908333333333,0.0007408615201711655,-0.6358376108109951
ddqn,2026,3282,52395,-11.06,106,0,1,0.17041250000000008,0.011701465183600353,-0.6439902626980956
ddqn,2026,3283,52510,-11.15,115,0,1,0.1685916666666667,0.0019106137895442802,-0.5636066949829973
ddqn,2026,3284,52533,-10.23,23,0,1,0.16822749999999997,0.0011429014217962201,-0.592504471540451
ddqn,2026,3285,52610,-10.77,77,0,1,0.16700833333333331,0.01599752382026054,-0.517607353235546
ddqn,2026,3286,52638,-10.28,28,0,1,0.16656500000000007,0.0011028110914464509,-0.6715044336659568
ddqn,2026,3287,52664,-10.26,26,0,1,0.16615333333333338,0.041751306042507555,-0.5291914599282401
ddqn,2026,3288,52709,-10.45,45,0,1,0.16544083333333337,0.004813402039210566,-0.7944533824920654
ddqn,2026,3289,52795,-10.86,86,0,1,0.16407916666666666,0.0009685259179345199,-0.5774782470294407
ddqn,2026,3290,52824,-10.29,29,0,1,0.1636200000000001,0.0011174933442816837,-0.5523858084343374
ddqn,2026,3291,52836,-10.12,12,0,1,0.16342999999999996,0.0008415475701137135,-0.5300630331039429
ddqn,2026,3292,52844,-10.08,8,0,1,0.16330333333333336,0.0006732929032295942,-0.25686491280794144
ddqn,2026,3293,52850,-10.06,6,0,1,0.1632083333333334,0.0008910001488402486,-0.8198773264884949
ddqn,2026,3294,52923,-10.73,73,0,1,0.16205250000000004,0.0006961239608547961,-0.5719631728198793
ddqn,2026,3295,52926,-10.03,3,0,1,0.16200500000000007,0.0011580074205994606,-0.5056993365287781
ddqn,2026,3296,52932,-10.06,6,0,1,0.1619100000000001,0.0003442476154305041,-0.4933518320322037
ddqn,2026,3297,52979,-10.47,47,0,1,0.16116583333333334,0.0006854394979944283,-0.7182673175226558
ddqn,2026,3298,53028,-10.49,49,0,1,0.16039000000000003,0.0008247013734384942,-0.7379876031325414
ddqn,2026,3299,53055,-10.27,27,0,1,0.1599625,0.0011388962157070637,-0.6826440393924713
ddqn,2026,3300,53109,-10.54,54,0,1,0.15910750000000007,0.0010181541188753077,-0.758356336504221
ddqn,2026,3301,53215,-11.06,106,0,1,0.15742916666666673,0.011140770856470156,-0.6392212886936389
ddqn,2026,3302,53246,-10.31,31,0,1,0.1569383333333334,0.004660497172153555,-0.645410468801856
ddqn,2026,3303,53287,-10.41,41,0,1,0.1562891666666667,0.004213561076903715,-0.6001012861728668
ddqn,2026,3304,53316,-10.29,29,0,1,0.15583000000000014,0.002694981114473194,-0.9034755453467369
ddqn,2026,3305,53319,-10.03,3,0,1,0.15578250000000005,,
ddqn,2026,3306,53358,-10.39,39,0,1,0.1551650000000001,0.0021727945888414977,-0.5273837983608246
ddqn,2026,3307,53373,-10.15,15,0,1,0.1549275000000001,0.0020892944012302905,-0.5123883634805679
ddqn,2026,3308,53397,-10.24,24,0,1,0.15454750000000006,0.0017744058471483488,-0.4102173124750455
ddqn,2026,3309,53498,-11.01,101,0,1,0.15294833333333335,0.0011286446673329919,-0.6433145070075988
ddqn,2026,3310,53525,-10.27,27,0,1,0.15252083333333333,0.00091418855091823,-0.6942577958106995
ddqn,2026,3311,53534,-10.09,9,0,1,0.1523783333333334,0.0006971213442739099,-0.43295009434223175
ddqn,2026,3312,53546,-10.12,12,0,1,0.15218833333333337,0.000771920410140107,-0.49515284101168316
ddqn,2026,3313,53555,-10.09,9,0,1,0.15204583333333344,0.0020895570633001626,-1.047082781791687
ddqn,2026,3314,53610,-10.55,55,0,1,0.15117500000000006,0.0024876463742527577,-0.6998224668204784
ddqn,2026,3315,53663,-10.53,53,0,1,0.15033583333333345,0.0014288905367720872,-0.719171955035283
ddqn,2026,3316,53681,-10.18,18,0,1,0.15005083333333336,0.001098702586023137,-0.5958656251430512
ddqn,2026,3317,53798,-11.17,117,0,1,0.14819833333333343,0.010680926278241557,-0.6628811328575529
ddqn,2026,3318,53845,-10.47,47,0,1,0.14745416666666677,0.001081938704980227,-0.47394827256600064
ddqn,2026,3319,53852,-10.07,7,0,1,0.14734333333333338,0.0014752057613804936,-0.9089788496494293
ddqn,2026,3320,53906,-10.54,54,0,1,0.14648833333333344,0.0011602143954055814,-0.6692798424225587
ddqn,2026,3321,53915,-10.09,9,0,1,0.1463458333333334,0.0004373532283352688,-0.42766174860298634
ddqn,2026,3322,54054,-11.39,139,0,1,0.14414499999999997,0.001021202012530661,-0.6067969445671354
ddqn,2026,3323,54131,-10.77,77,0,1,0.14292583333333342,0.01390055104122056,-0.6606996718205904
ddqn,2026,3324,54181,-10.5,50,0,1,0.14213416666666667,0.0018157000460912688,-0.611393367441801
ddqn,2026,3325,54235,-10.54,54,0,1,0.14127916666666662,0.00118504063553141,-0.7988679363177373
ddqn,2026,3326,54242,-10.07,7,0,1,0.14116833333333334,0.001497081364504993,-0.43914714455604553
ddqn,2026,3327,54270,-10.28,28,0,1,0.1407250000000001,0.0012974470571082617,-0.8527319516454425
ddqn,2026,3328,54272,-10.02,2,0,1,0.14069333333333345,0.0006626452668569982,-0.9871997237205505
ddqn,2026,3329,54301,-10.29,29,0,1,0.14023416666666666,0.0005772311539788331,-0.7169147985322135
ddqn,2026,3330,54383,-10.82,82,0,1,0.13893583333333337,0.028571456734061938,-0.7088085651397705
ddqn,2026,3331,54422,-10.39,39,0,1,0.13831833333333332,0.022668236191384493,-0.7242650389671326
ddqn,2026,3332,54513,-10.91,91,0,1,0.1368775000000001,0.009053494538302008,-0.6255063171619955
ddqn,2026,3333,54769,-2.5599999999999894,256,0,0,0.13282416666666663,0.014660177940641006,-0.6207704220432788
ddqn,2026,3334,54788,-10.19,19,0,1,0.13252333333333333,0.003471538960002363,-0.6879332780838012
ddqn,2026,3335,54890,-11.02,102,0,1,0.1309083333333333,0.002138520271982998,-0.5172751981019974
ddqn,2026,3336,54911,-10.209999999999999,21,0,1,0.13057583333333334,0.0023085299879312517,-0.6751573324203491
ddqn,2026,3337,54936,-10.25,25,0,1,0.13018000000000007,0.0043230750764321,-0.750875187771661
ddqn,2026,3338,54951,-10.15,15,0,1,0.12994249999999996,0.0016011474654078484,-0.39074909190336865
ddqn,2026,3339,54959,-10.08,8,0,1,0.12981583333333335,0.0019874575082212687,-0.49962207674980164
ddqn,2026,3340,54970,-10.11,11,0,1,0.12964166666666666,0.002601111171922336,-0.5864532391230265
ddqn,2026,3341,55063,-10.93,93,0,1,0.12816916666666678,0.001152389288978631,-0.6263463471246802
ddqn,2026,3342,55102,-10.39,39,0,1,0.12755166666666673,0.029069205933774357,-0.6719758212566376
ddqn,2026,3343,55122,-10.2,20,0,1,0.1272350000000001,0.0013829721894580871,-0.5974695324897766
ddqn,2026,3344,55127,-10.049999999999999,5,0,1,0.12715583333333347,0.0005931842606514692,-0.3858482241630554
ddqn,2026,3345,55158,-10.31,31,0,1,0.12666500000000003,0.0019087406253674999,-0.5195635594427586
ddqn,2026,3346,55166,-10.08,8,0,1,0.12653833333333342,0.00042122299782931805,-0.7726418375968933
ddqn,2026,3347,55314,-11.48,148,0,1,0.12419499999999994,0.0015950990497446116,-0.6137032330640264
ddqn,2026,3348,55492,-11.780000000000001,178,0,1,0.1213766666666668,0.0008468129574288873,-0.69278853767448
ddqn,2026,3349,55510,-10.18,18,0,1,0.12109166666666671,0.00036635558353736997,-0.6148555055260658
ddqn,2026,3350,55554,-10.44,44,0,1,0.12039500000000014,0.0004859073934229937,-0.6253138374198567
ddqn,2026,3351,55671,-11.17,117,0,1,0.1185425000000001,0.01061869606677772,-0.5991733403041445
ddqn,2026,3352,55677,-10.06,6,0,1,0.11844750000000004,0.0002687937885639258,-1.0896296501159668
ddqn,2026,3353,55743,-10.66,66,0,1,0.11740249999999997,0.015692779260916723,-0.5228906394913793
ddqn,2026,3354,55838,-10.950000000000001,95,0,1,0.11589833333333344,0.0012763621622677117,-0.5758136315271258
ddqn,2026,3355,55908,-10.7,70,0,1,0.11479000000000006,0.016315762028979306,-0.5429045218560431
ddqn,2026,3356,56013,-11.05,105,0,1,0.11312750000000005,0.004865841660200833,-0.5579824550793722
ddqn,2026,3357,56127,-11.14,114,0,1,0.11132249999999999,0.004999582508129866,-0.5746417211900864
ddqn,2026,3358,56144,-10.17,17,0,1,0.11105333333333345,0.0018456521909683942,-0.6344325006008148
ddqn,2026,3359,56259,-11.15,115,0,1,0.10923250000000007,0.0020509319167883533,-0.6550591678491661
ddqn,2026,3360,56286,-10.27,27,0,1,0.10880500000000004,0.000890340782851646,-0.5453673814024244
ddqn,2026,3361,56542,-2.5599999999999894,256,0,0,0.10475166666666669,0.00892705375275682,-0.6050905323354527
ddqn,2026,3362,56565,-10.23,23,0,1,0.10438750000000008,0.0006822145587648265,-0.54946751644214
ddqn,2026,3363,56712,-11.47,147,0,1,0.10206000000000004,0.0005209429509704933,-0.602965039377277
ddqn,2026,3364,56809,9.03,97,1,0,0.10052416666666675,0.010887228817712943,-0.6649006766577562
ddqn,2026,3365,56840,-10.31,31,0,1,0.10003333333333331,0.0017805609713832382,-0.5632836446166039
ddqn,2026,3366,56889,-10.49,49,0,1,0.0992575,0.020075381421823597,-0.6050335963567098
ddqn,2026,3367,56892,-10.03,3,0,1,0.09921000000000002,0.0007706886390224099,-0.6983571648597717
ddqn,2026,3368,56961,-10.69,69,0,1,0.09811749999999997,0.0009835913746535558,-0.6169112272122327
ddqn,2026,3369,56968,-10.07,7,0,1,0.09800666666666669,0.11013135238317773,-0.43179817497730255
ddqn,2026,3370,56991,9.77,23,1,0,0.09764250000000008,0.001529845522600226,-0.3486336231231689
ddqn,2026,3371,57201,-12.1,210,0,1,0.09431750000000005,0.00962194849359188,-0.5639382874909437
ddqn,2026,3372,57255,-10.54,54,0,1,0.0934625,0.0015615701167217384,-0.5368623550121601
ddqn,2026,3373,57324,-10.69,69,0,1,0.09237000000000006,0.0009435311464282373,-0.6617129527860217
ddqn,2026,3374,57412,-10.88,88,0,1,0.0909766666666667,0.02106103504775092,-0.7356949218294837
ddqn,2026,3375,57433,-10.209999999999999,21,0,1,0.09064416666666664,0.007895626753452234,-0.5859902560710907
ddqn,2026,3376,57631,-11.98,198,0,1,0.08750916666666664,0.0008769288906478323,-0.5671979018620082
ddqn,2026,3377,57646,-10.15,15,0,1,0.08727166666666675,0.0010720365535235032,-0.644025057554245
ddqn,2026,3378,57667,-10.209999999999999,21,0,1,0.08693916666666679,0.0012314196326769888,-0.7302594900131225
ddqn,2026,3379,57735,-10.68,68,0,1,0.08586249999999995,0.0011049785791649757,-0.60066558508312
ddqn,2026,3380,57745,-10.1,10,0,1,0.08570416666666669,0.0014090116407411795,-0.7679838140805563
ddqn,2026,3381,57786,9.59,41,1,0,0.0850550000000001,0.0014551023254171015,-0.6488458454608917
ddqn,2026,3382,57877,-10.91,91,0,1,0.08361416666666666,0.012143673540935119,-0.6333393331455148
ddqn,2026,3383,57910,-10.33,33,0,1,0.08309166666666679,0.00033043160055967746,-0.778400257229805
ddqn,2026,3384,58014,-11.040000000000001,104,0,1,0.0814450000000001,0.008742088885880479,-0.6138569036355386
ddqn,2026,3385,58119,-11.05,105,0,1,0.07978249999999998,0.002759952643268312,-0.622197409088795
ddqn,2026,3386,58154,-10.35,35,0,1,0.07922833333333346,0.0023503084796377355,-0.5478984481758542
ddqn,2026,3387,58157,-10.03,3,0,1,0.07918083333333337,0.0007290895446203649,-0.4121423363685608
ddqn,2026,3388,58201,-10.44,44,0,1,0.07848416666666669,0.00041923815379877027,-0.5669703307476911
ddqn,2026,3389,58341,-11.4,140,0,1,0.07626750000000004,0.01474817278270036,-0.5750536067145211
ddqn,2026,3390,58391,-10.5,50,0,1,0.07547583333333341,0.0009258053540482555,-0.48717015981674194
ddqn,2026,3391,58538,-11.47,147,0,1,0.07314833333333337,0.010941837904062373,-0.5899240986720936
ddqn,2026,3392,58578,-10.4,40,0,1,0.07251500000000011,0.025589734004461205,-0.7924668997526169
ddqn,2026,3393,58592,-10.14,14,0,1,0.07229333333333332,0.005472865501360502,-0.5586010478436947
ddqn,2026,3394,58700,-11.08,108,0,1,0.07058333333333333,0.012222768513850126,-0.6673923617711773
ddqn,2026,3395,58843,-11.430000000000001,143,0,1,0.06831916666666671,0.007361899534797495,-0.5739340492657252
ddqn,2026,3396,59093,7.500000000000009,250,1,0,0.06436083333333342,0.01832152426083219,-0.6375881384999033
ddqn,2026,3397,59107,-10.14,14,0,1,0.06413916666666675,0.005193038377910852,-0.5880355437596639
ddqn,2026,3398,59125,-10.18,18,0,1,0.06385416666666666,0.03687996389344335,-0.48368430733680723
ddqn,2026,3399,59195,-10.7,70,0,1,0.06274583333333339,0.003674411927075947,-0.5584834480986876
ddqn,2026,3400,59224,-10.29,29,0,1,0.06228666666666671,0.030458341316261794,-0.5088113695383072
ddqn,2026,3401,59321,9.03,97,1,0,0.06075083333333331,0.0013971789267088752,-0.5510792272786299
ddqn,2026,3402,59454,-11.33,133,0,1,0.05864500000000006,0.0031796763368854017,-0.5800919203144131
ddqn,2026,3403,59496,9.58,42,1,0,0.05798000000000003,0.005347865395544266,-0.47009202431548724
ddqn,2026,3404,59584,-10.88,88,0,1,0.056586666666666674,0.01916527340918864,-0.571823544122956
ddqn,2026,3405,59695,-11.110000000000001,111,0,1,0.05482916666666671,0.003171577546271254,-0.650875492228402
ddqn,2026,3406,59736,-10.41,41,0,1,0.054180000000000006,0.0016506651061883365,-0.543989585204558
ddqn,2026,3407,59752,-10.16,16,0,1,0.05392666666666668,0.002105749968905002,-0.9578887820243835
ddqn,2026,3408,59772,-10.2,20,0,1,0.053610000000000047,0.0011730977275874466,-0.7131105959415436
ddqn,2026,3409,59805,-10.33,33,0,1,0.053087500000000065,0.003295049442385789,-0.6335973739624023
ddqn,2026,3410,59833,-10.28,28,0,1,0.052644166666666714,0.002774717429669441,-0.5299806467124394
ddqn,2026,3411,59891,9.42,58,1,0,0.05172583333333336,0.015663923491956666,-0.6070674764258521
ddqn,2026,3412,59956,-10.65,65,0,1,0.05069666666666672,0.002345426066312939,-0.7603240188430337
ddqn,2026,3413,60212,-2.5599999999999894,256,0,0,0.050000000000000044,0.005186089105336578,-0.546939542517066
ddqn,2026,3414,60242,-10.3,30,0,1,0.050000000000000044,0.0019055113828341877,-0.44299579305308207
ddqn,2026,3415,60330,-10.88,88,0,1,0.050000000000000044,0.0012684667599387467,-0.5192768925970251
ddqn,2026,3416,60482,-11.520000000000001,152,0,1,0.050000000000000044,0.017219731587254882,-0.5437924961902594
ddqn,2026,3417,60514,-10.32,32,0,1,0.050000000000000044,0.023254355197423138,-0.6918874457478523
ddqn,2026,3418,60570,-10.56,56,0,1,0.050000000000000044,0.002167421072954312,-0.4560904779604503
ddqn,2026,3419,60605,-10.35,35,0,1,0.050000000000000044,0.018789268703484494,-0.57834435833825
ddqn,2026,3420,60764,-11.590000000000002,159,0,1,0.050000000000000044,0.012160386463438044,-0.5557925764471292
ddqn,2026,3421,60889,-11.25,125,0,1,0.050000000000000044,0.005775697356570632,-0.5721756359261851
ddqn,2026,3422,60896,-10.07,7,0,1,0.050000000000000044,0.002356674987822771,-0.8681451082229614
ddqn,2026,3423,61097,-12.010000000000002,201,0,1,0.050000000000000044,0.011370243484852835,-0.536978051662445
ddqn,2026,3424,61286,8.11,189,1,0,0.050000000000000044,0.008515035981891994,-0.5187184469813996
ddqn,2026,3425,61322,-10.36,36,0,1,0.050000000000000044,0.0009695143315992835,-0.45426786773734623
ddqn,2026,3426,61357,-10.35,35,0,1,0.050000000000000044,0.0010817833891552356,-0.5426512724823422
ddqn,2026,3427,61389,9.68,32,1,0,0.050000000000000044,0.003691011959745083,-0.6188684394583106
ddqn,2026,3428,61426,-10.37,37,0,1,0.050000000000000044,0.001919647300383076,-0.5038443903128306
ddqn,2026,3429,61477,-10.51,51,0,1,0.050000000000000044,0.0020975453841786543,-0.5062104234328637
ddqn,2026,3430,61587,-11.100000000000001,110,0,1,0.050000000000000044,0.001475152424299503,-0.4744871810630516
ddqn,2026,3431,61735,8.52,148,1,0,0.050000000000000044,0.002641873843999378,-0.558527311964615
ddqn,2026,3432,61944,7.91,209,1,0,0.050000000000000044,0.013498408329741203,-0.47386357877052054
ddqn,2026,3433,61974,-10.3,30,0,1,0.050000000000000044,0.0005250032970382433,-0.4063172595841544
ddqn,2026,3434,62022,9.52,48,1,0,0.050000000000000044,0.0013229635005700402,-0.5010833442211151
ddqn,2026,3435,62096,-10.74,74,0,1,0.050000000000000044,0.00046038555937181965,-0.49605738567678553
ddqn,2026,3436,62151,9.45,55,1,0,0.050000000000000044,0.0004895160342969645,-0.5667217454084983
ddqn,2026,3437,62344,-11.930000000000001,193,0,1,0.050000000000000044,0.00034941823387456755,-0.5196812012974097
ddqn,2026,3438,62416,-10.72,72,0,1,0.050000000000000044,0.00023218370562163828,-0.47837168640560573
ddqn,2026,3439,62478,-10.620000000000001,62,0,1,0.050000000000000044,0.001834183986162922,-0.5467184096574783
ddqn,2026,3440,62591,-11.13,113,0,1,0.050000000000000044,0.008846177804766089,-0.5172330540205751
ddqn,2026,3441,62643,9.48,52,1,0,0.050000000000000044,0.0004981261831394826,-0.5930076195643499
ddqn,2026,3442,62756,8.87,113,1,0,0.050000000000000044,0.017368535800414975,-0.5238221210652384
ddqn,2026,3443,62894,8.62,138,1,0,0.050000000000000044,0.01283084698190899,-0.5380515138454297
ddqn,2026,3444,62910,9.84,16,1,0,0.050000000000000044,0.03708771866513416,-0.7851784825325012
ddqn,2026,3445,62933,-10.23,23,0,1,0.050000000000000044,0.006067968890420161,-0.4533052941163381
ddqn,2026,3446,63021,-10.88,88,0,1,0.050000000000000044,0.00202168761428435,-0.5296422158452597
ddqn,2026,3447,63212,-11.910000000000002,191,0,1,0.050000000000000044,0.011477569376438623,-0.5605542184785008
ddqn,2026,3448,63250,-10.38,38,0,1,0.050000000000000044,0.029357459693629708,-0.49772313237190247
ddqn,2026,3449,63506,-2.5599999999999894,256,0,0,0.050000000000000044,0.012782387702827691,-0.5260882843285799
ddqn,2026,3450,63640,-11.34,134,0,1,0.050000000000000044,0.016835885798654464,-0.5552366029690293
ddqn,2026,3451,63698,-10.58,58,0,1,0.050000000000000044,0.0035946186024895205,-0.3483715493764196
ddqn,2026,3452,63738,-10.4,40,0,1,0.050000000000000044,0.0008123941835947335,-0.4932670548558235
ddqn,2026,3453,63819,-10.81,81,0,1,0.050000000000000044,0.011685849979403428,-0.5439916700124741
ddqn,2026,3454,63880,9.39,61,1,0,0.050000000000000044,0.017065043222828535,-0.6219110619276762
ddqn,2026,3455,64120,7.600000000000007,240,1,0,0.050000000000000044,0.019929830110049805,-0.5032368599126736
ddqn,2026,3456,64147,-10.27,27,0,1,0.050000000000000044,0.030032364185899496,-0.6647787938515345
ddqn,2026,3457,64181,-10.34,34,0,1,0.050000000000000044,0.019954290965365037,-0.4478676567475001
ddqn,2026,3458,64211,-10.3,30,0,1,0.050000000000000044,0.00324278389702418,-0.4379984417131969
ddqn,2026,3459,64380,-11.690000000000001,169,0,1,0.050000000000000044,0.022159374302772934,-0.4926191994617152
ddqn,2026,3460,64410,-10.3,30,0,1,0.050000000000000044,0.008142950512202722,-0.526513106056622
ddqn,2026,3461,64518,-11.08,108,0,1,0.050000000000000044,0.014566266279736603,-0.5122821623528445
ddqn,2026,3462,64686,-11.680000000000001,168,0,1,0.050000000000000044,0.014445875171250441,-0.47765649464868365
ddqn,2026,3463,64942,-2.5599999999999894,256,0,0,0.050000000000000044,0.008103712944830477,-0.5339374332688749
ddqn,2026,3464,64992,-10.5,50,0,1,0.050000000000000044,0.02835382272202808,-0.5558913957614166
ddqn,2026,3465,65037,9.55,45,1,0,0.050000000000000044,0.05224924265745689,-0.41802436248822644
ddqn,2026,3466,65051,-10.14,14,0,1,0.050000000000000044,0.014166652845839659,-0.41845519840717316
ddqn,2026,3467,65093,9.58,42,1,0,0.050000000000000044,0.018714819907803427,-0.5918264666741545
ddqn,2026,3468,65097,-10.04,4,0,1,0.050000000000000044,0.006806152872741222,-0.5578873157501221
ddqn,2026,3469,65099,-10.02,2,0,1,0.050000000000000044,,
ddqn,2026,3470,65355,-2.5599999999999894,256,0,0,0.050000000000000044,0.012518680226094148,-0.5453862693393603
ddqn,2026,3471,65361,-10.06,6,0,1,0.050000000000000044,0.0024991618702188134,-0.34938544034957886
ddqn,2026,3472,65418,9.43,57,1,0,0.050000000000000044,0.016800191685823456,-0.41261165908404757
ddqn,2026,3473,65481,-10.63,63,0,1,0.050000000000000044,0.022394038176571485,-0.529312108643353
ddqn,2026,3474,65536,9.45,55,1,0,0.050000000000000044,0.0031919353225800607,-0.5442875341645309
ddqn,2026,3475,65569,-10.33,33,0,1,0.050000000000000044,0.021923086285823956,-0.5075876042246819
ddqn,2026,3476,65590,9.790000000000001,21,1,0,0.050000000000000044,0.029379155999049545,-0.4118355542421341
ddqn,2026,3477,65610,9.8,20,1,0,0.050000000000000044,0.0033669045194983484,-0.5723532885313034
ddqn,2026,3478,65761,8.489999999999998,151,1,0,0.050000000000000044,0.02308783805806582,-0.46432011319618477
ddqn,2026,3479,65805,9.56,44,1,0,0.050000000000000044,0.018241653113033284,-0.5236764225092801
ddqn,2026,3480,65831,-10.26,26,0,1,0.050000000000000044,0.004407736783226331,-0.48110805700222653
ddqn,2026,3481,65885,9.46,54,1,0,0.050000000000000044,0.003209558174213661,-0.4382650719157287
ddqn,2026,3482,65901,9.84,16,1,0,0.050000000000000044,0.004912662843707949,-0.5029030367732048
ddqn,2026,3483,65904,-10.03,3,0,1,0.050000000000000044,0.005374382250010967,-0.41056668758392334
ddqn,2026,3484,65981,9.23,77,1,0,0.050000000000000044,0.003335841563775351,-0.5444288983156806
ddqn,2026,3485,66033,9.48,52,1,0,0.050000000000000044,0.01769641777858711,-0.34971529417313063
ddqn,2026,3486,66139,-11.06,106,0,1,0.050000000000000044,0.012895071498440722,-0.4661724888361417
ddqn,2026,3487,66254,8.85,115,1,0,0.050000000000000044,0.013016898377702153,-0.4357282521909681
ddqn,2026,3488,66284,9.7,30,1,0,0.050000000000000044,0.02405717712827027,-0.4850876643322408
ddqn,2026,3489,66289,-10.049999999999999,5,0,1,0.050000000000000044,0.0026776171289384365,-0.8104754090309143
ddqn,2026,3490,66389,9.0,100,1,0,0.050000000000000044,0.010442420556209982,-0.40373910158872606
ddqn,2026,3491,66467,-10.780000000000001,78,0,1,0.050000000000000044,0.00510047653714489,-0.5026695171469137
ddqn,2026,3492,66506,-10.39,39,0,1,0.050000000000000044,0.0372177347773686,-0.4870760504156351
ddqn,2026,3493,66555,9.51,49,1,0,0.050000000000000044,0.006954686308745295,-0.4464171739916007
ddqn,2026,3494,66560,-10.049999999999999,5,0,1,0.050000000000000044,0.012456626165658236,-0.5808814465999603
ddqn,2026,3495,66600,9.6,40,1,0,0.050000000000000044,0.01861745221540332,-0.442424850165844
ddqn,2026,3496,66614,9.86,14,1,0,0.050000000000000044,0.007692802930250764,-0.8088019092877706
ddqn,2026,3497,66702,9.12,88,1,0,0.050000000000000044,0.01277750309831886,-0.46847026388753543
ddqn,2026,3498,66795,9.07,93,1,0,0.050000000000000044,0.010574409287706341,-0.4074810105173484
ddqn,2026,3499,66824,9.71,29,1,0,0.050000000000000044,0.02076022734399885,-0.4236526098102331
ddqn,2026,3500,66880,-10.56,56,0,1,0.050000000000000044,0.024540487743381943,-0.5851988920143673
ddqn,2026,3501,66911,9.69,31,1,0,0.050000000000000044,0.003107383963651955,-0.5125266185828617
ddqn,2026,3502,66923,9.88,12,1,0,0.050000000000000044,0.005532699714725216,-0.26337841774026555
ddqn,2026,3503,66990,-10.67,67,0,1,0.050000000000000044,0.037198146996910084,-0.5616517850362203
ddqn,2026,3504,67024,9.66,34,1,0,0.050000000000000044,0.0196924601138259,-0.4517388525936339
ddqn,2026,3505,67086,9.379999999999999,62,1,0,0.050000000000000044,0.023506091286738712,-0.44479710708061854
ddqn,2026,3506,67174,-10.88,88,0,1,0.050000000000000044,0.041834420767951415,-0.3408794477581978
ddqn,2026,3507,67191,-10.17,17,0,1,0.050000000000000044,0.07914221216924489,-0.3556486591696739
ddqn,2026,3508,67213,9.78,22,1,0,0.050000000000000044,0.006353124083640675,-0.5260533491770426
ddqn,2026,3509,67268,-10.55,55,0,1,0.050000000000000044,0.007921982639735299,-0.2898646082196917
ddqn,2026,3510,67291,-10.23,23,0,1,0.050000000000000044,0.02684182582888752,-0.31222989447414873
ddqn,2026,3511,67393,-11.02,102,0,1,0.050000000000000044,0.03447736938519833,-0.4872443021203463
ddqn,2026,3512,67500,-11.07,107,0,1,0.050000000000000044,0.019262185453920177,-0.4820374266968833
ddqn,2026,3513,67756,-2.5599999999999894,256,0,0,0.050000000000000044,0.01869285839893564,-0.4208391792490147
ddqn,2026,3514,67863,8.93,107,1,0,0.050000000000000044,0.030958204127203386,-0.3808631401222486
ddqn,2026,3515,68056,8.069999999999999,193,1,0,0.050000000000000044,0.008440854944934954,-0.38404618994313844
ddqn,2026,3516,68119,-10.63,63,0,1,0.050000000000000044,0.00988801548567911,-0.5206162989139557
ddqn,2026,3517,68250,8.69,131,1,0,0.050000000000000044,0.009915471842484267,-0.42529048849687434
ddqn,2026,3518,68265,9.85,15,1,0,0.050000000000000044,0.005766384303569794,-0.6955604776740074
ddqn,2026,3519,68313,9.52,48,1,0,0.050000000000000044,0.0067608665364483995,-0.5087195845941702
ddqn,2026,3520,68339,9.74,26,1,0,0.050000000000000044,0.008449253936608633,-0.6436500350634257
ddqn,2026,3521,68363,9.76,24,1,0,0.050000000000000044,0.002571785512069861,-0.5186090519030889
ddqn,2026,3522,68401,9.62,38,1,0,0.050000000000000044,0.04251506208674982,-0.5438965052366257
ddqn,2026,3523,68551,-11.5,150,0,1,0.050000000000000044,0.024570396764682152,-0.4798777101410402
ddqn,2026,3524,68654,8.969999999999999,103,1,0,0.050000000000000044,0.014273519502379574,-0.3887262103649286
ddqn,2026,3525,68664,-10.1,10,0,1,0.050000000000000044,0.0028848984899620214,-0.502234677473704
ddqn,2026,3526,68761,9.03,97,1,0,0.050000000000000044,0.016735363266586017,-0.4095866583908598
ddqn,2026,3527,68917,-11.56,156,0,1,0.050000000000000044,0.022070060666196812,-0.41261917639237183
ddqn,2026,3528,69069,8.479999999999999,152,1,0,0.050000000000000044,0.026335726164305878,-0.40758789781677096
ddqn,2026,3529,69180,-11.110000000000001,111,0,1,0.050000000000000044,0.02319317902272035,-0.4437125657818147
ddqn,2026,3530,69204,-10.24,24,0,1,0.050000000000000044,0.008545674344835183,-0.28378015384078026
ddqn,2026,3531,69220,-10.16,16,0,1,0.050000000000000044,0.036794756539165974,-0.46318212151527405
ddqn,2026,3532,69255,-10.35,35,0,1,0.050000000000000044,0.02576553003746085,-0.5372287137433887
ddqn,2026,3533,69370,8.85,115,1,0,0.050000000000000044,0.031219611217364156,-0.46445482519680054
ddqn,2026,3534,69626,-2.5599999999999894,256,0,0,0.050000000000000044,0.022933555554118357,-0.42390668054576963
ddqn,2026,3535,69648,-10.22,22,0,1,0.050000000000000044,0.021559306265165407,-0.48162685334682465
ddqn,2026,3536,69702,9.46,54,1,0,0.050000000000000044,0.026274780599543683,-0.3628167355289826
ddqn,2026,3537,69795,9.07,93,1,0,0.050000000000000044,0.017615369875388948,-0.46570518045969633
ddqn,2026,3538,69977,8.18,182,1,0,0.050000000000000044,0.016225695911207764,-0.3505562731753225
ddqn,2026,3539,70032,9.45,55,1,0,0.050000000000000044,0.06221841486902641,-0.31324171115245136
ddqn,2026,3540,70106,-10.74,74,0,1,0.050000000000000044,0.04023260571476486,-0.3586821099743247
ddqn,2026,3541,70212,8.94,106,1,0,0.050000000000000044,0.027390905543816863,-0.27314435597509146
ddqn,2026,3542,70322,-11.100000000000001,110,0,1,0.050000000000000044,0.042585273238795775,-0.39538861480024123
ddqn,2026,3543,70374,9.48,52,1,0,0.050000000000000044,0.07408513626656853,-0.3890457646204875
ddqn,2026,3544,70378,-10.04,4,0,1,0.050000000000000044,0.003099776804447174,-0.2106170803308487
ddqn,2026,3545,70425,-10.47,47,0,1,0.050000000000000044,0.058898914294938244,-0.29777149731914204
ddqn,2026,3546,70459,-10.34,34,0,1,0.050000000000000044,0.06230256916023791,-0.39251439017243683
ddqn,2026,3547,70512,-10.53,53,0,1,0.050000000000000044,0.04408932284318975,-0.31397128637347904
ddqn,2026,3548,70564,9.48,52,1,0,0.050000000000000044,0.03461191638444479,-0.30573750000733596
ddqn,2026,3549,70684,-11.200000000000001,120,0,1,0.050000000000000044,0.017702915892004966,-0.36302696528534095
ddqn,2026,3550,70851,-11.670000000000002,167,0,1,0.050000000000000044,0.03467964434360222,-0.3187430314719677
ddqn,2026,3551,70898,9.53,47,1,0,0.050000000000000044,0.0334878041370151,-0.34842058426390093
ddqn,2026,3552,70921,-10.23,23,0,1,0.050000000000000044,0.019779163878411055,-0.23890620345870653
ddqn,2026,3553,70992,-10.71,71,0,1,0.050000000000000044,0.04291807710089617,-0.484101848055919
ddqn,2026,3554,71188,8.04,196,1,0,0.050000000000000044,0.07102732068611955,-0.3419275119596598
ddqn,2026,3555,71238,9.5,50,1,0,0.050000000000000044,0.04740881411513934,-0.27762842178344727
ddqn,2026,3556,71399,8.389999999999999,161,1,0,0.050000000000000044,0.07635254358174279,-0.24581976355984808
ddqn,2026,3557,71471,-10.72,72,0,1,0.050000000000000044,0.06602126807491812,-0.27314530230230755
ddqn,2026,3558,71475,-10.04,4,0,1,0.050000000000000044,0.010671937838196754,-0.24232622981071472
ddqn,2026,3559,71495,-10.2,20,0,1,0.050000000000000044,0.049499869253486393,-0.2959027409553528
ddqn,2026,3560,71751,-2.5599999999999894,256,0,0,0.050000000000000044,0.050646814350329805,-0.3517222269147169
ddqn,2026,3561,72007,-2.5599999999999894,256,0,0,0.050000000000000044,0.049322486578603275,-0.2632085468212608
ddqn,2026,3562,72154,-11.47,147,0,1,0.050000000000000044,0.06302199505168844,-0.22553357235281854
ddqn,2026,3563,72212,-10.58,58,0,1,0.050000000000000044,0.07803682014346122,-0.2374421233932177
ddqn,2026,3564,72274,-10.620000000000001,62,0,1,0.050000000000000044,0.0686554465442896,-0.13121299743652343
ddqn,2026,3565,72530,-2.5599999999999894,256,0,0,0.050000000000000044,0.05176331371330889,-0.21181824858649634
ddqn,2026,3566,72583,-10.53,53,0,1,0.050000000000000044,0.07206176909116599,-0.06822397903754161
ddqn,2026,3567,72839,-2.5599999999999894,256,0,0,0.050000000000000044,0.05409114939538995,-0.2344172282028012
ddqn,2026,3568,73005,-11.66,166,0,1,0.050000000000000044,0.047159285395450536,-0.17570855308856284
ddqn,2026,3569,73049,-10.44,44,0,1,0.050000000000000044,0.06703946587036956,-0.0646185813979669
ddqn,2026,3570,73099,-10.5,50,0,1,0.050000000000000044,0.05372188868932426,-0.21918427726874748
ddqn,2026,3571,73111,-10.12,12,0,1,0.050000000000000044,0.06933392956852913,-0.12141651473939419
ddqn,2026,3572,73367,-2.5599999999999894,256,0,0,0.050000000000000044,0.07233792439365061,-0.13009715543012135
ddqn,2026,3573,73386,9.81,19,1,0,0.050000000000000044,0.10226448588073253,-0.1625431716442108
ddqn,2026,3574,73433,9.53,47,1,0,0.050000000000000044,0.06863982719369233,-0.16803283244371414
ddqn,2026,3575,73465,9.68,32,1,0,0.050000000000000044,0.0623332338873297,-0.20465378277003765
ddqn,2026,3576,73508,9.57,43,1,0,0.050000000000000044,0.09601192379539664,-0.11635571430352601
ddqn,2026,3577,73593,-10.85,85,0,1,0.050000000000000044,0.08484759203912247,-0.07014323451689311
ddqn,2026,3578,73612,-10.19,19,0,1,0.050000000000000044,0.026015801820904016,-0.391033399105072
ddqn,2026,3579,73637,9.75,25,1,0,0.050000000000000044,0.03902171396960815,-0.23140194670607647
ddqn,2026,3580,73746,8.91,109,1,0,0.050000000000000044,0.07509653149517598,-0.10745148719460876
ddqn,2026,3581,73791,9.55,45,1,0,0.050000000000000044,0.083567196122286,-0.10484134609049017
ddqn,2026,3582,73846,-10.55,55,0,1,0.050000000000000044,0.05681866134649941,-0.17859685101679393
ddqn,2026,3583,73948,8.98,102,1,0,0.050000000000000044,0.07587792269455698,-0.08009699445504409
ddqn,2026,3584,74027,-10.790000000000001,79,0,1,0.050000000000000044,0.10689132305254277,-0.1511230149159306
ddqn,2026,3585,74043,9.84,16,1,0,0.050000000000000044,0.14208788331598043,0.004754848778247833
ddqn,2026,3586,74061,-10.18,18,0,1,0.050000000000000044,0.13714631795883178,-0.06719833612442017
ddqn,2026,3587,74078,9.83,17,1,0,0.050000000000000044,0.12515021208673716,0.013396112248301506
ddqn,2026,3588,74146,9.32,68,1,0,0.050000000000000044,0.16305320622289882,-0.04471036879455342
ddqn,2026,3589,74305,8.409999999999998,159,1,0,0.050000000000000044,0.15179567104205488,-0.03584605267387815
ddqn,2026,3590,74313,-10.08,8,0,1,0.050000000000000044,0.13518835045397282,0.17330442368984222
ddqn,2026,3591,74378,-10.65,65,0,1,0.050000000000000044,0.1598502506967634,-0.007832694798707962
ddqn,2026,3592,74396,-10.18,18,0,1,0.050000000000000044,0.2116241544485092,0.011899244785308839
ddqn,2026,3593,74476,9.2,80,1,0,0.050000000000000044,0.12252970822155476,0.08981220442801714
ddqn,2026,3594,74584,8.92,108,1,0,0.050000000000000044,0.12922437154446487,0.08203707704389537
ddqn,2026,3595,74601,9.83,17,1,0,0.050000000000000044,0.09054500563070178,-0.052237896248698235
ddqn,2026,3596,74682,9.19,81,1,0,0.050000000000000044,0.13847994995303453,-0.058126650750637054
ddqn,2026,3597,74728,-10.46,46,0,1,0.050000000000000044,0.1481831825027863,-0.049903296555082
ddqn,2026,3598,74730,-10.02,2,0,1,0.050000000000000044,,
ddqn,2026,3599,74763,9.67,33,1,0,0.050000000000000044,0.11826502531766891,-0.00019165128469467163
ddqn,2026,3600,74780,9.83,17,1,0,0.050000000000000044,0.12936937808990479,-0.010243119299411773
ddqn,2026,3601,74796,9.84,16,1,0,0.050000000000000044,0.11147247417829931,-0.04154359921813011
ddqn,2026,3602,74869,9.27,73,1,0,0.050000000000000044,0.09744276572018862,0.042619116293887295
ddqn,2026,3603,74969,9.0,100,1,0,0.050000000000000044,0.11438616335391999,-0.01739155113697052
ddqn,2026,3604,75003,9.66,34,1,0,0.050000000000000044,0.10758465935941786,0.09452166093979031
ddqn,2026,3605,75026,-10.23,23,0,1,0.050000000000000044,0.12355879290650289,0.04873668091992537
ddqn,2026,3606,75116,9.1,90,1,0,0.050000000000000044,0.14128585192172424,0.03088846349197885
ddqn,2026,3607,75132,9.84,16,1,0,0.050000000000000044,0.13261904940009117,0.12188399396836758
ddqn,2026,3608,75173,-10.41,41,0,1,0.050000000000000044,0.13115757890045643,0.07119940891861916
ddqn,2026,3609,75195,9.78,22,1,0,0.050000000000000044,0.10066613405942917,0.11247599720954896
ddqn,2026,3610,75250,-10.55,55,0,1,0.050000000000000044,0.14312474482825824,0.12911844413195336
ddqn,2026,3611,75265,-10.15,15,0,1,0.050000000000000044,0.17388016916811466,0.07202267274260521
ddqn,2026,3612,75306,9.59,41,1,0,0.050000000000000044,0.14274131003767251,0.18362364396452904
ddqn,2026,3613,75384,-10.780000000000001,78,0,1,0.050000000000000044,0.14352510697208345,0.12926593758165836
ddqn,2026,3614,75399,9.85,15,1,0,0.050000000000000044,0.19963593780994415,0.6384985248247782
ddqn,2026,3615,75459,9.4,60,1,0,0.050000000000000044,0.1400977539519469,0.133545358479023
ddqn,2026,3616,75619,8.399999999999999,160,1,0,0.050000000000000044,0.11806356376037001,0.17393746841698884
ddqn,2026,3617,75633,9.86,14,1,0,0.050000000000000044,0.06145343789830804,0.11895599961280823
ddqn,2026,3618,75710,9.23,77,1,0,0.050000000000000044,0.13093072872020697,0.15526249102855982
ddqn,2026,3619,75758,9.52,48,1,0,0.050000000000000044,0.13932867099841437,0.19346150010824203
ddqn,2026,3620,75783,9.75,25,1,0,0.050000000000000044,0.08266493072733283,0.01609881967306137
ddqn,2026,3621,75795,9.88,12,1,0,0.050000000000000044,0.07724740480383237,-0.20108012855052948
ddqn,2026,3622,75819,9.76,24,1,0,0.050000000000000044,0.11878264260788758,0.2376631647348404
ddqn,2026,3623,75846,9.73,27,1,0,0.050000000000000044,0.09005637041160039,-0.11790428523506437
ddqn,2026,3624,75858,9.88,12,1,0,0.050000000000000044,0.09028719241420428,0.0516613299647967
ddqn,2026,3625,75887,9.71,29,1,0,0.050000000000000044,0.14386133796402387,0.3426126795155661
ddqn,2026,3626,75914,9.73,27,1,0,0.050000000000000044,0.0996880502040897,0.11718295248491424
ddqn,2026,3627,75934,9.8,20,1,0,0.050000000000000044,0.10855945721268653,0.16434566229581832
ddqn,2026,3628,75948,9.86,14,1,0,0.050000000000000044,0.06810280168429017,0.03704872727394104
ddqn,2026,3629,75988,9.6,40,1,0,0.050000000000000044,0.13385949814692139,0.10815754421055317
ddqn,2026,3630,76012,9.76,24,1,0,0.050000000000000044,0.17995075633128485,0.15114154169956842
ddqn,2026,3631,76024,9.88,12,1,0,0.050000000000000044,0.24421432614326477,0.42570366462071735
ddqn,2026,3632,76042,9.82,18,1,0,0.050000000000000044,0.10836915951222181,0.40784505754709244
ddqn,2026,3633,76050,-10.08,8,0,1,0.050000000000000044,0.19318820536136627,0.4605601131916046
ddqn,2026,3634,76122,9.28,72,1,0,0.050000000000000044,0.1615057877368397,0.3704993807607227
ddqn,2026,3635,76250,8.719999999999999,128,1,0,0.050000000000000044,0.1282029928988777,0.26253271009773016
ddqn,2026,3636,76270,9.8,20,1,0,0.050000000000000044,0.10904204025864601,0.13539641499519348
ddqn,2026,3637,76300,9.7,30,1,0,0.050000000000000044,0.16841389331966639,0.36243542842566967
ddqn,2026,3638,76352,9.48,52,1,0,0.050000000000000044,0.1490336716748201,0.4121270219867046
ddqn,2026,3639,76369,9.83,17,1,0,0.050000000000000044,0.19145026244223118,0.3842206336557865
ddqn,2026,3640,76405,9.64,36,1,0,0.050000000000000044,0.18474175367090437,0.6249610185623169
ddqn,2026,3641,76422,9.83,17,1,0,0.050000000000000044,0.07211739290505648,0.4622097834944725
ddqn,2026,3642,76441,9.81,19,1,0,0.050000000000000044,0.13243064433336257,0.32306721806526184
ddqn,2026,3643,76453,-10.12,12,0,1,0.050000000000000044,0.19096539417902628,0.4651363492012024
ddqn,2026,3644,76496,9.57,43,1,0,0.050000000000000044,0.12326507778330283,0.17927292598919434
ddqn,2026,3645,76512,9.84,16,1,0,0.050000000000000044,0.1633180733770132,0.07314221374690533
ddqn,2026,3646,76530,9.82,18,1,0,0.050000000000000044,0.18098923563957214,0.6234127953648567
ddqn,2026,3647,76542,9.88,12,1,0,0.050000000000000044,0.14026454836130142,0.5142842133839926
ddqn,2026,3648,76556,9.86,14,1,0,0.050000000000000044,0.1978269023820758,0.5355908265337348
ddqn,2026,3649,76578,9.78,22,1,0,0.050000000000000044,0.16112842112779618,0.1318908378481865
ddqn,2026,3650,76594,9.84,16,1,0,0.050000000000000044,0.11298026889562607,0.2579311169683933
ddqn,2026,3651,76630,9.64,36,1,0,0.050000000000000044,0.11235739683939351,0.2019763473007414
ddqn,2026,3652,76644,9.86,14,1,0,0.050000000000000044,0.1524938177317381,0.4229435008019209
ddqn,2026,3653,76664,9.8,20,1,0,0.050000000000000044,0.16999572813510894,0.28732048869133
ddqn,2026,3654,76676,9.88,12,1,0,0.050000000000000044,0.19273649156093597,0.47042185564835864
ddqn,2026,3655,76693,9.83,17,1,0,0.050000000000000044,0.09953638631850481,0.4517149031162262
ddqn,2026,3656,76709,9.84,16,1,0,0.050000000000000044,0.15550178661942482,0.514824328944087
ddqn,2026,3657,76731,9.78,22,1,0,0.050000000000000044,0.13090465366840362,0.49962676167488096
ddqn,2026,3658,76743,-10.12,12,0,1,0.050000000000000044,0.04262651006380717,0.5099132880568504
ddqn,2026,3659,76757,9.86,14,1,0,0.050000000000000044,0.12697078473865986,0.3738864026963711
ddqn,2026,3660,76778,9.790000000000001,21,1,0,0.050000000000000044,0.14396207630634308,0.35869538187980654
ddqn,2026,3661,76815,9.63,37,1,0,0.050000000000000044,0.14044642862346438,0.3724672860569424
ddqn,2026,3662,76834,9.81,19,1,0,0.050000000000000044,0.100042475014925,0.29646579176187515
ddqn,2026,3663,76857,9.77,23,1,0,0.050000000000000044,0.07636148948222399,0.4356901136537393
ddqn,2026,3664,76871,9.86,14,1,0,0.050000000000000044,0.08424405256907146,0.22444001585245132
ddqn,2026,3665,76919,9.52,48,1,0,0.050000000000000044,0.12133780866861343,0.4435255651672681
ddqn,2026,3666,76940,9.790000000000001,21,1,0,0.050000000000000044,0.10939380588630836,0.5752931286891302
ddqn,2026,3667,76956,9.84,16,1,0,0.050000000000000044,0.08893692214041948,0.5721890926361084
ddqn,2026,3668,76977,-10.209999999999999,21,0,1,0.050000000000000044,0.08346566632390022,0.227206951379776
ddqn,2026,3669,76991,9.86,14,1,0,0.050000000000000044,0.2158884902795156,0.7844236095746359
ddqn,2026,3670,77007,9.84,16,1,0,0.050000000000000044,0.15996717289090157,0.6257933154702187
ddqn,2026,3671,77024,-10.17,17,0,1,0.050000000000000044,0.2542976438999176,0.7295875370502471
ddqn,2026,3672,77035,-10.11,11,0,1,0.050000000000000044,0.3554801046848297,1.4522770643234253
ddqn,2026,3673,77067,-10.32,32,0,1,0.050000000000000044,0.2202962525188923,0.6926612816751003
ddqn,2026,3674,77089,9.78,22,1,0,0.050000000000000044,0.18993993600209555,0.997662623723348
ddqn,2026,3675,77106,9.83,17,1,0,0.050000000000000044,0.30729569122195244,0.7940121069550514
ddqn,2026,3676,77123,9.83,17,1,0,0.050000000000000044,0.30433033779263496,1.094122439622879
ddqn,2026,3677,77135,9.88,12,1,0,0.050000000000000044,0.3043684661388397,0.8901122808456421
ddqn,2026,3678,77215,9.2,80,1,0,0.050000000000000044,0.2387544922530651,0.7297417476773262
ddqn,2026,3679,77245,9.7,30,1,0,0.050000000000000044,0.21046095807105303,0.8305350728332996
ddqn,2026,3680,77263,9.82,18,1,0,0.050000000000000044,0.2139664776623249,1.0074504017829895
ddqn,2026,3681,77283,9.8,20,1,0,0.050000000000000044,0.14636179953813552,0.45744605660438536
ddqn,2026,3682,77286,-10.03,3,0,1,0.050000000000000044,0.0965820774435997,0.6469254493713379
ddqn,2026,3683,77303,9.83,17,1,0,0.050000000000000044,0.12169112078845501,0.7382094040513039
ddqn,2026,3684,77317,9.86,14,1,0,0.050000000000000044,0.17636318877339363,0.946595087647438
ddqn,2026,3685,77336,9.81,19,1,0,0.050000000000000044,0.246077698469162,0.8607088327407837
ddqn,2026,3686,77339,-10.03,3,0,1,0.050000000000000044,,
ddqn,2026,3687,77359,9.8,20,1,0,0.050000000000000044,0.16203538477420806,0.8042491018772125
ddqn,2026,3688,77513,-11.540000000000001,154,0,1,0.050000000000000044,0.1777406540245582,0.8099481881811068
ddqn,2026,3689,77539,9.74,26,1,0,0.050000000000000044,0.1710054837167263,0.7950601528088251
ddqn,2026,3690,77570,9.69,31,1,0,0.050000000000000044,0.14410850033164024,0.7732144184410572
ddqn,2026,3691,77589,9.81,19,1,0,0.050000000000000044,0.19966970831155778,0.7874127328395844
ddqn,2026,3692,77608,9.81,19,1,0,0.050000000000000044,0.15305972397327422,0.9874184966087342
ddqn,2026,3693,77622,9.86,14,1,0,0.050000000000000044,0.21619354436794916,1.3389416933059692
ddqn,2026,3694,77638,9.84,16,1,0,0.050000000000000044,0.234106607735157,0.9763228446245193
ddqn,2026,3695,77658,9.8,20,1,0,0.050000000000000044,0.15455745309591293,0.8539484143257141
ddqn,2026,3696,77691,9.67,33,1,0,0.050000000000000044,0.17255170922726393,0.8661078624427319
ddqn,2026,3697,77713,9.78,22,1,0,0.050000000000000044,0.14986618794500828,0.8793131113052368
ddqn,2026,3698,77737,9.76,24,1,0,0.050000000000000044,0.10843293058375518,0.5159475207328796
ddqn,2026,3699,77751,9.86,14,1,0,0.050000000000000044,0.17551046485702196,0.7546960413455963
ddqn,2026,3700,77865,-11.14,114,0,1,0.050000000000000044,0.15546070848559512,0.8335403743489035
ddqn,2026,3701,77893,9.72,28,1,0,0.050000000000000044,0.11066985077091626,0.8972614407539368
ddqn,2026,3702,77911,9.82,18,1,0,0.050000000000000044,0.19932786747813225,0.689833864569664
ddqn,2026,3703,77930,9.81,19,1,0,0.050000000000000044,0.11890386790037155,0.826498007774353
ddqn,2026,3704,77942,9.88,12,1,0,0.050000000000000044,0.17576316992441812,1.1133666237195332
ddqn,2026,3705,78014,9.28,72,1,0,0.050000000000000044,0.18535575022300085,0.8221367738313146
ddqn,2026,3706,78037,9.77,23,1,0,0.050000000000000044,0.2561013860007127,1.2669462064901988
ddqn,2026,3707,78136,9.01,99,1,0,0.050000000000000044,0.23361774444580077,1.1745773363113403
ddqn,2026,3708,78148,-10.12,12,0,1,0.050000000000000044,0.210741197069486,1.3350667158762615
ddqn,2026,3709,78245,9.03,97,1,0,0.050000000000000044,0.2380461028466622,1.171231201539437
ddqn,2026,3710,78261,-10.16,16,0,1,0.050000000000000044,0.29326752945780754,1.3219936788082123
ddqn,2026,3711,78299,9.62,38,1,0,0.050000000000000044,0.20826795366075304,1.0631682905885909
ddqn,2026,3712,78318,9.81,19,1,0,0.050000000000000044,0.37388122975826266,1.2204650044441223
ddqn,2026,3713,78332,9.86,14,1,0,0.050000000000000044,0.2339586727321148,1.2861670553684235
ddqn,2026,3714,78400,-10.68,68,0,1,0.050000000000000044,0.2051794699886266,1.151716716149274
ddqn,2026,3715,78492,-10.92,92,0,1,0.050000000000000044,0.24491824598416037,1.1696311468663423
ddqn,2026,3716,78554,-10.620000000000001,62,0,1,0.050000000000000044,0.18034189889828364,0.9823900024096172
ddqn,2026,3717,78606,-10.52,52,0,1,0.050000000000000044,0.18738562097916237,1.0713915824890137
ddqn,2026,3718,78862,-2.5599999999999894,256,0,0,0.050000000000000044,0.18696215201634914,1.0021949524525553
ddqn,2026,3719,78999,-11.370000000000001,137,0,1,0.050000000000000044,0.16005496121942997,1.1134355068206787
ddqn,2026,3720,79040,-10.41,41,0,1,0.050000000000000044,0.36869315803050995,1.3277891982685437
ddqn,2026,3721,79172,8.68,132,1,0,0.050000000000000044,0.3194496870943994,1.5560326955535195
ddqn,2026,3722,79195,9.77,23,1,0,0.050000000000000044,0.2064734935760498,1.4042804956436157
ddqn,2026,3723,79215,9.8,20,1,0,0.050000000000000044,0.33149789571762084,1.4379101276397706
ddqn,2026,3724,79235,9.8,20,1,0,0.050000000000000044,0.29810675978660583,1.402039647102356
ddqn,2026,3725,79257,9.78,22,1,0,0.050000000000000044,0.27100827544927597,1.4760634899139404
ddqn,2026,3726,79298,-10.41,41,0,1,0.050000000000000044,0.282206779718399,1.5189767599105835
ddqn,2026,3727,79340,9.58,42,1,0,0.050000000000000044,0.27113738656044006,1.5487728985873135
ddqn,2026,3728,79380,9.6,40,1,0,0.050000000000000044,0.2782905146479607,1.665226650238037
ddqn,2026,3729,79392,9.88,12,1,0,0.050000000000000044,0.209388867020607,1.5699116786321003
ddqn,2026,3730,79429,9.63,37,1,0,0.050000000000000044,0.2826473058925735,1.4337792462772794
ddqn,2026,3731,79443,9.86,14,1,0,0.050000000000000044,0.28647544980049133,0.942252536614736
ddqn,2026,3732,79460,9.83,17,1,0,0.050000000000000044,0.22722970247268676,1.2833263099193573
ddqn,2026,3733,79476,9.84,16,1,0,0.050000000000000044,0.34846171364188194,1.6786532700061798
ddqn,2026,3734,79500,9.76,24,1,0,0.050000000000000044,0.2487263729174932,1.4960768421490986
ddqn,2026,3735,79536,9.64,36,1,0,0.050000000000000044,0.22364182107978398,1.6558670070436265
ddqn,2026,3736,79553,9.83,17,1,0,0.050000000000000044,0.30537764728069305,1.7858233451843262
ddqn,2026,3737,79572,9.81,19,1,0,0.050000000000000044,0.2132586121559143,1.7898809671401978
ddqn,2026,3738,79584,-10.12,12,0,1,0.050000000000000044,0.24384213984012604,1.8754984537760417
ddqn,2026,3739,79602,9.82,18,1,0,0.050000000000000044,0.2296915091574192,1.7025865316390991
ddqn,2026,3740,79644,9.58,42,1,0,0.050000000000000044,0.2717002318664031,1.4611972841349514
ddqn,2026,3741,79656,9.88,12,1,0,0.050000000000000044,0.3169902761777242,1.9627235730489094
ddqn,2026,3742,79668,9.88,12,1,0,0.050000000000000044,0.28084749976793927,1.7742726802825928
ddqn,2026,3743,79697,9.71,29,1,0,0.050000000000000044,0.2720608434506825,1.734549811908177
ddqn,2026,3744,79723,9.74,26,1,0,0.050000000000000044,0.2507653857270877,1.5089331070582073
ddqn,2026,3745,79737,9.86,14,1,0,0.050000000000000044,0.24727249518036842,1.7263478636741638
ddqn,2026,3746,79761,9.76,24,1,0,0.050000000000000044,0.29523827383915585,1.614371915658315
ddqn,2026,3747,79775,9.86,14,1,0,0.050000000000000044,0.27415814499060315,1.6625328063964844
ddqn,2026,3748,79795,9.8,20,1,0,0.050000000000000044,0.20752004086971282,1.807963252067566
ddqn,2026,3749,79822,9.73,27,1,0,0.050000000000000044,0.22301607685429709,1.594094020979745
ddqn,2026,3750,79834,9.88,12,1,0,0.050000000000000044,0.2152357598145803,1.7001890738805134
ddqn,2026,3751,79848,9.86,14,1,0,0.050000000000000044,0.18623358011245728,1.6981495916843414
ddqn,2026,3752,79863,9.85,15,1,0,0.050000000000000044,0.26381394267082214,1.6571736733118694
ddqn,2026,3753,79883,9.8,20,1,0,0.050000000000000044,0.21837110966444015,1.677470898628235
ddqn,2026,3754,79900,9.83,17,1,0,0.050000000000000044,0.23715169727802277,1.6934284925460816
ddqn,2026,3755,79952,9.48,52,1,0,0.050000000000000044,0.18245070828841284,1.787407168975243
ddqn,2026,3756,79977,-10.25,25,0,1,0.050000000000000044,0.2679995397726695,1.778362214565277
ddqn,2026,3757,80037,-10.6,60,0,1,0.050000000000000044,0.37264895538489023,1.90781725247701
ddqn,2026,3758,80113,-10.76,76,0,1,0.050000000000000044,0.38606300950050354,2.002689844683597
ddqn,2026,3759,80188,-10.75,75,0,1,0.050000000000000044,0.3171034282759616,2.0135134709508797
ddqn,2026,3760,80249,-10.61,61,0,1,0.050000000000000044,0.3186761518319448,2.1322028716405232
ddqn,2026,3761,80347,-10.98,98,0,1,0.050000000000000044,0.2710001040250063,1.9960684577624004
ddqn,2026,3762,80603,-2.5599999999999894,256,0,0,0.050000000000000044,0.2556972246384248,2.154818894341588
ddqn,2026,3763,80825,-12.219999999999997,222,0,1,0.050000000000000044,0.2367143871794854,2.2044716072934016
ddqn,2026,3764,80840,-10.15,15,0,1,0.050000000000000044,0.2306475006043911,1.832232803106308
ddqn,2026,3765,80903,-10.63,63,0,1,0.050000000000000044,0.2405811980366707,2.260216005643209
ddqn,2026,3766,80928,-10.25,25,0,1,0.050000000000000044,0.21953963594777243,2.227073175566537
ddqn,2026,3767,81000,9.28,72,1,0,0.050000000000000044,0.21755230675141016,2.0948801471127405
ddqn,2026,3768,81008,-10.08,8,0,1,0.050000000000000044,0.517550453543663,2.437715768814087
ddqn,2026,3769,81058,-10.5,50,0,1,0.050000000000000044,0.4441704899072647,2.8581921656926474
ddqn,2026,3770,81073,-10.15,15,0,1,0.050000000000000044,0.41610368341207504,2.8333957195281982
ddqn,2026,3771,81091,9.82,18,1,0,0.050000000000000044,0.33455198258161545,2.6450940370559692
ddqn,2026,3772,81106,9.85,15,1,0,0.050000000000000044,0.3689871281385422,2.5533278584480286
ddqn,2026,3773,81122,9.84,16,1,0,0.050000000000000044,0.2946147844195366,2.761326551437378
ddqn,2026,3774,81142,9.8,20,1,0,0.050000000000000044,0.3060851365327835,2.9294132232666015
ddqn,2026,3775,81156,9.86,14,1,0,0.050000000000000044,0.3086032569408417,2.8010892271995544
ddqn,2026,3776,81193,-10.37,37,0,1,0.050000000000000044,0.36565157108836704,2.7038662433624268
ddqn,2026,3777,81207,9.86,14,1,0,0.050000000000000044,0.28747271994749707,2.634294589360555
ddqn,2026,3778,81234,9.73,27,1,0,0.050000000000000044,0.29966488054820467,2.8769831316811696
ddqn,2026,3779,81246,9.88,12,1,0,0.050000000000000044,0.3396061758200328,2.8847387631734214
ddqn,2026,3780,81270,9.76,24,1,0,0.050000000000000044,0.22396305948495865,3.145304560661316
ddqn,2026,3781,81297,9.73,27,1,0,0.050000000000000044,0.251674194421087,2.931201492037092
ddqn,2026,3782,81316,9.81,19,1,0,0.050000000000000044,0.23592089712619782,3.224941110610962
ddqn,2026,3783,81336,9.8,20,1,0,0.050000000000000044,0.28584739565849304,3.1611111640930174
ddqn,2026,3784,81348,9.88,12,1,0,0.050000000000000044,0.2495610068241755,2.9733224709828696
ddqn,2026,3785,81368,9.8,20,1,0,0.050000000000000044,0.2526377648115158,2.984816074371338
ddqn,2026,3786,81382,9.86,14,1,0,0.050000000000000044,0.3184574395418167,2.5161193211873374
ddqn,2026,3787,81397,9.85,15,1,0,0.050000000000000044,0.3531271517276764,2.9129239320755005
ddqn,2026,3788,81416,9.81,19,1,0,0.050000000000000044,0.28758956789970397,3.14067702293396
ddqn,2026,3789,81430,9.86,14,1,0,0.050000000000000044,0.2877723177274068,2.5339550177256265
ddqn,2026,3790,81447,9.83,17,1,0,0.050000000000000044,0.2436448484659195,2.9222810864448547
ddqn,2026,3791,81480,9.67,33,1,0,0.050000000000000044,0.23468521899647182,3.0156728426615396
ddqn,2026,3792,81521,-10.41,41,0,1,0.050000000000000044,0.2340226724743843,2.8606123685836793
ddqn,2026,3793,81537,9.84,16,1,0,0.050000000000000044,0.19605548679828644,3.042120933532715
ddqn,2026,3794,81549,9.88,12,1,0,0.050000000000000044,0.2218597580989202,2.9613053798675537
ddqn,2026,3795,81570,9.790000000000001,21,1,0,0.050000000000000044,0.2369262918829918,2.878540515899658
ddqn,2026,3796,81590,9.8,20,1,0,0.050000000000000044,0.25772044956684115,2.77423357963562
ddqn,2026,3797,81613,9.77,23,1,0,0.050000000000000044,0.2381740634640058,3.2999014854431152
ddqn,2026,3798,81632,9.81,19,1,0,0.050000000000000044,0.24368649423122407,3.064024019241333
ddqn,2026,3799,81648,9.84,16,1,0,0.050000000000000044,0.16417447477579117,2.807141900062561
ddqn,2026,3800,81660,9.88,12,1,0,0.050000000000000044,0.19802536567052206,3.0602840582529702
ddqn,2026,3801,81682,9.78,22,1,0,0.050000000000000044,0.14164188504219055,2.7890905857086183
ddqn,2026,3802,81699,9.83,17,1,0,0.050000000000000044,0.1704232431948185,3.0731266736984253
ddqn,2026,3803,81716,9.83,17,1,0,0.050000000000000044,0.2194759428501129,3.1158026695251464
ddqn,2026,3804,81738,9.78,22,1,0,0.050000000000000044,0.20628927350044252,3.413187026977539
ddqn,2026,3805,81745,-10.07,7,0,1,0.050000000000000044,0.2519463747739792,2.5435417890548706
ddqn,2026,3806,81787,9.58,42,1,0,0.050000000000000044,0.20828119292855263,2.970228171348572
ddqn,2026,3807,81808,9.790000000000001,21,1,0,0.050000000000000044,0.20008006940285364,3.018794616063436
ddqn,2026,3808,81832,9.76,24,1,0,0.050000000000000044,0.21489929656187692,2.837106148401896
ddqn,2026,3809,81844,9.88,12,1,0,0.050000000000000044,0.20642432073752084,2.6946431001027427
ddqn,2026,3810,81859,9.85,15,1,0,0.050000000000000044,0.2030308097600937,2.846714735031128
ddqn,2026,3811,81879,9.8,20,1,0,0.050000000000000044,0.17117858976125716,3.535533046722412
ddqn,2026,3812,81894,9.85,15,1,0,0.050000000000000044,0.1814206875860691,3.0933790802955627
ddqn,2026,3813,81910,9.84,16,1,0,0.050000000000000044,0.31086258590221405,3.15615975856781
ddqn,2026,3814,81959,9.51,49,1,0,0.050000000000000044,0.19576065118114153,3.0498323241869607
ddqn,2026,3815,81973,9.86,14,1,0,0.050000000000000044,0.205409936606884,2.74741929769516
ddqn,2026,3816,81997,9.76,24,1,0,0.050000000000000044,0.17911822100480398,2.7002355257670083
ddqn,2026,3817,82077,9.2,80,1,0,0.050000000000000044,0.4597669206559658,3.808258056640625
ddqn,2026,3818,82100,9.77,23,1,0,0.050000000000000044,0.34951356053352356,3.9546873966852822
ddqn,2026,3819,82117,9.83,17,1,0,0.050000000000000044,0.4312720149755478,4.0682016015052795
ddqn,2026,3820,82142,9.75,25,1,0,0.050000000000000044,0.32902367413043976,3.826136350631714
ddqn,2026,3821,82160,9.82,18,1,0,0.050000000000000044,0.31577138900756835,3.9363909721374513
ddqn,2026,3822,82172,9.88,12,1,0,0.050000000000000044,0.2690279136101405,3.847239335378011
ddqn,2026,3823,82228,9.44,56,1,0,0.050000000000000044,0.2574830470340593,4.089258398328509
ddqn,2026,3824,82260,9.68,32,1,0,0.050000000000000044,0.2706359475851059,3.9363854229450226
ddqn,2026,3825,82296,9.64,36,1,0,0.050000000000000044,0.2482044216659334,3.7583092053731284
ddqn,2026,3826,82340,9.56,44,1,0,0.050000000000000044,0.28453468734567816,3.8755170648748223
ddqn,2026,3827,82352,9.88,12,1,0,0.050000000000000044,0.18362759053707123,3.569901386896769
ddqn,2026,3828,82373,9.790000000000001,21,1,0,0.050000000000000044,0.2102394163608551,4.170436906814575
ddqn,2026,3829,82388,9.85,15,1,0,0.050000000000000044,0.2449735850095749,3.9730722904205322
ddqn,2026,3830,82402,9.86,14,1,0,0.050000000000000044,0.19870945811271667,3.8273514111836753
ddqn,2026,3831,82422,9.8,20,1,0,0.050000000000000044,0.25260392725467684,4.160161542892456
ddqn,2026,3832,82482,9.4,60,1,0,0.050000000000000044,0.24983969529469807,3.966335646311442
ddqn,2026,3833,82520,9.62,38,1,0,0.050000000000000044,0.23737729638814925,4.003645324707032
ddqn,2026,3834,82552,9.68,32,1,0,0.050000000000000044,0.29517078772187233,4.176941603422165
ddqn,2026,3835,82669,8.83,117,1,0,0.050000000000000044,0.2568221590642271,4.120746250810294
ddqn,2026,3836,82683,9.86,14,1,0,0.050000000000000044,0.254234919945399,3.9920374552408853
ddqn,2026,3837,82714,-10.31,31,0,1,0.050000000000000044,0.21517318300902843,3.6942381262779236
ddqn,2026,3838,82731,9.83,17,1,0,0.050000000000000044,0.24555490165948868,3.9303061962127686
ddqn,2026,3839,82811,9.2,80,1,0,0.050000000000000044,0.22376467809081077,4.020745396614075
ddqn,2026,3840,82827,9.84,16,1,0,0.050000000000000044,0.20554060861468315,3.9580230116844177
ddqn,2026,3841,82848,9.790000000000001,21,1,0,0.050000000000000044,0.19605513165394464,3.809217095375061
ddqn,2026,3842,82868,9.8,20,1,0,0.050000000000000044,0.21912887692451477,3.9549748420715334
ddqn,2026,3843,82916,9.52,48,1,0,0.050000000000000044,0.20376375565926233,3.787747402985891
ddqn,2026,3844,83110,8.059999999999999,194,1,0,0.050000000000000044,0.3523600377763311,4.45072157184283
ddqn,2026,3845,83128,9.82,18,1,0,0.050000000000000044,0.29589577317237853,5.216140365600586
ddqn,2026,3846,83142,9.86,14,1,0,0.050000000000000044,0.3089628914992015,5.258925914764404
ddqn,2026,3847,83156,9.86,14,1,0,0.050000000000000044,0.2825048752129078,4.5322853326797485
ddqn,2026,3848,83185,-10.29,29,0,1,0.050000000000000044,0.3288666478225163,5.031933239528111
ddqn,2026,3849,83215,9.7,30,1,0,0.050000000000000044,0.34016843352999004,4.491311141422817
ddqn,2026,3850,83249,9.66,34,1,0,0.050000000000000044,0.3039139442973667,4.779504564073351
ddqn,2026,3851,83272,9.77,23,1,0,0.050000000000000044,0.22791878630717596,5.0839338302612305
ddqn,2026,3852,83292,9.8,20,1,0,0.050000000000000044,0.2620307445526123,4.835169792175293
ddqn,2026,3853,83309,-10.17,17,0,1,0.050000000000000044,0.2694246247410774,4.900162577629089
ddqn,2026,3854,83341,9.68,32,1,0,0.050000000000000044,0.2530798688530922,4.952486753463745
ddqn,2026,3855,83363,9.78,22,1,0,0.050000000000000044,0.22116476893424988,4.827505970001221
ddqn,2026,3856,83395,9.68,32,1,0,0.050000000000000044,0.2343430332839489,4.816220045089722
ddqn,2026,3857,83439,9.56,44,1,0,0.050000000000000044,0.2517569783059033,4.701346440748735
ddqn,2026,3858,83469,9.7,30,1,0,0.050000000000000044,0.21602663025259972,4.720658510923386
ddqn,2026,3859,83501,9.68,32,1,0,0.050000000000000044,0.2048253957182169,4.988012194633484
ddqn,2026,3860,83525,9.76,24,1,0,0.050000000000000044,0.20873002459605536,4.9454522132873535
ddqn,2026,3861,83543,9.82,18,1,0,0.050000000000000044,0.22074837237596512,4.851978421211243
ddqn,2026,3862,83572,9.71,29,1,0,0.050000000000000044,0.2343742996454239,4.932601809501648
ddqn,2026,3863,83586,9.86,14,1,0,0.050000000000000044,0.2287072092294693,4.747285048166911
ddqn,2026,3864,83602,9.84,16,1,0,0.050000000000000044,0.24490659311413765,4.823149800300598
ddqn,2026,3865,83626,9.76,24,1,0,0.050000000000000044,0.25713296979665756,4.689658562342326
ddqn,2026,3866,83664,9.62,38,1,0,0.050000000000000044,0.29760999530553817,4.804592752456665
ddqn,2026,3867,83680,9.84,16,1,0,0.050000000000000044,0.23629019781947136,4.583534240722656
ddqn,2026,3868,83681,-10.01,1,0,1,0.050000000000000044,,
ddqn,2026,3869,83763,9.18,82,1,0,0.050000000000000044,0.25352852419018745,4.604651927947998
ddqn,2026,3870,83819,9.44,56,1,0,0.050000000000000044,0.2424251852290971,4.6259902545384
ddqn,2026,3871,83844,9.75,25,1,0,0.050000000000000044,0.26564402665410725,4.737664631434849
ddqn,2026,3872,83853,-10.09,9,0,1,0.050000000000000044,0.16723718494176865,4.828081130981445
ddqn,2026,3873,83872,9.81,19,1,0,0.050000000000000044,0.24893972277641296,4.738019847869873
ddqn,2026,3874,83903,9.69,31,1,0,0.050000000000000044,0.22657841869762965,4.927687236240932
ddqn,2026,3875,83919,9.84,16,1,0,0.050000000000000044,0.2218499556183815,5.066679835319519
ddqn,2026,3876,83941,-10.22,22,0,1,0.050000000000000044,0.25053530434767407,4.966946204503377
ddqn,2026,3877,83957,9.84,16,1,0,0.050000000000000044,0.19442661479115486,5.216319918632507
ddqn,2026,3878,84002,9.55,45,1,0,0.050000000000000044,0.20191119814460928,4.691108053380793
ddqn,2026,3879,84026,9.76,24,1,0,0.050000000000000044,0.2643772711356481,5.2445634206136065
ddqn,2026,3880,84047,9.790000000000001,21,1,0,0.050000000000000044,0.18227019011974335,5.039650249481201
ddqn,2026,3881,84077,9.7,30,1,0,0.050000000000000044,0.18432574439793825,5.276679575443268
ddqn,2026,3882,84098,9.790000000000001,21,1,0,0.050000000000000044,0.15806368589401246,4.978004741668701
ddqn,2026,3883,84110,9.88,12,1,0,0.050000000000000044,0.13874921947717667,5.757344881693522
ddqn,2026,3884,84122,9.88,12,1,0,0.050000000000000044,0.14024693767229715,5.462171236673991
ddqn,2026,3885,84178,-10.56,56,0,1,0.050000000000000044,0.14332406329257147,5.107105016708374
ddqn,2026,3886,84196,9.82,18,1,0,0.050000000000000044,0.11941949427127838,5.1494550704956055
ddqn,2026,3887,84210,9.86,14,1,0,0.050000000000000044,0.12913657476504645,5.174958864847819
ddqn,2026,3888,84229,9.81,19,1,0,0.050000000000000044,0.09218513667583465,5.231502914428711
ddqn,2026,3889,84241,9.88,12,1,0,0.050000000000000044,0.11335912843545277,4.876549402872722
ddqn,2026,3890,84313,9.28,72,1,0,0.050000000000000044,0.11728073697951105,5.192823383543226
ddqn,2026,3891,84330,9.83,17,1,0,0.050000000000000044,0.12751788645982742,5.269502520561218
ddqn,2026,3892,84357,9.73,27,1,0,0.050000000000000044,0.12114386686256953,4.859624181474958
ddqn,2026,3893,84469,8.879999999999999,112,1,0,0.050000000000000044,0.12598913508866513,5.034751279013498
ddqn,2026,3894,84490,9.790000000000001,21,1,0,0.050000000000000044,0.09959078431129456,5.144268989562988
ddqn,2026,3895,84588,9.02,98,1,0,0.050000000000000044,0.1037479767203331,5.1534624099731445
ddqn,2026,3896,84641,9.47,53,1,0,0.050000000000000044,0.096873660500233,4.9386695348299465
ddqn,2026,3897,84653,9.88,12,1,0,0.050000000000000044,0.12003198017676671,5.187211036682129
ddqn,2026,3898,84662,-10.09,9,0,1,0.050000000000000044,0.12125063687562943,5.177973985671997
ddqn,2026,3899,84679,9.83,17,1,0,0.050000000000000044,0.10063059255480766,4.799790024757385
ddqn,2026,3900,84706,9.73,27,1,0,0.050000000000000044,0.105356365442276,4.71625634602138
ddqn,2026,3901,84718,9.88,12,1,0,0.050000000000000044,0.09654757132132848,5.057381629943848
ddqn,2026,3902,84730,9.88,12,1,0,0.050000000000000044,0.08035214990377426,5.015565077463786
ddqn,2026,3903,84745,9.85,15,1,0,0.050000000000000044,0.09919296763837337,5.14924430847168
ddqn,2026,3904,84757,9.88,12,1,0,0.050000000000000044,0.10279714564482371,4.944390932718913
ddqn,2026,3905,84773,9.84,16,1,0,0.050000000000000044,0.1140546202659607,4.9417724609375
ddqn,2026,3906,84787,9.86,14,1,0,0.050000000000000044,0.09647608796755473,4.852611859639485
ddqn,2026,3907,84799,9.88,12,1,0,0.050000000000000044,0.10635961343844731,4.8183088302612305
ddqn,2026,3908,84816,9.83,17,1,0,0.050000000000000044,0.10317223221063614,5.16285285949707
ddqn,2026,3909,84838,9.78,22,1,0,0.050000000000000044,0.13714354038238524,5.1590126037597654
ddqn,2026,3910,84850,9.88,12,1,0,0.050000000000000044,0.09161768356959026,5.337267716725667
ddqn,2026,3911,84871,9.790000000000001,21,1,0,0.050000000000000044,0.09539024978876114,5.058987331390381
ddqn,2026,3912,84885,9.86,14,1,0,0.050000000000000044,0.11042978800833225,4.831010103225708
ddqn,2026,3913,84899,9.86,14,1,0,0.050000000000000044,0.08522603164116542,5.606527487436931
ddqn,2026,3914,84915,9.84,16,1,0,0.050000000000000044,0.12604561261832714,5.192224979400635
ddqn,2026,3915,84927,9.88,12,1,0,0.050000000000000044,0.09431942800680797,4.884418328603108
ddqn,2026,3916,84945,9.82,18,1,0,0.050000000000000044,0.08831627368927002,4.942373752593994
ddqn,2026,3917,84970,9.75,25,1,0,0.050000000000000044,0.09412167469660442,4.920662482579549
ddqn,2026,3918,84985,9.85,15,1,0,0.050000000000000044,0.0981463585048914,5.474823832511902
ddqn,2026,3919,85000,9.85,15,1,0,0.050000000000000044,0.09636151231825352,5.179163813591003
ddqn,2026,3920,85021,9.790000000000001,21,1,0,0.050000000000000044,0.11030271351337433,5.241916751861572
ddqn,2026,3921,85048,9.73,27,1,0,0.050000000000000044,0.11104006320238113,5.510382516043527
ddqn,2026,3922,85054,-10.06,6,0,1,0.050000000000000044,0.1189386397600174,5.425143241882324
ddqn,2026,3923,85075,9.790000000000001,21,1,0,0.050000000000000044,0.10828012526035309,5.480091667175293
ddqn,2026,3924,85141,9.34,66,1,0,0.050000000000000044,0.0923380100113504,5.4291189418119545
ddqn,2026,3925,85155,9.86,14,1,0,0.050000000000000044,0.07744041830301285,5.36418612798055
ddqn,2026,3926,85178,9.77,23,1,0,0.050000000000000044,0.07697632536292076,5.763387044270833
ddqn,2026,3927,85197,9.81,19,1,0,0.050000000000000044,0.08601412773132325,5.472692394256592
ddqn,2026,3928,85216,9.81,19,1,0,0.050000000000000044,0.0788311317563057,5.190644931793213
ddqn,2026,3929,85234,9.82,18,1,0,0.050000000000000044,0.07775496318936348,5.316220760345459
ddqn,2026,3930,85250,9.84,16,1,0,0.050000000000000044,0.07013595197349787,5.31377100944519
ddqn,2026,3931,85274,9.76,24,1,0,0.050000000000000044,0.06580769270658493,5.941551049550374
ddqn,2026,3932,85291,-10.17,17,0,1,0.050000000000000044,0.08264070563018322,5.340934872627258
ddqn,2026,3933,85305,9.86,14,1,0,0.050000000000000044,0.06753822788596153,5.185027241706848
ddqn,2026,3934,85317,9.88,12,1,0,0.050000000000000044,0.07199525833129883,5.730669657389323
ddqn,2026,3935,85335,9.82,18,1,0,0.050000000000000044,0.06650041230022907,5.414462208747864
ddqn,2026,3936,85351,9.84,16,1,0,0.050000000000000044,0.0663618054240942,5.399815678596497
ddqn,2026,3937,85379,9.72,28,1,0,0.050000000000000044,0.07643773832491466,5.469483579908099
ddqn,2026,3938,85404,9.75,25,1,0,0.050000000000000044,0.0686956276851041,5.379475048610142
ddqn,2026,3939,85418,9.86,14,1,0,0.050000000000000044,0.055717198799053826,5.310219128926595
ddqn,2026,3940,85436,9.82,18,1,0,0.050000000000000044,0.05627945065498352,5.524896335601807
ddqn,2026,3941,85464,9.72,28,1,0,0.050000000000000044,0.06402936524578504,5.35084867477417
ddqn,2026,3942,85476,9.88,12,1,0,0.050000000000000044,0.06589375933011372,5.664021650950114
ddqn,2026,3943,85492,9.84,16,1,0,0.050000000000000044,0.0848137317225337,5.51286506652832
ddqn,2026,3944,85507,9.85,15,1,0,0.050000000000000044,0.06594463934501012,5.6373593012491865
ddqn,2026,3945,85525,9.82,18,1,0,0.050000000000000044,0.0594412736594677,5.472553443908692
ddqn,2026,3946,85546,9.790000000000001,21,1,0,0.050000000000000044,0.05186961963772774,5.573932361602783
ddqn,2026,3947,85558,9.88,12,1,0,0.050000000000000044,0.05992232138911883,5.494740804036458
ddqn,2026,3948,85579,9.790000000000001,21,1,0,0.050000000000000044,0.062446857988834384,5.299067401885987
ddqn,2026,3949,85603,-10.24,24,0,1,0.050000000000000044,0.06760379858314991,5.288193941116333
ddqn,2026,3950,85620,9.83,17,1,0,0.050000000000000044,0.058781398087739946,5.567886638641357
ddqn,2026,3951,85632,9.88,12,1,0,0.050000000000000044,0.07529253388444583,5.674915631612142
ddqn,2026,3952,85650,9.82,18,1,0,0.050000000000000044,0.06148431356996298,5.699876189231873
ddqn,2026,3953,85680,9.7,30,1,0,0.050000000000000044,0.07442302629351616,5.571845054626465
ddqn,2026,3954,85701,9.790000000000001,21,1,0,0.050000000000000044,0.06162522584199905,5.473949241638183
ddqn,2026,3955,85718,9.83,17,1,0,0.050000000000000044,0.07262215204536915,5.577221751213074
ddqn,2026,3956,85753,9.65,35,1,0,0.050000000000000044,0.07587731339865261,5.348019387986925
ddqn,2026,3957,85830,-10.77,77,0,1,0.050000000000000044,0.07203046350102675,5.541630719837389
ddqn,2026,3958,85852,9.78,22,1,0,0.050000000000000044,0.06805431780715783,5.555985530217488
ddqn,2026,3959,85875,9.77,23,1,0,0.050000000000000044,0.04654296115040779,5.435617256164551
ddqn,2026,3960,85893,9.82,18,1,0,0.050000000000000044,0.06237678080797195,5.463563060760498
ddqn,2026,3961,85905,9.88,12,1,0,0.050000000000000044,0.08483824382225673,5.441029866536458
ddqn,2026,3962,85941,9.64,36,1,0,0.050000000000000044,0.07643674065669377,5.507890966203478
ddqn,2026,3963,85962,9.790000000000001,21,1,0,0.050000000000000044,0.05491937920451164,5.309600353240967
ddqn,2026,3964,85982,9.8,20,1,0,0.050000000000000044,0.051784230023622514,5.404316139221192
ddqn,2026,3965,86007,9.75,25,1,0,0.050000000000000044,0.08824051047364871,5.31799332300822
ddqn,2026,3966,86028,9.790000000000001,21,1,0,0.050000000000000044,0.1368403322994709,5.883951981862386
ddqn,2026,3967,86044,9.84,16,1,0,0.050000000000000044,0.10880349762737751,5.551239967346191
ddqn,2026,3968,86070,9.74,26,1,0,0.050000000000000044,0.10460100571314494,5.638200600941976
ddqn,2026,3969,86090,9.8,20,1,0,0.050000000000000044,0.1075472429394722,5.942610359191894
ddqn,2026,3970,86114,9.76,24,1,0,0.050000000000000044,0.08118567491571109,5.927210807800293
ddqn,2026,3971,86144,9.7,30,1,0,0.050000000000000044,0.10836883494630456,5.858795762062073
ddqn,2026,3972,86156,9.88,12,1,0,0.050000000000000044,0.09263130525747935,5.213834444681804
ddqn,2026,3973,86163,-10.07,7,0,1,0.050000000000000044,0.062025345861911774,5.356379508972168
ddqn,2026,3974,86177,9.86,14,1,0,0.050000000000000044,0.08745018020272255,6.05310595035553
ddqn,2026,3975,86198,9.790000000000001,21,1,0,0.050000000000000044,0.0758113868534565,6.003294563293457
ddqn,2026,3976,86210,9.88,12,1,0,0.050000000000000044,0.1977648784716924,5.627235730489095
ddqn,2026,3977,86231,9.790000000000001,21,1,0,0.050000000000000044,0.0821575403213501,5.793943214416504
ddqn,2026,3978,86243,9.88,12,1,0,0.050000000000000044,0.06034566710392634,5.708647727966309
ddqn,2026,3979,86261,9.82,18,1,0,0.050000000000000044,0.06624392494559288,6.1613743782043455
ddqn,2026,3980,86280,9.81,19,1,0,0.050000000000000044,0.0710991382598877,6.042503547668457
ddqn,2026,3981,86294,9.86,14,1,0,0.050000000000000044,0.09669483701388042,6.117943445841472
ddqn,2026,3982,86314,9.8,20,1,0,0.050000000000000044,0.06941247135400772,5.980450630187988
ddqn,2026,3983,86334,9.8,20,1,0,0.050000000000000044,0.06354572772979736,6.18040714263916
ddqn,2026,3984,86364,9.7,30,1,0,0.050000000000000044,0.05709821730852127,5.827806353569031
ddqn,2026,3985,86379,9.85,15,1,0,0.050000000000000044,0.07253396511077881,6.065349419911702
ddqn,2026,3986,86396,9.83,17,1,0,0.050000000000000044,0.08254671841859818,5.7349823951721195
ddqn,2026,3987,86428,9.68,32,1,0,0.050000000000000044,0.06688688322901726,5.819849073886871
ddqn,2026,3988,86449,9.790000000000001,21,1,0,0.050000000000000044,0.08672232180833817,6.043840122222901
ddqn,2026,3989,86476,9.73,27,1,0,0.050000000000000044,0.06540364772081375,5.8026869637625555
ddqn,2026,3990,86497,9.790000000000001,21,1,0,0.050000000000000044,0.06795092597603798,5.501270008087158
ddqn,2026,3991,86513,9.84,16,1,0,0.050000000000000044,0.08740272559225559,5.825125336647034
ddqn,2026,3992,86536,9.77,23,1,0,0.050000000000000044,0.04768776707351208,5.80924375851949
ddqn,2026,3993,86550,-10.14,14,0,1,0.050000000000000044,0.07827889919281006,6.013707002003987
ddqn,2026,3994,86568,9.82,18,1,0,0.050000000000000044,0.08206425607204437,5.97165584564209
ddqn,2026,3995,86589,9.790000000000001,21,1,0,0.050000000000000044,0.0717740997672081,6.014098072052002
ddqn,2026,3996,86603,9.86,14,1,0,0.050000000000000044,0.0764925628900528,5.6722367604573565
ddqn,2026,3997,86618,9.85,15,1,0,0.050000000000000044,0.07499242760241032,5.719291567802429
ddqn,2026,3998,86632,9.86,14,1,0,0.050000000000000044,0.08348594978451729,5.678626179695129
ddqn,2026,3999,86647,9.85,15,1,0,0.050000000000000044,0.0571727491915226,5.8001077969868975
ddqn,2026,4000,86663,9.84,16,1,0,0.050000000000000044,0.05927928723394871,5.700735926628113
ddqn,2026,4001,86695,9.68,32,1,0,0.050000000000000044,0.08224410936236382,6.033892750740051
ddqn,2026,4002,86711,9.84,16,1,0,0.050000000000000044,0.06554862763732672,5.831192970275879
ddqn,2026,4003,86735,9.76,24,1,0,0.050000000000000044,0.07239280454814434,5.743861834208171
ddqn,2026,4004,86753,9.82,18,1,0,0.050000000000000044,0.0535854771733284,5.918139266967773
ddqn,2026,4005,86777,9.76,24,1,0,0.050000000000000044,0.06112759498258432,5.838234106699626
ddqn,2026,4006,86789,9.88,12,1,0,0.050000000000000044,0.0767274039487044,6.249464511871338
ddqn,2026,4007,86804,9.85,15,1,0,0.050000000000000044,0.0725298710167408,5.912907123565674
ddqn,2026,4008,86816,9.88,12,1,0,0.050000000000000044,0.06523298223813374,5.783638000488281
ddqn,2026,4009,86830,9.86,14,1,0,0.050000000000000044,0.07345517724752426,5.978622595469157
ddqn,2026,4010,86851,9.790000000000001,21,1,0,0.050000000000000044,0.07388474941253662,6.0213521957397464
ddqn,2026,4011,86865,9.86,14,1,0,0.050000000000000044,0.049711828120052814,6.045623779296875
ddqn,2026,4012,86879,9.86,14,1,0,0.050000000000000044,0.05132011448343595,6.104301452636719
ddqn,2026,4013,86902,9.77,23,1,0,0.050000000000000044,0.08422637730836868,6.101233005523682
ddqn,2026,4014,86916,9.86,14,1,0,0.050000000000000044,0.06502963975071907,6.058629631996155
ddqn,2026,4015,86933,9.83,17,1,0,0.050000000000000044,0.06559104938060045,5.790408134460449
ddqn,2026,4016,86947,9.86,14,1,0,0.050000000000000044,0.07261389990647633,6.006597995758057
ddqn,2026,4017,86966,9.81,19,1,0,0.050000000000000044,0.08046510219573974,5.944487380981445
ddqn,2026,4018,86983,9.83,17,1,0,0.050000000000000044,0.0825364775955677,6.077048063278198
ddqn,2026,4019,87009,9.74,26,1,0,0.050000000000000044,0.08939448265092713,5.9630535670689175
ddqn,2026,4020,87031,9.78,22,1,0,0.050000000000000044,0.11606601476669312,6.320152950286865
ddqn,2026,4021,87053,9.78,22,1,0,0.050000000000000044,0.09940453618764877,6.039816061655681
ddqn,2026,4022,87067,9.86,14,1,0,0.050000000000000044,0.07677258054415385,5.9563972155253095
ddqn,2026,4023,87087,9.8,20,1,0,0.050000000000000044,0.07278054058551789,6.1143959045410154
ddqn,2026,4024,87108,9.790000000000001,21,1,0,0.050000000000000044,0.08670064186056455,6.3650345007578535
ddqn,2026,4025,87180,9.28,72,1,0,0.050000000000000044,0.09467693438960446,6.160277313656277
ddqn,2026,4026,87196,9.84,16,1,0,0.050000000000000044,0.08548992685973644,6.0494654178619385
ddqn,2026,4027,87258,9.379999999999999,62,1,0,0.050000000000000044,0.07796938320000966,6.275829442342123
ddqn,2026,4028,87292,9.66,34,1,0,0.050000000000000044,0.06989939634998639,6.011921829647488
ddqn,2026,4029,87306,9.86,14,1,0,0.050000000000000044,0.11823293566703796,6.565412998199463
ddqn,2026,4030,87332,9.74,26,1,0,0.050000000000000044,0.0837427329804216,6.076859882899693
ddqn,2026,4031,87348,9.84,16,1,0,0.050000000000000044,0.06888193637132645,6.380145192146301
ddqn,2026,4032,87367,9.81,19,1,0,0.050000000000000044,0.06375586148351431,5.902545094490051
ddqn,2026,4033,87416,9.51,49,1,0,0.050000000000000044,0.08416352392389224,6.22391832791842
ddqn,2026,4034,87433,9.83,17,1,0,0.050000000000000044,0.06720311008393764,5.9516754150390625
ddqn,2026,4035,87465,9.68,32,1,0,0.050000000000000044,0.08761421358212829,5.862519681453705
ddqn,2026,4036,87481,9.84,16,1,0,0.050000000000000044,0.08268350176513195,6.172702074050903
ddqn,2026,4037,87511,9.7,30,1,0,0.050000000000000044,0.06486167599047933,6.22464724949428
ddqn,2026,4038,87525,9.86,14,1,0,0.050000000000000044,0.07794647570699453,6.267464995384216
ddqn,2026,4039,87537,9.88,12,1,0,0.050000000000000044,0.08682263642549515,6.409873803456624
ddqn,2026,4040,87599,9.379999999999999,62,1,0,0.050000000000000044,0.08062486623724302,5.907621924082438
ddqn,2026,4041,87619,9.8,20,1,0,0.050000000000000044,0.10033077225089074,5.9859541893005375
ddqn,2026,4042,87646,9.73,27,1,0,0.050000000000000044,0.06154830115182059,6.143521513257708
ddqn,2026,4043,87704,9.42,58,1,0,0.050000000000000044,0.08444754655162494,6.160729058583578
ddqn,2026,4044,87730,9.74,26,1,0,0.050000000000000044,0.0649361169586579,5.92905322710673
ddqn,2026,4045,87749,9.81,19,1,0,0.050000000000000044,0.07769628837704659,6.160268497467041
ddqn,2026,4046,87763,9.86,14,1,0,0.050000000000000044,0.08017342785994212,6.254713694254558
ddqn,2026,4047,87786,9.77,23,1,0,0.050000000000000044,0.08500618239243825,6.075071414311727
ddqn,2026,4048,87808,9.78,22,1,0,0.050000000000000044,0.06918745146443446,6.301055908203125
ddqn,2026,4049,87829,9.790000000000001,21,1,0,0.050000000000000044,0.05860181003808975,6.190830516815185
ddqn,2026,4050,87843,9.86,14,1,0,0.050000000000000044,0.057403095066547394,6.246987660725911
ddqn,2026,4051,87850,-10.07,7,0,1,0.050000000000000044,0.12240452319383621,6.329670429229736
ddqn,2026,4052,87870,9.8,20,1,0,0.050000000000000044,0.06297165453433991,6.021902275085449
ddqn,2026,4053,87896,9.74,26,1,0,0.050000000000000044,0.07314985351903099,6.257536683763776
ddqn,2026,4054,87917,9.790000000000001,21,1,0,0.050000000000000044,0.06938198655843734,6.309417629241944
ddqn,2026,4055,87967,9.5,50,1,0,0.050000000000000044,0.06486936130871375,6.226128776868184
ddqn,2026,4056,87985,9.82,18,1,0,0.050000000000000044,0.0525732658803463,5.869427299499511
ddqn,2026,4057,87999,9.86,14,1,0,0.050000000000000044,0.08950931082169215,6.446954250335693
ddqn,2026,4058,88057,-10.58,58,0,1,0.050000000000000044,0.14547282606363296,6.575525061289469
ddqn,2026,4059,88080,9.77,23,1,0,0.050000000000000044,0.10645535339911778,6.704331080118815
ddqn,2026,4060,88127,9.53,47,1,0,0.050000000000000044,0.08283597129312428,6.54857232353904
ddqn,2026,4061,88143,9.84,16,1,0,0.050000000000000044,0.09542319178581238,6.795866131782532
ddqn,2026,4062,88160,9.83,17,1,0,0.050000000000000044,0.08771752864122391,6.532413578033447
ddqn,2026,4063,88174,9.86,14,1,0,0.050000000000000044,0.08297235767046611,6.570827007293701
ddqn,2026,4064,88206,9.68,32,1,0,0.050000000000000044,0.07901385007426143,6.467482328414917
ddqn,2026,4065,88279,9.27,73,1,0,0.050000000000000044,0.07632343243393633,6.559989478853014
ddqn,2026,4066,88361,9.18,82,1,0,0.050000000000000044,0.07331912716229756,6.467384451911563
ddqn,2026,4067,88381,-10.2,20,0,1,0.050000000000000044,0.05803621411323547,6.5495706558227536
ddqn,2026,4068,88393,9.88,12,1,0,0.050000000000000044,0.0764601081609726,6.567410310109456
ddqn,2026,4069,88481,9.12,88,1,0,0.050000000000000044,0.0671863303604451,6.527512528679588
ddqn,2026,4070,88488,-10.07,7,0,1,0.050000000000000044,0.0864206962287426,6.636362314224243
ddqn,2026,4071,88704,7.840000000000002,216,1,0,0.050000000000000044,0.07951704785227776,6.5367487359929966
ddqn,2026,4072,88748,-10.44,44,0,1,0.050000000000000044,0.0636846125125885,6.718274506655606
ddqn,2026,4073,88773,9.75,25,1,0,0.050000000000000044,0.06651558168232441,6.745882987976074
ddqn,2026,4074,88789,9.84,16,1,0,0.050000000000000044,0.06422089971601963,6.420625686645508
ddqn,2026,4075,88804,9.85,15,1,0,0.050000000000000044,0.058778371661901474,6.873578071594238
ddqn,2026,4076,88823,9.81,19,1,0,0.050000000000000044,0.07779982406646013,6.512526154518127
ddqn,2026,4077,88830,-10.07,7,0,1,0.050000000000000044,0.0412113256752491,6.628051280975342
ddqn,2026,4078,88908,9.219999999999999,78,1,0,0.050000000000000044,0.06251606792211532,6.571341013908386
ddqn,2026,4079,89118,7.9,210,1,0,0.050000000000000044,0.06974652552833924,6.628206757398752
ddqn,2026,4080,89134,9.84,16,1,0,0.050000000000000044,0.053204791620373726,6.707535982131958
ddqn,2026,4081,89390,-2.5599999999999894,256,0,0,0.050000000000000044,0.0434515704982914,6.740302547812462
ddqn,2026,4082,89568,-11.780000000000001,178,0,1,0.050000000000000044,0.03924866687092516,6.7481040424770775
ddqn,2026,4083,89824,-2.5599999999999894,256,0,0,0.050000000000000044,0.03463321510935202,6.8115199357271194
ddqn,2026,4084,89890,9.34,66,1,0,0.050000000000000044,0.05005736788734794,6.599088430404663
ddqn,2026,4085,89911,9.790000000000001,21,1,0,0.050000000000000044,0.027722081914544106,6.755438041687012
ddqn,2026,4086,89935,9.76,24,1,0,0.050000000000000044,0.03534343186765909,6.56435489654541
ddqn,2026,4087,90113,8.219999999999999,178,1,0,0.050000000000000044,0.03699204056627221,6.901951927608914
ddqn,2026,4088,90181,9.32,68,1,0,0.050000000000000044,0.04171245643759475,6.876620741451488
ddqn,2026,4089,90217,9.64,36,1,0,0.050000000000000044,0.03519909083843231,6.968226962619358
ddqn,2026,4090,90235,9.82,18,1,0,0.050000000000000044,0.028672915417701006,6.773627281188965
ddqn,2026,4091,90264,9.71,29,1,0,0.050000000000000044,0.02789203030988574,7.068167805671692
ddqn,2026,4092,90287,9.77,23,1,0,0.050000000000000044,0.03228569999337196,6.765975570678711
ddqn,2026,4093,90325,9.62,38,1,0,0.050000000000000044,0.028989275358617304,6.7496541976928714
ddqn,2026,4094,90353,9.72,28,1,0,0.050000000000000044,0.02892715829823698,6.678172383989606
ddqn,2026,4095,90373,-10.2,20,0,1,0.050000000000000044,0.03913651779294014,6.775830268859863
ddqn,2026,4096,90395,9.78,22,1,0,0.050000000000000044,0.03105698525905609,6.9280904769897464
ddqn,2026,4097,90407,9.88,12,1,0,0.050000000000000044,0.026361405849456787,7.0331268310546875
ddqn,2026,4098,90448,9.59,41,1,0,0.050000000000000044,0.024209497157822956,6.97409031607888
ddqn,2026,4099,90470,9.78,22,1,0,0.050000000000000044,0.030012284964323045,6.925882148742676
ddqn,2026,4100,90484,9.86,14,1,0,0.050000000000000044,0.025258912704885006,6.760105729103088
ddqn,2026,4101,90508,9.76,24,1,0,0.050000000000000044,0.026426397264003754,6.770354827245076
ddqn,2026,4102,90520,9.88,12,1,0,0.050000000000000044,0.03169667720794678,7.004895846048991
ddqn,2026,4103,90566,9.54,46,1,0,0.050000000000000044,0.029228623109784992,6.963744813745672
ddqn,2026,4104,90578,9.88,12,1,0,0.050000000000000044,0.025721588482459385,7.001340548197429
ddqn,2026,4105,90595,9.83,17,1,0,0.050000000000000044,0.03302932716906071,7.0759711265563965
ddqn,2026,4106,90603,-10.08,8,0,1,0.050000000000000044,0.02359121199697256,6.88264012336731
ddqn,2026,4107,90618,9.85,15,1,0,0.050000000000000044,0.02260620752349496,6.865265607833862
ddqn,2026,4108,90677,-10.59,59,0,1,0.050000000000000044,0.04121330653627713,6.862833944956462
ddqn,2026,4109,90729,9.48,52,1,0,0.050000000000000044,0.03805287583516194,6.8347655076247
ddqn,2026,4110,90741,-10.12,12,0,1,0.050000000000000044,0.030519094318151474,7.021086057027181
ddqn,2026,4111,90753,9.88,12,1,0,0.050000000000000044,0.029645270978411038,6.808751265207927
ddqn,2026,4112,90779,9.74,26,1,0,0.050000000000000044,0.03272629218796889,6.989145994186401
ddqn,2026,4113,90796,9.83,17,1,0,0.050000000000000044,0.025734096020460128,6.7946196556091305
ddqn,2026,4114,90823,9.73,27,1,0,0.050000000000000044,0.030155752164622147,6.870145241419475
ddqn,2026,4115,90855,9.68,32,1,0,0.050000000000000044,0.02520316792652011,6.948626756668091
ddqn,2026,4116,90867,9.88,12,1,0,0.050000000000000044,0.025846799835562706,7.079940636952718
ddqn,2026,4117,90882,-10.15,15,0,1,0.050000000000000044,0.031004144344478846,7.041536331176758
ddqn,2026,4118,90907,9.75,25,1,0,0.050000000000000044,0.024413862265646458,6.777597824732463
ddqn,2026,4119,90922,9.85,15,1,0,0.050000000000000044,0.025455317925661802,7.071494460105896
ddqn,2026,4120,90937,9.85,15,1,0,0.050000000000000044,0.0318675609305501,6.983806848526001
ddqn,2026,4121,90962,9.75,25,1,0,0.050000000000000044,0.0240330354621013,7.078925848007202
ddqn,2026,4122,90980,9.82,18,1,0,0.050000000000000044,0.024184048920869828,6.693785572052002
ddqn,2026,4123,91013,9.67,33,1,0,0.050000000000000044,0.027381507214158773,6.901494801044464
ddqn,2026,4124,91030,-10.17,17,0,1,0.050000000000000044,0.04470020439475775,7.053147077560425
ddqn,2026,4125,91045,9.85,15,1,0,0.050000000000000044,0.042259137611836195,7.242448806762695
ddqn,2026,4126,91059,9.86,14,1,0,0.050000000000000044,0.026038843517502148,7.122349739074707
ddqn,2026,4127,91077,9.82,18,1,0,0.050000000000000044,0.032717614620924,7.231229305267334
ddqn,2026,4128,91091,9.86,14,1,0,0.050000000000000044,0.023610124364495277,7.221622149149577
ddqn,2026,4129,91111,9.8,20,1,0,0.050000000000000044,0.025192170217633248,7.127448081970215
ddqn,2026,4130,91135,9.76,24,1,0,0.050000000000000044,0.03388965285072724,7.327772378921509
ddqn,2026,4131,91166,9.69,31,1,0,0.050000000000000044,0.02448757947422564,7.1062058210372925
ddqn,2026,4132,91182,9.84,16,1,0,0.050000000000000044,0.03224064176902175,7.216673135757446
ddqn,2026,4133,91201,9.81,19,1,0,0.050000000000000044,0.019204844161868094,7.168949699401855
ddqn,2026,4134,91215,9.86,14,1,0,0.050000000000000044,0.02116481587290764,7.211367766062419
ddqn,2026,4135,91229,9.86,14,1,0,0.050000000000000044,0.03325796406716108,7.174842119216919
ddqn,2026,4136,91241,9.88,12,1,0,0.050000000000000044,0.029176440710822742,6.948649247487386
ddqn,2026,4137,91258,9.83,17,1,0,0.050000000000000044,0.024745135568082333,7.1439619064331055
ddqn,2026,4138,91278,9.8,20,1,0,0.050000000000000044,0.022709597647190095,6.739256763458252
ddqn,2026,4139,91303,9.75,25,1,0,0.050000000000000044,0.024150935622553032,6.7702070871988935
ddqn,2026,4140,91321,9.82,18,1,0,0.050000000000000044,0.02428728826344013,7.127137279510498
ddqn,2026,4141,91354,9.67,33,1,0,0.050000000000000044,0.02512188581749797,7.167803525924683
ddqn,2026,4142,91370,9.84,16,1,0,0.050000000000000044,0.023162448313087225,7.028905868530273
ddqn,2026,4143,91384,-10.14,14,0,1,0.050000000000000044,0.024631363805383444,7.095808148384094
ddqn,2026,4144,91411,9.73,27,1,0,0.050000000000000044,0.024315956359108288,7.220062653223674
ddqn,2026,4145,91430,9.81,19,1,0,0.050000000000000044,0.02271746899932623,7.027468204498291
ddqn,2026,4146,91449,-10.19,19,0,1,0.050000000000000044,0.02232477329671383,7.03237771987915
ddqn,2026,4147,91467,9.82,18,1,0,0.050000000000000044,0.024371265899389982,7.065330982208252
ddqn,2026,4148,91479,9.88,12,1,0,0.050000000000000044,0.02962362642089526,6.76899258295695
ddqn,2026,4149,91493,9.86,14,1,0,0.050000000000000044,0.022912200540304184,7.033971667289734
ddqn,2026,4150,91514,9.790000000000001,21,1,0,0.050000000000000044,0.020960713922977447,6.977429580688477
ddqn,2026,4151,91528,9.86,14,1,0,0.050000000000000044,0.020602873526513577,7.342427968978882
ddqn,2026,4152,91547,9.81,19,1,0,0.050000000000000044,0.022641381714493036,6.967949748039246
ddqn,2026,4153,91561,9.86,14,1,0,0.050000000000000044,0.017331873532384634,7.198144435882568
ddqn,2026,4154,91579,9.82,18,1,0,0.050000000000000044,0.027433198411017656,6.976436376571655
ddqn,2026,4155,91599,9.8,20,1,0,0.050000000000000044,0.02618689425289631,7.034288787841797
ddqn,2026,4156,91613,9.86,14,1,0,0.050000000000000044,0.02534985961392522,6.796915650367737
ddqn,2026,4157,91631,9.82,18,1,0,0.050000000000000044,0.021366070490330458,6.938716650009155
ddqn,2026,4158,91654,9.77,23,1,0,0.050000000000000044,0.022194384442021448,7.1552464962005615
ddqn,2026,4159,91671,9.83,17,1,0,0.050000000000000044,0.02228872897103429,7.279014348983765
ddqn,2026,4160,91698,9.73,27,1,0,0.050000000000000044,0.0207098267440285,6.979274068559919
ddqn,2026,4161,91721,9.77,23,1,0,0.050000000000000044,0.06884726074834664,7.223482449849446
ddqn,2026,4162,91733,9.88,12,1,0,0.050000000000000044,0.01953937051196893,7.482105573018392
ddqn,2026,4163,91761,9.72,28,1,0,0.050000000000000044,0.0284711236932448,7.017913273402622
ddqn,2026,4164,91781,9.8,20,1,0,0.050000000000000044,0.02353535182774067,7.18004150390625
ddqn,2026,4165,91799,9.82,18,1,0,0.050000000000000044,0.020674680825322866,7.253541946411133
ddqn,2026,4166,91819,9.8,20,1,0,0.050000000000000044,0.021084873005747795,7.268600273132324
ddqn,2026,4167,91831,9.88,12,1,0,0.050000000000000044,0.016579391124347847,7.1971001625061035
ddqn,2026,4168,91858,9.73,27,1,0,0.050000000000000044,0.02563810907304287,7.19698463167463
ddqn,2026,4169,91871,-10.129999999999999,13,0,1,0.050000000000000044,0.025526838997999828,7.338219165802002
ddqn,2026,4170,91885,9.86,14,1,0,0.050000000000000044,0.020969316828995943,7.244816899299622
ddqn,2026,4171,91902,9.83,17,1,0,0.050000000000000044,0.023076065350323915,7.088670969009399
ddqn,2026,4172,91914,9.88,12,1,0,0.050000000000000044,0.019884663944443066,7.384795029958089
ddqn,2026,4173,91932,9.82,18,1,0,0.050000000000000044,0.023194656521081925,6.989577674865723
ddqn,2026,4174,91946,9.86,14,1,0,0.050000000000000044,0.020322900886336964,7.300136089324951
ddqn,2026,4175,91964,9.82,18,1,0,0.050000000000000044,0.022885273024439812,7.032852363586426
ddqn,2026,4176,91984,9.8,20,1,0,0.050000000000000044,0.024744290485978128,7.200054740905761
ddqn,2026,4177,92001,9.83,17,1,0,0.050000000000000044,0.02050137799233198,7.2944700717926025
ddqn,2026,4178,92020,9.81,19,1,0,0.050000000000000044,0.0423720084130764,7.082528972625733
ddqn,2026,4179,92048,9.72,28,1,0,0.050000000000000044,0.03207432797976902,7.369306564331055
ddqn,2026,4180,92059,-10.11,11,0,1,0.050000000000000044,0.03892392851412296,7.703806161880493
ddqn,2026,4181,92071,9.88,12,1,0,0.050000000000000044,0.041343813141187034,7.489196141560872
ddqn,2026,4182,92083,9.88,12,1,0,0.050000000000000044,0.032360538840293884,7.317181428273519
ddqn,2026,4183,92100,9.83,17,1,0,0.050000000000000044,0.04256804436445236,7.467706489562988
ddqn,2026,4184,92119,9.81,19,1,0,0.050000000000000044,0.028293500654399395,7.271919012069702
ddqn,2026,4185,92137,9.82,18,1,0,0.050000000000000044,0.023892897740006448,7.47637300491333
ddqn,2026,4186,92149,9.88,12,1,0,0.050000000000000044,0.02421724423766136,7.184019724527995
ddqn,2026,4187,92173,9.76,24,1,0,0.050000000000000044,0.03053850121796131,7.300146818161011
ddqn,2026,4188,92189,-10.16,16,0,1,0.050000000000000044,0.023822082206606865,7.300552487373352
ddqn,2026,4189,92209,9.8,20,1,0,0.050000000000000044,0.025543008372187613,7.305240058898926
ddqn,2026,4190,92238,9.71,29,1,0,0.050000000000000044,0.06858390037502561,7.4367508207048685
ddqn,2026,4191,92260,9.78,22,1,0,0.050000000000000044,0.035159602450827755,7.07842485109965
ddqn,2026,4192,92281,-10.209999999999999,21,0,1,0.050000000000000044,0.021306495741009714,7.4272462844848635
ddqn,2026,4193,92298,9.83,17,1,0,0.050000000000000044,0.027584727853536606,7.512080788612366
ddqn,2026,4194,92315,9.83,17,1,0,0.050000000000000044,0.024721776135265827,7.375486373901367
ddqn,2026,4195,92340,9.75,25,1,0,0.050000000000000044,0.02018809943859066,7.3082508359636575
ddqn,2026,4196,92358,9.82,18,1,0,0.050000000000000044,0.026441331487149,7.253512978553772
ddqn,2026,4197,92377,9.81,19,1,0,0.050000000000000044,0.028331727162003516,7.3919370651245115
ddqn,2026,4198,92395,9.82,18,1,0,0.050000000000000044,0.020138058811426163,7.505363345146179
ddqn,2026,4199,92417,9.78,22,1,0,0.050000000000000044,0.02040230172375838,7.228793223698934
ddqn,2026,4200,92437,9.8,20,1,0,0.050000000000000044,0.039803662523627284,7.503404521942139
ddqn,2026,4201,92444,-10.07,7,0,1,0.050000000000000044,0.026606645435094833,7.607284069061279
ddqn,2026,4202,92459,9.85,15,1,0,0.050000000000000044,0.02937134417394797,7.4073716799418134
ddqn,2026,4203,92480,9.790000000000001,21,1,0,0.050000000000000044,0.025685973465442657,7.325193087259929
ddqn,2026,4204,92492,9.88,12,1,0,0.050000000000000044,0.01733613759279251,7.577773729960124
ddqn,2026,4205,92511,9.81,19,1,0,0.050000000000000044,0.018210055772215128,7.354912042617798
ddqn,2026,4206,92527,9.84,16,1,0,0.050000000000000044,0.02236300427466631,7.200540900230408
ddqn,2026,4207,92539,9.88,12,1,0,0.050000000000000044,0.022500358521938324,7.561280091603597
ddqn,2026,4208,92555,9.84,16,1,0,0.050000000000000044,0.025856337044388056,7.413680911064148
ddqn,2026,4209,92556,-10.01,1,0,1,0.050000000000000044,0.02876647375524044,7.358287811279297
ddqn,2026,4210,92568,9.88,12,1,0,0.050000000000000044,0.023580404619375866,7.288485209147136
ddqn,2026,4211,92584,9.84,16,1,0,0.050000000000000044,0.02845676289871335,7.501220345497131
ddqn,2026,4212,92601,9.83,17,1,0,0.050000000000000044,0.024293604772537947,7.163076043128967
ddqn,2026,4213,92628,9.73,27,1,0,0.050000000000000044,0.025623215096337453,7.287157876150949
ddqn,2026,4214,92644,9.84,16,1,0,0.050000000000000044,0.03040502453222871,7.1578049659729
ddqn,2026,4215,92674,9.7,30,1,0,0.050000000000000044,0.021773661885942732,7.303902081080845
ddqn,2026,4216,92689,9.85,15,1,0,0.050000000000000044,0.023093293886631727,7.238190650939941
ddqn,2026,4217,92718,9.71,29,1,0,0.050000000000000044,0.022409304178186824,7.239654541015625
ddqn,2026,4218,92730,-10.12,12,0,1,0.050000000000000044,0.030211904396613438,7.429486115773519
ddqn,2026,4219,92752,9.78,22,1,0,0.050000000000000044,0.0204674550332129,7.414990822474162
ddqn,2026,4220,92796,9.56,44,1,0,0.050000000000000044,0.02557765015146949,7.468749436465177
ddqn,2026,4221,92808,9.88,12,1,0,0.050000000000000044,0.0232314628859361,7.322652975718181
ddqn,2026,4222,92823,9.85,15,1,0,0.050000000000000044,0.028138406574726105,7.452924569447835
ddqn,2026,4223,92840,9.83,17,1,0,0.050000000000000044,0.023132551833987235,7.205184078216552
ddqn,2026,4224,92860,9.8,20,1,0,0.050000000000000044,0.022920780628919602,7.422263813018799
ddqn,2026,4225,92885,9.75,25,1,0,0.050000000000000044,0.024282120789090793,7.318393389383952
ddqn,2026,4226,92902,9.83,17,1,0,0.050000000000000044,0.020164950750768185,7.32734751701355
ddqn,2026,4227,92919,9.83,17,1,0,0.050000000000000044,0.021763655822724104,7.220469951629639
ddqn,2026,4228,92932,-10.129999999999999,13,0,1,0.050000000000000044,0.03609120938926935,7.607401609420776
ddqn,2026,4229,92959,9.73,27,1,0,0.050000000000000044,0.026735184714198112,7.36416498819987
ddqn,2026,4230,92975,9.84,16,1,0,0.050000000000000044,0.03557522315531969,7.327313780784607
ddqn,2026,4231,92991,9.84,16,1,0,0.050000000000000044,0.024474690668284893,7.163719296455383
ddqn,2026,4232,93010,9.81,19,1,0,0.050000000000000044,0.03278149738907814,7.198232936859131
ddqn,2026,4233,93022,9.88,12,1,0,0.050000000000000044,0.02799660402039687,7.6935601234436035
ddqn,2026,4234,93036,9.86,14,1,0,0.050000000000000044,0.02653576945886016,7.628187894821167
ddqn,2026,4235,93058,9.78,22,1,0,0.050000000000000044,0.02988196462392807,7.686538982391357
ddqn,2026,4236,93072,-10.14,14,0,1,0.050000000000000044,0.028548228554427624,7.581071615219116
ddqn,2026,4237,93089,9.83,17,1,0,0.050000000000000044,0.02506154915317893,7.375720739364624
ddqn,2026,4238,93112,9.77,23,1,0,0.050000000000000044,0.02029042411595583,7.511507908503215
ddqn,2026,4239,93139,9.73,27,1,0,0.050000000000000044,0.024934757811327774,7.315203666687012
ddqn,2026,4240,93157,9.82,18,1,0,0.050000000000000044,0.019372793659567834,7.547622203826904
ddqn,2026,4241,93181,9.76,24,1,0,0.050000000000000044,0.0206004463446637,7.4476072788238525
ddqn,2026,4242,93197,9.84,16,1,0,0.050000000000000044,0.025024346075952053,7.344825863838196
ddqn,2026,4243,93216,9.81,19,1,0,0.050000000000000044,0.020489177107810973,7.216849136352539
ddqn,2026,4244,93230,9.86,14,1,0,0.050000000000000044,0.020235747719804447,7.386891047159831
ddqn,2026,4245,93248,9.82,18,1,0,0.050000000000000044,0.030698561668395997,7.348243618011475
ddqn,2026,4246,93260,9.88,12,1,0,0.050000000000000044,0.020001398399472237,7.407862663269043
ddqn,2026,4247,93274,9.86,14,1,0,0.050000000000000044,0.015002136118710041,7.683304309844971
ddqn,2026,4248,93298,9.76,24,1,0,0.050000000000000044,0.021313875292738278,7.398450533548991
ddqn,2026,4249,93317,9.81,19,1,0,0.050000000000000044,0.022332314029335977,7.212248420715332
ddqn,2026,4250,93332,9.85,15,1,0,0.050000000000000044,0.014303146628662944,7.363153576850891
ddqn,2026,4251,93349,9.83,17,1,0,0.050000000000000044,0.016950960969552398,7.439242124557495
ddqn,2026,4252,93362,-10.129999999999999,13,0,1,0.050000000000000044,0.025530387026568253,7.381072044372559
ddqn,2026,4253,93376,9.86,14,1,0,0.050000000000000044,0.023383010178804398,7.3443886041641235
ddqn,2026,4254,93390,9.86,14,1,0,0.050000000000000044,0.019631414363781612,7.3722825050354
ddqn,2026,4255,93415,9.75,25,1,0,0.050000000000000044,0.020541622924307983,7.275381485621135
ddqn,2026,4256,93439,-10.24,24,0,1,0.050000000000000044,0.01976140650610129,7.250742117563884
ddqn,2026,4257,93451,9.88,12,1,0,0.050000000000000044,0.016045526911815006,7.432522137959798
ddqn,2026,4258,93465,9.86,14,1,0,0.050000000000000044,0.018529805354773998,7.463704824447632
ddqn,2026,4259,93482,9.83,17,1,0,0.050000000000000044,0.019164525670930743,7.251204013824463
ddqn,2026,4260,93506,9.76,24,1,0,0.050000000000000044,0.01866879283140103,7.450456619262695
ddqn,2026,4261,93530,9.76,24,1,0,0.050000000000000044,0.018021578279634316,7.553976933161418
ddqn,2026,4262,93550,9.8,20,1,0,0.050000000000000044,0.013519135303795338,7.63907642364502
ddqn,2026,4263,93576,9.74,26,1,0,0.050000000000000044,0.020503104398293153,7.37756483895438
ddqn,2026,4264,93594,9.82,18,1,0,0.050000000000000044,0.01701606996357441,7.647396683692932
ddqn,2026,4265,93608,9.86,14,1,0,0.050000000000000044,0.019973498536273837,7.586473226547241
ddqn,2026,4266,93622,9.86,14,1,0,0.050000000000000044,0.02863898314535618,7.443217595418294
ddqn,2026,4267,93640,9.82,18,1,0,0.050000000000000044,0.022205856442451478,7.285946464538574
ddqn,2026,4268,93654,9.86,14,1,0,0.050000000000000044,0.0158078499759237,7.406488418579102
ddqn,2026,4269,93666,9.88,12,1,0,0.050000000000000044,0.019022782643636067,7.64026419321696
ddqn,2026,4270,93684,9.82,18,1,0,0.050000000000000044,0.01971502639353275,7.3365553855896
ddqn,2026,4271,93702,9.82,18,1,0,0.050000000000000044,0.01904658623971045,7.6392903327941895
ddqn,2026,4272,93728,9.74,26,1,0,0.050000000000000044,0.020824367446558818,7.446611745016916
ddqn,2026,4273,93763,9.65,35,1,0,0.050000000000000044,0.02082702680490911,7.5315380692481995
ddqn,2026,4274,93781,9.82,18,1,0,0.050000000000000044,0.013762031495571137,7.3629802703857425
ddqn,2026,4275,93798,9.83,17,1,0,0.050000000000000044,0.01749017322435975,7.617271542549133
ddqn,2026,4276,93825,9.73,27,1,0,0.050000000000000044,0.018006632636700357,7.475210666656494
ddqn,2026,4277,93852,9.73,27,1,0,0.050000000000000044,0.01957301702350378,7.520152909415109
ddqn,2026,4278,93864,9.88,12,1,0,0.050000000000000044,0.01714977839340766,7.4687736829121905
ddqn,2026,4279,93892,9.72,28,1,0,0.050000000000000044,0.01787816733121872,7.457018715994699
ddqn,2026,4280,93906,9.86,14,1,0,0.050000000000000044,0.017558373510837555,7.725871245066325
ddqn,2026,4281,93920,9.86,14,1,0,0.050000000000000044,0.01944912550970912,7.410011291503906
ddqn,2026,4282,93935,9.85,15,1,0,0.050000000000000044,0.015191794373095036,7.385627269744873
ddqn,2026,4283,93954,9.81,19,1,0,0.050000000000000044,0.015130088105797768,7.42497615814209
ddqn,2026,4284,93972,9.82,18,1,0,0.050000000000000044,0.016134072095155716,7.564428901672363
ddqn,2026,4285,93988,9.84,16,1,0,0.050000000000000044,0.020718305371701717,7.544796586036682
ddqn,2026,4286,94015,9.73,27,1,0,0.050000000000000044,0.024450649817784626,7.497714281082153
ddqn,2026,4287,94033,9.82,18,1,0,0.050000000000000044,0.06660844795405865,7.65479621887207
ddqn,2026,4288,94056,9.77,23,1,0,0.050000000000000044,0.022249532242616017,7.619210084279378
ddqn,2026,4289,94070,9.86,14,1,0,0.050000000000000044,0.022955837349096935,7.616331895192464
ddqn,2026,4290,94082,9.88,12,1,0,0.050000000000000044,0.020349064841866493,7.491817315419515
ddqn,2026,4291,94094,9.88,12,1,0,0.050000000000000044,0.03511998616158962,7.547996362050374
ddqn,2026,4292,94118,9.76,24,1,0,0.050000000000000044,0.021638700893769663,7.546862761179606
ddqn,2026,4293,94132,9.86,14,1,0,0.050000000000000044,0.022338825277984142,7.793072462081909
ddqn,2026,4294,94149,9.83,17,1,0,0.050000000000000044,0.031153190415352583,7.356366038322449
ddqn,2026,4295,94163,9.86,14,1,0,0.050000000000000044,0.024321851320564747,7.624184608459473
ddqn,2026,4296,94201,-10.38,38,0,1,0.050000000000000044,0.020476363878697158,7.55025897026062
ddqn,2026,4297,94213,9.88,12,1,0,0.050000000000000044,0.016908526110152405,7.500383694966634
ddqn,2026,4298,94234,9.790000000000001,21,1,0,0.050000000000000044,0.017278560623526572,7.654419231414795
ddqn,2026,4299,94246,9.88,12,1,0,0.050000000000000044,0.020381319026152294,7.555973052978516
ddqn,2026,4300,94258,9.88,12,1,0,0.050000000000000044,0.01979896364112695,7.777297337849935
ddqn,2026,4301,94285,9.73,27,1,0,0.050000000000000044,0.05038272496312857,7.424731731414795
ddqn,2026,4302,94297,9.88,12,1,0,0.050000000000000044,0.021041675781210262,7.65141487121582
ddqn,2026,4303,94312,9.85,15,1,0,0.050000000000000044,0.02471168152987957,7.569831371307373
ddqn,2026,4304,94341,9.71,29,1,0,0.050000000000000044,0.022968379381511892,7.494888169424875
ddqn,2026,4305,94357,9.84,16,1,0,0.050000000000000044,0.02002658136188984,7.489130854606628
ddqn,2026,4306,94376,9.81,19,1,0,0.050000000000000044,0.01629359070211649,7.626028537750244
ddqn,2026,4307,94388,9.88,12,1,0,0.050000000000000044,0.01629439927637577,7.6612809499104815
ddqn,2026,4308,94410,9.78,22,1,0,0.050000000000000044,0.017321782559156416,7.289646816253662
ddqn,2026,4309,94424,9.86,14,1,0,0.050000000000000044,0.02019132813438773,7.5500993728637695
ddqn,2026,4310,94436,9.88,12,1,0,0.050000000000000044,0.01717980702718099,7.229348500569661
ddqn,2026,4311,94453,9.83,17,1,0,0.050000000000000044,0.016280185896903276,7.268598318099976
ddqn,2026,4312,94467,9.86,14,1,0,0.050000000000000044,0.01415183488279581,7.3763321240743
ddqn,2026,4313,94482,9.85,15,1,0,0.050000000000000044,0.011503636837005615,7.723103404045105
ddqn,2026,4314,94509,9.73,27,1,0,0.050000000000000044,0.015456624062997954,7.624705995832171
ddqn,2026,4315,94528,9.81,19,1,0,0.050000000000000044,0.018348131515085696,7.622494316101074
ddqn,2026,4316,94543,9.85,15,1,0,0.050000000000000044,0.0990717988461256,7.490667819976807
ddqn,2026,4317,94562,9.81,19,1,0,0.050000000000000044,0.019494226016104222,7.4214475631713865
ddqn,2026,4318,94582,9.8,20,1,0,0.050000000000000044,0.022229914367198945,7.612955951690674
ddqn,2026,4319,94599,9.83,17,1,0,0.050000000000000044,0.02104098256677389,7.430875301361084
ddqn,2026,4320,94614,9.85,15,1,0,0.050000000000000044,0.021996235009282827,7.833927035331726
ddqn,2026,4321,94629,9.85,15,1,0,0.050000000000000044,0.017949784640222788,7.664638161659241
ddqn,2026,4322,94641,9.88,12,1,0,0.050000000000000044,0.01835823090126117,7.359823544820149
ddqn,2026,4323,94653,9.88,12,1,0,0.050000000000000044,0.013336808731158575,7.400523821512858
ddqn,2026,4324,94667,9.86,14,1,0,0.050000000000000044,0.016004931802550953,7.617824077606201
ddqn,2026,4325,94681,9.86,14,1,0,0.050000000000000044,0.014483057428151369,7.612475752830505
ddqn,2026,4326,94693,9.88,12,1,0,0.050000000000000044,0.01597005718698104,7.706944465637207
ddqn,2026,4327,94728,9.65,35,1,0,0.050000000000000044,0.021264027907616563,7.5188757048712835
ddqn,2026,4328,94744,9.84,16,1,0,0.050000000000000044,0.01608255668543279,7.736285090446472
ddqn,2026,4329,94756,9.88,12,1,0,0.050000000000000044,0.020374322310090065,7.893171151479085
ddqn,2026,4330,94768,9.88,12,1,0,0.050000000000000044,0.01877253067990144,7.6065436999003095
ddqn,2026,4331,94788,9.8,20,1,0,0.050000000000000044,0.014980884455144405,7.505666923522949
ddqn,2026,4332,94809,9.790000000000001,21,1,0,0.050000000000000044,0.01758741308003664,7.42239236831665
ddqn,2026,4333,94826,9.83,17,1,0,0.050000000000000044,0.018430479103699327,7.50254225730896
ddqn,2026,4334,94842,9.84,16,1,0,0.050000000000000044,0.017179097281768918,7.674482226371765
ddqn,2026,4335,94856,9.86,14,1,0,0.050000000000000044,0.018629357451573014,7.550515532493591
ddqn,2026,4336,94875,9.81,19,1,0,0.050000000000000044,0.018814876209944487,7.558639764785767
ddqn,2026,4337,94893,9.82,18,1,0,0.050000000000000044,0.01455378346145153,7.634505271911621
ddqn,2026,4338,94905,9.88,12,1,0,0.050000000000000044,0.02087220922112465,7.454064846038818
ddqn,2026,4339,94919,9.86,14,1,0,0.050000000000000044,0.01438111811876297,7.612821737925212
ddqn,2026,4340,94933,9.86,14,1,0,0.050000000000000044,0.017417945666238666,7.352431535720825
ddqn,2026,4341,94957,9.76,24,1,0,0.050000000000000044,0.02293573583786686,7.466273148854573
ddqn,2026,4342,94973,9.84,16,1,0,0.050000000000000044,0.014069246826693416,7.409811019897461
ddqn,2026,4343,94992,9.81,19,1,0,0.050000000000000044,0.014525116048753261,7.265419960021973
ddqn,2026,4344,95006,9.86,14,1,0,0.050000000000000044,0.02148992319901784,7.649103164672852
ddqn,2026,4345,95023,-10.17,17,0,1,0.050000000000000044,0.024029468651860952,7.724770784378052
ddqn,2026,4346,95044,9.790000000000001,21,1,0,0.050000000000000044,0.021074299079676468,7.55028239885966
ddqn,2026,4347,95061,9.83,17,1,0,0.050000000000000044,0.06967115309089422,7.749571204185486
ddqn,2026,4348,95077,9.84,16,1,0,0.050000000000000044,0.031851237174123526,7.59289288520813
ddqn,2026,4349,95098,9.790000000000001,21,1,0,0.050000000000000044,0.020160377025604248,7.457663345336914
ddqn,2026,4350,95120,9.78,22,1,0,0.050000000000000044,0.01938245538622141,7.845904906590779
ddqn,2026,4351,95139,9.81,19,1,0,0.050000000000000044,0.02312614256516099,7.612222671508789
ddqn,2026,4352,95163,9.76,24,1,0,0.050000000000000044,0.023065118429561455,7.639659484227498
ddqn,2026,4353,95175,9.88,12,1,0,0.050000000000000044,0.02500035986304283,7.563626289367676
ddqn,2026,4354,95200,9.75,25,1,0,0.050000000000000044,0.030660261000905718,7.678429331098284
ddqn,2026,4355,95216,9.84,16,1,0,0.050000000000000044,0.02467948477715254,7.533514380455017
ddqn,2026,4356,95227,-10.11,11,0,1,0.050000000000000044,0.030519996769726276,7.897980690002441
ddqn,2026,4357,95243,9.84,16,1,0,0.050000000000000044,0.02185175009071827,7.447412371635437
ddqn,2026,4358,95257,9.86,14,1,0,0.050000000000000044,0.029379355954006314,7.9667134284973145
ddqn,2026,4359,95282,9.75,25,1,0,0.050000000000000044,0.03259711309025685,7.6119630336761475
ddqn,2026,4360,95301,9.81,19,1,0,0.050000000000000044,0.022680850327014924,7.858533573150635
ddqn,2026,4361,95320,9.81,19,1,0,0.050000000000000044,0.025224797986447813,7.5833738327026365
ddqn,2026,4362,95334,9.86,14,1,0,0.050000000000000044,0.03057766395310561,7.391148408253987
ddqn,2026,4363,95348,9.86,14,1,0,0.050000000000000044,0.07292544888332486,7.803900480270386
ddqn,2026,4364,95362,-10.14,14,0,1,0.050000000000000044,0.026630337970952194,7.6966552734375
ddqn,2026,4365,95378,9.84,16,1,0,0.050000000000000044,0.024570713751018047,7.549947381019592
ddqn,2026,4366,95390,9.88,12,1,0,0.050000000000000044,0.02384136493007342,7.44982894261678
ddqn,2026,4367,95417,9.73,27,1,0,0.050000000000000044,0.02009876391717366,7.523180212293353
ddqn,2026,4368,95446,9.71,29,1,0,0.050000000000000044,0.01921513250895909,7.730447905404227
ddqn,2026,4369,95458,-10.12,12,0,1,0.050000000000000044,0.01771566706399123,7.604254086812337
ddqn,2026,4370,95472,9.86,14,1,0,0.050000000000000044,0.018727146089076996,7.467077970504761
ddqn,2026,4371,95487,9.85,15,1,0,0.050000000000000044,0.01779610166947047,7.715470314025879
ddqn,2026,4372,95507,9.8,20,1,0,0.050000000000000044,0.021238591335713864,7.797543144226074
ddqn,2026,4373,95519,9.88,12,1,0,0.050000000000000044,0.017362181718150776,7.802678108215332
ddqn,2026,4374,95533,9.86,14,1,0,0.050000000000000044,0.021368781104683876,7.620810508728027
ddqn,2026,4375,95545,9.88,12,1,0,0.050000000000000044,0.013761603894333044,7.221399307250977
ddqn,2026,4376,95564,9.81,19,1,0,0.050000000000000044,0.0211921576410532,7.713721084594726
ddqn,2026,4377,95576,9.88,12,1,0,0.050000000000000044,0.015421210788190365,7.517039934794108
ddqn,2026,4378,95610,9.66,34,1,0,0.050000000000000044,0.02020009222906083,7.747556269168854
ddqn,2026,4379,95628,9.82,18,1,0,0.050000000000000044,0.01818821784108877,7.6485185623168945
ddqn,2026,4380,95644,9.84,16,1,0,0.050000000000000044,0.013881547842174768,7.718024134635925
ddqn,2026,4381,95667,9.77,23,1,0,0.050000000000000044,0.018786756694316863,7.745246028900146
ddqn,2026,4382,95686,9.81,19,1,0,0.050000000000000044,0.032288653403520585,7.402108383178711
ddqn,2026,4383,95705,9.81,19,1,0,0.050000000000000044,0.020863201841711997,7.821648597717285
ddqn,2026,4384,95722,9.83,17,1,0,0.050000000000000044,0.02215352328494191,7.643491268157959
ddqn,2026,4385,95744,9.78,22,1,0,0.050000000000000044,0.01907456774885456,7.634801626205444
ddqn,2026,4386,95762,-10.18,18,0,1,0.050000000000000044,0.027524419128894806,7.657206416130066
ddqn,2026,4387,95774,9.88,12,1,0,0.050000000000000044,0.01923924187819163,7.6743903160095215
ddqn,2026,4388,95785,-10.11,11,0,1,0.050000000000000044,0.036283242205778755,7.872096697489421
ddqn,2026,4389,95799,-10.14,14,0,1,0.050000000000000044,0.017109268034497898,7.766410032908122
ddqn,2026,4390,95814,9.85,15,1,0,0.050000000000000044,0.025972092058509588,7.636220574378967
ddqn,2026,4391,95832,9.82,18,1,0,0.050000000000000044,0.026262586936354637,7.5369367599487305
ddqn,2026,4392,95844,9.88,12,1,0,0.050000000000000044,0.02762056700885296,7.8046981493632
ddqn,2026,4393,95862,9.82,18,1,0,0.050000000000000044,0.023655728437006474,7.544855356216431
ddqn,2026,4394,95880,9.82,18,1,0,0.050000000000000044,0.023388203606009482,7.5531213760375975
ddqn,2026,4395,95892,9.88,12,1,0,0.050000000000000044,0.028217023238539696,7.642708937327067
ddqn,2026,4396,95910,9.82,18,1,0,0.050000000000000044,0.09157514851540327,7.631157040596008
ddqn,2026,4397,95924,9.86,14,1,0,0.050000000000000044,0.017174639739096165,7.854469895362854
ddqn,2026,4398,95942,9.82,18,1,0,0.050000000000000044,0.022798060439527035,7.708148002624512
ddqn,2026,4399,95960,9.82,18,1,0,0.050000000000000044,0.016874532960355283,7.70360631942749
ddqn,2026,4400,95979,-10.19,19,0,1,0.050000000000000044,0.018844379810616374,7.735951900482178
ddqn,2026,4401,95993,9.86,14,1,0,0.050000000000000044,0.020503035746514797,7.320599913597107
ddqn,2026,4402,96009,9.84,16,1,0,0.050000000000000044,0.022495266050100327,7.759405136108398
ddqn,2026,4403,96031,9.78,22,1,0,0.050000000000000044,0.03736574836075306,7.700651931762695
ddqn,2026,4404,96051,9.8,20,1,0,0.050000000000000044,0.01950003728270531,7.749383735656738
ddqn,2026,4405,96062,-10.11,11,0,1,0.050000000000000044,0.0229792104413112,7.801260948181152
ddqn,2026,4406,96080,9.82,18,1,0,0.050000000000000044,0.018130038306117056,7.818359279632569
ddqn,2026,4407,96100,9.8,20,1,0,0.050000000000000044,0.022216249257326126,7.759263420104981
ddqn,2026,4408,96114,9.86,14,1,0,0.050000000000000044,0.018111460531751316,8.036810874938965
ddqn,2026,4409,96130,9.84,16,1,0,0.050000000000000044,0.01695031998679042,7.886634588241577
ddqn,2026,4410,96146,9.84,16,1,0,0.050000000000000044,0.06448708311654627,7.679572701454163
ddqn,2026,4411,96155,-10.09,9,0,1,0.050000000000000044,0.01968411263078451,7.858487844467163
ddqn,2026,4412,96174,9.81,19,1,0,0.050000000000000044,0.017092215456068517,7.8760498046875
ddqn,2026,4413,96194,9.8,20,1,0,0.050000000000000044,0.018267862871289252,7.835699462890625
ddqn,2026,4414,96206,9.88,12,1,0,0.050000000000000044,0.05931985192000866,7.725045045216878
ddqn,2026,4415,96225,9.81,19,1,0,0.050000000000000044,0.01603423822671175,7.8106231689453125
ddqn,2026,4416,96226,-10.01,1,0,1,0.050000000000000044,,
ddqn,2026,4417,96242,-10.16,16,0,1,0.050000000000000044,0.015862154308706522,8.13206136226654
ddqn,2026,4418,96267,9.75,25,1,0,0.050000000000000044,0.01732515652353565,7.814411083857219
ddqn,2026,4419,96282,9.85,15,1,0,0.050000000000000044,0.013414883753284812,7.914845705032349
ddqn,2026,4420,96296,9.86,14,1,0,0.050000000000000044,0.0172395883128047,7.656815052032471
ddqn,2026,4421,96308,9.88,12,1,0,0.050000000000000044,0.01336306178321441,7.94837760925293
ddqn,2026,4422,96328,9.8,20,1,0,0.050000000000000044,0.01624304261058569,7.57238655090332
ddqn,2026,4423,96357,9.71,29,1,0,0.050000000000000044,0.017442953905888965,7.665485518319266
ddqn,2026,4424,96371,9.86,14,1,0,0.050000000000000044,0.010288736627747616,7.8180036544799805
ddqn,2026,4425,96395,9.76,24,1,0,0.050000000000000044,0.013769349238524834,7.953299601872762
ddqn,2026,4426,96407,9.88,12,1,0,0.050000000000000044,0.012904946071406206,7.886101086934407
ddqn,2026,4427,96427,9.8,20,1,0,0.050000000000000044,0.016536848060786723,7.770036506652832
ddqn,2026,4428,96450,9.77,23,1,0,0.050000000000000044,0.017620495830972988,7.523731708526611
ddqn,2026,4429,96470,9.8,20,1,0,0.050000000000000044,0.017219666764140128,7.73809700012207
ddqn,2026,4430,96486,9.84,16,1,0,0.050000000000000044,0.022627378813922405,7.743990182876587
ddqn,2026,4431,96503,9.83,17,1,0,0.050000000000000044,0.015748012578114867,7.904960989952087
ddqn,2026,4432,96517,9.86,14,1,0,0.050000000000000044,0.017887738067656755,7.53786838054657
ddqn,2026,4433,96534,9.83,17,1,0,0.050000000000000044,0.014244026970118284,7.915044069290161
ddqn,2026,4434,96549,9.85,15,1,0,0.050000000000000044,0.010786308674141765,7.855463027954102
ddqn,2026,4435,96569,9.8,20,1,0,0.050000000000000044,0.012874897010624409,7.87386474609375
ddqn,2026,4436,96587,9.82,18,1,0,0.050000000000000044,0.014500159304589033,7.647428512573242
ddqn,2026,4437,96610,9.77,23,1,0,0.050000000000000044,0.014494101672122875,7.8349259694417315
ddqn,2026,4438,96624,9.86,14,1,0,0.050000000000000044,0.03643139125779271,7.613644361495972
ddqn,2026,4439,96639,9.85,15,1,0,0.050000000000000044,0.014684786088764668,7.640480677286784
ddqn,2026,4440,96663,9.76,24,1,0,0.050000000000000044,0.016759799017260473,7.840880711873372
ddqn,2026,4441,96681,9.82,18,1,0,0.050000000000000044,0.01642320305109024,7.772399616241455
ddqn,2026,4442,96696,9.85,15,1,0,0.050000000000000044,0.014709188602864742,7.7433682680130005
ddqn,2026,4443,96711,9.85,15,1,0,0.050000000000000044,0.01448332890868187,7.87355391184489
ddqn,2026,4444,96731,9.8,20,1,0,0.050000000000000044,0.016089222952723505,7.842170238494873
ddqn,2026,4445,96739,-10.08,8,0,1,0.050000000000000044,0.010631654877215624,7.685955047607422
ddqn,2026,4446,96753,9.86,14,1,0,0.050000000000000044,0.01094753947108984,7.517902970314026
ddqn,2026,4447,96777,9.76,24,1,0,0.050000000000000044,0.011264474907269081,7.658902168273926
ddqn,2026,4448,96791,9.86,14,1,0,0.050000000000000044,0.01360486044238011,7.778491020202637
ddqn,2026,4449,96806,9.85,15,1,0,0.050000000000000044,0.01045672525651753,7.822259306907654
ddqn,2026,4450,96818,9.88,12,1,0,0.050000000000000044,0.010237021837383509,7.917333443959554
ddqn,2026,4451,96840,9.78,22,1,0,0.050000000000000044,0.01102960187320908,7.948003927866618
ddqn,2026,4452,96862,9.78,22,1,0,0.050000000000000044,0.011357784457504749,7.769035053253174
ddqn,2026,4453,96877,9.85,15,1,0,0.050000000000000044,0.009335664217360318,7.773137331008911
ddqn,2026,4454,96889,9.88,12,1,0,0.050000000000000044,0.017266671794156235,7.848824818929036
ddqn,2026,4455,96909,-10.2,20,0,1,0.050000000000000044,0.013417843356728553,7.661581516265869
ddqn,2026,4456,96935,9.74,26,1,0,0.050000000000000044,0.013875044571856657,7.531472444534302
ddqn,2026,4457,96959,9.76,24,1,0,0.050000000000000044,0.012970823794603348,7.664909919102986
ddqn,2026,4458,96974,9.85,15,1,0,0.050000000000000044,0.012231927830725908,7.947594523429871
ddqn,2026,4459,96991,9.83,17,1,0,0.050000000000000044,0.014716548845171928,7.912542939186096
ddqn,2026,4460,97006,9.85,15,1,0,0.050000000000000044,0.0197798078879714,7.690171957015991
ddqn,2026,4461,97028,9.78,22,1,0,0.050000000000000044,0.03263539013763269,7.894324938456218
ddqn,2026,4462,97062,-10.34,34,0,1,0.050000000000000044,0.02466985327191651,7.79591578245163
ddqn,2026,4463,97079,-10.17,17,0,1,0.050000000000000044,0.023384159430861473,8.070449471473694
ddqn,2026,4464,97101,9.78,22,1,0,0.050000000000000044,0.027881549981733162,7.996854066848755
ddqn,2026,4465,97123,9.78,22,1,0,0.050000000000000044,0.02638043724000454,7.947007751464843
ddqn,2026,4466,97137,9.86,14,1,0,0.050000000000000044,0.021424580365419388,8.0028235912323
ddqn,2026,4467,97157,9.8,20,1,0,0.050000000000000044,0.023350410163402557,7.909150505065918
ddqn,2026,4468,97187,-10.3,30,0,1,0.050000000000000044,0.018258817227823392,7.782122884477888
ddqn,2026,4469,97213,-10.26,26,0,1,0.050000000000000044,0.02226078071232353,7.757950033460345
ddqn,2026,4470,97243,9.7,30,1,0,0.050000000000000044,0.024608814157545567,7.8906153951372415
ddqn,2026,4471,97259,9.84,16,1,0,0.050000000000000044,0.029200966469943523,7.904774785041809
ddqn,2026,4472,97284,9.75,25,1,0,0.050000000000000044,0.020820289850234985,7.885539327348981
ddqn,2026,4473,97302,9.82,18,1,0,0.050000000000000044,0.033369960729032755,8.023863196372986
ddqn,2026,4474,97378,9.24,76,1,0,0.050000000000000044,0.024687165492459348,7.931964271946957
ddqn,2026,4475,97401,9.77,23,1,0,0.050000000000000044,0.04041999268035094,7.952212651570638
ddqn,2026,4476,97420,9.81,19,1,0,0.050000000000000044,0.022458665817976,7.99462308883667
ddqn,2026,4477,97437,9.83,17,1,0,0.050000000000000044,0.025243526324629784,8.145651936531067
ddqn,2026,4478,97469,9.68,32,1,0,0.050000000000000044,0.02088948804885149,7.884079992771149
ddqn,2026,4479,97485,-10.16,16,0,1,0.050000000000000044,0.032237000297755,7.8583232164382935
ddqn,2026,4480,97507,9.78,22,1,0,0.050000000000000044,0.0382925171405077,7.9656929016113285
ddqn,2026,4481,97519,9.88,12,1,0,0.050000000000000044,0.024950979898373287,8.053785959879557
ddqn,2026,4482,97523,-10.04,4,0,1,0.050000000000000044,0.02563607133924961,8.280035018920898
ddqn,2026,4483,97526,-10.03,3,0,1,0.050000000000000044,0.018971052020788193,8.080577850341797
ddqn,2026,4484,97542,9.84,16,1,0,0.050000000000000044,0.016536335926502943,8.073972702026367
ddqn,2026,4485,97552,-10.1,10,0,1,0.050000000000000044,0.024538226425647736,7.861091772715251
ddqn,2026,4486,97569,9.83,17,1,0,0.050000000000000044,0.017423199955374002,7.7355029582977295
ddqn,2026,4487,97589,9.8,20,1,0,0.050000000000000044,0.022261271625757216,7.983794021606445
ddqn,2026,4488,97607,9.82,18,1,0,0.050000000000000044,0.016663860296830535,8.029274940490723
ddqn,2026,4489,97617,-10.1,10,0,1,0.050000000000000044,0.01483565972497066,7.93382199605306
ddqn,2026,4490,97639,9.78,22,1,0,0.050000000000000044,0.026107343286275862,7.850487995147705
ddqn,2026,4491,97660,9.790000000000001,21,1,0,0.050000000000000044,0.015180299834658703,7.951878468195598
ddqn,2026,4492,97682,9.78,22,1,0,0.050000000000000044,0.017178956791758536,7.958859443664551
ddqn,2026,4493,97711,9.71,29,1,0,0.050000000000000044,0.021037862103964602,7.829496111188616
ddqn,2026,4494,97727,9.84,16,1,0,0.050000000000000044,0.016981623601168394,7.9502774477005005
ddqn,2026,4495,97744,9.83,17,1,0,0.050000000000000044,0.014409150555729866,7.905326175689697
ddqn,2026,4496,97758,-10.14,14,0,1,0.050000000000000044,0.018433617427945137,7.847410996754964
ddqn,2026,4497,97803,9.55,45,1,0,0.050000000000000044,0.020156236958097328,7.903576850891113
ddqn,2026,4498,97827,9.76,24,1,0,0.050000000000000044,0.020680335971216362,7.9382093747456866
ddqn,2026,4499,97855,9.72,28,1,0,0.050000000000000044,0.01958996190556458,7.902309894561768
ddqn,2026,4500,97867,9.88,12,1,0,0.050000000000000044,0.01640048126379649,7.931607564290364
ddqn,2026,4501,97890,9.77,23,1,0,0.050000000000000044,0.01936459479232629,7.858680725097656
ddqn,2026,4502,97906,9.84,16,1,0,0.050000000000000044,0.017244060058146715,7.947718858718872
ddqn,2026,4503,97915,-10.09,9,0,1,0.050000000000000044,0.011854540556669235,7.940720558166504
ddqn,2026,4504,97929,9.86,14,1,0,0.050000000000000044,0.015913516515865922,8.004939317703247
ddqn,2026,4505,97943,9.86,14,1,0,0.050000000000000044,0.018388905252019565,7.9764688809712725
ddqn,2026,4506,97979,9.64,36,1,0,0.050000000000000044,0.019662799106703863,7.9082333776685925
ddqn,2026,4507,97998,9.81,19,1,0,0.050000000000000044,0.017598876729607582,7.816565322875976
ddqn,2026,4508,98010,9.88,12,1,0,0.050000000000000044,0.019994982207814854,7.711223761240642
ddqn,2026,4509,98040,9.7,30,1,0,0.050000000000000044,0.021314523881301284,7.972478568553925
ddqn,2026,4510,98060,9.8,20,1,0,0.050000000000000044,0.020297955721616745,8.254467010498047
ddqn,2026,4511,98078,9.82,18,1,0,0.050000000000000044,0.02053876407444477,8.194848775863647
ddqn,2026,4512,98094,9.84,16,1,0,0.050000000000000044,0.025581123074516654,7.979963898658752
ddqn,2026,4513,98114,9.8,20,1,0,0.050000000000000044,0.01769958883523941,7.985824966430664
ddqn,2026,4514,98135,9.790000000000001,21,1,0,0.050000000000000044,0.014641832001507283,7.6782660484313965
ddqn,2026,4515,98151,9.84,16,1,0,0.050000000000000044,0.01535659097135067,8.160480618476868
ddqn,2026,4516,98169,9.82,18,1,0,0.050000000000000044,0.01159945297986269,8.049790191650391
ddqn,2026,4517,98190,9.790000000000001,21,1,0,0.050000000000000044,0.01532355062663555,8.167057609558105
ddqn,2026,4518,98209,9.81,19,1,0,0.050000000000000044,0.012737233005464078,8.190340614318847
ddqn,2026,4519,98223,9.86,14,1,0,0.050000000000000044,0.010644816793501377,7.962363243103027
ddqn,2026,4520,98237,9.86,14,1,0,0.050000000000000044,0.012411904986947775,7.840424180030823
ddqn,2026,4521,98252,9.85,15,1,0,0.050000000000000044,0.010501832235604525,7.933837413787842
ddqn,2026,4522,98266,9.86,14,1,0,0.050000000000000044,0.016174276048938434,7.935177167256673
ddqn,2026,4523,98282,9.84,16,1,0,0.050000000000000044,0.011460547335445881,8.084206700325012
ddqn,2026,4524,98294,9.88,12,1,0,0.050000000000000044,0.01457663563390573,7.766940593719482
ddqn,2026,4525,98323,9.71,29,1,0,0.050000000000000044,0.012157847971788474,8.062329019818987
ddqn,2026,4526,98346,9.77,23,1,0,0.050000000000000044,0.01246029743924737,7.889311234156291
ddqn,2026,4527,98367,9.790000000000001,21,1,0,0.050000000000000044,0.012929993122816086,8.075490951538086
ddqn,2026,4528,98379,9.88,12,1,0,0.050000000000000044,0.010716919787228107,8.302385330200195
ddqn,2026,4529,98393,9.86,14,1,0,0.050000000000000044,0.013152876636013389,8.056329011917114
ddqn,2026,4530,98411,9.82,18,1,0,0.050000000000000044,0.02033030823804438,7.986882925033569
ddqn,2026,4531,98433,9.78,22,1,0,0.050000000000000044,0.012281017067531744,8.032509406407675
ddqn,2026,4532,98456,9.77,23,1,0,0.050000000000000044,0.012191142265995344,7.884377161661784
ddqn,2026,4533,98468,9.88,12,1,0,0.050000000000000044,0.014122869198520979,8.02911408742269
ddqn,2026,4534,98485,9.83,17,1,0,0.050000000000000044,0.014708442380651832,8.07560133934021
ddqn,2026,4535,98502,9.83,17,1,0,0.050000000000000044,0.01556415343657136,8.130995273590088
ddqn,2026,4536,98521,9.81,19,1,0,0.050000000000000044,0.009012286365032197,8.151102256774902
ddqn,2026,4537,98535,-10.14,14,0,1,0.050000000000000044,0.01403954066336155,8.188559850056967
ddqn,2026,4538,98547,9.88,12,1,0,0.050000000000000044,0.01210517684618632,8.002891381581625
ddqn,2026,4539,98561,9.86,14,1,0,0.050000000000000044,0.012744985520839691,7.779590964317322
ddqn,2026,4540,98573,9.88,12,1,0,0.050000000000000044,0.01363492322464784,8.027174313863119
ddqn,2026,4541,98589,9.84,16,1,0,0.050000000000000044,0.009774271165952086,8.120997428894043
ddqn,2026,4542,98605,9.84,16,1,0,0.050000000000000044,0.011575590819120407,7.826345682144165
ddqn,2026,4543,98619,9.86,14,1,0,0.050000000000000044,0.009556922440727552,7.922772407531738
ddqn,2026,4544,98640,9.790000000000001,21,1,0,0.050000000000000044,0.01069189941820999,8.091436783472696
ddqn,2026,4545,98657,9.83,17,1,0,0.050000000000000044,0.012999919010326266,8.208772659301758
ddqn,2026,4546,98674,9.83,17,1,0,0.050000000000000044,0.012192753376439214,8.10243046283722
ddqn,2026,4547,98694,9.8,20,1,0,0.050000000000000044,0.008930552192032338,8.206704139709473
ddqn,2026,4548,98713,9.81,19,1,0,0.050000000000000044,0.012924258038401604,8.100390243530274
ddqn,2026,4549,98733,9.8,20,1,0,0.050000000000000044,0.011559669487178325,7.965641880035401
ddqn,2026,4550,98754,9.790000000000001,21,1,0,0.050000000000000044,0.013070983812212944,7.819948482513428
ddqn,2026,4551,98768,9.86,14,1,0,0.050000000000000044,0.014717933256179094,7.888940930366516
ddqn,2026,4552,98786,-10.18,18,0,1,0.050000000000000044,0.011917095398530364,7.861606955528259
ddqn,2026,4553,98801,9.85,15,1,0,0.050000000000000044,0.01107922662049532,8.238348245620728
ddqn,2026,4554,98824,9.77,23,1,0,0.050000000000000044,0.014398791051159302,7.965234120686849
ddqn,2026,4555,98838,9.86,14,1,0,0.050000000000000044,0.07413550280034542,8.135650316874186
ddqn,2026,4556,98842,-10.04,4,0,1,0.050000000000000044,0.019229862838983536,8.265375137329102
ddqn,2026,4557,98858,9.84,16,1,0,0.050000000000000044,0.015285455505363643,8.249305248260498
ddqn,2026,4558,98872,9.86,14,1,0,0.050000000000000044,0.013147782068699598,8.17793619632721
ddqn,2026,4559,98888,9.84,16,1,0,0.050000000000000044,0.01668674312531948,8.026860237121582
ddqn,2026,4560,98905,9.83,17,1,0,0.050000000000000044,0.011913530761376023,8.160795211791992
ddqn,2026,4561,98920,9.85,15,1,0,0.050000000000000044,0.01802192907780409,7.9087769985198975
ddqn,2026,4562,98936,9.84,16,1,0,0.050000000000000044,0.013593574054539204,8.082444190979004
ddqn,2026,4563,98953,9.83,17,1,0,0.050000000000000044,0.014235540991649032,8.179118037223816
ddqn,2026,4564,98967,9.86,14,1,0,0.050000000000000044,0.013620041310787201,8.216552734375
ddqn,2026,4565,98988,9.790000000000001,21,1,0,0.050000000000000044,0.017298230435699224,8.105671087900797
ddqn,2026,4566,99000,9.88,12,1,0,0.050000000000000044,0.014672855536142984,8.261548360188803
ddqn,2026,4567,99016,9.84,16,1,0,0.050000000000000044,0.022832946851849556,8.162829399108887
ddqn,2026,4568,99030,9.86,14,1,0,0.050000000000000044,0.026960289105772972,8.213923454284668
ddqn,2026,4569,99045,9.85,15,1,0,0.050000000000000044,0.028319760225713253,8.169051170349121
ddqn,2026,4570,99057,9.88,12,1,0,0.050000000000000044,0.024418417364358902,8.039079507191977
ddqn,2026,4571,99069,-10.12,12,0,1,0.050000000000000044,0.021831495066483814,8.022569179534912
ddqn,2026,4572,99081,9.88,12,1,0,0.050000000000000044,0.023231932272513706,8.318524042765299
ddqn,2026,4573,99103,9.78,22,1,0,0.050000000000000044,0.022448855824768542,8.089544868469238
ddqn,2026,4574,99115,9.88,12,1,0,0.050000000000000044,0.026389319139222305,8.038164615631104
ddqn,2026,4575,99131,9.84,16,1,0,0.050000000000000044,0.03665398759767413,8.400976181030273
ddqn,2026,4576,99145,9.86,14,1,0,0.050000000000000044,0.03393969452008605,8.20011043548584
ddqn,2026,4577,99167,9.78,22,1,0,0.050000000000000044,0.03325517065823078,8.088687705993653
ddqn,2026,4578,99199,9.68,32,1,0,0.050000000000000044,0.026207973016425967,8.098149955272675
ddqn,2026,4579,99215,9.84,16,1,0,0.050000000000000044,0.02700850833207369,7.9539419412612915
ddqn,2026,4580,99242,9.73,27,1,0,0.050000000000000044,0.02054283062794379,7.910347734178815
ddqn,2026,4581,99272,9.7,30,1,0,0.050000000000000044,0.015752310398966074,8.16411805152893
ddqn,2026,4582,99285,-10.129999999999999,13,0,1,0.050000000000000044,0.022512801612416904,8.261724472045898
ddqn,2026,4583,99299,9.86,14,1,0,0.050000000000000044,0.02206185646355152,8.044734636942545
ddqn,2026,4584,99307,-10.08,8,0,1,0.050000000000000044,0.021663406398147345,7.953890085220337
ddqn,2026,4585,99319,9.88,12,1,0,0.050000000000000044,0.01759723698099454,8.191176096598307
ddqn,2026,4586,99344,9.75,25,1,0,0.050000000000000044,0.019876368876014436,8.186630930219378
ddqn,2026,4587,99368,9.76,24,1,0,0.050000000000000044,0.018842141299198072,8.164092381795248
ddqn,2026,4588,99380,9.88,12,1,0,0.050000000000000044,0.020093150436878204,8.193416277567545
ddqn,2026,4589,99392,9.88,12,1,0,0.050000000000000044,0.014792616168657938,8.313631693522135
ddqn,2026,4590,99404,9.88,12,1,0,0.050000000000000044,0.015131117776036263,8.403003056844076
ddqn,2026,4591,99419,9.85,15,1,0,0.050000000000000044,0.02097185328602791,8.275124867757162
ddqn,2026,4592,99437,9.82,18,1,0,0.050000000000000044,0.015921146795153617,8.205096817016601
ddqn,2026,4593,99460,9.77,23,1,0,0.050000000000000044,0.046755700993041195,8.25900157292684
ddqn,2026,4594,99474,9.86,14,1,0,0.050000000000000044,0.023050555338462193,8.196924209594727
ddqn,2026,4595,99491,9.83,17,1,0,0.050000000000000044,0.02212459989823401,8.200978994369507
ddqn,2026,4596,99515,9.76,24,1,0,0.050000000000000044,0.039728640113025904,8.300104141235352
ddqn,2026,4597,99529,9.86,14,1,0,0.050000000000000044,0.018825667211785913,8.250180959701538
ddqn,2026,4598,99543,9.86,14,1,0,0.050000000000000044,0.020389598483840626,8.188689867655436
ddqn,2026,4599,99569,9.74,26,1,0,0.050000000000000044,0.01888990042997258,8.153204100472587
ddqn,2026,4600,99589,9.8,20,1,0,0.050000000000000044,0.013819056749343871,7.98499698638916
ddqn,2026,4601,99618,9.71,29,1,0,0.050000000000000044,0.015722630279404775,8.179406915392194
ddqn,2026,4602,99632,9.86,14,1,0,0.050000000000000044,0.01928653009235859,8.177427887916565
ddqn,2026,4603,99663,9.69,31,1,0,0.050000000000000044,0.01919389981776476,7.993948936462402
ddqn,2026,4604,99675,9.88,12,1,0,0.050000000000000044,0.01512893537680308,8.379265149434408
ddqn,2026,4605,99690,9.85,15,1,0,0.050000000000000044,0.02281446661800146,8.16617727279663
ddqn,2026,4606,99708,9.82,18,1,0,0.050000000000000044,0.018434152007102966,8.160092544555663
ddqn,2026,4607,99727,9.81,19,1,0,0.050000000000000044,0.01926446333527565,8.384384155273438
ddqn,2026,4608,99743,9.84,16,1,0,0.050000000000000044,0.017814921215176582,8.347146987915039
ddqn,2026,4609,99774,9.69,31,1,0,0.050000000000000044,0.017854771460406482,8.077112317085266
ddqn,2026,4610,99794,9.8,20,1,0,0.050000000000000044,0.015313561446964741,8.265695381164551
ddqn,2026,4611,99819,9.75,25,1,0,0.050000000000000044,0.014229880490650734,7.967494487762451
ddqn,2026,4612,99853,9.66,34,1,0,0.050000000000000044,0.023149148457580142,8.06282122929891
ddqn,2026,4613,99875,9.78,22,1,0,0.050000000000000044,0.018432383984327318,8.217134094238281
ddqn,2026,4614,99894,9.81,19,1,0,0.050000000000000044,0.015357114560902118,8.066856479644775
ddqn,2026,4615,99918,9.76,24,1,0,0.050000000000000044,0.04314349715908369,8.126638650894165
ddqn,2026,4616,99935,9.83,17,1,0,0.050000000000000044,0.02950506191700697,8.076493501663208
ddqn,2026,4617,99987,9.48,52,1,0,0.050000000000000044,0.03736272110388829,8.113745982830341
