algorithm,seed,episode,global_step,episode_return,episode_steps,success,collision,epsilon,mean_loss,mean_q
ddqn,42,1,3,-10.03,3,0,1,0.9999525,,
ddqn,42,2,21,-10.18,18,0,1,0.9996675,,
ddqn,42,3,24,-10.03,3,0,1,0.99962,,
ddqn,42,4,31,-10.07,7,0,1,0.9995091666666667,,
ddqn,42,5,34,-10.03,3,0,1,0.9994616666666667,,
ddqn,42,6,39,-10.049999999999999,5,0,1,0.9993825,,
ddqn,42,7,45,-10.06,6,0,1,0.9992875,,
ddqn,42,8,48,-10.03,3,0,1,0.99924,,
ddqn,42,9,61,-10.129999999999999,13,0,1,0.9990341666666667,,
ddqn,42,10,64,-10.03,3,0,1,0.9989866666666667,,
ddqn,42,11,73,-10.09,9,0,1,0.9988441666666666,,
ddqn,42,12,76,-10.03,3,0,1,0.9987966666666667,,
ddqn,42,13,86,-10.1,10,0,1,0.9986383333333333,,
ddqn,42,14,90,-10.04,4,0,1,0.998575,,
ddqn,42,15,92,-10.02,2,0,1,0.9985433333333333,,
ddqn,42,16,99,-10.07,7,0,1,0.9984325,,
ddqn,42,17,105,-10.06,6,0,1,0.9983375,,
ddqn,42,18,120,-10.15,15,0,1,0.9981,,
ddqn,42,19,137,-10.17,17,0,1,0.9978308333333333,,
ddqn,42,20,153,-10.16,16,0,1,0.9975775,,
ddqn,42,21,156,-10.03,3,0,1,0.99753,,
ddqn,42,22,160,-10.04,4,0,1,0.9974666666666666,,
ddqn,42,23,163,-10.03,3,0,1,0.9974191666666666,,
ddqn,42,24,171,-10.08,8,0,1,0.9972925,,
ddqn,42,25,189,-10.18,18,0,1,0.9970075,,
ddqn,42,26,217,-10.28,28,0,1,0.9965641666666667,,
ddqn,42,27,220,-10.03,3,0,1,0.9965166666666667,,
ddqn,42,28,225,-10.049999999999999,5,0,1,0.9964375,,
ddqn,42,29,241,-10.16,16,0,1,0.9961841666666666,,
ddqn,42,30,243,-10.02,2,0,1,0.9961525,,
ddqn,42,31,252,-10.09,9,0,1,0.99601,,
ddqn,42,32,271,-10.19,19,0,1,0.9957091666666666,,
ddqn,42,33,300,-10.29,29,0,1,0.99525,,
ddqn,42,34,308,-10.08,8,0,1,0.9951233333333334,,
ddqn,42,35,320,-10.12,12,0,1,0.9949333333333333,,
ddqn,42,36,331,-10.11,11,0,1,0.9947591666666666,,
ddqn,42,37,344,-10.129999999999999,13,0,1,0.9945533333333333,,
ddqn,42,38,349,-10.049999999999999,5,0,1,0.9944741666666667,,
ddqn,42,39,367,-10.18,18,0,1,0.9941891666666667,,
ddqn,42,40,373,-10.06,6,0,1,0.9940941666666667,,
ddqn,42,41,376,-10.03,3,0,1,0.9940466666666666,,
ddqn,42,42,380,-10.04,4,0,1,0.9939833333333333,,
ddqn,42,43,418,-10.38,38,0,1,0.9933816666666667,,
ddqn,42,44,425,-10.07,7,0,1,0.9932708333333333,,
ddqn,42,45,453,-10.28,28,0,1,0.9928275,,
ddqn,42,46,462,-10.09,9,0,1,0.992685,,
ddqn,42,47,478,-10.16,16,0,1,0.9924316666666667,,
ddqn,42,48,485,-10.07,7,0,1,0.9923208333333333,,
ddqn,42,49,488,-10.03,3,0,1,0.9922733333333333,,
ddqn,42,50,491,-10.03,3,0,1,0.9922258333333334,,
ddqn,42,51,509,-10.18,18,0,1,0.9919408333333334,,
ddqn,42,52,518,-10.09,9,0,1,0.9917983333333333,,
ddqn,42,53,523,-10.049999999999999,5,0,1,0.9917191666666667,,
ddqn,42,54,528,-10.049999999999999,5,0,1,0.99164,,
ddqn,42,55,533,-10.049999999999999,5,0,1,0.9915608333333333,,
ddqn,42,56,547,-10.14,14,0,1,0.9913391666666667,,
ddqn,42,57,549,-10.02,2,0,1,0.9913075,,
ddqn,42,58,557,-10.08,8,0,1,0.9911808333333333,,
ddqn,42,59,575,-10.18,18,0,1,0.9908958333333333,,
ddqn,42,60,579,-10.04,4,0,1,0.9908325,,
ddqn,42,61,595,-10.16,16,0,1,0.9905791666666667,,
ddqn,42,62,596,-10.01,1,0,1,0.9905633333333334,,
ddqn,42,63,597,-10.01,1,0,1,0.9905475,,
ddqn,42,64,604,-10.07,7,0,1,0.9904366666666666,,
ddqn,42,65,614,-10.1,10,0,1,0.9902783333333334,,
ddqn,42,66,618,-10.04,4,0,1,0.990215,,
ddqn,42,67,620,-10.02,2,0,1,0.9901833333333333,,
ddqn,42,68,630,-10.1,10,0,1,0.990025,,
ddqn,42,69,633,-10.03,3,0,1,0.9899775,,
ddqn,42,70,643,-10.1,10,0,1,0.9898191666666667,,
ddqn,42,71,649,-10.06,6,0,1,0.9897241666666666,,
ddqn,42,72,654,-10.049999999999999,5,0,1,0.989645,,
ddqn,42,73,667,-10.129999999999999,13,0,1,0.9894391666666666,,
ddqn,42,74,670,-10.03,3,0,1,0.9893916666666667,,
ddqn,42,75,673,-10.03,3,0,1,0.9893441666666667,,
ddqn,42,76,676,-10.03,3,0,1,0.9892966666666667,,
ddqn,42,77,691,-10.15,15,0,1,0.9890591666666667,,
ddqn,42,78,693,-10.02,2,0,1,0.9890275,,
ddqn,42,79,695,-10.02,2,0,1,0.9889958333333333,,
ddqn,42,80,722,-10.27,27,0,1,0.9885683333333334,,
ddqn,42,81,743,-10.209999999999999,21,0,1,0.9882358333333333,,
ddqn,42,82,755,-10.12,12,0,1,0.9880458333333333,,
ddqn,42,83,759,-10.04,4,0,1,0.9879825,,
ddqn,42,84,764,-10.049999999999999,5,0,1,0.9879033333333334,,
ddqn,42,85,778,-10.14,14,0,1,0.9876816666666667,,
ddqn,42,86,782,-10.04,4,0,1,0.9876183333333334,,
ddqn,42,87,786,-10.04,4,0,1,0.987555,,
ddqn,42,88,797,-10.11,11,0,1,0.9873808333333334,,
ddqn,42,89,853,-10.56,56,0,1,0.9864941666666667,,
ddqn,42,90,867,-10.14,14,0,1,0.9862725,,
ddqn,42,91,869,-10.02,2,0,1,0.9862408333333333,,
ddqn,42,92,871,-10.02,2,0,1,0.9862091666666667,,
ddqn,42,93,892,-10.209999999999999,21,0,1,0.9858766666666666,,
ddqn,42,94,907,-10.15,15,0,1,0.9856391666666666,,
ddqn,42,95,909,-10.02,2,0,1,0.9856075,,
ddqn,42,96,912,-10.03,3,0,1,0.98556,,
ddqn,42,97,934,-10.22,22,0,1,0.9852116666666667,,
ddqn,42,98,943,-10.09,9,0,1,0.9850691666666667,,
ddqn,42,99,948,-10.049999999999999,5,0,1,0.98499,,
ddqn,42,100,953,-10.049999999999999,5,0,1,0.9849108333333333,,
ddqn,42,101,954,-10.01,1,0,1,0.984895,,
ddqn,42,102,963,-10.09,9,0,1,0.9847525,,
ddqn,42,103,973,-10.1,10,0,1,0.9845941666666667,,
ddqn,42,104,980,-10.07,7,0,1,0.9844833333333334,,
ddqn,42,105,986,-10.06,6,0,1,0.9843883333333333,,
ddqn,42,106,997,-10.11,11,0,1,0.9842141666666666,,
ddqn,42,107,1003,-10.06,6,0,1,0.9841191666666667,,
ddqn,42,108,1025,-10.22,22,0,1,0.9837708333333334,,
ddqn,42,109,1044,-10.19,19,0,1,0.98347,,
ddqn,42,110,1048,-10.04,4,0,1,0.9834066666666667,,
ddqn,42,111,1055,-10.07,7,0,1,0.9832958333333334,,
ddqn,42,112,1058,-10.03,3,0,1,0.9832483333333333,,
ddqn,42,113,1074,-10.16,16,0,1,0.982995,,
ddqn,42,114,1085,-10.11,11,0,1,0.9828208333333334,,
ddqn,42,115,1087,-10.02,2,0,1,0.9827891666666667,,
ddqn,42,116,1110,-10.23,23,0,1,0.982425,,
ddqn,42,117,1136,-10.26,26,0,1,0.9820133333333333,,
ddqn,42,118,1157,-10.209999999999999,21,0,1,0.9816808333333333,,
ddqn,42,119,1161,-10.04,4,0,1,0.9816175,,
ddqn,42,120,1175,-10.14,14,0,1,0.9813958333333334,,
ddqn,42,121,1179,-10.04,4,0,1,0.9813325,,
ddqn,42,122,1187,-10.08,8,0,1,0.9812058333333333,,
ddqn,42,123,1191,-10.04,4,0,1,0.9811425,,
ddqn,42,124,1203,-10.12,12,0,1,0.9809525,,
ddqn,42,125,1216,-10.129999999999999,13,0,1,0.9807466666666667,,
ddqn,42,126,1219,-10.03,3,0,1,0.9806991666666667,,
ddqn,42,127,1221,-10.02,2,0,1,0.9806675,,
ddqn,42,128,1227,-10.06,6,0,1,0.9805725,,
ddqn,42,129,1234,-10.07,7,0,1,0.9804616666666667,,
ddqn,42,130,1242,-10.08,8,0,1,0.980335,,
ddqn,42,131,1246,-10.04,4,0,1,0.9802716666666667,,
ddqn,42,132,1250,-10.04,4,0,1,0.9802083333333333,,
ddqn,42,133,1256,-10.06,6,0,1,0.9801133333333333,,
ddqn,42,134,1269,-10.129999999999999,13,0,1,0.9799075,,
ddqn,42,135,1271,-10.02,2,0,1,0.9798758333333333,,
ddqn,42,136,1273,-10.02,2,0,1,0.9798441666666666,,
ddqn,42,137,1275,-10.02,2,0,1,0.9798125,,
ddqn,42,138,1279,-10.04,4,0,1,0.9797491666666667,,
ddqn,42,139,1280,-10.01,1,0,1,0.9797333333333333,,
ddqn,42,140,1287,-10.07,7,0,1,0.9796225,,
ddqn,42,141,1297,-10.1,10,0,1,0.9794641666666667,,
ddqn,42,142,1299,-10.02,2,0,1,0.9794325,,
ddqn,42,143,1303,-10.04,4,0,1,0.9793691666666666,,
ddqn,42,144,1321,-10.18,18,0,1,0.9790841666666666,,
ddqn,42,145,1323,-10.02,2,0,1,0.9790525,,
ddqn,42,146,1328,-10.049999999999999,5,0,1,0.9789733333333334,,
ddqn,42,147,1335,-10.07,7,0,1,0.9788625,,
ddqn,42,148,1355,-10.2,20,0,1,0.9785458333333333,,
ddqn,42,149,1374,-10.19,19,0,1,0.978245,,
ddqn,42,150,1378,-10.04,4,0,1,0.9781816666666666,,
ddqn,42,151,1383,-10.049999999999999,5,0,1,0.9781025,,
ddqn,42,152,1394,-10.11,11,0,1,0.9779283333333333,,
ddqn,42,153,1410,-10.16,16,0,1,0.977675,,
ddqn,42,154,1414,-10.04,4,0,1,0.9776116666666667,,
ddqn,42,155,1418,-10.04,4,0,1,0.9775483333333334,,
ddqn,42,156,1438,-10.2,20,0,1,0.9772316666666667,,
ddqn,42,157,1441,-10.03,3,0,1,0.9771841666666666,,
ddqn,42,158,1447,-10.06,6,0,1,0.9770891666666667,,
ddqn,42,159,1450,-10.03,3,0,1,0.9770416666666667,,
ddqn,42,160,1458,-10.08,8,0,1,0.976915,,
ddqn,42,161,1460,-10.02,2,0,1,0.9768833333333333,,
ddqn,42,162,1469,-10.09,9,0,1,0.9767408333333334,,
ddqn,42,163,1485,-10.16,16,0,1,0.9764875,,
ddqn,42,164,1492,-10.07,7,0,1,0.9763766666666667,,
ddqn,42,165,1498,-10.06,6,0,1,0.9762816666666667,,
ddqn,42,166,1523,-10.25,25,0,1,0.9758858333333333,,
ddqn,42,167,1529,-10.06,6,0,1,0.9757908333333334,,
ddqn,42,168,1537,-10.08,8,0,1,0.9756641666666667,,
ddqn,42,169,1542,-10.049999999999999,5,0,1,0.975585,,
ddqn,42,170,1577,-10.35,35,0,1,0.9750308333333333,,
ddqn,42,171,1579,-10.02,2,0,1,0.9749991666666666,,
ddqn,42,172,1584,-10.049999999999999,5,0,1,0.97492,,
ddqn,42,173,1585,-10.01,1,0,1,0.9749041666666667,,
ddqn,42,174,1619,-10.34,34,0,1,0.9743658333333334,,
ddqn,42,175,1646,-10.27,27,0,1,0.9739383333333334,,
ddqn,42,176,1661,-10.15,15,0,1,0.9737008333333333,,
ddqn,42,177,1664,-10.03,3,0,1,0.9736533333333334,,
ddqn,42,178,1672,-10.08,8,0,1,0.9735266666666667,,
ddqn,42,179,1674,-10.02,2,0,1,0.973495,,
ddqn,42,180,1676,-10.02,2,0,1,0.9734633333333333,,
ddqn,42,181,1682,-10.06,6,0,1,0.9733683333333334,,
ddqn,42,182,1686,-10.04,4,0,1,0.973305,,
ddqn,42,183,1693,-10.07,7,0,1,0.9731941666666667,,
ddqn,42,184,1727,-10.34,34,0,1,0.9726558333333334,,
ddqn,42,185,1733,-10.06,6,0,1,0.9725608333333333,,
ddqn,42,186,1737,-10.04,4,0,1,0.9724975,,
ddqn,42,187,1747,-10.1,10,0,1,0.9723391666666666,,
ddqn,42,188,1752,-10.049999999999999,5,0,1,0.97226,,
ddqn,42,189,1761,-10.09,9,0,1,0.9721175,,
ddqn,42,190,1769,-10.08,8,0,1,0.9719908333333334,,
ddqn,42,191,1771,-10.02,2,0,1,0.9719591666666667,,
ddqn,42,192,1779,-10.08,8,0,1,0.9718325,,
ddqn,42,193,1782,-10.03,3,0,1,0.971785,,
ddqn,42,194,1785,-10.03,3,0,1,0.9717375,,
ddqn,42,195,1787,-10.02,2,0,1,0.9717058333333334,,
ddqn,42,196,1819,-10.32,32,0,1,0.9711991666666666,,
ddqn,42,197,1823,-10.04,4,0,1,0.9711358333333333,,
ddqn,42,198,1846,-10.23,23,0,1,0.9707716666666667,,
ddqn,42,199,1848,-10.02,2,0,1,0.97074,,
ddqn,42,200,1851,-10.03,3,0,1,0.9706925,,
ddqn,42,201,1856,-10.049999999999999,5,0,1,0.9706133333333333,,
ddqn,42,202,1859,-10.03,3,0,1,0.9705658333333333,,
ddqn,42,203,1870,-10.11,11,0,1,0.9703916666666667,,
ddqn,42,204,1879,-10.09,9,0,1,0.9702491666666667,,
ddqn,42,205,1886,-10.07,7,0,1,0.9701383333333333,,
ddqn,42,206,1895,-10.09,9,0,1,0.9699958333333334,,
ddqn,42,207,1897,-10.02,2,0,1,0.9699641666666666,,
ddqn,42,208,1908,-10.11,11,0,1,0.96979,,
ddqn,42,209,1918,-10.1,10,0,1,0.9696316666666667,,
ddqn,42,210,1922,-10.04,4,0,1,0.9695683333333334,,
ddqn,42,211,1934,-10.12,12,0,1,0.9693783333333333,,
ddqn,42,212,1948,-10.14,14,0,1,0.9691566666666667,,
ddqn,42,213,1954,-10.06,6,0,1,0.9690616666666667,,
ddqn,42,214,1964,-10.1,10,0,1,0.9689033333333333,,
ddqn,42,215,1970,-10.06,6,0,1,0.9688083333333334,,
ddqn,42,216,1974,-10.04,4,0,1,0.968745,,
ddqn,42,217,1977,-10.03,3,0,1,0.9686975,,
ddqn,42,218,1979,-10.02,2,0,1,0.9686658333333333,,
ddqn,42,219,1982,-10.03,3,0,1,0.9686183333333334,,
ddqn,42,220,1986,-10.04,4,0,1,0.968555,,
ddqn,42,221,1988,-10.02,2,0,1,0.9685233333333333,,
ddqn,42,222,1990,-10.02,2,0,1,0.9684916666666666,,
ddqn,42,223,2001,-10.11,11,0,1,0.9683175,1.318739891052246,-0.05734029412269592
ddqn,42,224,2003,-10.02,2,0,1,0.9682858333333333,,
ddqn,42,225,2004,-10.01,1,0,1,0.96827,1.0162534713745117,-0.08097146451473236
ddqn,42,226,2012,-10.08,8,0,1,0.9681433333333334,1.6973734498023987,-0.19136401265859604
ddqn,42,227,2025,-10.129999999999999,13,0,1,0.9679375,0.7764752904574076,-0.24841914077599844
ddqn,42,228,2029,-10.04,4,0,1,0.9678741666666667,1.0177689790725708,-0.3124583661556244
ddqn,42,229,2035,-10.06,6,0,1,0.9677791666666666,0.7201675176620483,-0.24611914157867432
ddqn,42,230,2037,-10.02,2,0,1,0.9677475,0.8419660329818726,-0.22234205901622772
ddqn,42,231,2041,-10.04,4,0,1,0.9676841666666667,0.8698541522026062,-0.25739145278930664
ddqn,42,232,2045,-10.04,4,0,1,0.9676208333333334,1.5458966493606567,-0.2753821611404419
ddqn,42,233,2078,-10.33,33,0,1,0.9670983333333333,1.0018725097179413,-0.19970503821969032
ddqn,42,234,2080,-10.02,2,0,1,0.9670666666666666,0.7203077077865601,-0.2272358536720276
ddqn,42,235,2092,-10.12,12,0,1,0.9668766666666667,0.6709018150965372,-0.22020349899927774
ddqn,42,236,2094,-10.02,2,0,1,0.966845,,
ddqn,42,237,2122,9.72,28,1,0,0.9664016666666667,1.144173571041652,-0.20065779771123612
ddqn,42,238,2123,-10.01,1,0,1,0.9663858333333333,,
ddqn,42,239,2128,-10.049999999999999,5,0,1,0.9663066666666666,0.9140846729278564,-0.36206182837486267
ddqn,42,240,2165,-10.37,37,0,1,0.9657208333333334,1.0140128996637132,-0.298898051182429
ddqn,42,241,2179,-10.14,14,0,1,0.9654991666666667,0.7055296897888184,-0.25242477158705395
ddqn,42,242,2190,-10.11,11,0,1,0.965325,0.9809638063112894,-0.4695318142573039
ddqn,42,243,2194,-10.04,4,0,1,0.9652616666666667,1.1487326622009277,-0.7220863103866577
ddqn,42,244,2196,-10.02,2,0,1,0.96523,1.1503140926361084,-0.7761238217353821
ddqn,42,245,2199,-10.03,3,0,1,0.9651825,,
ddqn,42,246,2202,-10.03,3,0,1,0.965135,1.0499300956726074,-0.7694363594055176
ddqn,42,247,2206,-10.04,4,0,1,0.9650716666666667,2.0038275718688965,-0.9149795174598694
ddqn,42,248,2208,-10.02,2,0,1,0.96504,0.8328025937080383,-0.4612154960632324
ddqn,42,249,2212,-10.04,4,0,1,0.9649766666666667,1.1520335674285889,-0.5909015536308289
ddqn,42,250,2219,-10.07,7,0,1,0.9648658333333333,0.8660703897476196,-0.3680870234966278
ddqn,42,251,2228,-10.09,9,0,1,0.9647233333333334,1.0093941887219746,-0.45561232169469196
ddqn,42,252,2235,-10.07,7,0,1,0.9646125,0.8764171004295349,-0.535595178604126
ddqn,42,253,2239,-10.04,4,0,1,0.9645491666666667,0.8030064105987549,-0.6889212131500244
ddqn,42,254,2241,-10.02,2,0,1,0.9645175,0.3986125886440277,-0.5544816851615906
ddqn,42,255,2249,-10.08,8,0,1,0.9643908333333333,0.7612108290195465,-0.5523849576711655
ddqn,42,256,2252,-10.03,3,0,1,0.9643433333333333,0.6671466827392578,-0.2439793199300766
ddqn,42,257,2258,-10.06,6,0,1,0.9642483333333334,0.8946802616119385,-0.3479065001010895
ddqn,42,258,2273,-10.15,15,0,1,0.9640108333333334,0.7994722425937653,-0.5809019729495049
ddqn,42,259,2285,-10.12,12,0,1,0.9638208333333333,0.8748951951662699,-1.1216252446174622
ddqn,42,260,2289,-10.04,4,0,1,0.9637575,0.8637828826904297,-1.2392996549606323
ddqn,42,261,2291,-10.02,2,0,1,0.9637258333333334,,
ddqn,42,262,2302,-10.11,11,0,1,0.9635516666666667,0.7393168807029724,-1.366789182027181
ddqn,42,263,2304,-10.02,2,0,1,0.96352,0.7354266047477722,-1.1259801387786865
ddqn,42,264,2306,-10.02,2,0,1,0.9634883333333333,,
ddqn,42,265,2329,-10.23,23,0,1,0.9631241666666667,0.6364297668139139,-0.7612002491950989
ddqn,42,266,2331,-10.02,2,0,1,0.9630925,,
ddqn,42,267,2335,-10.04,4,0,1,0.9630291666666667,0.3983445167541504,-1.2426273822784424
ddqn,42,268,2341,-10.06,6,0,1,0.9629341666666666,1.0486547350883484,-1.252379834651947
ddqn,42,269,2347,-10.06,6,0,1,0.9628391666666667,0.26871007680892944,-0.9333583116531372
ddqn,42,270,2368,-10.209999999999999,21,0,1,0.9625066666666666,0.5785011351108551,-1.122314949830373
ddqn,42,271,2383,-10.15,15,0,1,0.9622691666666666,0.5709875424702963,-0.9808891514937083
ddqn,42,272,2414,-10.31,31,0,1,0.9617783333333333,0.5235115550458431,-1.1271174922585487
ddqn,42,273,2416,-10.02,2,0,1,0.9617466666666666,0.4916001558303833,-1.338416337966919
ddqn,42,274,2417,-10.01,1,0,1,0.9617308333333333,,
ddqn,42,275,2422,-10.049999999999999,5,0,1,0.9616516666666667,0.08877785503864288,-1.2713671922683716
ddqn,42,276,2439,-10.17,17,0,1,0.9613825,0.5082038938999176,-0.8370026350021362
ddqn,42,277,2441,-10.02,2,0,1,0.9613508333333334,0.2998509109020233,-0.9140167236328125
ddqn,42,278,2445,-10.04,4,0,1,0.9612875,0.3041292726993561,-1.1200906038284302
ddqn,42,279,2447,-10.02,2,0,1,0.9612558333333333,,
ddqn,42,280,2449,-10.02,2,0,1,0.9612241666666667,0.40499335527420044,-1.1287685632705688
ddqn,42,281,2453,-10.04,4,0,1,0.9611608333333334,0.15316061675548553,-0.7009025812149048
ddqn,42,282,2455,-10.02,2,0,1,0.9611291666666667,,
ddqn,42,283,2463,-10.08,8,0,1,0.9610025,0.14615096896886826,-0.7099724411964417
ddqn,42,284,2470,-10.07,7,0,1,0.9608916666666667,0.5061174631118774,-0.9625288546085358
ddqn,42,285,2472,-10.02,2,0,1,0.96086,0.40257346630096436,-0.5858136415481567
ddqn,42,286,2491,-10.19,19,0,1,0.9605591666666666,0.4089881666004658,-0.8747714459896088
ddqn,42,287,2497,-10.06,6,0,1,0.9604641666666667,0.11712197214365005,-0.9788863062858582
ddqn,42,288,2503,-10.06,6,0,1,0.9603691666666667,0.41648560762405396,-0.9761975407600403
ddqn,42,289,2511,-10.08,8,0,1,0.9602425,0.6066887378692627,-0.9188350439071655
ddqn,42,290,2520,-10.09,9,0,1,0.9601,0.4307335118452708,-1.153017520904541
ddqn,42,291,2522,-10.02,2,0,1,0.9600683333333333,,
ddqn,42,292,2525,-10.03,3,0,1,0.9600208333333333,0.11077608913183212,-0.30481719970703125
ddqn,42,293,2549,-10.24,24,0,1,0.9596408333333334,0.575131336847941,-0.8438123216231664
ddqn,42,294,2553,-10.04,4,0,1,0.9595775,0.17439234256744385,-1.1077747344970703
ddqn,42,295,2561,-10.08,8,0,1,0.9594508333333334,0.18168840557336807,-0.8438552618026733
ddqn,42,296,2569,-10.08,8,0,1,0.9593241666666666,0.29277467727661133,-1.0703590512275696
ddqn,42,297,2571,-10.02,2,0,1,0.9592925,,
ddqn,42,298,2575,-10.04,4,0,1,0.9592291666666667,0.2932341992855072,-1.3386788368225098
ddqn,42,299,2579,-10.04,4,0,1,0.9591658333333334,0.17280365526676178,-0.8216235041618347
ddqn,42,300,2585,-10.06,6,0,1,0.9590708333333333,0.30553775280714035,-1.270667552947998
ddqn,42,301,2586,-10.01,1,0,1,0.959055,,
ddqn,42,302,2589,-10.03,3,0,1,0.9590075,0.22447094321250916,-0.8824059963226318
ddqn,42,303,2600,-10.11,11,0,1,0.9588333333333333,0.3048269997040431,-1.5797757307688396
ddqn,42,304,2602,-10.02,2,0,1,0.9588016666666667,,
ddqn,42,305,2609,-10.07,7,0,1,0.9586908333333334,0.36967554688453674,-1.3943357467651367
ddqn,42,306,2629,-10.2,20,0,1,0.9583741666666666,0.41167242676019666,-0.9063155770301818
ddqn,42,307,2632,-10.03,3,0,1,0.9583266666666667,0.5353162288665771,-1.752507209777832
ddqn,42,308,2635,-10.03,3,0,1,0.9582791666666667,,
ddqn,42,309,2637,-10.02,2,0,1,0.9582475,0.6208388209342957,-0.6760132312774658
ddqn,42,310,2641,-10.04,4,0,1,0.9581841666666666,0.1911168247461319,-1.590864658355713
ddqn,42,311,2651,-10.1,10,0,1,0.9580258333333334,0.3967685401439667,-0.8494012355804443
ddqn,42,312,2654,-10.03,3,0,1,0.9579783333333334,0.31304284930229187,-0.2570776343345642
ddqn,42,313,2666,-10.12,12,0,1,0.9577883333333334,0.4722087234258652,-1.0108253757158916
ddqn,42,314,2672,-10.06,6,0,1,0.9576933333333333,0.5338896214962006,-0.9522807598114014
ddqn,42,315,2684,-10.12,12,0,1,0.9575033333333334,0.3619550863901774,-1.114128847916921
ddqn,42,316,2687,-10.03,3,0,1,0.9574558333333333,,
ddqn,42,317,2694,-10.07,7,0,1,0.957345,0.5512969642877579,-0.9057547748088837
ddqn,42,318,2697,-10.03,3,0,1,0.9572975,0.2866230010986328,-0.8279921412467957
ddqn,42,319,2713,-10.16,16,0,1,0.9570441666666667,0.38809017091989517,-1.0427416414022446
ddqn,42,320,2715,-10.02,2,0,1,0.9570125,,
ddqn,42,321,2717,-10.02,2,0,1,0.9569808333333334,0.21522225439548492,-0.6373102068901062
ddqn,42,322,2734,-10.17,17,0,1,0.9567116666666666,0.3066612109541893,-1.0227722376585007
ddqn,42,323,2740,-10.06,6,0,1,0.9566166666666667,0.39594869315624237,-1.0717715322971344
ddqn,42,324,2750,-10.1,10,0,1,0.9564583333333333,0.432594433426857,-1.0569981336593628
ddqn,42,325,2751,-10.01,1,0,1,0.9564425,,
ddqn,42,326,2753,-10.02,2,0,1,0.9564108333333333,0.6988712549209595,-0.6136082410812378
ddqn,42,327,2755,-10.02,2,0,1,0.9563791666666667,,
ddqn,42,328,2761,-10.06,6,0,1,0.9562841666666667,0.31338513642549515,-1.4415593147277832
ddqn,42,329,2777,-10.16,16,0,1,0.9560308333333334,0.26710637332871556,-1.0836991965770721
ddqn,42,330,2787,-10.1,10,0,1,0.9558725,0.36858055740594864,-0.7478867173194885
ddqn,42,331,2803,-10.16,16,0,1,0.9556191666666667,0.4323202893137932,-0.8852623105049133
ddqn,42,332,2807,-10.04,4,0,1,0.9555558333333334,0.35886770486831665,-0.8644016981124878
ddqn,42,333,2830,-10.23,23,0,1,0.9551916666666667,0.36574579526980716,-0.8792145947615305
ddqn,42,334,2833,-10.03,3,0,1,0.9551441666666667,0.2058459371328354,-0.5975929498672485
ddqn,42,335,2845,-10.12,12,0,1,0.9549541666666667,0.47866966761648655,-0.9554559389750162
ddqn,42,336,2853,-10.08,8,0,1,0.9548275,0.282198891043663,-1.711599588394165
ddqn,42,337,2862,-10.09,9,0,1,0.954685,0.7009272426366806,-1.0948824882507324
ddqn,42,338,2864,-10.02,2,0,1,0.9546533333333334,0.510619044303894,-0.875654935836792
ddqn,42,339,2868,-10.04,4,0,1,0.95459,0.3318617045879364,-0.6522381901741028
ddqn,42,340,2884,-10.16,16,0,1,0.9543366666666666,0.24602796789258718,-1.1891684234142303
ddqn,42,341,2896,-10.12,12,0,1,0.9541466666666667,0.4848430336763461,-0.9460760156313578
ddqn,42,342,2899,-10.03,3,0,1,0.9540991666666667,,
ddqn,42,343,2912,-10.129999999999999,13,0,1,0.9538933333333334,0.36173237301409245,-1.164799690246582
ddqn,42,344,2918,-10.06,6,0,1,0.9537983333333333,0.7127227783203125,-0.8568063974380493
ddqn,42,345,2925,-10.07,7,0,1,0.9536875,0.153726352378726,-0.7860007137060165
ddqn,42,346,2935,-10.1,10,0,1,0.9535291666666666,0.11080053448677063,-0.8188675940036774
ddqn,42,347,2973,-10.38,38,0,1,0.9529275,0.45357757061719894,-1.0359819293022157
ddqn,42,348,2976,-10.03,3,0,1,0.95288,0.40614449977874756,-0.33149319887161255
ddqn,42,349,2992,-10.16,16,0,1,0.9526266666666666,0.36178677156567574,-0.8582794666290283
ddqn,42,350,2997,-10.049999999999999,5,0,1,0.9525475,0.30430129170417786,-0.6278228759765625
ddqn,42,351,3003,-10.06,6,0,1,0.9524525,0.2563667893409729,-1.1855943202972412
ddqn,42,352,3021,-10.18,18,0,1,0.9521675,0.22008992582559586,-1.2134467601776122
ddqn,42,353,3040,-10.19,19,0,1,0.9518666666666666,0.5064373791217804,-0.9335678219795227
ddqn,42,354,3043,-10.03,3,0,1,0.9518191666666667,,
ddqn,42,355,3056,-10.129999999999999,13,0,1,0.9516133333333333,0.2836000509560108,-1.107236087322235
ddqn,42,356,3105,-10.49,49,0,1,0.9508375,0.2819938091561198,-1.0364051486055057
ddqn,42,357,3113,-10.08,8,0,1,0.9507108333333334,0.2469305396080017,-0.9802287220954895
ddqn,42,358,3125,-10.12,12,0,1,0.9505208333333334,0.2842910786469777,-0.9764731129010519
ddqn,42,359,3138,-10.129999999999999,13,0,1,0.950315,0.2563551217317581,-1.1252251863479614
ddqn,42,360,3144,-10.06,6,0,1,0.95022,0.3973802328109741,-1.1669136881828308
ddqn,42,361,3152,-10.08,8,0,1,0.9500933333333333,0.2191667091101408,-1.1046206951141357
ddqn,42,362,3186,-10.34,34,0,1,0.949555,0.38037165137939155,-0.9501815289258957
ddqn,42,363,3189,-10.03,3,0,1,0.9495075,0.3690190315246582,-0.8683552145957947
ddqn,42,364,3194,-10.049999999999999,5,0,1,0.9494283333333333,0.1229078471660614,-1.027494192123413
ddqn,42,365,3199,-10.049999999999999,5,0,1,0.9493491666666667,0.35619550943374634,-1.3564965724945068
ddqn,42,366,3208,-10.09,9,0,1,0.9492066666666666,0.12961281090974808,-1.261715551217397
ddqn,42,367,3215,-10.07,7,0,1,0.9490958333333334,0.20196634531021118,-0.6363186836242676
ddqn,42,368,3219,-10.04,4,0,1,0.9490325,0.5199598670005798,-0.6607071757316589
ddqn,42,369,3233,-10.14,14,0,1,0.9488108333333334,0.32263460010290146,-0.9348016828298569
ddqn,42,370,3236,-10.03,3,0,1,0.9487633333333333,0.5169902443885803,-0.708301305770874
ddqn,42,371,3240,-10.04,4,0,1,0.9487,0.2079898715019226,-1.1576263904571533
ddqn,42,372,3263,-10.23,23,0,1,0.9483358333333334,0.358414027094841,-1.1113054633140564
ddqn,42,373,3272,-10.09,9,0,1,0.9481933333333333,0.1073093203206857,-0.9905902544657389
ddqn,42,374,3294,-10.22,22,0,1,0.947845,0.2711788833141327,-1.031364381313324
ddqn,42,375,3327,-10.33,33,0,1,0.9473225,0.24768742499873042,-0.8104007244110107
ddqn,42,376,3334,-10.07,7,0,1,0.9472116666666667,0.3215014934539795,-1.1020124554634094
ddqn,42,377,3337,-10.03,3,0,1,0.9471641666666667,0.24622765183448792,-1.0894420146942139
ddqn,42,378,3348,-10.11,11,0,1,0.94699,0.16930116713047028,-0.7685451507568359
ddqn,42,379,3351,-10.03,3,0,1,0.9469425,,
ddqn,42,380,3358,-10.07,7,0,1,0.9468316666666666,0.379202201962471,-0.8529478311538696
ddqn,42,381,3360,-10.02,2,0,1,0.9468,0.42463529109954834,-1.2322455644607544
ddqn,42,382,3363,-10.03,3,0,1,0.9467525,,
ddqn,42,383,3367,-10.04,4,0,1,0.9466891666666667,0.26886725425720215,-1.0452032089233398
ddqn,42,384,3368,-10.01,1,0,1,0.9466733333333334,0.15911787748336792,-0.748814582824707
ddqn,42,385,3375,-10.07,7,0,1,0.9465625,0.17792119085788727,-0.7618423700332642
ddqn,42,386,3378,-10.03,3,0,1,0.946515,0.21817302703857422,-1.1590107679367065
ddqn,42,387,3420,-10.42,42,0,1,0.94585,0.35136068815534766,-1.0725742199204185
ddqn,42,388,3427,-10.07,7,0,1,0.9457391666666667,0.2593051493167877,-0.6083205938339233
ddqn,42,389,3435,-10.08,8,0,1,0.9456125,0.34022057056427,-1.059131532907486
ddqn,42,390,3443,-10.08,8,0,1,0.9454858333333334,0.276264950633049,-1.0394009053707123
ddqn,42,391,3448,-10.049999999999999,5,0,1,0.9454066666666667,0.26023896038532257,-1.0093576312065125
ddqn,42,392,3454,-10.06,6,0,1,0.9453116666666667,0.01527609396725893,-1.3067822456359863
ddqn,42,393,3476,-10.22,22,0,1,0.9449633333333334,0.35202156007289886,-0.9993790785471598
ddqn,42,394,3483,-10.07,7,0,1,0.9448525,0.37749671936035156,-0.9857274889945984
ddqn,42,395,3498,-10.15,15,0,1,0.944615,0.1190742664039135,-0.4303516447544098
ddqn,42,396,3503,-10.049999999999999,5,0,1,0.9445358333333334,0.13377031683921814,-1.1372289657592773
ddqn,42,397,3512,-10.09,9,0,1,0.9443933333333333,0.0703260786831379,-1.2320276498794556
ddqn,42,398,3524,-10.12,12,0,1,0.9442033333333333,0.260414594784379,-0.8499635457992554
ddqn,42,399,3526,-10.02,2,0,1,0.9441716666666666,,
ddqn,42,400,3540,-10.14,14,0,1,0.94395,0.19634616328403354,-1.1534098088741302
ddqn,42,401,3569,-10.29,29,0,1,0.9434908333333334,0.19969058941517556,-0.7580033647162574
ddqn,42,402,3578,-10.09,9,0,1,0.9433483333333333,0.27627456188201904,-1.4174478650093079
ddqn,42,403,3582,-10.04,4,0,1,0.943285,0.6792454123497009,-0.9008753895759583
ddqn,42,404,3590,-10.08,8,0,1,0.9431583333333333,0.3086157441139221,-1.069813847541809
ddqn,42,405,3620,-10.3,30,0,1,0.9426833333333333,0.28560299053788185,-1.0115072391927242
ddqn,42,406,3623,-10.03,3,0,1,0.9426358333333333,,
ddqn,42,407,3627,-10.04,4,0,1,0.9425725,0.3328063189983368,-0.6818236708641052
ddqn,42,408,3637,-10.1,10,0,1,0.9424141666666667,0.051662622640530266,-0.5679210623105367
ddqn,42,409,3663,-10.26,26,0,1,0.9420025,0.25474669598042965,-0.9506281018257141
ddqn,42,410,3668,-10.049999999999999,5,0,1,0.9419233333333333,0.1415526643395424,-0.7417834401130676
ddqn,42,411,3674,-10.06,6,0,1,0.9418283333333334,0.15787898004055023,-1.118140697479248
ddqn,42,412,3682,-10.08,8,0,1,0.9417016666666667,0.42103856801986694,-0.8255995512008667
ddqn,42,413,3687,-10.049999999999999,5,0,1,0.9416225,0.20570477843284607,-0.8357325792312622
ddqn,42,414,3700,-10.129999999999999,13,0,1,0.9414166666666667,0.2160223163664341,-0.8212436437606812
ddqn,42,415,3703,-10.03,3,0,1,0.9413691666666667,,
ddqn,42,416,3709,-10.06,6,0,1,0.9412741666666666,0.2538256198167801,-0.8624134063720703
ddqn,42,417,3714,-10.049999999999999,5,0,1,0.941195,0.17464672029018402,-0.5649028420448303
ddqn,42,418,3719,-10.049999999999999,5,0,1,0.9411158333333334,0.4626474976539612,-0.7784585356712341
ddqn,42,419,3728,-10.09,9,0,1,0.9409733333333333,0.34121934572855633,-1.6922616561253865
ddqn,42,420,3735,-10.07,7,0,1,0.9408625,0.30244940519332886,-0.8982029557228088
ddqn,42,421,3739,-10.04,4,0,1,0.9407991666666666,0.03326520696282387,-1.3630620241165161
ddqn,42,422,3750,-10.11,11,0,1,0.940625,0.2708023985226949,-0.7969319621721903
ddqn,42,423,3754,-10.04,4,0,1,0.9405616666666666,0.23324355483055115,-1.2824633121490479
ddqn,42,424,3788,-10.34,34,0,1,0.9400233333333333,0.27419229596853256,-1.0067146884070501
ddqn,42,425,3794,-10.06,6,0,1,0.9399283333333334,0.14173248410224915,-1.850795030593872
ddqn,42,426,3799,-10.049999999999999,5,0,1,0.9398491666666666,0.1889221966266632,-1.3434362411499023
ddqn,42,427,3809,-10.1,10,0,1,0.9396908333333334,0.23786571621894836,-1.2642860809961955
ddqn,42,428,3825,-10.16,16,0,1,0.9394375,0.20524278795346618,-0.8635522127151489
ddqn,42,429,3829,-10.04,4,0,1,0.9393741666666666,0.24711300432682037,-1.0864155292510986
ddqn,42,430,3832,-10.03,3,0,1,0.9393266666666666,0.17763610184192657,-1.0812803506851196
ddqn,42,431,3834,-10.02,2,0,1,0.939295,,
ddqn,42,432,3837,-10.03,3,0,1,0.9392475,0.2291743904352188,-1.3215367794036865
ddqn,42,433,3854,-10.17,17,0,1,0.9389783333333334,0.20761342346668243,-1.0801439434289932
ddqn,42,434,3869,-10.15,15,0,1,0.9387408333333334,0.14005158189684153,-0.8792670294642448
ddqn,42,435,3871,-10.02,2,0,1,0.9387091666666667,,
ddqn,42,436,3873,-10.02,2,0,1,0.9386775,0.012724896892905235,-0.7676379680633545
ddqn,42,437,3892,-10.19,19,0,1,0.9383766666666666,0.17070442140102388,-1.0989819884300231
ddqn,42,438,3898,-10.06,6,0,1,0.9382816666666667,0.16725479066371918,-1.4568194150924683
ddqn,42,439,3916,-10.18,18,0,1,0.9379966666666667,0.14557210244238378,-1.1274070024490357
ddqn,42,440,3918,-10.02,2,0,1,0.937965,,
ddqn,42,441,3919,-10.01,1,0,1,0.9379491666666667,,
ddqn,42,442,3923,-10.04,4,0,1,0.9378858333333333,0.17277924716472626,-1.1599613428115845
ddqn,42,443,3931,-10.08,8,0,1,0.9377591666666667,0.2846725359559059,-1.1390582025051117
ddqn,42,444,3943,-10.12,12,0,1,0.9375691666666667,0.20752035826444626,-1.0546640555063884
ddqn,42,445,3948,-10.049999999999999,5,0,1,0.93749,0.22176965326070786,-1.1538026928901672
ddqn,42,446,3969,-10.209999999999999,21,0,1,0.9371575,0.19116088151931762,-1.2033159017562867
ddqn,42,447,3984,-10.15,15,0,1,0.93692,0.2901494652032852,-1.029172658920288
ddqn,42,448,3988,-10.04,4,0,1,0.9368566666666667,0.11595551669597626,-1.1281871795654297
ddqn,42,449,4010,-10.22,22,0,1,0.9365083333333334,0.23021310567855835,-1.2232638716697692
ddqn,42,450,4014,-10.04,4,0,1,0.936445,0.12438930571079254,-0.5624011754989624
ddqn,42,451,4030,-10.16,16,0,1,0.9361916666666666,0.13855727016925812,-0.9477837234735489
ddqn,42,452,4049,-10.19,19,0,1,0.9358908333333333,0.16797542795538903,-1.2829369187355042
ddqn,42,453,4053,-10.04,4,0,1,0.9358275,0.07704675197601318,-1.4080328941345215
ddqn,42,454,4058,-10.049999999999999,5,0,1,0.9357483333333333,0.0486784391105175,-1.1407405138015747
ddqn,42,455,4065,-10.07,7,0,1,0.9356375,0.1546040177345276,-1.548610508441925
ddqn,42,456,4067,-10.02,2,0,1,0.9356058333333334,,
ddqn,42,457,4073,-10.06,6,0,1,0.9355108333333333,0.10802050679922104,-0.9993122518062592
ddqn,42,458,4076,-10.03,3,0,1,0.9354633333333333,0.08227258920669556,-1.475630521774292
ddqn,42,459,4079,-10.03,3,0,1,0.9354158333333333,,
ddqn,42,460,4083,-10.04,4,0,1,0.9353525,0.09709259122610092,-0.5524576306343079
ddqn,42,461,4086,-10.03,3,0,1,0.935305,0.20384420454502106,-0.6691723465919495
ddqn,42,462,4088,-10.02,2,0,1,0.9352733333333333,0.07808107882738113,-0.8807929158210754
ddqn,42,463,4092,-10.04,4,0,1,0.93521,0.08363234996795654,-0.6191259026527405
ddqn,42,464,4145,-10.53,53,0,1,0.9343708333333334,0.11731943144248082,-0.9960055305407598
ddqn,42,465,4148,-10.03,3,0,1,0.9343233333333333,0.42697781324386597,-1.3327491283416748
ddqn,42,466,4172,-10.24,24,0,1,0.9339433333333333,0.15560587123036385,-1.102672020594279
ddqn,42,467,4183,-10.11,11,0,1,0.9337691666666667,0.06875013280659914,-0.3583003580570221
ddqn,42,468,4192,-10.09,9,0,1,0.9336266666666667,0.07304455091555913,-1.0825637578964233
ddqn,42,469,4195,-10.03,3,0,1,0.9335791666666666,,
ddqn,42,470,4204,-10.09,9,0,1,0.9334366666666667,0.16700252890586853,-1.6472317775090535
ddqn,42,471,4209,-10.049999999999999,5,0,1,0.9333575,0.07110729068517685,-0.9514934420585632
ddqn,42,472,4214,-10.049999999999999,5,0,1,0.9332783333333333,0.020954541862010956,-0.6847563982009888
ddqn,42,473,4220,-10.06,6,0,1,0.9331833333333334,0.11821800470352173,-0.8377752900123596
ddqn,42,474,4230,-10.1,10,0,1,0.933025,0.20449786633253098,-1.2400453686714172
ddqn,42,475,4232,-10.02,2,0,1,0.9329933333333333,0.15968327224254608,-1.5714099407196045
ddqn,42,476,4237,-10.049999999999999,5,0,1,0.9329141666666667,0.09235240519046783,-1.3821591138839722
ddqn,42,477,4251,-10.14,14,0,1,0.9326925,0.11730337018767993,-0.9541380802790324
ddqn,42,478,4264,-10.129999999999999,13,0,1,0.9324866666666667,0.07226267689839005,-1.378035619854927
ddqn,42,479,4291,-10.27,27,0,1,0.9320591666666667,0.11530769616365433,-1.080823500951131
ddqn,42,480,4298,-10.07,7,0,1,0.9319483333333334,0.08351603895425797,-1.225492537021637
ddqn,42,481,4303,-10.049999999999999,5,0,1,0.9318691666666666,0.0986693799495697,-0.8915592432022095
ddqn,42,482,4310,-10.07,7,0,1,0.9317583333333334,0.16184059530496597,-0.9822076559066772
ddqn,42,483,4315,-10.049999999999999,5,0,1,0.9316791666666666,0.032595403492450714,-0.9869566559791565
ddqn,42,484,4324,-10.09,9,0,1,0.9315366666666667,0.13970466951529184,-1.3532207409540813
ddqn,42,485,4380,-10.56,56,0,1,0.93065,0.1109637189656496,-1.0054059326648712
ddqn,42,486,4385,-10.049999999999999,5,0,1,0.9305708333333333,0.03849220275878906,-1.247392177581787
ddqn,42,487,4394,-10.09,9,0,1,0.9304283333333333,0.061715480871498585,-0.5631313920021057
ddqn,42,488,4411,-10.17,17,0,1,0.9301591666666666,0.06727869110181928,-0.7395161241292953
ddqn,42,489,4422,-10.11,11,0,1,0.9299850000000001,0.09814673662185669,-1.299241026242574
ddqn,42,490,4425,-10.03,3,0,1,0.9299375,0.11874392628669739,-1.9947901964187622
ddqn,42,491,4433,-10.08,8,0,1,0.9298108333333334,0.08289055526256561,-1.2670687139034271
ddqn,42,492,4436,-10.03,3,0,1,0.9297633333333333,0.05270203575491905,-0.8506706953048706
ddqn,42,493,4439,-10.03,3,0,1,0.9297158333333333,,
ddqn,42,494,4446,-10.07,7,0,1,0.929605,0.08941652625799179,-1.230735570192337
ddqn,42,495,4447,-10.01,1,0,1,0.9295891666666667,,
ddqn,42,496,4452,-10.049999999999999,5,0,1,0.9295100000000001,0.06641430221498013,-0.9415050148963928
ddqn,42,497,4463,-10.11,11,0,1,0.9293358333333334,0.07411143183708191,-1.1931410431861877
ddqn,42,498,4465,-10.02,2,0,1,0.9293041666666667,0.029843704774975777,-1.3050390481948853
ddqn,42,499,4468,-10.03,3,0,1,0.9292566666666666,0.08524642139673233,-0.8294821977615356
ddqn,42,500,4478,-10.1,10,0,1,0.9290983333333334,0.08240641467273235,-1.0698356628417969
ddqn,42,501,4481,-10.03,3,0,1,0.9290508333333334,0.028231004253029823,-0.7487982511520386
ddqn,42,502,4520,-10.39,39,0,1,0.9284333333333333,0.06795433796942234,-0.9351094186305999
ddqn,42,503,4547,-10.27,27,0,1,0.9280058333333333,0.07388651929795742,-1.3909262617429097
ddqn,42,504,4552,-10.049999999999999,5,0,1,0.9279266666666667,0.13218111544847488,-1.8899182081222534
ddqn,42,505,4555,-10.03,3,0,1,0.9278791666666667,,
ddqn,42,506,4560,-10.049999999999999,5,0,1,0.9278,0.046783847734332085,-1.206198811531067
ddqn,42,507,4564,-10.04,4,0,1,0.9277366666666667,0.025252720341086388,-0.888989269733429
ddqn,42,508,4572,-10.08,8,0,1,0.92761,0.06438688188791275,-1.0924509167671204
ddqn,42,509,4583,-10.11,11,0,1,0.9274358333333333,0.15804890543222427,-1.4574189186096191
ddqn,42,510,4584,-10.01,1,0,1,0.92742,0.0577484667301178,-1.2876763343811035
ddqn,42,511,4604,-10.2,20,0,1,0.9271033333333334,0.07975061312317848,-0.7982442438602447
ddqn,42,512,4611,-10.07,7,0,1,0.9269925,0.12397502362728119,-1.3977525234222412
ddqn,42,513,4614,-10.03,3,0,1,0.926945,0.054516781121492386,-0.7052857875823975
ddqn,42,514,4616,-10.02,2,0,1,0.9269133333333334,0.1403733640909195,-2.0012612342834473
ddqn,42,515,4621,-10.049999999999999,5,0,1,0.9268341666666666,0.022487640380859375,-0.9114087820053101
ddqn,42,516,4627,-10.06,6,0,1,0.9267391666666667,0.057882748544216156,-1.2823584079742432
ddqn,42,517,4631,-10.04,4,0,1,0.9266758333333334,0.03353206440806389,-1.0110440254211426
ddqn,42,518,4646,-10.15,15,0,1,0.9264383333333334,0.14488374814391136,-1.704360544681549
ddqn,42,519,4651,-10.049999999999999,5,0,1,0.9263591666666666,0.07370875030755997,-1.0986459255218506
ddqn,42,520,4660,-10.09,9,0,1,0.9262166666666667,0.036795066048701607,-1.1866277853647869
ddqn,42,521,4685,-10.25,25,0,1,0.9258208333333333,0.06412666197866201,-1.2037748098373413
ddqn,42,522,4698,-10.129999999999999,13,0,1,0.925615,0.060348773996035256,-1.2325737476348877
ddqn,42,523,4701,-10.03,3,0,1,0.9255675,0.04987415671348572,-1.0766353607177734
ddqn,42,524,4709,-10.08,8,0,1,0.9254408333333334,0.0255692508071661,-1.1347439289093018
ddqn,42,525,4711,-10.02,2,0,1,0.9254091666666666,,
ddqn,42,526,4717,-10.06,6,0,1,0.9253141666666667,0.05115187726914883,-1.0973511338233948
ddqn,42,527,4733,-10.16,16,0,1,0.9250608333333333,0.04482345096766949,-1.4517096281051636
ddqn,42,528,4735,-10.02,2,0,1,0.9250291666666667,,
ddqn,42,529,4747,-10.12,12,0,1,0.9248391666666667,0.026610134169459343,-1.2756699522336323
ddqn,42,530,4750,-10.03,3,0,1,0.9247916666666667,0.06025853380560875,-1.227961540222168
ddqn,42,531,4752,-10.02,2,0,1,0.92476,0.062039051204919815,-1.5271252393722534
ddqn,42,532,4754,-10.02,2,0,1,0.9247283333333334,,
ddqn,42,533,4755,-10.01,1,0,1,0.9247125,,
ddqn,42,534,4758,-10.03,3,0,1,0.9246650000000001,0.025751173496246338,-1.115808129310608
ddqn,42,535,4761,-10.03,3,0,1,0.9246175,0.019026074558496475,-1.3672288656234741
ddqn,42,536,4764,-10.03,3,0,1,0.92457,0.06746615469455719,-1.912445068359375
ddqn,42,537,4766,-10.02,2,0,1,0.9245383333333334,,
ddqn,42,538,4768,-10.02,2,0,1,0.9245066666666667,0.03755534440279007,-1.127497911453247
ddqn,42,539,4773,-10.049999999999999,5,0,1,0.9244275,0.05746740847826004,-1.856990098953247
ddqn,42,540,4784,-10.11,11,0,1,0.9242533333333334,0.029420138026277225,-0.9923064708709717
ddqn,42,541,4802,-10.18,18,0,1,0.9239683333333333,0.0410538692958653,-0.8265146017074585
ddqn,42,542,4818,-10.16,16,0,1,0.9237150000000001,0.02474475814960897,-0.9554375410079956
ddqn,42,543,4828,-10.1,10,0,1,0.9235566666666667,0.02571254161496957,-1.225707193215688
ddqn,42,544,4842,-10.14,14,0,1,0.923335,0.01702374468247096,-0.7742666602134705
ddqn,42,545,4855,-10.129999999999999,13,0,1,0.9231291666666667,0.04187962971627712,-0.9003932078679403
ddqn,42,546,4867,-10.12,12,0,1,0.9229391666666666,0.03028090049823125,-0.9494294126828512
ddqn,42,547,4869,-10.02,2,0,1,0.9229075,0.024040551856160164,-0.8207743167877197
ddqn,42,548,4871,-10.02,2,0,1,0.9228758333333333,,
ddqn,42,549,4878,-10.07,7,0,1,0.9227650000000001,0.021663611754775047,-1.1638748049736023
ddqn,42,550,4879,-10.01,1,0,1,0.9227491666666667,,
ddqn,42,551,4914,-10.35,35,0,1,0.922195,0.021028824771444004,-0.8622672657171885
ddqn,42,552,4922,-10.08,8,0,1,0.9220683333333334,0.028942140750586987,-1.762904405593872
ddqn,42,553,4947,-10.25,25,0,1,0.9216725,0.023296270597105224,-0.9014254411061605
ddqn,42,554,4949,-10.02,2,0,1,0.9216408333333334,0.01475015189498663,-0.6756136417388916
ddqn,42,555,4951,-10.02,2,0,1,0.9216091666666667,,
ddqn,42,556,4969,-10.18,18,0,1,0.9213241666666667,0.12202758491039276,-0.8680201649665833
ddqn,42,557,4977,-10.08,8,0,1,0.9211975,0.015829418320208788,-1.3661395907402039
ddqn,42,558,4983,-10.06,6,0,1,0.9211025,0.021240709349513054,-1.1199357509613037
ddqn,42,559,4984,-10.01,1,0,1,0.9210866666666667,0.020043911412358284,-1.2596813440322876
ddqn,42,560,4999,-10.15,15,0,1,0.9208491666666667,0.034747470170259476,-1.2852878371874492
ddqn,42,561,5001,-10.02,2,0,1,0.9208175000000001,0.012025605887174606,-0.9540168046951294
ddqn,42,562,5003,-10.02,2,0,1,0.9207858333333333,,
ddqn,42,563,5008,-10.049999999999999,5,0,1,0.9207066666666667,0.014503293670713902,-0.8525431454181671
ddqn,42,564,5009,-10.01,1,0,1,0.9206908333333333,,
ddqn,42,565,5024,-10.15,15,0,1,0.9204533333333333,0.030443131923675537,-1.3849070072174072
ddqn,42,566,5030,-10.06,6,0,1,0.9203583333333334,0.024296261370182037,-1.8448147773742676
ddqn,42,567,5035,-10.049999999999999,5,0,1,0.9202791666666666,0.013771327212452888,-1.247389554977417
ddqn,42,568,5045,-10.1,10,0,1,0.9201208333333334,0.016858695695797603,-1.1263858874638875
ddqn,42,569,5066,-10.209999999999999,21,0,1,0.9197883333333333,0.029796025715768337,-1.2638826847076416
ddqn,42,570,5070,-10.04,4,0,1,0.919725,0.010694170370697975,-0.9779707193374634
ddqn,42,571,5101,-10.31,31,0,1,0.9192341666666667,0.021066894056275487,-0.8455756157636642
ddqn,42,572,5109,-10.08,8,0,1,0.9191075,0.02356020826846361,-0.6356888860464096
ddqn,42,573,5114,-10.049999999999999,5,0,1,0.9190283333333333,0.014175700023770332,-0.6261524558067322
ddqn,42,574,5131,-10.17,17,0,1,0.9187591666666667,0.015565743669867516,-1.502855360507965
ddqn,42,575,5139,-10.08,8,0,1,0.9186325,0.022790889255702496,-1.0140084028244019
ddqn,42,576,5146,-10.07,7,0,1,0.9185216666666667,0.03954021632671356,-1.9992483854293823
ddqn,42,577,5149,-10.03,3,0,1,0.9184741666666667,0.020576409995555878,-1.020682454109192
ddqn,42,578,5152,-10.03,3,0,1,0.9184266666666667,0.07503592222929001,-2.017218828201294
ddqn,42,579,5170,-10.18,18,0,1,0.9181416666666666,0.01792935817502439,-1.1121267825365067
ddqn,42,580,5196,-10.26,26,0,1,0.91773,0.016433161550334523,-1.1326579281261988
ddqn,42,581,5199,-10.03,3,0,1,0.9176825,,
ddqn,42,582,5206,-10.07,7,0,1,0.9175716666666667,0.029810486361384392,-1.0439330339431763
ddqn,42,583,5209,-10.03,3,0,1,0.9175241666666667,0.008929450996220112,-0.8056048154830933
ddqn,42,584,5213,-10.04,4,0,1,0.9174608333333334,0.010717140510678291,-0.8723515272140503
ddqn,42,585,5239,-10.26,26,0,1,0.9170491666666667,0.020113250085463125,-1.272664745648702
ddqn,42,586,5256,-10.17,17,0,1,0.91678,0.014325007610023022,-0.8676242232322693
ddqn,42,587,5258,-10.02,2,0,1,0.9167483333333334,,
ddqn,42,588,5271,-10.129999999999999,13,0,1,0.9165425,0.012519747018814087,-0.9904315074284872
ddqn,42,589,5276,-10.049999999999999,5,0,1,0.9164633333333333,0.005316257243975997,-0.6163353025913239
ddqn,42,590,5290,-10.14,14,0,1,0.9162416666666666,0.01280593934158484,-1.0873228112856548
ddqn,42,591,5292,-10.02,2,0,1,0.91621,0.008951759897172451,-0.8186816573143005
ddqn,42,592,5298,-10.06,6,0,1,0.916115,0.008626865223050117,-1.2976001501083374
ddqn,42,593,5304,-10.06,6,0,1,0.9160200000000001,0.012122598476707935,-0.9710270166397095
ddqn,42,594,5314,-10.1,10,0,1,0.9158616666666667,0.025554128922522068,-1.262669563293457
ddqn,42,595,5346,-10.32,32,0,1,0.915355,0.016631016042083502,-1.289618730545044
ddqn,42,596,5350,-10.04,4,0,1,0.9152916666666666,0.03043784759938717,-1.7892072200775146
ddqn,42,597,5353,-10.03,3,0,1,0.9152441666666666,0.010603300295770168,-0.623843789100647
ddqn,42,598,5359,-10.06,6,0,1,0.9151491666666667,0.013762939721345901,-1.2623597383499146
ddqn,42,599,5373,-10.14,14,0,1,0.9149275,0.023125108797103167,-1.065497636795044
ddqn,42,600,5377,-10.04,4,0,1,0.9148641666666667,0.0034543988294899464,-0.6636346578598022
ddqn,42,601,5381,-10.04,4,0,1,0.9148008333333333,0.034187715500593185,-0.9759529829025269
ddqn,42,602,5385,-10.04,4,0,1,0.9147375,0.011146354489028454,-0.4834989011287689
ddqn,42,603,5391,-10.06,6,0,1,0.9146425,0.014409005641937256,-1.1135646104812622
ddqn,42,604,5398,-10.07,7,0,1,0.9145316666666666,0.014993239659816027,-1.539425551891327
ddqn,42,605,5405,-10.07,7,0,1,0.9144208333333333,0.005744534078985453,-1.2246796190738678
ddqn,42,606,5408,-10.03,3,0,1,0.9143733333333334,0.006423679646104574,-0.9894749522209167
ddqn,42,607,5413,-10.049999999999999,5,0,1,0.9142941666666666,0.006449163891375065,-0.9935409426689148
ddqn,42,608,5434,-10.209999999999999,21,0,1,0.9139616666666667,0.0188550740480423,-1.1892363905906678
ddqn,42,609,5445,-10.11,11,0,1,0.9137875,0.027435695752501488,-0.9223622679710388
ddqn,42,610,5455,-10.1,10,0,1,0.9136291666666667,0.04982966184616089,-0.8071490824222565
ddqn,42,611,5491,-10.36,36,0,1,0.9130591666666666,0.025073956077297527,-1.3726385434468586
ddqn,42,612,5500,-10.09,9,0,1,0.9129166666666667,0.0181341040879488,-0.9943397243817648
ddqn,42,613,5534,-10.34,34,0,1,0.9123783333333333,0.01841588073875755,-1.1262548491358757
ddqn,42,614,5536,-10.02,2,0,1,0.9123466666666666,0.020216191187500954,-1.1359161138534546
ddqn,42,615,5538,-10.02,2,0,1,0.912315,,
ddqn,42,616,5539,-10.01,1,0,1,0.9122991666666667,,
ddqn,42,617,5541,-10.02,2,0,1,0.9122675,0.014139756560325623,-1.3587285280227661
ddqn,42,618,5547,-10.06,6,0,1,0.9121725,0.014613122679293156,-2.0078091621398926
ddqn,42,619,5553,-10.06,6,0,1,0.9120775,0.01033666217699647,-1.1345117688179016
ddqn,42,620,5566,-10.129999999999999,13,0,1,0.9118716666666666,0.10347085290898879,-1.3564943075180054
ddqn,42,621,5572,-10.06,6,0,1,0.9117766666666667,0.0112115778028965,-1.0666298270225525
ddqn,42,622,5584,-10.12,12,0,1,0.9115866666666667,0.019051419881482918,-1.386383056640625
ddqn,42,623,5586,-10.02,2,0,1,0.911555,,
ddqn,42,624,5599,-10.129999999999999,13,0,1,0.9113491666666667,0.028458498418331146,-1.3006661732991536
ddqn,42,625,5604,-10.049999999999999,5,0,1,0.91127,0.03510694857686758,-0.6684069186449051
ddqn,42,626,5612,-10.08,8,0,1,0.9111433333333333,0.02717137336730957,-1.003147304058075
ddqn,42,627,5639,-10.27,27,0,1,0.9107158333333334,0.010740944417193532,-0.9783818125724792
ddqn,42,628,5649,-10.1,10,0,1,0.9105575,0.01388648028175036,-0.7488541404406229
ddqn,42,629,5665,-10.16,16,0,1,0.9103041666666667,0.010542944073677063,-0.972350001335144
ddqn,42,630,5671,-10.06,6,0,1,0.9102091666666666,0.009291332215070724,-1.1619784832000732
ddqn,42,631,5678,-10.07,7,0,1,0.9100983333333333,0.009867668617516756,-1.0911068320274353
ddqn,42,632,5696,-10.18,18,0,1,0.9098133333333334,0.019293907936662434,-1.2513837337493896
ddqn,42,633,5705,-10.09,9,0,1,0.9096708333333333,0.019274271093308926,-0.7629099190235138
ddqn,42,634,5707,-10.02,2,0,1,0.9096391666666667,,
ddqn,42,635,5710,-10.03,3,0,1,0.9095916666666667,0.0321270227432251,-1.8329697847366333
ddqn,42,636,5715,-10.049999999999999,5,0,1,0.9095125,0.008938588201999664,-1.0132100582122803
ddqn,42,637,5719,-10.04,4,0,1,0.9094491666666666,0.03451632335782051,-1.0638344287872314
ddqn,42,638,5725,-10.06,6,0,1,0.9093541666666667,0.1616934798657894,-1.1847802996635437
ddqn,42,639,5759,-10.34,34,0,1,0.9088158333333334,0.03808896755799651,-1.0616869702935219
ddqn,42,640,5760,-10.01,1,0,1,0.9088,0.01848851516842842,-1.1958646774291992
ddqn,42,641,5767,-10.07,7,0,1,0.9086891666666667,0.024700287729501724,-1.1248666048049927
ddqn,42,642,5782,-10.15,15,0,1,0.9084516666666667,0.015317365759983659,-1.0698465257883072
ddqn,42,643,5786,-10.04,4,0,1,0.9083883333333334,0.009560052305459976,-0.8243740797042847
ddqn,42,644,5793,-10.07,7,0,1,0.9082775,0.019014665856957436,-1.149835467338562
ddqn,42,645,5795,-10.02,2,0,1,0.9082458333333333,,
ddqn,42,646,5820,-10.25,25,0,1,0.90785,0.01115218989018883,-0.8002215623855591
ddqn,42,647,5829,-10.09,9,0,1,0.9077075,0.007866545347496867,-1.0381853878498077
ddqn,42,648,5838,-10.09,9,0,1,0.907565,0.006289123557507992,-1.0286973714828491
ddqn,42,649,5846,-10.08,8,0,1,0.9074383333333333,0.012428343063220382,-0.8822561502456665
ddqn,42,650,5849,-10.03,3,0,1,0.9073908333333334,0.020691942423582077,-1.0832542181015015
ddqn,42,651,5856,-10.07,7,0,1,0.90728,0.013512768317013979,-1.1431446969509125
ddqn,42,652,5861,-10.049999999999999,5,0,1,0.9072008333333333,0.03099754825234413,-1.7094128131866455
ddqn,42,653,5873,-10.12,12,0,1,0.9070108333333333,0.018646799959242344,-1.3786617517471313
ddqn,42,654,5874,-10.01,1,0,1,0.906995,,
ddqn,42,655,5890,-10.16,16,0,1,0.9067416666666667,0.013385096797719598,-1.0825031101703644
ddqn,42,656,5893,-10.03,3,0,1,0.9066941666666667,0.00949314795434475,-1.0097112655639648
ddqn,42,657,5903,-10.1,10,0,1,0.9065358333333333,0.02648060768842697,-1.3870083093643188
ddqn,42,658,5918,-10.15,15,0,1,0.9062983333333333,0.014386855764314532,-1.1829614639282227
ddqn,42,659,5942,-10.24,24,0,1,0.9059183333333334,0.010940556259204945,-1.0654500325520833
ddqn,42,660,5970,-10.28,28,0,1,0.905475,0.012573902628251485,-1.0803935272353036
ddqn,42,661,5988,-10.18,18,0,1,0.90519,0.01069822758436203,-1.0004550457000732
ddqn,42,662,5997,-10.09,9,0,1,0.9050475,0.018169074319303036,-1.0167268812656403
ddqn,42,663,6008,-10.11,11,0,1,0.9048733333333333,0.015383496414870024,-0.9481329123179117
ddqn,42,664,6009,-10.01,1,0,1,0.9048575,,
ddqn,42,665,6010,-10.01,1,0,1,0.9048416666666667,,
ddqn,42,666,6015,-10.049999999999999,5,0,1,0.9047625,0.003793510142713785,-0.8024889826774597
ddqn,42,667,6018,-10.03,3,0,1,0.904715,0.008913036435842514,-1.9056167602539062
ddqn,42,668,6025,-10.07,7,0,1,0.9046041666666667,0.012876042630523443,-1.501791775226593
ddqn,42,669,6031,-10.06,6,0,1,0.9045091666666667,0.01015513390302658,-1.5653575658798218
ddqn,42,670,6041,-10.1,10,0,1,0.9043508333333333,0.004729117266833782,-1.134487271308899
ddqn,42,671,6050,-10.09,9,0,1,0.9042083333333333,0.007832184433937073,-1.1226533651351929
ddqn,42,672,6052,-10.02,2,0,1,0.9041766666666666,0.011602076701819897,-1.1647965908050537
ddqn,42,673,6069,-10.17,17,0,1,0.9039075,0.015659637516364455,-1.6138114929199219
ddqn,42,674,6085,-10.16,16,0,1,0.9036541666666666,0.016844373429194093,-0.929983600974083
ddqn,42,675,6090,-10.049999999999999,5,0,1,0.903575,0.017113717272877693,-1.3276216983795166
ddqn,42,676,6092,-10.02,2,0,1,0.9035433333333334,0.04407328739762306,-1.8661824464797974
ddqn,42,677,6142,-10.5,50,0,1,0.9027516666666666,0.016001224498419713,-1.246497352917989
ddqn,42,678,6148,-10.06,6,0,1,0.9026566666666667,0.018432801589369774,-0.8981155753135681
ddqn,42,679,6161,-10.129999999999999,13,0,1,0.9024508333333333,0.016780356876552105,-1.1520078579584758
ddqn,42,680,6169,-10.08,8,0,1,0.9023241666666667,0.006844416260719299,-1.187706470489502
ddqn,42,681,6176,-10.07,7,0,1,0.9022133333333333,0.00877565541304648,-1.2955482006072998
ddqn,42,682,6185,-10.09,9,0,1,0.9020708333333334,0.005430981749668717,-1.376196265220642
ddqn,42,683,6190,-10.049999999999999,5,0,1,0.9019916666666666,0.005135160870850086,-0.9490858316421509
ddqn,42,684,6200,-10.1,10,0,1,0.9018333333333334,0.012197781819850206,-0.9610236485799154
ddqn,42,685,6208,-10.08,8,0,1,0.9017066666666667,0.007363415788859129,-0.9952077865600586
ddqn,42,686,6212,-10.04,4,0,1,0.9016433333333334,0.003201665822416544,-0.628385066986084
ddqn,42,687,6219,-10.07,7,0,1,0.9015325,0.009887795895338058,-1.384116530418396
ddqn,42,688,6236,-10.17,17,0,1,0.9012633333333333,0.006809787824749947,-1.3771989583969115
ddqn,42,689,6239,-10.03,3,0,1,0.9012158333333333,,
ddqn,42,690,6241,-10.02,2,0,1,0.9011841666666667,0.01039932481944561,-1.7335108518600464
ddqn,42,691,6268,-10.27,27,0,1,0.9007566666666666,0.00399201616112675,-1.0551902651786804
ddqn,42,692,6270,-10.02,2,0,1,0.900725,,
ddqn,42,693,6277,-10.07,7,0,1,0.9006141666666667,0.004651231691241264,-1.1894274652004242
ddqn,42,694,6281,-10.04,4,0,1,0.9005508333333333,0.002437140792608261,-0.9539439678192139
ddqn,42,695,6293,-10.12,12,0,1,0.9003608333333334,0.004017370132108529,-1.0762428045272827
ddqn,42,696,6322,-10.29,29,0,1,0.8999016666666667,0.002923246905473726,-1.0312359418187822
ddqn,42,697,6327,-10.049999999999999,5,0,1,0.8998225,0.004834064282476902,-1.3063613176345825
ddqn,42,698,6347,-10.2,20,0,1,0.8995058333333333,0.007428389880806208,-1.411766517162323
ddqn,42,699,6378,-10.31,31,0,1,0.899015,0.01068958529504016,-1.1175694987177849
ddqn,42,700,6385,-10.07,7,0,1,0.8989041666666666,0.007356473943218589,-1.2513580918312073
ddqn,42,701,6395,-10.1,10,0,1,0.8987458333333334,0.005719239125028253,-0.9419502019882202
ddqn,42,702,6401,-10.06,6,0,1,0.8986508333333333,0.004280269844457507,-1.4338765144348145
ddqn,42,703,6463,-10.620000000000001,62,0,1,0.8976691666666666,0.005723674533267816,-1.1477678815523784
ddqn,42,704,6465,-10.02,2,0,1,0.8976375,0.008466314524412155,-1.6980105638504028
ddqn,42,705,6473,-10.08,8,0,1,0.8975108333333334,0.0042372508905828,-0.6312647461891174
ddqn,42,706,6475,-10.02,2,0,1,0.8974791666666667,,
ddqn,42,707,6487,-10.12,12,0,1,0.8972891666666667,0.005695368628948927,-1.3972585598627727
ddqn,42,708,6507,-10.2,20,0,1,0.8969725,0.004972464730963111,-0.9569635033607483
ddqn,42,709,6509,-10.02,2,0,1,0.8969408333333333,0.006984352599829435,-2.2467732429504395
ddqn,42,710,6512,-10.03,3,0,1,0.8968933333333333,0.0024476968683302402,-0.48874178528785706
ddqn,42,711,6549,-10.37,37,0,1,0.8963075,0.0069016205250389045,-1.0744639072153304
ddqn,42,712,6566,-10.17,17,0,1,0.8960383333333334,0.007667626021429896,-1.05038720369339
ddqn,42,713,6570,-10.04,4,0,1,0.895975,0.010206473991274834,-1.5014092922210693
ddqn,42,714,6575,-10.049999999999999,5,0,1,0.8958958333333333,0.01442375686019659,-2.271434783935547
ddqn,42,715,6581,-10.06,6,0,1,0.8958008333333334,0.007876476272940636,-0.9469548165798187
ddqn,42,716,6590,-10.09,9,0,1,0.8956583333333333,0.007648275000974536,-0.9365231394767761
ddqn,42,717,6594,-10.04,4,0,1,0.895595,0.004368406720459461,-1.1239162683486938
ddqn,42,718,6598,-10.04,4,0,1,0.8955316666666666,0.0063731251284480095,-1.320598840713501
ddqn,42,719,6617,-10.19,19,0,1,0.8952308333333333,0.005266748229041695,-1.3688468217849732
ddqn,42,720,6633,-10.16,16,0,1,0.8949775,0.009226445108652115,-1.1321278810501099
ddqn,42,721,6645,-10.12,12,0,1,0.8947875,0.005023635070150097,-0.9903074304262797
ddqn,42,722,6649,-10.04,4,0,1,0.8947241666666667,0.011281279847025871,-1.9503254890441895
ddqn,42,723,6651,-10.02,2,0,1,0.8946925,,
ddqn,42,724,6655,-10.04,4,0,1,0.8946291666666667,0.013389517553150654,-1.9167696237564087
ddqn,42,725,6659,-10.04,4,0,1,0.8945658333333333,0.002209644764661789,-1.425323486328125
ddqn,42,726,6661,-10.02,2,0,1,0.8945341666666666,0.004456548951566219,-0.949360728263855
ddqn,42,727,6663,-10.02,2,0,1,0.8945025,,
ddqn,42,728,6674,-10.11,11,0,1,0.8943283333333334,0.004092023242264986,-0.746812641620636
ddqn,42,729,6677,-10.03,3,0,1,0.8942808333333333,0.0023525492288172245,-0.6643795967102051
ddqn,42,730,6718,-10.41,41,0,1,0.8936316666666667,0.004449950298294425,-1.044962465763092
ddqn,42,731,6729,-10.11,11,0,1,0.8934575,0.004940591597308715,-0.9372702240943909
ddqn,42,732,6742,-10.129999999999999,13,0,1,0.8932516666666667,0.002984393465643128,-1.1360376675923665
ddqn,42,733,6745,-10.03,3,0,1,0.8932041666666667,0.0013948094565421343,-1.2908899784088135
ddqn,42,734,6746,-10.01,1,0,1,0.8931883333333334,,
ddqn,42,735,6764,-10.18,18,0,1,0.8929033333333334,0.0037847532890737056,-1.0169002294540406
ddqn,42,736,6770,-10.06,6,0,1,0.8928083333333333,0.008644605055451393,-1.7895185947418213
ddqn,42,737,6810,-10.4,40,0,1,0.8921749999999999,0.00471689929254353,-1.0375904858112335
ddqn,42,738,6813,-10.03,3,0,1,0.8921275,0.0034148136619478464,-1.0927802324295044
ddqn,42,739,6815,-10.02,2,0,1,0.8920958333333333,,
ddqn,42,740,6820,-10.049999999999999,5,0,1,0.8920166666666667,0.0027890694327652454,-1.2639776468276978
ddqn,42,741,6824,-10.04,4,0,1,0.8919533333333334,0.004694103728979826,-0.9451453685760498
ddqn,42,742,6839,-10.15,15,0,1,0.8917158333333334,0.0030353030500312648,-1.280023177464803
ddqn,42,743,6842,-10.03,3,0,1,0.8916683333333333,0.004677589982748032,-1.2945786714553833
ddqn,42,744,6844,-10.02,2,0,1,0.8916366666666666,0.00229846965521574,-1.4269675016403198
ddqn,42,745,6848,-10.04,4,0,1,0.8915733333333333,0.0060442048124969006,-2.3803155422210693
ddqn,42,746,6851,-10.03,3,0,1,0.8915258333333334,,
ddqn,42,747,6852,-10.01,1,0,1,0.89151,0.0012076336424797773,-0.6505773067474365
ddqn,42,748,6864,-10.12,12,0,1,0.89132,0.0027143430585662522,-1.1130129098892212
ddqn,42,749,6883,-10.19,19,0,1,0.8910191666666667,0.00329575315117836,-0.9807165116071701
ddqn,42,750,6893,-10.1,10,0,1,0.8908608333333333,0.002793142261604468,-1.1523466507593791
ddqn,42,751,6895,-10.02,2,0,1,0.8908291666666667,,
ddqn,42,752,6932,-10.37,37,0,1,0.8902433333333333,0.0034990748623386025,-1.084433713555336
ddqn,42,753,6937,-10.049999999999999,5,0,1,0.8901641666666666,0.006772705353796482,-1.581291913986206
ddqn,42,754,6943,-10.06,6,0,1,0.8900691666666667,0.0015401493292301893,-0.8153113126754761
ddqn,42,755,6951,-10.08,8,0,1,0.8899425,0.0021082512103021145,-1.2649326026439667
ddqn,42,756,6956,-10.049999999999999,5,0,1,0.8898633333333333,0.004201982985250652,-1.1941745281219482
ddqn,42,757,6961,-10.049999999999999,5,0,1,0.8897841666666667,0.0020071042235940695,-0.6281270980834961
ddqn,42,758,6975,-10.14,14,0,1,0.8895625,0.010361327479283014,-1.7977822224299114
ddqn,42,759,6982,-10.07,7,0,1,0.8894516666666666,0.0024180480977520347,-1.4369171857833862
ddqn,42,760,6989,-10.07,7,0,1,0.8893408333333334,0.0024047289043664932,-1.171654999256134
ddqn,42,761,7000,-10.11,11,0,1,0.8891666666666667,0.003093200813358029,-0.899751623471578
ddqn,42,762,7002,-10.02,2,0,1,0.889135,,
ddqn,42,763,7018,-10.16,16,0,1,0.8888816666666667,0.004748906634631567,-1.116263061761856
ddqn,42,764,7024,-10.06,6,0,1,0.8887866666666666,0.0063883906695991755,-1.3107497692108154
ddqn,42,765,7028,-10.04,4,0,1,0.8887233333333333,0.00607228372246027,-1.2846190929412842
ddqn,42,766,7034,-10.06,6,0,1,0.8886283333333334,0.009244579821825027,-1.000838041305542
ddqn,42,767,7045,-10.11,11,0,1,0.8884541666666667,0.0056935762986540794,-1.315667192141215
ddqn,42,768,7053,-10.08,8,0,1,0.8883275,0.005738189211115241,-1.3866387605667114
ddqn,42,769,7090,-10.37,37,0,1,0.8877416666666667,0.03846584012111028,-0.961676021416982
ddqn,42,770,7095,-10.049999999999999,5,0,1,0.8876625,0.007126789540052414,-1.155747413635254
ddqn,42,771,7099,-10.04,4,0,1,0.8875991666666667,0.0056773461401462555,-0.9896680116653442
ddqn,42,772,7101,-10.02,2,0,1,0.8875675000000001,0.0034860745072364807,-2.2260520458221436
ddqn,42,773,7107,-10.06,6,0,1,0.8874725,0.005487788002938032,-1.118455171585083
ddqn,42,774,7109,-10.02,2,0,1,0.8874408333333333,0.004099097568541765,-0.776671290397644
ddqn,42,775,7118,-10.09,9,0,1,0.8872983333333333,0.0017619862919673324,-1.0373675227165222
ddqn,42,776,7120,-10.02,2,0,1,0.8872666666666666,0.0013861949555575848,-0.9717775583267212
ddqn,42,777,7135,-10.15,15,0,1,0.8870291666666666,0.0036197548421720662,-1.1762395699818928
ddqn,42,778,7139,-10.04,4,0,1,0.8869658333333333,0.003462620545178652,-0.8112887740135193
ddqn,42,779,7143,-10.04,4,0,1,0.8869025,0.0037608477286994457,-1.405580759048462
ddqn,42,780,7158,-10.15,15,0,1,0.886665,0.0032657012052368373,-0.9888345003128052
ddqn,42,781,7161,-10.03,3,0,1,0.8866175000000001,0.010988055728375912,-1.7891799211502075
ddqn,42,782,7163,-10.02,2,0,1,0.8865858333333334,,
ddqn,42,783,7174,-10.11,11,0,1,0.8864116666666667,0.004055392617980639,-1.0368324120839436
ddqn,42,784,7181,-10.07,7,0,1,0.8863008333333333,0.0013854983262717724,-0.948220357298851
ddqn,42,785,7211,-10.3,30,0,1,0.8858258333333333,0.0027242661703244914,-0.9844714403152466
ddqn,42,786,7245,-10.34,34,0,1,0.8852875,0.002525918353866372,-1.0378885798984103
ddqn,42,787,7250,-10.049999999999999,5,0,1,0.8852083333333334,0.003942552488297224,-0.6661919951438904
ddqn,42,788,7253,-10.03,3,0,1,0.8851608333333334,0.011033037677407265,-1.264214038848877
ddqn,42,789,7256,-10.03,3,0,1,0.8851133333333333,0.2894413471221924,-1.2609752416610718
ddqn,42,790,7280,-10.24,24,0,1,0.8847333333333334,0.004324339233183612,-1.2678285042444866
ddqn,42,791,7296,-10.16,16,0,1,0.88448,0.0027684198576025665,-1.0664970725774765
ddqn,42,792,7302,-10.06,6,0,1,0.884385,0.0023007728159427643,-0.7940844297409058
ddqn,42,793,7305,-10.03,3,0,1,0.8843375,0.0009593405993655324,-1.2771775722503662
ddqn,42,794,7316,-10.11,11,0,1,0.8841633333333333,0.0031422036699950695,-1.0168176293373108
ddqn,42,795,7333,-10.17,17,0,1,0.8838941666666666,0.0032596281089354306,-1.2573532164096832
ddqn,42,796,7335,-10.02,2,0,1,0.8838625,,
ddqn,42,797,7338,-10.03,3,0,1,0.883815,0.0015171242412179708,-0.48502713441848755
ddqn,42,798,7340,-10.02,2,0,1,0.8837833333333334,0.0011006859131157398,-0.7886370420455933
ddqn,42,799,7353,-10.129999999999999,13,0,1,0.8835775,0.0028394131610790887,-1.3853552341461182
ddqn,42,800,7356,-10.03,3,0,1,0.88353,0.001713952631689608,-1.449660062789917
ddqn,42,801,7358,-10.02,2,0,1,0.8834983333333334,,
ddqn,42,802,7370,-10.12,12,0,1,0.8833083333333334,0.0022183007289034626,-1.3791664838790894
ddqn,42,803,7372,-10.02,2,0,1,0.8832766666666667,0.0043745520524680614,-1.3883841037750244
ddqn,42,804,7401,-10.29,29,0,1,0.8828175,0.0058871480037591285,-0.9294579710279193
ddqn,42,805,7405,-10.04,4,0,1,0.8827541666666667,0.005976863205432892,-0.7634251117706299
ddqn,42,806,7412,-10.07,7,0,1,0.8826433333333333,0.002647031331434846,-1.048563539981842
ddqn,42,807,7424,-10.12,12,0,1,0.8824533333333333,0.006740118920182188,-0.9850606123606364
ddqn,42,808,7446,-10.22,22,0,1,0.882105,0.00579876690171659,-1.0415968298912048
ddqn,42,809,7458,-10.12,12,0,1,0.881915,0.011756725298861662,-1.253434697786967
ddqn,42,810,7466,-10.08,8,0,1,0.8817883333333333,0.026575188152492046,-0.6522481143474579
ddqn,42,811,7469,-10.03,3,0,1,0.8817408333333333,0.024770613759756088,-1.038339376449585
ddqn,42,812,7487,-10.18,18,0,1,0.8814558333333333,0.01254388110828586,-1.1388928592205048
ddqn,42,813,7515,-10.28,28,0,1,0.8810125,0.006625877526987877,-1.180426367691585
ddqn,42,814,7526,-10.11,11,0,1,0.8808383333333334,0.005294605468710263,-0.7748538454373678
ddqn,42,815,7530,-10.04,4,0,1,0.880775,0.0030157752335071564,-0.9435422420501709
ddqn,42,816,7534,-10.04,4,0,1,0.8807116666666667,0.00324649503454566,-1.747819423675537
ddqn,42,817,7544,-10.1,10,0,1,0.8805533333333333,0.005923323760119577,-1.0349518060684204
ddqn,42,818,7547,-10.03,3,0,1,0.8805058333333333,,
ddqn,42,819,7561,-10.14,14,0,1,0.8802841666666666,0.0023996373056434095,-1.2179395109415054
ddqn,42,820,7583,-10.22,22,0,1,0.8799358333333334,0.0023339045350439847,-1.213508701324463
ddqn,42,821,7624,-10.41,41,0,1,0.8792866666666667,0.003619584445418282,-1.0391404303637417
ddqn,42,822,7634,-10.1,10,0,1,0.8791283333333333,0.001093067490728572,-0.5765459537506104
ddqn,42,823,7639,-10.049999999999999,5,0,1,0.8790491666666667,0.0032018376514315605,-1.7593483924865723
ddqn,42,824,7662,-10.23,23,0,1,0.8786849999999999,0.002126461360603571,-1.0543384899695714
ddqn,42,825,7670,-10.08,8,0,1,0.8785583333333333,0.0020104034047108144,-0.9675275385379791
ddqn,42,826,7676,-10.06,6,0,1,0.8784633333333334,0.002394869108684361,-1.2660616040229797
ddqn,42,827,7686,-10.1,10,0,1,0.878305,0.00200954893080052,-0.9439134001731873
ddqn,42,828,7704,-10.18,18,0,1,0.87802,0.0033594599226489663,-0.8988678812980652
ddqn,42,829,7711,-10.07,7,0,1,0.8779091666666666,0.0022011997643858194,-1.2369598150253296
ddqn,42,830,7713,-10.02,2,0,1,0.8778775,0.0015851047355681658,-0.1634642630815506
ddqn,42,831,7727,-10.14,14,0,1,0.8776558333333333,0.0034000763359169164,-1.5877060492833455
ddqn,42,832,7733,-10.06,6,0,1,0.8775608333333333,0.003579322947189212,-0.8325419425964355
ddqn,42,833,7781,-10.48,48,0,1,0.8768008333333334,0.0024869457653646045,-1.082273115714391
ddqn,42,834,7798,-10.17,17,0,1,0.8765316666666667,0.004255976702552289,-1.0273515582084656
ddqn,42,835,7801,-10.03,3,0,1,0.8764841666666667,0.0020246896892786026,-0.7897309064865112
ddqn,42,836,7808,-10.07,7,0,1,0.8763733333333333,0.011705548298778012,-1.3778499960899353
ddqn,42,837,7812,-10.04,4,0,1,0.87631,0.004283689893782139,-0.8322678208351135
ddqn,42,838,7862,-10.5,50,0,1,0.8755183333333334,0.00759032146500734,-1.0933693473537762
ddqn,42,839,7865,-10.03,3,0,1,0.8754708333333333,0.012783805839717388,-1.5272407531738281
ddqn,42,840,7873,-10.08,8,0,1,0.8753441666666667,0.0058468731585890055,-0.9049775302410126
ddqn,42,841,7889,-10.16,16,0,1,0.8750908333333334,0.012002832256257534,-0.9493196308612823
ddqn,42,842,7898,-10.09,9,0,1,0.8749483333333333,0.010668672854080796,-0.9871164858341217
ddqn,42,843,7900,-10.02,2,0,1,0.8749166666666667,0.006105818785727024,-1.2395418882369995
ddqn,42,844,7912,-10.12,12,0,1,0.8747266666666667,0.007920906219320992,-1.2664726575215657
ddqn,42,845,7930,-10.18,18,0,1,0.8744416666666667,0.005256365402601659,-1.0258878320455551
ddqn,42,846,7946,-10.16,16,0,1,0.8741883333333333,0.006611907534534112,-0.9822981879115105
ddqn,42,847,7954,-10.08,8,0,1,0.8740616666666667,0.0061383903957903385,-0.46024250984191895
ddqn,42,848,7965,-10.11,11,0,1,0.8738875,0.012543232024957737,-1.2448483904202778
ddqn,42,849,7970,-10.049999999999999,5,0,1,0.8738083333333333,0.03974338620901108,-1.7147780656814575
ddqn,42,850,7981,-10.11,11,0,1,0.8736341666666667,0.007608350521574418,-1.2219616572062175
ddqn,42,851,7986,-10.049999999999999,5,0,1,0.873555,0.024558573961257935,-1.0422389507293701
ddqn,42,852,8034,-10.48,48,0,1,0.872795,0.029306881498390187,-1.1887537240982056
ddqn,42,853,8037,-10.03,3,0,1,0.8727475,0.019267238676548004,-1.212881326675415
ddqn,42,854,8040,-10.03,3,0,1,0.8727,0.06257512420415878,-0.8551692962646484
ddqn,42,855,8056,-10.16,16,0,1,0.8724466666666667,0.022796060075052083,-0.9213921129703522
ddqn,42,856,8071,-10.15,15,0,1,0.8722091666666667,0.023919567776223023,-0.9316325783729553
ddqn,42,857,8076,-10.049999999999999,5,0,1,0.8721300000000001,0.03410632163286209,-0.7282472848892212
ddqn,42,858,8078,-10.02,2,0,1,0.8720983333333333,,
ddqn,42,859,8088,-10.1,10,0,1,0.8719399999999999,0.029634650175770123,-1.3616305589675903
ddqn,42,860,8097,-10.09,9,0,1,0.8717975,0.018256122712045908,-1.121910810470581
ddqn,42,861,8099,-10.02,2,0,1,0.8717658333333334,,
ddqn,42,862,8118,-10.19,19,0,1,0.8714649999999999,0.020022891089320184,-1.033599042892456
ddqn,42,863,8120,-10.02,2,0,1,0.8714333333333333,0.042149752378463745,-1.7160375118255615
ddqn,42,864,8129,-10.09,9,0,1,0.8712908333333333,0.004786671488545835,-1.208674669265747
ddqn,42,865,8131,-10.02,2,0,1,0.8712591666666667,,
ddqn,42,866,8133,-10.02,2,0,1,0.8712275,0.005332963541150093,-0.7987289428710938
ddqn,42,867,8140,-10.07,7,0,1,0.8711166666666667,0.006040208740159869,-0.8812550008296967
ddqn,42,868,8142,-10.02,2,0,1,0.871085,,
ddqn,42,869,8184,-10.42,42,0,1,0.87042,0.03130363931202076,-1.1757411794228987
ddqn,42,870,8192,-10.08,8,0,1,0.8702933333333334,0.007169645745307207,-0.7185411155223846
ddqn,42,871,8193,-10.01,1,0,1,0.8702775,,
ddqn,42,872,8196,-10.03,3,0,1,0.8702300000000001,0.0022984002716839314,-0.6574356555938721
ddqn,42,873,8202,-10.06,6,0,1,0.870135,0.0032037789933383465,-1.1555027961730957
ddqn,42,874,8211,-10.09,9,0,1,0.8699925,0.004994032089598477,-0.5181828290224075
ddqn,42,875,8220,-10.09,9,0,1,0.86985,0.09495513599055509,-0.9056434233983358
ddqn,42,876,8273,-10.53,53,0,1,0.8690108333333333,0.009962235568449475,-1.1312377727948701
ddqn,42,877,8289,-10.16,16,0,1,0.8687575000000001,0.007056965434458107,-1.0134963691234589
ddqn,42,878,8295,-10.06,6,0,1,0.8686625,0.010585326701402664,-1.3843964338302612
ddqn,42,879,8306,-10.11,11,0,1,0.8684883333333333,0.006507790802667539,-1.26214204231898
ddqn,42,880,8312,-10.06,6,0,1,0.8683933333333334,0.002259985776618123,-1.063858151435852
ddqn,42,881,8319,-10.07,7,0,1,0.8682825000000001,0.00800667516887188,-1.1010470390319824
ddqn,42,882,8324,-10.049999999999999,5,0,1,0.8682033333333333,0.004749664105474949,-1.2589339017868042
ddqn,42,883,8350,-10.26,26,0,1,0.8677916666666667,0.004160648793913424,-1.1095163822174072
ddqn,42,884,8362,-10.12,12,0,1,0.8676016666666666,0.004500068491324782,-1.376704255739848
ddqn,42,885,8394,-10.32,32,0,1,0.867095,0.039168747593066655,-1.0831372290849686
ddqn,42,886,8407,-10.129999999999999,13,0,1,0.8668891666666667,0.0018353586977658172,-1.4980342388153076
ddqn,42,887,8412,-10.049999999999999,5,0,1,0.8668100000000001,0.00217546836938709,-1.1881159543991089
ddqn,42,888,8421,-10.09,9,0,1,0.8666675,0.0006415826210286468,-0.5885804891586304
ddqn,42,889,8422,-10.01,1,0,1,0.8666516666666667,,
ddqn,42,890,8437,-10.15,15,0,1,0.8664141666666667,0.0024006465973798186,-0.8631754890084267
ddqn,42,891,8454,-10.17,17,0,1,0.8661449999999999,0.006208569844602607,-1.2536291629076004
ddqn,42,892,8456,-10.02,2,0,1,0.8661133333333333,0.008469264954328537,-0.8375494480133057
ddqn,42,893,8469,-10.129999999999999,13,0,1,0.8659075,0.0024971331004053354,-1.5275792876879375
ddqn,42,894,8503,-10.34,34,0,1,0.8653691666666667,0.004530373029410839,-1.152567058801651
ddqn,42,895,8509,-10.06,6,0,1,0.8652741666666667,0.002306915557710454,-0.754261314868927
ddqn,42,896,8510,-10.01,1,0,1,0.8652583333333334,,
ddqn,42,897,8513,-10.03,3,0,1,0.8652108333333334,0.018686752766370773,-1.026179552078247
ddqn,42,898,8523,-10.1,10,0,1,0.8650525,0.1473962632007897,-1.5294697880744934
ddqn,42,899,8535,-10.12,12,0,1,0.8648625,0.013184089213609695,-1.1305327415466309
ddqn,42,900,8541,-10.06,6,0,1,0.8647675,0.008519499795511365,-1.1789451241493225
ddqn,42,901,8546,-10.049999999999999,5,0,1,0.8646883333333333,0.009134638123214245,-1.6537370681762695
ddqn,42,902,8549,-10.03,3,0,1,0.8646408333333333,0.0016596905188634992,-1.2965638637542725
ddqn,42,903,8560,-10.11,11,0,1,0.8644666666666667,0.008801222468415896,-1.4467255274454753
ddqn,42,904,8582,-10.22,22,0,1,0.8641183333333333,0.0058348451275378466,-1.063627588748932
ddqn,42,905,8587,-10.049999999999999,5,0,1,0.8640391666666667,0.002256627194583416,-0.8076456785202026
ddqn,42,906,8589,-10.02,2,0,1,0.8640075,0.015041375532746315,-1.2343344688415527
ddqn,42,907,8611,-10.22,22,0,1,0.8636591666666666,0.00444579569157213,-1.020312762260437
ddqn,42,908,8618,-10.07,7,0,1,0.8635483333333334,0.001463853637687862,-0.6548737585544586
ddqn,42,909,8639,-10.209999999999999,21,0,1,0.8632158333333333,0.007867091009393335,-1.1017741680145263
ddqn,42,910,8665,-10.26,26,0,1,0.8628041666666667,0.0038785820693842004,-1.0173855423927307
ddqn,42,911,8671,-10.06,6,0,1,0.8627091666666666,0.004562419839203358,-0.8541958928108215
ddqn,42,912,8682,-10.11,11,0,1,0.862535,0.00776173360645771,-1.1209414800008137
ddqn,42,913,8734,9.48,52,1,0,0.8617116666666667,0.001971860375935928,-0.9920252951291891
ddqn,42,914,8740,-10.06,6,0,1,0.8616166666666667,0.0018210685229860246,-0.9003175348043442
ddqn,42,915,8748,-10.08,8,0,1,0.86149,0.001658049295656383,-1.2723316550254822
ddqn,42,916,8754,-10.06,6,0,1,0.861395,0.0008666298817843199,-1.1320672035217285
ddqn,42,917,8761,-10.07,7,0,1,0.8612841666666666,0.002257173473481089,-0.9779969453811646
ddqn,42,918,8832,-10.71,71,0,1,0.86016,0.001509225797942943,-1.1598901152610779
ddqn,42,919,8863,-10.31,31,0,1,0.8596691666666667,0.0021266372558394714,-1.1966834643057414
ddqn,42,920,8886,-10.23,23,0,1,0.859305,0.002440552595847597,-1.1880896091461182
ddqn,42,921,8895,-10.09,9,0,1,0.8591625,0.0022730354103259742,-0.7203271389007568
ddqn,42,922,8910,-10.15,15,0,1,0.858925,0.005945049546426162,-1.3311852514743805
ddqn,42,923,8917,-10.07,7,0,1,0.8588141666666667,0.0018384147551842034,-1.143698811531067
ddqn,42,924,8922,-10.049999999999999,5,0,1,0.858735,0.0010882995557039976,-0.3567052185535431
ddqn,42,925,8925,-10.03,3,0,1,0.8586875,0.004266458097845316,-1.4202969074249268
ddqn,42,926,8939,-10.14,14,0,1,0.8584658333333334,0.002908152324380353,-1.4903940955797832
ddqn,42,927,8951,-10.12,12,0,1,0.8582758333333333,0.008562653985184928,-1.3489484389623005
ddqn,42,928,8954,-10.03,3,0,1,0.8582283333333334,0.009075920097529888,-0.9288316965103149
ddqn,42,929,8960,-10.06,6,0,1,0.8581333333333333,0.0051583664026111364,-1.1952498257160187
ddqn,42,930,8984,-10.24,24,0,1,0.8577533333333334,0.007227713261575748,-1.1171476244926453
ddqn,42,931,8987,-10.03,3,0,1,0.8577058333333334,,
ddqn,42,932,8990,-10.03,3,0,1,0.8576583333333333,0.0025567912962287664,-0.6704230904579163
ddqn,42,933,8995,-10.049999999999999,5,0,1,0.8575791666666667,0.001723116380162537,-1.1433992385864258
ddqn,42,934,8999,-10.04,4,0,1,0.8575158333333334,0.009072847664356232,-1.798830270767212
ddqn,42,935,9001,-10.02,2,0,1,0.8574841666666667,0.0006797387031838298,-0.5094925761222839
ddqn,42,936,9007,-10.06,6,0,1,0.8573891666666666,0.002182569121941924,-0.9588877558708191
ddqn,42,937,9037,-10.3,30,0,1,0.8569141666666666,0.002578068022558,-1.1326376795768738
ddqn,42,938,9041,-10.04,4,0,1,0.8568508333333333,0.002090605441480875,-1.2816925048828125
ddqn,42,939,9051,-10.1,10,0,1,0.8566925,0.004221127601340413,-1.1289916038513184
ddqn,42,940,9069,-10.18,18,0,1,0.8564075,0.001619566197041422,-0.9498011708259583
ddqn,42,941,9071,-10.02,2,0,1,0.8563758333333333,,
ddqn,42,942,9082,-10.11,11,0,1,0.8562016666666666,0.0026027632411569357,-1.0149131019910176
ddqn,42,943,9093,-10.11,11,0,1,0.8560275,0.0006172436405904591,-0.7110675871372223
ddqn,42,944,9126,-10.33,33,0,1,0.855505,0.0017032455434673466,-1.0626481231302023
ddqn,42,945,9157,-10.31,31,0,1,0.8550141666666666,0.0015566235742880963,-0.9721270687878132
ddqn,42,946,9159,-10.02,2,0,1,0.8549825,,
ddqn,42,947,9168,-10.09,9,0,1,0.85484,0.002572546557833751,-1.0440271894137065
ddqn,42,948,9173,-10.049999999999999,5,0,1,0.8547608333333333,0.001223408617079258,-1.9109487533569336
ddqn,42,949,9198,-10.25,25,0,1,0.854365,0.0021360630247121057,-1.1371068557103474
ddqn,42,950,9203,-10.049999999999999,5,0,1,0.8542858333333333,0.000954156625084579,-1.1260147094726562
ddqn,42,951,9240,-10.37,37,0,1,0.8537,0.0016416586091509088,-1.1449749052524567
ddqn,42,952,9245,-10.049999999999999,5,0,1,0.8536208333333334,0.0005547988694161177,-0.8207760453224182
ddqn,42,953,9252,-10.07,7,0,1,0.85351,0.0006882218585815281,-0.9832657277584076
ddqn,42,954,9262,-10.1,10,0,1,0.8533516666666666,0.001673738210229203,-1.1494402289390564
ddqn,42,955,9276,-10.14,14,0,1,0.85313,0.002172735723434016,-1.3889860808849335
ddqn,42,956,9298,-10.22,22,0,1,0.8527816666666667,0.0011030086490791291,-1.2038939595222473
ddqn,42,957,9303,-10.049999999999999,5,0,1,0.8527025,0.0021645785309374332,-1.4231886863708496
ddqn,42,958,9336,-10.33,33,0,1,0.85218,0.002485730597982183,-0.8697716461287605
ddqn,42,959,9340,-10.04,4,0,1,0.8521166666666666,0.0007627269951626658,-1.1345502138137817
ddqn,42,960,9362,-10.22,22,0,1,0.8517683333333333,0.0013541936408728362,-0.985342264175415
ddqn,42,961,9368,-10.06,6,0,1,0.8516733333333333,0.002731781452894211,-1.1880514323711395
ddqn,42,962,9371,-10.03,3,0,1,0.8516258333333333,,
ddqn,42,963,9381,-10.1,10,0,1,0.8514675,0.002453603025060147,-1.1494293610254924
ddqn,42,964,9410,-10.29,29,0,1,0.8510083333333334,0.0009791929707197206,-0.9485637034688678
ddqn,42,965,9437,-10.27,27,0,1,0.8505808333333333,0.0016365052017915463,-1.0208246452467782
ddqn,42,966,9442,-10.049999999999999,5,0,1,0.8505016666666667,0.0007278435514308512,-0.8281989693641663
ddqn,42,967,9445,-10.03,3,0,1,0.8504541666666667,0.0009264022810384631,-0.8333383202552795
ddqn,42,968,9461,-10.16,16,0,1,0.8502008333333333,0.0013994543623994105,-0.8629812598228455
ddqn,42,969,9469,-10.08,8,0,1,0.8500741666666667,0.0012908478383906186,-1.1211017370224
ddqn,42,970,9473,-10.04,4,0,1,0.8500108333333334,0.0019591362215578556,-0.971363365650177
ddqn,42,971,9479,-10.06,6,0,1,0.8499158333333333,0.0012250408763065934,-1.6102975606918335
ddqn,42,972,9483,-10.04,4,0,1,0.8498525,0.001207895576953888,-1.3047447204589844
ddqn,42,973,9486,-10.03,3,0,1,0.849805,0.0006119919125922024,-0.8327479362487793
ddqn,42,974,9488,-10.02,2,0,1,0.8497733333333334,0.0004248247714713216,-0.6624503135681152
ddqn,42,975,9510,-10.22,22,0,1,0.849425,0.062043390091275796,-1.1603999972343444
ddqn,42,976,9513,-10.03,3,0,1,0.8493775,0.0031778851989656687,-1.3076108694076538
ddqn,42,977,9520,-10.07,7,0,1,0.8492666666666666,0.14758208859711885,-1.2616482377052307
ddqn,42,978,9580,-10.6,60,0,1,0.8483166666666666,0.0026945329659307997,-0.8763507694005966
ddqn,42,979,9591,-10.11,11,0,1,0.8481425,0.00550277775619179,-1.110021561384201
ddqn,42,980,9600,-10.09,9,0,1,0.848,0.0012811136742432911,-0.5526480873425802
ddqn,42,981,9620,-10.2,20,0,1,0.8476833333333333,0.0025562754133716227,-0.7295283675193787
ddqn,42,982,9627,-10.07,7,0,1,0.8475725000000001,0.003585509257391095,-0.6302656531333923
ddqn,42,983,9642,-10.15,15,0,1,0.847335,0.0045675322180613875,-1.3031901717185974
ddqn,42,984,9644,-10.02,2,0,1,0.8473033333333333,0.004497467540204525,-1.6281304359436035
ddqn,42,985,9648,-10.04,4,0,1,0.84724,0.003202672116458416,-1.1455988883972168
ddqn,42,986,9662,-10.14,14,0,1,0.8470183333333333,0.0007818147617702683,-0.6633210182189941
ddqn,42,987,9672,-10.1,10,0,1,0.84686,0.0010736427696732183,-1.1243838270505269
ddqn,42,988,9686,-10.14,14,0,1,0.8466383333333334,0.002213213602468992,-0.9911053975423177
ddqn,42,989,9690,-10.04,4,0,1,0.846575,0.0010979876387864351,-1.283789038658142
ddqn,42,990,9695,-10.049999999999999,5,0,1,0.8464958333333333,0.0014999237610027194,-0.5009671449661255
ddqn,42,991,9702,-10.07,7,0,1,0.8463849999999999,0.14437249791808426,-1.4941200613975525
ddqn,42,992,9708,-10.06,6,0,1,0.84629,0.0011886136198882014,-0.8925476372241974
ddqn,42,993,9717,-10.09,9,0,1,0.8461475,0.005997704342007637,-1.2303432822227478
ddqn,42,994,9720,-10.03,3,0,1,0.8461,0.0026403607334941626,-1.4659748077392578
ddqn,42,995,9725,-10.049999999999999,5,0,1,0.8460208333333333,0.0006667750421911478,-0.5021623969078064
ddqn,42,996,9730,-10.049999999999999,5,0,1,0.8459416666666667,0.0030273697338998318,-0.6498072147369385
ddqn,42,997,9733,-10.03,3,0,1,0.8458941666666666,0.009305316023528576,-1.2423675060272217
ddqn,42,998,9759,-10.26,26,0,1,0.8454825,0.002221795128813634,-0.940028597911199
ddqn,42,999,9779,-10.2,20,0,1,0.8451658333333334,0.0029868272133171557,-1.1863492488861085
ddqn,42,1000,9781,-10.02,2,0,1,0.8451341666666666,0.003858409123495221,-1.304201364517212
ddqn,42,1001,9802,-10.209999999999999,21,0,1,0.8448016666666667,0.0030588502064347266,-1.0379146218299866
ddqn,42,1002,9804,-10.02,2,0,1,0.84477,0.0008912619086913764,-1.293280839920044
ddqn,42,1003,9806,-10.02,2,0,1,0.8447383333333334,,
ddqn,42,1004,9812,-10.06,6,0,1,0.8446433333333333,0.0016155185003299266,-0.9769682884216309
ddqn,42,1005,9826,-10.14,14,0,1,0.8444216666666666,0.0016793541532630722,-0.9720362027486166
ddqn,42,1006,9839,-10.129999999999999,13,0,1,0.8442158333333334,0.0016082408837974072,-1.2356315453847249
ddqn,42,1007,9846,-10.07,7,0,1,0.844105,0.0011939050746150315,-1.5221230387687683
ddqn,42,1008,9855,-10.09,9,0,1,0.8439625,0.0012008588528260589,-0.9946705400943756
ddqn,42,1009,9857,-10.02,2,0,1,0.8439308333333333,0.0010441949125379324,-0.6731141805648804
ddqn,42,1010,9898,-10.41,41,0,1,0.8432816666666667,0.030543271650094538,-1.0817701458930968
ddqn,42,1011,9910,-10.12,12,0,1,0.8430916666666667,0.003914620106418927,-1.1734826763470967
ddqn,42,1012,9917,-10.07,7,0,1,0.8429808333333333,0.0016130353324115276,-0.9749243557453156
ddqn,42,1013,9919,-10.02,2,0,1,0.8429491666666666,,
ddqn,42,1014,9926,-10.07,7,0,1,0.8428383333333334,0.004401220008730888,-1.2420468032360077
ddqn,42,1015,9930,-10.04,4,0,1,0.842775,0.0010548760183155537,-1.1337835788726807
ddqn,42,1016,9940,-10.1,10,0,1,0.8426166666666667,0.003002917937313517,-1.1081511576970418
ddqn,42,1017,9956,-10.16,16,0,1,0.8423633333333334,0.0027660495252348483,-0.9217019379138947
ddqn,42,1018,9963,-10.07,7,0,1,0.8422525000000001,0.0023805603850632906,-0.6706430912017822
ddqn,42,1019,10011,-10.48,48,0,1,0.8414925,0.002274111090324974,-1.026710495352745
ddqn,42,1020,10013,-10.02,2,0,1,0.8414608333333333,0.0030272924341261387,-1.2922548055648804
ddqn,42,1021,10021,-10.08,8,0,1,0.8413341666666667,0.0013649013417307287,-1.1327294707298279
ddqn,42,1022,10027,-10.06,6,0,1,0.8412391666666666,0.0022277722600847483,-1.4552838802337646
ddqn,42,1023,10031,-10.04,4,0,1,0.8411758333333333,0.0034207080025225878,-1.2776238918304443
ddqn,42,1024,10036,-10.049999999999999,5,0,1,0.8410966666666666,0.00036199310852680355,-0.7541306018829346
ddqn,42,1025,10077,-10.41,41,0,1,0.8404475,0.03244321119855158,-1.0299406230449677
ddqn,42,1026,10086,-10.09,9,0,1,0.840305,0.0022350610233843327,-1.6660727858543396
ddqn,42,1027,10094,-10.08,8,0,1,0.8401783333333334,0.001253525260835886,-0.9069260656833649
ddqn,42,1028,10096,-10.02,2,0,1,0.8401466666666666,0.0005380343063734472,-1.3025939464569092
ddqn,42,1029,10114,-10.18,18,0,1,0.8398616666666667,0.0008378768143302295,-1.09769906103611
ddqn,42,1030,10125,-10.11,11,0,1,0.8396875,0.0031306506716646254,-1.1914096077283223
ddqn,42,1031,10127,-10.02,2,0,1,0.8396558333333333,,
ddqn,42,1032,10132,-10.049999999999999,5,0,1,0.8395766666666666,0.0010340277949580923,-1.2927488684654236
ddqn,42,1033,10144,-10.12,12,0,1,0.8393866666666667,0.0019294112377489607,-1.185469965140025
ddqn,42,1034,10164,-10.2,20,0,1,0.83907,0.0015888197725871579,-1.2707587242126466
ddqn,42,1035,10170,-10.06,6,0,1,0.838975,0.000651595531962812,-1.1294739246368408
ddqn,42,1036,10172,-10.02,2,0,1,0.8389433333333334,0.0024227104149758816,-1.2674283981323242
ddqn,42,1037,10178,-10.06,6,0,1,0.8388483333333333,0.00197865953668952,-0.6510644555091858
ddqn,42,1038,10187,-10.09,9,0,1,0.8387058333333334,0.001234833849593997,-0.9124486446380615
ddqn,42,1039,10189,-10.02,2,0,1,0.8386741666666666,0.001660040346905589,-0.8468966484069824
ddqn,42,1040,10190,-10.01,1,0,1,0.8386583333333333,,
ddqn,42,1041,10193,-10.03,3,0,1,0.8386108333333333,0.0012338855303823948,-1.4556065797805786
ddqn,42,1042,10200,-10.07,7,0,1,0.8385,0.003847396234050393,-1.134812980890274
ddqn,42,1043,10216,9.84,16,1,0,0.8382466666666667,0.0015776597865624353,-1.2995730340480804
ddqn,42,1044,10226,-10.1,10,0,1,0.8380883333333333,0.002204653399530798,-1.2758455276489258
ddqn,42,1045,10235,-10.09,9,0,1,0.8379458333333334,0.0011732187267625704,-0.9098712801933289
ddqn,42,1046,10309,-10.74,74,0,1,0.8367741666666667,0.03200112815676747,-1.0164143160769814
ddqn,42,1047,10317,-10.08,8,0,1,0.8366475,0.01081362646073103,-1.6637080311775208
ddqn,42,1048,10327,-10.1,10,0,1,0.8364891666666667,0.003378264023922384,-0.6616668403148651
ddqn,42,1049,10329,-10.02,2,0,1,0.8364575000000001,0.003146630246192217,-1.1124420166015625
ddqn,42,1050,10338,-10.09,9,0,1,0.836315,0.006893173034768552,-1.340621292591095
ddqn,42,1051,10354,-10.16,16,0,1,0.8360616666666667,0.010303646267857403,-1.2772325724363327
ddqn,42,1052,10387,9.67,33,1,0,0.8355391666666667,0.008645541005535051,-0.9172923192381859
ddqn,42,1053,10394,-10.07,7,0,1,0.8354283333333333,0.018974585458636284,-0.9056941866874695
ddqn,42,1054,10399,-10.049999999999999,5,0,1,0.8353491666666667,0.005962646100670099,-1.419632911682129
ddqn,42,1055,10406,-10.07,7,0,1,0.8352383333333333,0.01691511063836515,-0.8887062668800354
ddqn,42,1056,10428,-10.22,22,0,1,0.83489,0.01491048753572007,-1.0713168283303578
ddqn,42,1057,10432,-10.04,4,0,1,0.8348266666666666,0.3146069645881653,-1.1459927558898926
ddqn,42,1058,10449,-10.17,17,0,1,0.8345575000000001,0.08107196225319058,-1.036870688199997
ddqn,42,1059,10451,-10.02,2,0,1,0.8345258333333334,,
ddqn,42,1060,10459,-10.08,8,0,1,0.8343991666666667,0.0023961495608091354,-1.2259191274642944
ddqn,42,1061,10470,-10.11,11,0,1,0.834225,0.004404048629415532,-0.9149814049402872
ddqn,42,1062,10581,-11.110000000000001,111,0,1,0.8324675,0.016903749977895392,-1.0457272391234125
ddqn,42,1063,10585,-10.04,4,0,1,0.8324041666666666,0.009618193842470646,-1.1918251514434814
ddqn,42,1064,10594,-10.09,9,0,1,0.8322616666666667,0.005504189000930637,-0.6902239918708801
ddqn,42,1065,10600,-10.06,6,0,1,0.8321666666666667,0.005256210046354681,-0.41046230494976044
ddqn,42,1066,10605,-10.049999999999999,5,0,1,0.8320875,0.018318265676498413,-0.9161683320999146
ddqn,42,1067,10610,-10.049999999999999,5,0,1,0.8320083333333333,0.005428333766758442,-0.6590715646743774
ddqn,42,1068,10617,-10.07,7,0,1,0.8318975,0.010159607860259712,-1.1999323964118958
ddqn,42,1069,10632,-10.15,15,0,1,0.8316600000000001,0.014586382720153779,-1.113574355840683
ddqn,42,1070,10636,-10.04,4,0,1,0.8315966666666667,0.002778078429400921,-0.6517986059188843
ddqn,42,1071,10643,-10.07,7,0,1,0.8314858333333334,0.0011460366658866405,-1.1374014616012573
ddqn,42,1072,10683,-10.4,40,0,1,0.8308525,0.03133587768534198,-1.0930972456932069
ddqn,42,1073,10696,-10.129999999999999,13,0,1,0.8306466666666666,0.005550060915993527,-0.9297157526016235
ddqn,42,1074,10699,-10.03,3,0,1,0.8305991666666667,,
ddqn,42,1075,10715,-10.16,16,0,1,0.8303458333333333,0.002599270665086806,-1.3582969456911087
ddqn,42,1076,10717,-10.02,2,0,1,0.8303141666666667,0.0028698251117020845,-0.1977114975452423
ddqn,42,1077,10723,-10.06,6,0,1,0.8302191666666667,0.0010286890901625156,-0.9686945080757141
ddqn,42,1078,10730,-10.07,7,0,1,0.8301083333333333,0.001588262035511434,-0.9694059491157532
ddqn,42,1079,10738,-10.08,8,0,1,0.8299816666666666,0.003235075157135725,-0.9167228639125824
ddqn,42,1080,10793,9.45,55,1,0,0.8291108333333334,0.002199753694834986,-1.2298232380832945
ddqn,42,1081,10794,-10.01,1,0,1,0.829095,,
ddqn,42,1082,10826,-10.32,32,0,1,0.8285883333333334,0.001919492642628029,-1.0188952013850212
ddqn,42,1083,10838,-10.12,12,0,1,0.8283983333333333,0.0035304443445056677,-1.1958487033843994
ddqn,42,1084,10851,-10.129999999999999,13,0,1,0.8281925,0.0008325106852377454,-0.8834177056948344
ddqn,42,1085,10859,-10.08,8,0,1,0.8280658333333333,0.001473604643251747,-1.052664965391159
ddqn,42,1086,10863,-10.04,4,0,1,0.8280025,0.00125658989418298,-1.4366943836212158
ddqn,42,1087,10866,-10.03,3,0,1,0.827955,0.0006379890255630016,-0.9869081974029541
ddqn,42,1088,10871,-10.049999999999999,5,0,1,0.8278758333333334,0.00023991684429347515,-1.1474409103393555
ddqn,42,1089,10873,-10.02,2,0,1,0.8278441666666667,0.003111788770183921,-1.4752929210662842
ddqn,42,1090,10922,-10.49,49,0,1,0.8270683333333333,0.0009564650184377873,-0.7662309147417545
ddqn,42,1091,10927,-10.049999999999999,5,0,1,0.8269891666666667,0.0012018046109005809,-0.501762866973877
ddqn,42,1092,10931,-10.04,4,0,1,0.8269258333333334,0.0037277108058333397,-0.800804615020752
ddqn,42,1093,10952,-10.209999999999999,21,0,1,0.8265933333333333,0.003180847348024448,-1.250739594300588
ddqn,42,1094,10956,-10.04,4,0,1,0.82653,0.003202770370990038,-0.9580032229423523
ddqn,42,1095,10960,-10.04,4,0,1,0.8264666666666667,0.005032558925449848,-1.2674812078475952
ddqn,42,1096,10974,-10.14,14,0,1,0.826245,0.0016626872044677536,-1.1047359903653462
ddqn,42,1097,10976,-10.02,2,0,1,0.8262133333333334,0.002206603065133095,-0.3824649751186371
ddqn,42,1098,10993,-10.17,17,0,1,0.8259441666666667,0.0019479542243061587,-1.2115537524223328
ddqn,42,1099,10996,-10.03,3,0,1,0.8258966666666667,0.002915180753916502,-0.8036832809448242
ddqn,42,1100,10998,-10.02,2,0,1,0.8258650000000001,,
ddqn,42,1101,11032,-10.34,34,0,1,0.8253266666666667,0.035816860304395154,-0.9860941569010416
ddqn,42,1102,11033,-10.01,1,0,1,0.8253108333333333,,
ddqn,42,1103,11041,-10.08,8,0,1,0.8251841666666667,0.0014134460361674428,-0.9263902008533478
ddqn,42,1104,11044,-10.03,3,0,1,0.8251366666666666,0.0017348101828247309,-1.1592273712158203
ddqn,42,1105,11059,-10.15,15,0,1,0.8248991666666667,0.003783236645782987,-0.9853706558545431
ddqn,42,1106,11070,-10.11,11,0,1,0.824725,0.0010692484017151098,-0.8429771661758423
ddqn,42,1107,11072,-10.02,2,0,1,0.8246933333333333,0.000989927677437663,-1.1465439796447754
ddqn,42,1108,11076,-10.04,4,0,1,0.82463,0.0006066003115847707,-0.8270524740219116
ddqn,42,1109,11087,-10.11,11,0,1,0.8244558333333334,0.0005208613001741469,-0.9753768742084503
ddqn,42,1110,11096,-10.09,9,0,1,0.8243133333333333,0.0010968755814246833,-1.1409305334091187
ddqn,42,1111,11101,-10.049999999999999,5,0,1,0.8242341666666667,0.0016973307356238365,-0.6883201599121094
ddqn,42,1112,11105,-10.04,4,0,1,0.8241708333333333,0.2691512405872345,-1.2631022930145264
ddqn,42,1113,11119,-10.14,14,0,1,0.8239491666666667,0.0017261001436660688,-0.8273934125900269
ddqn,42,1114,11126,-10.07,7,0,1,0.8238383333333333,0.0011691443505696952,-1.1546077728271484
ddqn,42,1115,11129,-10.03,3,0,1,0.8237908333333334,0.004442016594111919,-0.8645669221878052
ddqn,42,1116,11135,-10.06,6,0,1,0.8236958333333333,0.0014205626212060452,-1.163130760192871
ddqn,42,1117,11141,-10.06,6,0,1,0.8236008333333333,0.0030196754669304937,-1.129775047302246
ddqn,42,1118,11144,-10.03,3,0,1,0.8235533333333334,0.0018537478754296899,-0.817753791809082
ddqn,42,1119,11171,-10.27,27,0,1,0.8231258333333333,0.001957563052807624,-1.3034571309884389
ddqn,42,1120,11188,-10.17,17,0,1,0.8228566666666667,0.0035499965073540808,-1.0543837785720824
ddqn,42,1121,11192,-10.04,4,0,1,0.8227933333333334,0.0026543764397501945,-0.9958334565162659
ddqn,42,1122,11200,-10.08,8,0,1,0.8226666666666667,0.003989711054600775,-1.3450925946235657
ddqn,42,1123,11247,-10.47,47,0,1,0.8219225,0.0024020612419752233,-1.2682660980658098
ddqn,42,1124,11249,-10.02,2,0,1,0.8218908333333333,0.0019983069505542517,-1.1123652458190918
ddqn,42,1125,11253,-10.04,4,0,1,0.8218275,0.0025046514347195625,-1.1156055927276611
ddqn,42,1126,11262,-10.09,9,0,1,0.821685,0.0028316658863332123,-1.0514902770519257
ddqn,42,1127,11268,-10.06,6,0,1,0.82159,0.0016509232227690518,-1.3187523484230042
ddqn,42,1128,11272,-10.04,4,0,1,0.8215266666666667,0.001986338058486581,-0.8269652724266052
ddqn,42,1129,11290,-10.18,18,0,1,0.8212416666666666,0.0013872543786419556,-1.3439738154411316
ddqn,42,1130,11324,9.66,34,1,0,0.8207033333333333,0.002667659162802415,-1.3161404331525166
ddqn,42,1131,11330,-10.06,6,0,1,0.8206083333333334,0.0011660604504868388,-2.058011531829834
ddqn,42,1132,11348,-10.18,18,0,1,0.8203233333333333,0.002341968670953065,-1.3631333112716675
ddqn,42,1133,11357,-10.09,9,0,1,0.8201808333333334,0.0006776756490580738,-0.918531060218811
ddqn,42,1134,11367,-10.1,10,0,1,0.8200225,0.003389187128050253,-1.248744249343872
ddqn,42,1135,11370,-10.03,3,0,1,0.819975,0.003916796296834946,-1.4315396547317505
ddqn,42,1136,11373,-10.03,3,0,1,0.8199275,0.005450468044728041,-1.2637850046157837
ddqn,42,1137,11376,-10.03,3,0,1,0.81988,0.0009916870621964335,-2.0866177082061768
ddqn,42,1138,11380,-10.04,4,0,1,0.8198166666666666,0.0011527243768796325,-0.9994354248046875
ddqn,42,1139,11382,-10.02,2,0,1,0.819785,,
ddqn,42,1140,11389,-10.07,7,0,1,0.8196741666666667,0.001198707104776986,-0.9973632395267487
ddqn,42,1141,11394,-10.049999999999999,5,0,1,0.819595,0.0019596219062805176,-1.283543348312378
ddqn,42,1142,11419,-10.25,25,0,1,0.8191991666666667,0.002799899181506286,-0.9896543870369593
ddqn,42,1143,11427,-10.08,8,0,1,0.8190725,0.00252966585685499,-1.0573429465293884
ddqn,42,1144,11432,-10.049999999999999,5,0,1,0.8189933333333334,0.0028422547911759466,-0.8666798174381256
ddqn,42,1145,11436,-10.04,4,0,1,0.81893,0.0021208312828093767,-1.1710128784179688
ddqn,42,1146,11439,-10.03,3,0,1,0.8188825,,
ddqn,42,1147,11441,-10.02,2,0,1,0.8188508333333333,0.0013557354686781764,-1.4640508890151978
ddqn,42,1148,11451,-10.1,10,0,1,0.8186925,0.0014101754350122064,-0.6617494821548462
ddqn,42,1149,11455,-10.04,4,0,1,0.8186291666666666,0.00042131944792345166,-0.20939655601978302
ddqn,42,1150,11495,-10.4,40,0,1,0.8179958333333334,0.03248597896308638,-1.1583898305892943
ddqn,42,1151,11511,-10.16,16,0,1,0.8177425,0.0028653937624767423,-1.119895577430725
ddqn,42,1152,11515,-10.04,4,0,1,0.8176791666666666,0.004427584353834391,-1.2654969692230225
ddqn,42,1153,11530,-10.15,15,0,1,0.8174416666666666,0.0012516883434727788,-0.9633984267711639
ddqn,42,1154,11537,-10.07,7,0,1,0.8173308333333333,0.002881793916458264,-1.2121464312076569
ddqn,42,1155,11542,-10.049999999999999,5,0,1,0.8172516666666667,0.0011475103674456477,-1.2891098260879517
ddqn,42,1156,11558,-10.16,16,0,1,0.8169983333333334,0.0015978963929228485,-0.7966001033782959
ddqn,42,1157,11565,-10.07,7,0,1,0.8168875,0.001861016033217311,-1.3926005363464355
ddqn,42,1158,11604,-10.39,39,0,1,0.81627,0.0020212225965224205,-0.8309271037578583
ddqn,42,1159,11625,-10.209999999999999,21,0,1,0.8159375,0.0011830175761133432,-0.8145165801048279
ddqn,42,1160,11640,-10.15,15,0,1,0.8157,0.0021601156768156216,-0.9044516533613205
ddqn,42,1161,11655,-10.15,15,0,1,0.8154625,0.0018134058142701785,-1.1510241627693176
ddqn,42,1162,11681,-10.26,26,0,1,0.8150508333333333,0.04528972222137132,-1.033301396029336
ddqn,42,1163,11683,-10.02,2,0,1,0.8150191666666666,,
ddqn,42,1164,11687,-10.04,4,0,1,0.8149558333333333,0.009273061528801918,-0.9466153383255005
ddqn,42,1165,11693,-10.06,6,0,1,0.8148608333333334,0.0010791023378260434,-0.7501612305641174
ddqn,42,1166,11702,-10.09,9,0,1,0.8147183333333333,0.002111034351401031,-1.4081923961639404
ddqn,42,1167,11705,-10.03,3,0,1,0.8146708333333333,0.0007214868091978133,-0.5344158411026001
ddqn,42,1168,11708,-10.03,3,0,1,0.8146233333333334,0.0006542680785059929,-0.8340439200401306
ddqn,42,1169,11711,-10.03,3,0,1,0.8145758333333334,,
ddqn,42,1170,11718,-10.07,7,0,1,0.814465,0.0036691735731437802,-0.8848748803138733
ddqn,42,1171,11722,-10.04,4,0,1,0.8144016666666667,0.0016173096373677254,-1.2896924018859863
ddqn,42,1172,11725,-10.03,3,0,1,0.8143541666666667,0.0037260400131344795,-1.6312816143035889
ddqn,42,1173,11731,-10.06,6,0,1,0.8142591666666666,0.003158611711114645,-0.8751670122146606
ddqn,42,1174,11739,-10.08,8,0,1,0.8141325,0.005774688674136996,-1.4128012359142303
ddqn,42,1175,11750,-10.11,11,0,1,0.8139583333333333,0.10686559400831659,-0.7628209392229716
ddqn,42,1176,11752,-10.02,2,0,1,0.8139266666666667,0.001287205726839602,-1.012609839439392
ddqn,42,1177,11791,-10.39,39,0,1,0.8133091666666666,0.0014789493385857593,-1.03931944237815
ddqn,42,1178,11793,-10.02,2,0,1,0.8132775,0.0003253202885389328,-0.6939284801483154
ddqn,42,1179,11804,-10.11,11,0,1,0.8131033333333333,0.0011205538370025654,-0.8934692740440369
ddqn,42,1180,11824,-10.2,20,0,1,0.8127866666666667,0.0013308404886629432,-1.0509432911872865
ddqn,42,1181,11844,-10.2,20,0,1,0.81247,0.0006721275101881474,-1.1223897457122802
ddqn,42,1182,11854,-10.1,10,0,1,0.8123116666666667,0.14221351401647553,-1.1468046009540558
ddqn,42,1183,11857,-10.03,3,0,1,0.8122641666666667,0.0008890640456229448,-0.8157257437705994
ddqn,42,1184,11865,-10.08,8,0,1,0.8121375,0.004582791589200497,-0.9575275778770447
ddqn,42,1185,11870,-10.049999999999999,5,0,1,0.8120583333333333,0.0017988026374951005,-0.8303389549255371
ddqn,42,1186,11874,-10.04,4,0,1,0.811995,0.0023627369664609432,-0.540444016456604
ddqn,42,1187,11960,-10.86,86,0,1,0.8106333333333333,0.0050931034863672476,-0.9443310512737795
ddqn,42,1188,11962,-10.02,2,0,1,0.8106016666666667,,
ddqn,42,1189,11965,-10.03,3,0,1,0.8105541666666667,0.0070745814591646194,-0.996789276599884
ddqn,42,1190,11991,-10.26,26,0,1,0.8101425,0.003043696914877122,-0.8396735489368439
ddqn,42,1191,11997,-10.06,6,0,1,0.8100475,0.001457106089219451,-1.1414955258369446
ddqn,42,1192,12016,-10.19,19,0,1,0.8097466666666666,0.006034202431328595,-1.248304510116577
ddqn,42,1193,12025,-10.09,9,0,1,0.8096041666666667,0.010506070218980312,-1.5424607396125793
ddqn,42,1194,12046,-10.209999999999999,21,0,1,0.8092716666666666,0.06588770477101207,-0.8436123132705688
ddqn,42,1195,12056,-10.1,10,0,1,0.8091133333333334,0.04275463024775187,-1.559369723002116
ddqn,42,1196,12061,-10.049999999999999,5,0,1,0.8090341666666667,0.3299061357975006,-1.098358392715454
ddqn,42,1197,12099,-10.38,38,0,1,0.8084325,0.01634540543374088,-0.9958321584595574
ddqn,42,1198,12105,-10.06,6,0,1,0.8083374999999999,0.019502464681863785,-0.8469143807888031
ddqn,42,1199,12107,-10.02,2,0,1,0.8083058333333333,,
ddqn,42,1200,12125,-10.18,18,0,1,0.8080208333333333,0.0237353241071105,-1.0791845321655273
ddqn,42,1201,12150,-10.25,25,0,1,0.807625,0.05771237340134879,-0.9742370049158732
ddqn,42,1202,12165,-10.15,15,0,1,0.8073875,0.007891301938798279,-1.02484892308712
ddqn,42,1203,12170,-10.049999999999999,5,0,1,0.8073083333333333,0.002860445063561201,-1.1666271686553955
ddqn,42,1204,12175,-10.049999999999999,5,0,1,0.8072291666666667,0.00807890109717846,-0.8901385068893433
ddqn,42,1205,12182,-10.07,7,0,1,0.8071183333333334,0.004166588420048356,-0.8155795335769653
ddqn,42,1206,12185,-10.03,3,0,1,0.8070708333333334,0.013289304450154305,-0.8681853413581848
ddqn,42,1207,12206,-10.209999999999999,21,0,1,0.8067383333333333,0.011640078853815794,-1.2229532718658447
ddqn,42,1208,12230,-10.24,24,0,1,0.8063583333333333,0.004689991862202684,-1.1414131422837575
ddqn,42,1209,12246,-10.16,16,0,1,0.8061050000000001,0.00575357221532613,-1.1178332567214966
ddqn,42,1210,12247,-10.01,1,0,1,0.8060891666666666,,
ddqn,42,1211,12257,-10.1,10,0,1,0.8059308333333333,0.005000264965929091,-0.89483114083608
ddqn,42,1212,12260,-10.03,3,0,1,0.8058833333333333,0.2704871892929077,-0.7507382035255432
ddqn,42,1213,12264,-10.04,4,0,1,0.80582,0.024077333509922028,-0.9446042776107788
ddqn,42,1214,12268,-10.04,4,0,1,0.8057566666666667,0.007622456178069115,-1.4388325214385986
ddqn,42,1215,12285,-10.17,17,0,1,0.8054875,0.012316497159190476,-1.0047495514154434
ddqn,42,1216,12294,-10.09,9,0,1,0.805345,0.0041880596545524895,-1.1831272840499878
ddqn,42,1217,12305,-10.11,11,0,1,0.8051708333333334,0.004697899722183744,-1.1632767518361409
ddqn,42,1218,12313,-10.08,8,0,1,0.8050441666666667,0.003503999439999461,-0.9493304491043091
ddqn,42,1219,12328,-10.15,15,0,1,0.8048066666666667,0.008845560369081795,-0.9366888850927353
ddqn,42,1220,12333,-10.049999999999999,5,0,1,0.8047275,0.006676060147583485,-1.5068354606628418
ddqn,42,1221,12348,-10.15,15,0,1,0.80449,0.0025290754856541753,-1.0589610114693642
ddqn,42,1222,12366,-10.18,18,0,1,0.8042050000000001,0.005643821612466127,-0.8462927043437958
ddqn,42,1223,12420,-10.54,54,0,1,0.80335,0.00417935212941042,-1.2182940319180489
ddqn,42,1224,12441,-10.209999999999999,21,0,1,0.8030174999999999,0.003115821536630392,-0.8736106991767884
ddqn,42,1225,12451,-10.1,10,0,1,0.8028591666666667,0.0038897061021998525,-1.3226490020751953
ddqn,42,1226,12458,-10.07,7,0,1,0.8027483333333334,0.003563258098438382,-1.571056306362152
ddqn,42,1227,12468,-10.1,10,0,1,0.80259,0.004732904257252812,-1.1364871263504028
ddqn,42,1228,12474,-10.06,6,0,1,0.802495,0.0012457118136808276,-1.3257930278778076
ddqn,42,1229,12486,-10.12,12,0,1,0.802305,0.004914212816705306,-1.0888391733169556
ddqn,42,1230,12493,-10.07,7,0,1,0.8021941666666667,0.003303124220110476,-0.6562221646308899
ddqn,42,1231,12495,-10.02,2,0,1,0.8021625,,
ddqn,42,1232,12496,-10.01,1,0,1,0.8021466666666667,0.005894790403544903,-0.8566689491271973
ddqn,42,1233,12508,-10.12,12,0,1,0.8019566666666667,0.0032999704126268625,-1.2779626846313477
ddqn,42,1234,12518,-10.1,10,0,1,0.8017983333333334,0.004602789995260537,-1.3490474224090576
ddqn,42,1235,12530,-10.12,12,0,1,0.8016083333333334,0.0033268305317809186,-0.9237581690152487
ddqn,42,1236,12561,-10.31,31,0,1,0.8011175,0.00835789531993214,-1.1632869318127632
ddqn,42,1237,12572,-10.11,11,0,1,0.8009433333333333,0.026653137678901356,-1.2180113593737285
ddqn,42,1238,12591,-10.19,19,0,1,0.8006425,0.03829564343323,-0.724995031952858
ddqn,42,1239,12612,-10.209999999999999,21,0,1,0.8003100000000001,0.025508571260919172,-0.7566897223393122
ddqn,42,1240,12635,-10.23,23,0,1,0.7999458333333334,0.012688300479203463,-1.1684841156005858
ddqn,42,1241,12657,-10.22,22,0,1,0.7995975,0.07112192424635093,-1.037899911403656
ddqn,42,1242,12667,-10.1,10,0,1,0.7994391666666667,0.012900539906695485,-1.156459927558899
ddqn,42,1243,12690,-10.23,23,0,1,0.799075,0.0702460326331978,-0.9854996701081594
ddqn,42,1244,12694,-10.04,4,0,1,0.7990116666666667,0.04655974358320236,-0.9316835403442383
ddqn,42,1245,12696,-10.02,2,0,1,0.79898,0.046024445444345474,-0.6844846606254578
ddqn,42,1246,12703,-10.07,7,0,1,0.7988691666666667,0.07919059693813324,-1.3299901485443115
ddqn,42,1247,12711,-10.08,8,0,1,0.7987425,0.10880560427904129,-1.468395471572876
ddqn,42,1248,12743,-10.32,32,0,1,0.7982358333333334,0.04167358938138932,-1.0855494663119316
ddqn,42,1249,12755,-10.12,12,0,1,0.7980458333333333,0.01638714224100113,-1.1471344232559204
ddqn,42,1250,12756,-10.01,1,0,1,0.79803,0.010283625684678555,-0.8665267825126648
ddqn,42,1251,12788,-10.32,32,0,1,0.7975233333333334,0.015510438126511872,-1.1443467661738396
ddqn,42,1252,12793,-10.049999999999999,5,0,1,0.7974441666666667,0.012356719933450222,-1.5207552909851074
ddqn,42,1253,12795,-10.02,2,0,1,0.7974125000000001,,
ddqn,42,1254,12830,-10.35,35,0,1,0.7968583333333333,0.013974346479194032,-0.8815342850155301
ddqn,42,1255,12869,-10.39,39,0,1,0.7962408333333333,0.00921785628888756,-1.0133087158203125
ddqn,42,1256,12874,-10.049999999999999,5,0,1,0.7961616666666667,0.0021993103437125683,-1.168698787689209
ddqn,42,1257,12876,-10.02,2,0,1,0.79613,0.0036001140251755714,-0.7122860550880432
ddqn,42,1258,12895,-10.19,19,0,1,0.7958291666666667,0.0029288333462318406,-0.876458503305912
ddqn,42,1259,12904,-10.09,9,0,1,0.7956866666666667,0.004269612409795324,-1.3852183024088542
ddqn,42,1260,12910,-10.06,6,0,1,0.7955916666666667,0.006332698743790388,-1.3132545948028564
ddqn,42,1261,12913,-10.03,3,0,1,0.7955441666666667,0.008675733581185341,-1.6476001739501953
ddqn,42,1262,12927,-10.14,14,0,1,0.7953225,0.003888312028720975,-0.9966073830922445
ddqn,42,1263,12930,-10.03,3,0,1,0.795275,0.002602484542876482,-1.1930360794067383
ddqn,42,1264,12941,-10.11,11,0,1,0.7951008333333334,0.10919321638842423,-1.0939585367838542
ddqn,42,1265,12952,-10.11,11,0,1,0.7949266666666667,0.006068181556959947,-1.2038933634757996
ddqn,42,1266,12954,-10.02,2,0,1,0.794895,,
ddqn,42,1267,12960,-10.06,6,0,1,0.7948,0.011048296932131052,-1.1704543232917786
ddqn,42,1268,12989,-10.29,29,0,1,0.7943408333333333,0.04524413766505729,-0.9009868587766375
ddqn,42,1269,13030,-10.41,41,0,1,0.7936916666666667,0.03164509483613074,-1.151185142993927
ddqn,42,1270,13040,-10.1,10,0,1,0.7935333333333333,0.0038677555470106504,-1.2367060979207356
ddqn,42,1271,13044,-10.04,4,0,1,0.79347,0.0051399776712059975,-0.8935682773590088
ddqn,42,1272,13056,-10.12,12,0,1,0.79328,0.008878376490126053,-1.0877108971277873
ddqn,42,1273,13059,-10.03,3,0,1,0.7932325,,
ddqn,42,1274,13067,-10.08,8,0,1,0.7931058333333334,0.012674357276409864,-0.8380283564329147
ddqn,42,1275,13076,-10.09,9,0,1,0.7929633333333334,0.004612834037592013,-0.525580644607544
ddqn,42,1276,13089,-10.129999999999999,13,0,1,0.7927575,0.016077649779617786,-0.9641759792963663
ddqn,42,1277,13092,-10.03,3,0,1,0.79271,0.03666903078556061,-1.8100119829177856
ddqn,42,1278,13111,-10.19,19,0,1,0.7924091666666666,0.00825107644777745,-1.0544048845767975
ddqn,42,1279,13116,-10.049999999999999,5,0,1,0.79233,0.010778257623314857,-1.132069170475006
ddqn,42,1280,13119,-10.03,3,0,1,0.7922825,,
ddqn,42,1281,13131,-10.12,12,0,1,0.7920925000000001,0.009244755220909914,-1.0198158423105876
ddqn,42,1282,13134,-10.03,3,0,1,0.792045,0.003865673905238509,-1.23377525806427
ddqn,42,1283,13151,-10.17,17,0,1,0.7917758333333333,0.010472003137692809,-1.1470470130443573
ddqn,42,1284,13157,-10.06,6,0,1,0.7916808333333334,0.0223177676089108,-1.3689979016780853
ddqn,42,1285,13199,-10.42,42,0,1,0.7910158333333334,0.011675863002892584,-1.1041060030460357
ddqn,42,1286,13203,-10.04,4,0,1,0.7909525,0.009155633859336376,-1.4302585124969482
ddqn,42,1287,13216,-10.129999999999999,13,0,1,0.7907466666666667,0.00531604461139068,-1.1770022064447403
ddqn,42,1288,13219,-10.03,3,0,1,0.7906991666666667,,
ddqn,42,1289,13234,-10.15,15,0,1,0.7904616666666666,0.08377649536123499,-1.3256504535675049
ddqn,42,1290,13239,-10.049999999999999,5,0,1,0.7903825,0.01156655140221119,-1.4109687805175781
ddqn,42,1291,13243,-10.04,4,0,1,0.7903191666666667,0.017741739749908447,-1.1060110330581665
ddqn,42,1292,13261,-10.18,18,0,1,0.7900341666666667,0.005668842559680342,-1.0222787022590638
ddqn,42,1293,13265,-10.04,4,0,1,0.7899708333333333,0.01766354590654373,-0.9589191675186157
ddqn,42,1294,13267,-10.02,2,0,1,0.7899391666666666,,
ddqn,42,1295,13276,-10.09,9,0,1,0.7897966666666667,0.003169169183820486,-1.0143142143885295
ddqn,42,1296,13280,-10.04,4,0,1,0.7897333333333334,0.015374813228845596,-0.8256692886352539
ddqn,42,1297,13290,-10.1,10,0,1,0.789575,0.0016995459445752203,-0.7212003469467163
ddqn,42,1298,13294,-10.04,4,0,1,0.7895116666666667,0.017855599522590637,-1.8495140075683594
ddqn,42,1299,13297,-10.03,3,0,1,0.7894641666666666,0.0034584561362862587,-0.4631475806236267
ddqn,42,1300,13321,-10.24,24,0,1,0.7890841666666667,0.009197972365655005,-1.0477255831162136
ddqn,42,1301,13324,-10.03,3,0,1,0.7890366666666667,0.002602584194391966,-1.2057961225509644
ddqn,42,1302,13326,-10.02,2,0,1,0.789005,,
ddqn,42,1303,13328,-10.02,2,0,1,0.7889733333333333,0.00959743745625019,-1.0444098711013794
ddqn,42,1304,13332,-10.04,4,0,1,0.78891,0.005687822587788105,-1.6784355640411377
ddqn,42,1305,13335,-10.03,3,0,1,0.7888625,,
ddqn,42,1306,13339,-10.04,4,0,1,0.7887991666666667,0.003121258458122611,-0.7766354084014893
ddqn,42,1307,13362,-10.23,23,0,1,0.788435,0.04989733671148618,-0.8947987755139669
ddqn,42,1308,13390,-10.28,28,0,1,0.7879916666666666,0.0025784718371661647,-0.9737536226000104
ddqn,42,1309,13399,-10.09,9,0,1,0.7878491666666667,0.004684824030846357,-1.4105960726737976
ddqn,42,1310,13431,-10.32,32,0,1,0.7873425000000001,0.0019159956209477969,-1.0221339017152786
ddqn,42,1311,13446,-10.15,15,0,1,0.787105,0.004356486111646518,-1.0794137567281723
ddqn,42,1312,13454,-10.08,8,0,1,0.7869783333333333,0.0026380206691101193,-0.8068288564682007
ddqn,42,1313,13484,-10.3,30,0,1,0.7865033333333333,0.0020492101757554337,-0.7761741895228624
ddqn,42,1314,13494,-10.1,10,0,1,0.7863450000000001,0.0024346011341549456,-0.8225001990795135
ddqn,42,1315,13498,-10.04,4,0,1,0.7862816666666667,0.0026383178774267435,-0.7726752758026123
ddqn,42,1316,13523,-10.25,25,0,1,0.7858858333333334,0.003282051649875939,-1.1912062962849934
ddqn,42,1317,13526,-10.03,3,0,1,0.7858383333333333,0.000990269472822547,-0.5423092842102051
ddqn,42,1318,13528,-10.02,2,0,1,0.7858066666666667,0.002875576028600335,-0.8689342141151428
ddqn,42,1319,13530,-10.02,2,0,1,0.785775,,
ddqn,42,1320,13542,-10.12,12,0,1,0.785585,0.0019813854014500976,-0.7259285847345988
ddqn,42,1321,13551,-10.09,9,0,1,0.7854425,0.0021768956212326884,-1.1239982843399048
ddqn,42,1322,13573,-10.22,22,0,1,0.7850941666666666,0.05581218198252221,-1.1017115116119385
ddqn,42,1323,13578,-10.049999999999999,5,0,1,0.785015,0.0033296269830316305,-1.521220326423645
ddqn,42,1324,13582,-10.04,4,0,1,0.7849516666666667,0.0023313481360673904,-0.867212176322937
ddqn,42,1325,13588,-10.06,6,0,1,0.7848566666666666,0.005477481056004763,-0.9203853905200958
ddqn,42,1326,13596,-10.08,8,0,1,0.78473,0.003297651535831392,-1.107810139656067
ddqn,42,1327,13604,-10.08,8,0,1,0.7846033333333333,0.004254932049661875,-0.9198359251022339
ddqn,42,1328,13607,-10.03,3,0,1,0.7845558333333333,,
ddqn,42,1329,13641,-10.34,34,0,1,0.7840175,0.0028018030312119257,-1.1442525453037686
ddqn,42,1330,13643,-10.02,2,0,1,0.7839858333333334,,
ddqn,42,1331,13653,-10.1,10,0,1,0.7838275,0.09185811211743082,-0.9676387906074524
ddqn,42,1332,13664,-10.11,11,0,1,0.7836533333333333,0.006029109625766675,-1.2062828342119853
ddqn,42,1333,13689,-10.25,25,0,1,0.7832575,0.004445383635660012,-0.9285573164621989
ddqn,42,1334,13696,-10.07,7,0,1,0.7831466666666667,0.004892289172858,-1.1944357752799988
ddqn,42,1335,13705,-10.09,9,0,1,0.7830041666666667,0.0016253673820756376,-0.9711309671401978
ddqn,42,1336,13710,-10.049999999999999,5,0,1,0.782925,0.002475602086633444,-0.4178655445575714
ddqn,42,1337,13715,-10.049999999999999,5,0,1,0.7828458333333334,0.0015037772245705128,-0.5568974614143372
ddqn,42,1338,13732,-10.17,17,0,1,0.7825766666666667,0.003223763220012188,-1.2045695543289185
ddqn,42,1339,13734,-10.02,2,0,1,0.782545,,
ddqn,42,1340,13741,-10.07,7,0,1,0.7824341666666667,0.003718715743161738,-0.903881162405014
ddqn,42,1341,13744,-10.03,3,0,1,0.7823866666666667,0.0038917488418519497,-1.8298996686935425
ddqn,42,1342,13749,-10.049999999999999,5,0,1,0.7823075,0.004878263920545578,-1.098978877067566
ddqn,42,1343,13808,-10.59,59,0,1,0.7813733333333334,0.002617382731599112,-1.220260594288508
ddqn,42,1344,13818,-10.1,10,0,1,0.781215,0.0008723548089619726,-0.966855525970459
ddqn,42,1345,13823,-10.049999999999999,5,0,1,0.7811358333333334,0.003817873541265726,-1.5191538333892822
ddqn,42,1346,13835,-10.12,12,0,1,0.7809458333333333,0.0019314142409712076,-1.2378037373224895
ddqn,42,1347,13842,-10.07,7,0,1,0.7808350000000001,0.0024035623064264655,-1.0935297012329102
ddqn,42,1348,13864,-10.22,22,0,1,0.7804866666666667,0.003045386401936412,-1.1354161500930786
ddqn,42,1349,13867,-10.03,3,0,1,0.7804391666666667,,
ddqn,42,1350,13873,-10.06,6,0,1,0.7803441666666667,0.156039671972394,-1.8170737028121948
ddqn,42,1351,13900,-10.27,27,0,1,0.7799166666666667,0.0013221037391174053,-1.1605678371020727
ddqn,42,1352,13911,-10.11,11,0,1,0.7797425,0.0019732382497750223,-0.8785123527050018
ddqn,42,1353,13913,-10.02,2,0,1,0.7797108333333334,0.0022324114106595516,-1.3781059980392456
ddqn,42,1354,13920,-10.07,7,0,1,0.7796,0.003629314829595387,-1.6121395230293274
ddqn,42,1355,13962,-10.42,42,0,1,0.778935,0.0019714992144145072,-1.0578644037246705
ddqn,42,1356,13970,-10.08,8,0,1,0.7788083333333333,0.0011550295166671276,-1.1182368993759155
ddqn,42,1357,13979,-10.09,9,0,1,0.7786658333333334,0.0014298929600045085,-1.3003292083740234
ddqn,42,1358,13981,-10.02,2,0,1,0.7786341666666666,0.0026096361689269543,-1.0870516300201416
ddqn,42,1359,13993,-10.12,12,0,1,0.7784441666666667,0.0053533941973000765,-1.7842663129170735
ddqn,42,1360,14017,-10.24,24,0,1,0.7780641666666667,0.0014950793702155352,-1.1569438974062602
ddqn,42,1361,14029,-10.12,12,0,1,0.7778741666666666,0.0009390159005609652,-0.8531723618507385
ddqn,42,1362,14046,-10.17,17,0,1,0.777605,0.0017652107635512948,-1.267409011721611
ddqn,42,1363,14050,-10.04,4,0,1,0.7775416666666667,0.0010898523032665253,-0.7425442934036255
ddqn,42,1364,14055,-10.049999999999999,5,0,1,0.7774625,0.000869171810336411,-0.7338190674781799
ddqn,42,1365,14059,-10.04,4,0,1,0.7773991666666666,0.0005874898051843047,-0.4109747111797333
ddqn,42,1366,14064,-10.049999999999999,5,0,1,0.77732,0.0007309631037060171,-0.8650740385055542
ddqn,42,1367,14082,-10.18,18,0,1,0.777035,0.00201975904928986,-0.7866040170192719
ddqn,42,1368,14088,-10.06,6,0,1,0.77694,0.00047514621110167354,-0.564749002456665
ddqn,42,1369,14102,-10.14,14,0,1,0.7767183333333334,0.0021025147871114314,-1.388313889503479
ddqn,42,1370,14115,-10.129999999999999,13,0,1,0.7765125,0.0015243740053847432,-0.6360168854395548
ddqn,42,1371,14143,-10.28,28,0,1,0.7760691666666667,0.0016948388490293706,-0.9740798771381378
ddqn,42,1372,14144,-10.01,1,0,1,0.7760533333333334,0.0014424386899918318,-0.571057140827179
ddqn,42,1373,14156,-10.12,12,0,1,0.7758633333333333,0.002371025698569914,-0.7288249631722769
ddqn,42,1374,14159,-10.03,3,0,1,0.7758158333333334,,
ddqn,42,1375,14174,-10.15,15,0,1,0.7755783333333334,0.07072244663140737,-0.8963480740785599
ddqn,42,1376,14185,-10.11,11,0,1,0.7754041666666667,0.0015147345839068294,-1.076960523923238
ddqn,42,1377,14189,-10.04,4,0,1,0.7753408333333334,0.000621385988779366,-0.7205584049224854
ddqn,42,1378,14199,-10.1,10,0,1,0.7751825,0.0012070270022377372,-0.7228898406028748
ddqn,42,1379,14205,-10.06,6,0,1,0.7750875,0.0024779404047876596,-1.1098954677581787
ddqn,42,1380,14210,-10.049999999999999,5,0,1,0.7750083333333333,0.00310898432508111,-1.1714307069778442
ddqn,42,1381,14212,-10.02,2,0,1,0.7749766666666666,0.0008805216057226062,-1.1753151416778564
ddqn,42,1382,14220,-10.08,8,0,1,0.77485,0.0019830548553727567,-0.8023394346237183
ddqn,42,1383,14245,-10.25,25,0,1,0.7744541666666667,0.0015051435329951346,-1.1807926098505657
ddqn,42,1384,14247,-10.02,2,0,1,0.7744225,,
ddqn,42,1385,14261,-10.14,14,0,1,0.7742008333333333,0.000717924238415435,-0.9143575504422188
ddqn,42,1386,14264,-10.03,3,0,1,0.7741533333333334,0.00022008901578374207,-0.4018375873565674
ddqn,42,1387,14271,-10.07,7,0,1,0.7740425,0.0004460018826648593,-0.7136663198471069
ddqn,42,1388,14282,-10.11,11,0,1,0.7738683333333334,0.0013055038095141451,-0.9261921445528666
ddqn,42,1389,14288,-10.06,6,0,1,0.7737733333333333,0.0004638062746380456,-0.9484726190567017
ddqn,42,1390,14301,-10.129999999999999,13,0,1,0.7735675,0.00173214062427481,-1.1355930765469868
ddqn,42,1391,14373,-10.72,72,0,1,0.7724275,0.0011762907136774932,-1.0870833198229473
ddqn,42,1392,14405,-10.32,32,0,1,0.7719208333333334,0.0017275878199143335,-0.9707999154925346
ddqn,42,1393,14492,-10.870000000000001,87,0,1,0.7705433333333334,0.02760927749808285,-1.1013223420489917
ddqn,42,1394,14509,-10.17,17,0,1,0.7702741666666667,0.001085893192794174,-0.9905491471290588
ddqn,42,1395,14528,-10.19,19,0,1,0.7699733333333334,0.0011689622304402291,-1.2164537191390992
ddqn,42,1396,14552,-10.24,24,0,1,0.7695933333333334,0.001558914906733359,-1.0805735389391582
ddqn,42,1397,14557,-10.049999999999999,5,0,1,0.7695141666666667,0.001785083906725049,-0.8654285669326782
ddqn,42,1398,14560,-10.03,3,0,1,0.7694666666666667,0.002811819314956665,-1.4656527042388916
ddqn,42,1399,14571,-10.11,11,0,1,0.7692924999999999,0.0029806926613673568,-1.125811368227005
ddqn,42,1400,14576,-10.049999999999999,5,0,1,0.7692133333333333,0.0011486981820780784,-0.8754882216453552
ddqn,42,1401,14577,-10.01,1,0,1,0.7691975,,
ddqn,42,1402,14581,-10.04,4,0,1,0.7691341666666667,0.0020744772627949715,-1.0148200988769531
ddqn,42,1403,14583,-10.02,2,0,1,0.7691025,,
ddqn,42,1404,14608,-10.25,25,0,1,0.7687066666666666,0.0449152224048573,-1.1178501333509172
ddqn,42,1405,14610,-10.02,2,0,1,0.768675,,
ddqn,42,1406,14626,-10.16,16,0,1,0.7684216666666667,0.0023529308673460037,-0.7822399437427521
ddqn,42,1407,14637,-10.11,11,0,1,0.7682475,0.002871810031744341,-1.306197166442871
ddqn,42,1408,14639,-10.02,2,0,1,0.7682158333333333,,
ddqn,42,1409,14647,-10.08,8,0,1,0.7680891666666667,0.002558940672315657,-0.7834517359733582
ddqn,42,1410,14649,-10.02,2,0,1,0.7680575000000001,0.002976400312036276,-1.1581089496612549
ddqn,42,1411,14654,-10.049999999999999,5,0,1,0.7679783333333333,0.00029172320500947535,-0.7173774242401123
ddqn,42,1412,14656,-10.02,2,0,1,0.7679466666666667,0.0015361823607236147,-1.0380604267120361
ddqn,42,1413,14660,-10.04,4,0,1,0.7678833333333334,0.0012501670280471444,-1.1929117441177368
ddqn,42,1414,14662,-10.02,2,0,1,0.7678516666666666,,
ddqn,42,1415,14673,-10.11,11,0,1,0.7676775,0.0004448015533853322,-0.46194308002789813
ddqn,42,1416,14681,-10.08,8,0,1,0.7675508333333334,0.000645019463263452,-0.7851854562759399
ddqn,42,1417,14708,-10.27,27,0,1,0.7671233333333334,0.0015403343713842332,-0.9878569117614201
ddqn,42,1418,14711,-10.03,3,0,1,0.7670758333333334,,
ddqn,42,1419,14713,-10.02,2,0,1,0.7670441666666666,0.005942648276686668,-1.609203815460205
ddqn,42,1420,14726,-10.129999999999999,13,0,1,0.7668383333333333,0.0013144520538238187,-1.0419787069161732
ddqn,42,1421,14739,-10.129999999999999,13,0,1,0.7666325,0.001462174851136903,-0.8813068668047587
ddqn,42,1422,14744,-10.049999999999999,5,0,1,0.7665533333333333,0.0023824190720915794,-0.8501297831535339
ddqn,42,1423,14757,-10.129999999999999,13,0,1,0.7663475,0.002578408302118381,-1.4898899793624878
ddqn,42,1424,14763,-10.06,6,0,1,0.7662525,0.0036916572134941816,-0.7421268820762634
ddqn,42,1425,14770,-10.07,7,0,1,0.7661416666666667,0.0034520819026511163,-1.0422508418560028
ddqn,42,1426,14794,-10.24,24,0,1,0.7657616666666667,0.004791415102469425,-0.9786173005898794
ddqn,42,1427,14797,-10.03,3,0,1,0.7657141666666667,0.001577670918777585,-0.7384723424911499
ddqn,42,1428,14803,-10.06,6,0,1,0.7656191666666667,0.002830443438142538,-0.7048769593238831
ddqn,42,1429,14834,-10.31,31,0,1,0.7651283333333334,0.0019371401212993078,-1.176327720284462
ddqn,42,1430,14842,-10.08,8,0,1,0.7650016666666667,0.0008462510595563799,-1.0374619215726852
ddqn,42,1431,14849,-10.07,7,0,1,0.7648908333333333,0.0010183368576690555,-1.2724925875663757
ddqn,42,1432,14850,-10.01,1,0,1,0.764875,,
ddqn,42,1433,14867,-10.17,17,0,1,0.7646058333333333,0.0013346056657610461,-0.7881347239017487
ddqn,42,1434,14887,-10.2,20,0,1,0.7642891666666667,0.001747352781239897,-1.0698639750480652
ddqn,42,1435,14896,-10.09,9,0,1,0.7641466666666666,0.0018434331092673044,-0.9092909495035807
ddqn,42,1436,14900,-10.04,4,0,1,0.7640833333333333,0.30652719736099243,-0.8816406726837158
ddqn,42,1437,14902,-10.02,2,0,1,0.7640516666666667,,
ddqn,42,1438,14906,-10.04,4,0,1,0.7639883333333333,0.0004910631687380373,-1.0409481525421143
ddqn,42,1439,14914,-10.08,8,0,1,0.7638616666666667,0.000947069056564942,-1.0360078811645508
ddqn,42,1440,14919,-10.049999999999999,5,0,1,0.7637825,0.0003629100974649191,-0.726661741733551
ddqn,42,1441,14922,-10.03,3,0,1,0.763735,0.0006341136759147048,-0.7275280952453613
ddqn,42,1442,14927,-10.049999999999999,5,0,1,0.7636558333333333,0.001069523161277175,-1.4838135242462158
ddqn,42,1443,14931,-10.04,4,0,1,0.7635925,0.0006034253165125847,-1.3404163122177124
ddqn,42,1444,14958,-10.27,27,0,1,0.763165,0.001050474463097219,-0.8950574227741787
ddqn,42,1445,14961,-10.03,3,0,1,0.7631175,0.0010195525828748941,-1.192091464996338
ddqn,42,1446,14963,-10.02,2,0,1,0.7630858333333334,,
ddqn,42,1447,14966,-10.03,3,0,1,0.7630383333333334,0.0025251524057239294,-1.7769043445587158
ddqn,42,1448,14969,-10.03,3,0,1,0.7629908333333333,0.0009197697509080172,-0.8699911832809448
ddqn,42,1449,14975,-10.06,6,0,1,0.7628958333333333,0.000585583969950676,-0.7192100882530212
ddqn,42,1450,14978,-10.03,3,0,1,0.7628483333333334,0.2963438034057617,-0.8692142963409424
ddqn,42,1451,14981,-10.03,3,0,1,0.7628008333333334,0.0004485138924792409,-0.564068615436554
ddqn,42,1452,14994,-10.129999999999999,13,0,1,0.762595,0.0011011358389320474,-0.7169894774754842
ddqn,42,1453,14996,-10.02,2,0,1,0.7625633333333334,0.0023702317848801613,-1.7796180248260498
ddqn,42,1454,15042,-10.46,46,0,1,0.761835,0.0012373187372841958,-1.0434001250700518
ddqn,42,1455,15045,-10.03,3,0,1,0.7617875000000001,0.2950068414211273,-1.0178782939910889
ddqn,42,1456,15066,-10.209999999999999,21,0,1,0.761455,0.0013388017425313592,-1.0859756469726562
ddqn,42,1457,15069,-10.03,3,0,1,0.7614075,0.002352236770093441,-0.9010234475135803
ddqn,42,1458,15085,-10.16,16,0,1,0.7611541666666667,0.0017583035951247439,-1.1789317578077316
ddqn,42,1459,15096,-10.11,11,0,1,0.76098,0.0015613642365982134,-1.1341712872187297
ddqn,42,1460,15098,-10.02,2,0,1,0.7609483333333333,,
ddqn,42,1461,15103,-10.049999999999999,5,0,1,0.7608691666666667,0.30246618390083313,-0.8872246146202087
ddqn,42,1462,15114,-10.11,11,0,1,0.760695,0.00357769305507342,-0.7563919623692831
ddqn,42,1463,15121,-10.07,7,0,1,0.7605841666666666,0.0007563149847555906,-0.8852993845939636
ddqn,42,1464,15129,-10.08,8,0,1,0.7604575,0.0005525498709175736,-0.4163403660058975
ddqn,42,1465,15134,-10.049999999999999,5,0,1,0.7603783333333334,0.001085180090740323,-0.8767515420913696
ddqn,42,1466,15148,-10.14,14,0,1,0.7601566666666667,0.001805078354664147,-0.9019487202167511
ddqn,42,1467,15151,-10.03,3,0,1,0.7601091666666666,,
ddqn,42,1468,15160,-10.09,9,0,1,0.7599666666666667,0.0019002892998590444,-1.04520845413208
ddqn,42,1469,15162,-10.02,2,0,1,0.759935,,
ddqn,42,1470,15172,-10.1,10,0,1,0.7597766666666667,0.0017714316491037607,-0.8616737922032675
ddqn,42,1471,15224,-10.52,52,0,1,0.7589533333333334,0.023882530508742023,-1.0180831184754005
ddqn,42,1472,15232,-10.08,8,0,1,0.7588266666666666,0.003109046258032322,-0.8413021862506866
ddqn,42,1473,15247,-10.15,15,0,1,0.7585891666666666,0.00634962801511089,-1.27025310198466
ddqn,42,1474,15257,-10.1,10,0,1,0.7584308333333334,0.002017505932599306,-0.8805951178073883
ddqn,42,1475,15268,-10.11,11,0,1,0.7582566666666667,0.004556558987436195,-1.1635215083758037
ddqn,42,1476,15273,-10.049999999999999,5,0,1,0.7581775,0.002531962236389518,-0.7151140570640564
ddqn,42,1477,15280,-10.07,7,0,1,0.7580666666666667,0.0025486874510534108,-0.9714463353157043
ddqn,42,1478,15289,-10.09,9,0,1,0.7579241666666666,0.0016985348775051534,-1.0501877665519714
ddqn,42,1479,15295,-10.06,6,0,1,0.7578291666666667,0.0010665637673810124,-1.0381619930267334
ddqn,42,1480,15315,-10.2,20,0,1,0.7575125,0.0025781941367313266,-0.8747185349464417
ddqn,42,1481,15317,-10.02,2,0,1,0.7574808333333334,0.0006446295883506536,-1.0256463289260864
ddqn,42,1482,15326,-10.09,9,0,1,0.7573383333333333,0.0019610506715252995,-1.3198070526123047
ddqn,42,1483,15331,-10.049999999999999,5,0,1,0.7572591666666667,0.0013136579655110836,-0.39875850081443787
ddqn,42,1484,15368,-10.37,37,0,1,0.7566733333333333,0.001474372818483971,-0.9870985329151154
ddqn,42,1485,15371,-10.03,3,0,1,0.7566258333333333,,
ddqn,42,1486,15381,-10.1,10,0,1,0.7564675,0.0017175367296052475,-1.2262310981750488
ddqn,42,1487,15388,-10.07,7,0,1,0.7563566666666667,0.0009144173818640411,-0.9648626744747162
ddqn,42,1488,15394,-10.06,6,0,1,0.7562616666666667,0.0013932163128629327,-1.043701410293579
ddqn,42,1489,15398,-10.04,4,0,1,0.7561983333333333,0.0017753804568201303,-1.0362635850906372
ddqn,42,1490,15409,-10.11,11,0,1,0.7560241666666667,0.0018126021410959463,-1.1715761224428813
ddqn,42,1491,15412,-10.03,3,0,1,0.7559766666666666,0.0008057598024606705,-1.6611584424972534
ddqn,42,1492,15419,-10.07,7,0,1,0.7558658333333333,0.2501741349697113,-0.9932714104652405
ddqn,42,1493,15427,-10.08,8,0,1,0.7557391666666666,0.004921590676531196,-0.7030247896909714
ddqn,42,1494,15429,-10.02,2,0,1,0.7557075,0.0024923672899603844,-0.7046483755111694
ddqn,42,1495,15436,-10.07,7,0,1,0.7555966666666667,0.0033806138089857996,-0.9510583281517029
ddqn,42,1496,15440,-10.04,4,0,1,0.7555333333333334,0.00421512546017766,-1.217021107673645
ddqn,42,1497,15460,-10.2,20,0,1,0.7552166666666666,0.005204959027469158,-0.8046710729598999
ddqn,42,1498,15463,-10.03,3,0,1,0.7551691666666667,,
ddqn,42,1499,15465,-10.02,2,0,1,0.7551375,0.0010537526104599237,-0.5737372040748596
ddqn,42,1500,15475,-10.1,10,0,1,0.7549791666666666,0.006489982130005956,-1.0649202167987823
ddqn,42,1501,15479,-10.04,4,0,1,0.7549158333333333,0.0013787501957267523,-1.1883702278137207
ddqn,42,1502,15482,-10.03,3,0,1,0.7548683333333334,0.29546165466308594,-1.736600637435913
ddqn,42,1503,15484,-10.02,2,0,1,0.7548366666666667,0.010515428148210049,-0.8320865631103516
ddqn,42,1504,15490,-10.06,6,0,1,0.7547416666666666,0.0027844849973917007,-0.8548943996429443
ddqn,42,1505,15507,-10.17,17,0,1,0.7544725,0.003076567329117097,-1.08777916431427
ddqn,42,1506,15526,-10.19,19,0,1,0.7541716666666667,0.0036723798606544734,-0.766669112443924
ddqn,42,1507,15532,-10.06,6,0,1,0.7540766666666666,0.004438076401129365,-0.9005464315414429
ddqn,42,1508,15537,-10.049999999999999,5,0,1,0.7539975,0.008669517002999783,-0.9114543199539185
ddqn,42,1509,15539,-10.02,2,0,1,0.7539658333333333,,
ddqn,42,1510,15546,-10.07,7,0,1,0.753855,0.007052327040582895,-1.0178574323654175
ddqn,42,1511,15556,-10.1,10,0,1,0.7536966666666667,0.003582826815545559,-1.080025593439738
ddqn,42,1512,15561,-10.049999999999999,5,0,1,0.7536175,0.007229074835777283,-1.5418486595153809
ddqn,42,1513,15563,-10.02,2,0,1,0.7535858333333333,,
ddqn,42,1514,15578,-10.15,15,0,1,0.7533483333333333,0.002531830541556701,-0.9404050707817078
ddqn,42,1515,15588,-10.1,10,0,1,0.75319,0.004519599101816614,-1.348576029141744
ddqn,42,1516,15602,-10.14,14,0,1,0.7529683333333334,0.002296687821702411,-1.119262437025706
ddqn,42,1517,15612,-10.1,10,0,1,0.75281,0.0008186926910032829,-0.9322192867596945
ddqn,42,1518,15630,-10.18,18,0,1,0.752525,0.004311521159252152,-1.2522642016410828
ddqn,42,1519,15644,-10.14,14,0,1,0.7523033333333333,0.0020431177399586886,-1.2002745419740677
ddqn,42,1520,15646,-10.02,2,0,1,0.7522716666666667,,
ddqn,42,1521,15652,-10.06,6,0,1,0.7521766666666667,0.002831502177286893,-0.7766489684581757
ddqn,42,1522,15672,-10.2,20,0,1,0.75186,0.0012880149006377906,-0.7570618391036987
ddqn,42,1523,15677,-10.049999999999999,5,0,1,0.7517808333333333,0.0025513586588203907,-0.7218202352523804
ddqn,42,1524,15727,-10.5,50,0,1,0.7509891666666667,0.0014843048217395942,-1.1085448960463207
ddqn,42,1525,15757,-10.3,30,0,1,0.7505141666666667,0.0010019348264904693,-1.1873876228928566
ddqn,42,1526,15787,-10.3,30,0,1,0.7500391666666667,0.0008296119589691184,-1.0723950011389596
ddqn,42,1527,15804,-10.17,17,0,1,0.74977,0.0005993880069581792,-0.9921488523483276
ddqn,42,1528,15812,-10.08,8,0,1,0.7496433333333333,0.0021093561954330653,-0.9720591306686401
ddqn,42,1529,15838,-10.26,26,0,1,0.7492316666666667,0.051543691234352686,-1.1705998579661052
ddqn,42,1530,15840,-10.02,2,0,1,0.7492,0.003381834365427494,-0.9050341844558716
ddqn,42,1531,15894,-10.54,54,0,1,0.748345,0.004502995028675427,-1.0791697708460002
ddqn,42,1532,15895,-10.01,1,0,1,0.7483291666666667,,
ddqn,42,1533,15905,-10.1,10,0,1,0.7481708333333333,0.001150598768920948,-0.8328418036301931
ddqn,42,1534,15906,-10.01,1,0,1,0.748155,,
ddqn,42,1535,15919,-10.129999999999999,13,0,1,0.7479491666666667,0.004408869426697493,-0.9516596297423044
ddqn,42,1536,15927,-10.08,8,0,1,0.7478225000000001,0.008515543071553111,-1.3927651643753052
ddqn,42,1537,15943,-10.16,16,0,1,0.7475691666666666,0.004960683610988781,-1.066070944070816
ddqn,42,1538,15955,-10.12,12,0,1,0.7473791666666667,0.010269361974981924,-1.1684075593948364
ddqn,42,1539,15973,-10.18,18,0,1,0.7470941666666666,0.020651461090892553,-0.9911539316177368
ddqn,42,1540,15976,-10.03,3,0,1,0.7470466666666666,0.019716843962669373,-0.7892782092094421
ddqn,42,1541,15980,-10.04,4,0,1,0.7469833333333333,0.0004342435859143734,-0.4129546284675598
ddqn,42,1542,15988,-10.08,8,0,1,0.7468566666666667,0.016036313492804766,-1.1906913816928864
ddqn,42,1543,15990,-10.02,2,0,1,0.7468250000000001,,
ddqn,42,1544,15999,-10.09,9,0,1,0.7466825,0.0070893585216254,-1.1076005697250366
ddqn,42,1545,16035,-10.36,36,0,1,0.7461125,0.07800596807565954,-1.404993838734097
ddqn,42,1546,16053,-10.18,18,0,1,0.7458275,0.018177699856460096,-1.179848885536194
ddqn,42,1547,16056,-10.03,3,0,1,0.74578,0.0029885468538850546,-1.5230484008789062
ddqn,42,1548,16059,-10.03,3,0,1,0.7457325,,
ddqn,42,1549,16063,-10.04,4,0,1,0.7456691666666666,0.005971742328256369,-0.552789032459259
ddqn,42,1550,16067,-10.04,4,0,1,0.7456058333333333,0.012911668047308922,-0.8465033173561096
ddqn,42,1551,16074,-10.07,7,0,1,0.745495,0.009849498514086008,-0.8795377016067505
ddqn,42,1552,16076,-10.02,2,0,1,0.7454633333333334,0.007741645444184542,-1.231525182723999
ddqn,42,1553,16081,-10.049999999999999,5,0,1,0.7453841666666667,0.006590507924556732,-1.3819313049316406
ddqn,42,1554,16084,-10.03,3,0,1,0.7453366666666666,0.01131761260330677,-0.9231749773025513
ddqn,42,1555,16107,-10.23,23,0,1,0.7449725,0.06465851054526865,-1.102586317062378
ddqn,42,1556,16117,-10.1,10,0,1,0.7448141666666667,0.007980300579220057,-1.293464223543803
ddqn,42,1557,16126,-10.09,9,0,1,0.7446716666666666,0.013530098367482424,-0.9880711436271667
ddqn,42,1558,16136,-10.1,10,0,1,0.7445133333333334,0.009786261556049189,-0.8881773551305135
ddqn,42,1559,16139,-10.03,3,0,1,0.7444658333333334,,
ddqn,42,1560,16149,-10.1,10,0,1,0.7443075,0.004043717208939294,-0.8675349354743958
ddqn,42,1561,16151,-10.02,2,0,1,0.7442758333333334,,
ddqn,42,1562,16156,-10.049999999999999,5,0,1,0.7441966666666666,0.010109816212207079,-0.8361201584339142
ddqn,42,1563,16172,-10.16,16,0,1,0.7439433333333334,0.00764975743368268,-0.8101357668638229
ddqn,42,1564,16178,-10.06,6,0,1,0.7438483333333333,0.012479458004236221,-1.0431053638458252
ddqn,42,1565,16182,-10.04,4,0,1,0.743785,0.006051250733435154,-1.421496868133545
ddqn,42,1566,16184,-10.02,2,0,1,0.7437533333333334,0.01854305900633335,-1.2988255023956299
ddqn,42,1567,16189,-10.049999999999999,5,0,1,0.7436741666666666,0.005273031070828438,-1.0856666564941406
ddqn,42,1568,16205,-10.16,16,0,1,0.7434208333333334,0.007237693353090435,-0.7903363928198814
ddqn,42,1569,16209,-10.04,4,0,1,0.7433575,0.004709245637059212,-1.0664453506469727
ddqn,42,1570,16213,-10.04,4,0,1,0.7432941666666667,0.006798519287258387,-1.3929388523101807
ddqn,42,1571,16218,-10.049999999999999,5,0,1,0.743215,0.017443150281906128,-1.9027653932571411
ddqn,42,1572,16222,-10.04,4,0,1,0.7431516666666667,0.002929496578872204,-1.03361177444458
ddqn,42,1573,16234,-10.12,12,0,1,0.7429616666666667,0.006102917521881561,-1.1034541130065918
ddqn,42,1574,16244,-10.1,10,0,1,0.7428033333333334,0.00797838601283729,-1.3459982872009277
ddqn,42,1575,16270,-10.26,26,0,1,0.7423916666666667,0.008538452714371184,-1.0199172894159954
ddqn,42,1576,16281,-10.11,11,0,1,0.7422175,0.005358924662383894,-1.0495256582895915
ddqn,42,1577,16289,-10.08,8,0,1,0.7420908333333334,0.006518007721751928,-0.7273184359073639
ddqn,42,1578,16292,-10.03,3,0,1,0.7420433333333334,0.0025362432934343815,-0.5893851518630981
ddqn,42,1579,16312,-10.2,20,0,1,0.7417266666666666,0.005365222599357367,-1.2475595474243164
ddqn,42,1580,16315,-10.03,3,0,1,0.7416791666666667,,
ddqn,42,1581,16352,-10.37,37,0,1,0.7410933333333334,0.0038611207506619393,-1.1643176317214965
ddqn,42,1582,16356,-10.04,4,0,1,0.7410300000000001,0.00589014682918787,-1.192124605178833
ddqn,42,1583,16363,-10.07,7,0,1,0.7409191666666667,0.0014231163077056408,-0.9251327514648438
ddqn,42,1584,16404,-10.41,41,0,1,0.74027,0.031777453926307236,-1.0539246824654667
ddqn,42,1585,16421,-10.17,17,0,1,0.7400008333333333,0.06907212769147009,-1.061749890446663
ddqn,42,1586,16424,-10.03,3,0,1,0.7399533333333334,0.0010517851915210485,-0.9153237342834473
ddqn,42,1587,16442,-10.18,18,0,1,0.7396683333333334,0.003932545136194676,-1.1362114250659943
ddqn,42,1588,16447,-10.049999999999999,5,0,1,0.7395891666666667,0.0028321410063654184,-0.8836455345153809
ddqn,42,1589,16451,-10.04,4,0,1,0.7395258333333333,0.0038544677663594484,-0.8736457228660583
ddqn,42,1590,16461,-10.1,10,0,1,0.7393675,0.00486252394815286,-1.343623399734497
ddqn,42,1591,16466,-10.049999999999999,5,0,1,0.7392883333333333,0.0030526933260262012,-1.2302628755569458
ddqn,42,1592,16472,-10.06,6,0,1,0.7391933333333334,0.0019247136660851538,-1.224139779806137
ddqn,42,1593,16477,-10.049999999999999,5,0,1,0.7391141666666667,0.0010847777593880892,-0.583897054195404
ddqn,42,1594,16491,-10.14,14,0,1,0.7388925,0.09212236075351636,-0.8275286753972372
ddqn,42,1595,16500,-10.09,9,0,1,0.73875,0.0024744547360266247,-0.7417556742827097
ddqn,42,1596,16520,-10.2,20,0,1,0.7384333333333334,0.0022197757149115204,-0.9211660623550415
ddqn,42,1597,16534,-10.14,14,0,1,0.7382116666666667,0.0076874626489977045,-1.1560242374738057
ddqn,42,1598,16536,-10.02,2,0,1,0.7381800000000001,0.009966078214347363,-1.255516767501831
ddqn,42,1599,16544,-10.08,8,0,1,0.7380533333333333,0.00483307265676558,-0.9905650317668915
ddqn,42,1600,16590,-10.46,46,0,1,0.737325,0.0060834029625931926,-0.9305201118642633
ddqn,42,1601,16592,-10.02,2,0,1,0.7372933333333334,0.002580350497737527,-1.0868330001831055
ddqn,42,1602,16597,-10.049999999999999,5,0,1,0.7372141666666667,0.28571274876594543,-0.8938299417495728
ddqn,42,1603,16602,-10.049999999999999,5,0,1,0.737135,0.0036754312459379435,-1.5255070924758911
ddqn,42,1604,16610,-10.08,8,0,1,0.7370083333333334,0.004092359216883779,-0.8667387962341309
ddqn,42,1605,16631,-10.209999999999999,21,0,1,0.7366758333333334,0.0029475326184183357,-0.9742031455039978
ddqn,42,1606,16644,-10.129999999999999,13,0,1,0.73647,0.003690846438985318,-1.151970088481903
ddqn,42,1607,16649,-10.049999999999999,5,0,1,0.7363908333333333,0.0038008689880371094,-1.3644300699234009
ddqn,42,1608,16653,-10.04,4,0,1,0.7363275,0.0025694500654935837,-0.9218729138374329
ddqn,42,1609,16659,-10.06,6,0,1,0.7362325000000001,0.0017337002791464329,-1.6951717138290405
ddqn,42,1610,16680,-10.209999999999999,21,0,1,0.7359,0.047107105783652514,-0.9284526606400808
ddqn,42,1611,16686,-10.06,6,0,1,0.735805,0.0033885075245052576,-0.7744827270507812
ddqn,42,1612,16715,-10.29,29,0,1,0.7353458333333334,0.0031704639550298452,-1.2364216106278556
ddqn,42,1613,16719,-10.04,4,0,1,0.7352825000000001,0.0014827080303803086,-0.5919134616851807
ddqn,42,1614,16755,-10.36,36,0,1,0.7347125,0.06882012301745515,-1.2303151819441054
ddqn,42,1615,16758,-10.03,3,0,1,0.734665,0.2806153893470764,-1.166409969329834
ddqn,42,1616,16764,-10.06,6,0,1,0.7345700000000001,0.016238712705671787,-1.0696020126342773
ddqn,42,1617,16766,-10.02,2,0,1,0.7345383333333333,,
ddqn,42,1618,16785,-10.19,19,0,1,0.7342375,0.0075126588344573975,-1.016091024875641
ddqn,42,1619,16788,-10.03,3,0,1,0.73419,0.004427148960530758,-0.5556455850601196
ddqn,42,1620,16806,-10.18,18,0,1,0.733905,0.006625860987696797,-0.8469795286655426
ddqn,42,1621,16809,-10.03,3,0,1,0.7338575,0.009532550349831581,-1.2630234956741333
ddqn,42,1622,16811,-10.02,2,0,1,0.7338258333333334,,
ddqn,42,1623,16816,-10.049999999999999,5,0,1,0.7337466666666667,0.002315348363481462,-0.9771296679973602
ddqn,42,1624,16823,-10.07,7,0,1,0.7336358333333334,0.011693507432937622,-0.7107985019683838
ddqn,42,1625,16828,-10.049999999999999,5,0,1,0.7335566666666666,0.13152939709834754,-1.1043633222579956
ddqn,42,1626,16850,-10.22,22,0,1,0.7332083333333334,0.009573178319260477,-1.2609197974205018
ddqn,42,1627,16856,-10.06,6,0,1,0.7331133333333333,0.013331963680684566,-1.0716563165187836
ddqn,42,1628,16860,-10.04,4,0,1,0.73305,0.01668475568294525,-1.2848201990127563
ddqn,42,1629,16867,-10.07,7,0,1,0.7329391666666667,0.0013221486005932093,-1.0609281063079834
ddqn,42,1630,16869,-10.02,2,0,1,0.7329075,0.004049219191074371,-1.0914306640625
ddqn,42,1631,16875,-10.06,6,0,1,0.7328125000000001,0.006442927289754152,-0.7917913198471069
ddqn,42,1632,16882,-10.07,7,0,1,0.7327016666666667,0.0070258117048069835,-1.4684559106826782
ddqn,42,1633,16886,-10.04,4,0,1,0.7326383333333334,0.011297364719212055,-1.1478559970855713
ddqn,42,1634,16896,-10.1,10,0,1,0.73248,0.0074537073184425635,-1.4488316377003987
ddqn,42,1635,16944,-10.48,48,0,1,0.73172,0.0035422144089049348,-1.183613787094752
ddqn,42,1636,16955,-10.11,11,0,1,0.7315458333333333,0.0023156675160862505,-1.6545796394348145
ddqn,42,1637,16960,-10.049999999999999,5,0,1,0.7314666666666667,0.0017841109656728804,-1.2216709852218628
ddqn,42,1638,16962,-10.02,2,0,1,0.7314350000000001,,
ddqn,42,1639,16969,-10.07,7,0,1,0.7313241666666667,0.0005185703921597451,-0.8955920338630676
ddqn,42,1640,16974,-10.049999999999999,5,0,1,0.731245,0.001731020282022655,-1.1842131614685059
ddqn,42,1641,16986,-10.12,12,0,1,0.731055,0.0017903931050871809,-0.9895691871643066
ddqn,42,1642,16995,-10.09,9,0,1,0.7309125000000001,0.0022500084014609456,-1.1551427245140076
ddqn,42,1643,17024,-10.29,29,0,1,0.7304533333333334,0.0018928841163869947,-1.0876619592308998
ddqn,42,1644,17032,-10.08,8,0,1,0.7303266666666667,0.0008691594703122973,-1.3685055375099182
ddqn,42,1645,17044,-10.12,12,0,1,0.7301366666666667,0.0015950317028909922,-1.5273980696996052
ddqn,42,1646,17061,-10.17,17,0,1,0.7298675,0.0009496493657934479,-1.1793445944786072
ddqn,42,1647,17063,-10.02,2,0,1,0.7298358333333334,,
ddqn,42,1648,17070,-10.07,7,0,1,0.729725,0.0018473187228664756,-0.9478163123130798
ddqn,42,1649,17076,-10.06,6,0,1,0.72963,0.0011638490250334144,-1.1295099258422852
ddqn,42,1650,17087,-10.11,11,0,1,0.7294558333333334,0.0009071126478374936,-0.5307146906852722
ddqn,42,1651,17115,-10.28,28,0,1,0.7290125000000001,0.0010168238659389317,-1.0123913884162903
ddqn,42,1652,17119,-10.04,4,0,1,0.7289491666666668,0.00030962855089455843,-0.5861779451370239
ddqn,42,1653,17125,-10.06,6,0,1,0.7288541666666667,0.0008597459236625582,-0.9660705924034119
ddqn,42,1654,17159,-10.34,34,0,1,0.7283158333333334,0.001343897580227349,-1.1412221193313599
ddqn,42,1655,17163,-10.04,4,0,1,0.7282525,0.002463975688442588,-0.7390010356903076
ddqn,42,1656,17169,-10.06,6,0,1,0.7281575,0.0008955500525189564,-0.6557886451482773
ddqn,42,1657,17207,-10.38,38,0,1,0.7275558333333334,0.0011715989417603447,-0.9737069143189324
ddqn,42,1658,17237,-10.3,30,0,1,0.7270808333333334,0.0007956368663144531,-1.111412689089775
ddqn,42,1659,17242,-10.049999999999999,5,0,1,0.7270016666666668,0.00040860328590497375,-1.06267249584198
ddqn,42,1660,17256,-10.14,14,0,1,0.72678,0.0013709812046727166,-1.0565374791622162
ddqn,42,1661,17264,-10.08,8,0,1,0.7266533333333334,0.0008740078192204237,-0.9084507822990417
ddqn,42,1662,17280,-10.16,16,0,1,0.7264,0.00150411477079615,-1.0103626400232315
ddqn,42,1663,17285,-10.049999999999999,5,0,1,0.7263208333333333,0.0012345969444140792,-1.2076785564422607
ddqn,42,1664,17296,-10.11,11,0,1,0.7261466666666667,0.0015866115766887863,-1.071835418542226
ddqn,42,1665,17311,-10.15,15,0,1,0.7259091666666667,0.0023069576709531248,-1.4009644587834675
ddqn,42,1666,17318,-10.07,7,0,1,0.7257983333333333,0.0012693626922555268,-1.289718508720398
ddqn,42,1667,17327,-10.09,9,0,1,0.7256558333333334,0.002122500620316714,-1.159772276878357
ddqn,42,1668,17350,-10.23,23,0,1,0.7252916666666667,0.0019206326517936152,-1.123517279823621
ddqn,42,1669,17357,-10.07,7,0,1,0.7251808333333334,0.005605881800875068,-1.1646764278411865
ddqn,42,1670,17359,-10.02,2,0,1,0.7251491666666667,,
ddqn,42,1671,17405,-10.46,46,0,1,0.7244208333333333,0.0016874279087157145,-0.9246117870012919
ddqn,42,1672,17413,-10.08,8,0,1,0.7242941666666667,0.0022385754564311355,-1.504449486732483
ddqn,42,1673,17414,-10.01,1,0,1,0.7242783333333334,,
ddqn,42,1674,17420,-10.06,6,0,1,0.7241833333333334,0.0013572569587267935,-0.9288795292377472
ddqn,42,1675,17424,-10.04,4,0,1,0.7241200000000001,0.009047710336744785,-1.7355786561965942
ddqn,42,1676,17438,-10.14,14,0,1,0.7238983333333333,0.004631593978653352,-1.2428175608317058
ddqn,42,1677,17444,-10.06,6,0,1,0.7238033333333334,0.0008085252193268389,-0.8936176896095276
ddqn,42,1678,17457,-10.129999999999999,13,0,1,0.7235975,0.0034505679892996946,-1.3377436399459839
ddqn,42,1679,17465,-10.08,8,0,1,0.7234708333333333,0.15342359989881516,-1.258631408214569
ddqn,42,1680,17475,-10.1,10,0,1,0.7233125,0.002975285751745105,-0.9549432098865509
ddqn,42,1681,17488,-10.129999999999999,13,0,1,0.7231066666666667,0.0034681890392675996,-1.006390854716301
ddqn,42,1682,17492,-10.04,4,0,1,0.7230433333333334,0.0013893478317186236,-0.9023689031600952
ddqn,42,1683,17514,-10.22,22,0,1,0.7226950000000001,0.0026785452384501694,-0.9960426449775696
ddqn,42,1684,17518,-10.04,4,0,1,0.7226316666666667,0.0005776768084615469,-1.2117700576782227
ddqn,42,1685,17530,-10.12,12,0,1,0.7224416666666666,0.0012757626827806234,-1.3513589302698772
ddqn,42,1686,17536,-10.06,6,0,1,0.7223466666666667,0.0007649788312846795,-0.9043239951133728
ddqn,42,1687,17564,-10.28,28,0,1,0.7219033333333333,0.0010500575049913355,-1.083018617970603
ddqn,42,1688,17575,-10.11,11,0,1,0.7217291666666668,0.0019483434152789414,-1.2153047919273376
ddqn,42,1689,17591,-10.16,16,0,1,0.7214758333333333,0.00127283445908688,-1.3991044163703918
ddqn,42,1690,17599,-10.08,8,0,1,0.7213491666666667,0.13967156881699339,-0.8108744025230408
ddqn,42,1691,17600,-10.01,1,0,1,0.7213333333333334,0.00131118088029325,-1.3518179655075073
ddqn,42,1692,17604,-10.04,4,0,1,0.7212700000000001,0.0015361907426267862,-0.8903703689575195
ddqn,42,1693,17606,-10.02,2,0,1,0.7212383333333334,,
ddqn,42,1694,17620,-10.14,14,0,1,0.7210166666666666,0.0014165267639327794,-0.949129581451416
ddqn,42,1695,17626,-10.06,6,0,1,0.7209216666666667,0.0010096742771565914,-0.9176119565963745
ddqn,42,1696,17635,-10.09,9,0,1,0.7207791666666667,0.002071839990094304,-1.0567889511585236
ddqn,42,1697,17639,-10.04,4,0,1,0.7207158333333333,0.0011454790364950895,-1.8147019147872925
ddqn,42,1698,17643,-10.04,4,0,1,0.7206525,0.0018660289933905005,-1.66587233543396
ddqn,42,1699,17666,-10.23,23,0,1,0.7202883333333334,0.002292041084729135,-1.189030408859253
ddqn,42,1700,17670,-10.04,4,0,1,0.720225,0.0003906936035491526,-1.0664958953857422
ddqn,42,1701,17673,-10.03,3,0,1,0.7201775,0.0016086578834801912,-1.6922802925109863
ddqn,42,1702,17685,-10.12,12,0,1,0.7199875,0.08855850059383859,-0.8430450359980265
ddqn,42,1703,17695,-10.1,10,0,1,0.7198291666666667,0.006485845427960157,-1.3924697041511536
ddqn,42,1704,17700,-10.049999999999999,5,0,1,0.71975,0.0021851970814168453,-1.3641780614852905
ddqn,42,1705,17709,-10.09,9,0,1,0.7196075,0.008389018476009369,-1.1822301149368286
ddqn,42,1706,17725,-10.16,16,0,1,0.7193541666666667,0.0061354757053777575,-1.2020304799079895
ddqn,42,1707,17728,-10.03,3,0,1,0.7193066666666668,0.0025169681757688522,-1.2282041311264038
ddqn,42,1708,17741,-10.129999999999999,13,0,1,0.7191008333333333,0.001425803794215123,-1.0051368474960327
ddqn,42,1709,17751,-10.1,10,0,1,0.7189425,0.0019162680837325752,-1.0450405776500702
ddqn,42,1710,17764,-10.129999999999999,13,0,1,0.7187366666666667,0.004391354363178834,-0.88211789727211
ddqn,42,1711,17777,-10.129999999999999,13,0,1,0.7185308333333333,0.009330177834878365,-1.2015875379244487
ddqn,42,1712,17794,-10.17,17,0,1,0.7182616666666667,0.0038914665929041803,-1.1764363646507263
ddqn,42,1713,17797,-10.03,3,0,1,0.7182141666666667,0.0013698320835828781,-0.7458564639091492
ddqn,42,1714,17806,-10.09,9,0,1,0.7180716666666667,0.014495628885924816,-1.132494568824768
ddqn,42,1715,17824,-10.18,18,0,1,0.7177866666666667,0.005138211627490818,-1.1771832942962646
ddqn,42,1716,17828,-10.04,4,0,1,0.7177233333333333,0.0020439825020730495,-1.3582627773284912
ddqn,42,1717,17865,-10.37,37,0,1,0.7171375,0.003594680559924907,-1.1872795952690973
ddqn,42,1718,17866,-10.01,1,0,1,0.7171216666666667,,
ddqn,42,1719,17874,-10.08,8,0,1,0.716995,0.002561771485488862,-1.0730435848236084
ddqn,42,1720,17882,-10.08,8,0,1,0.7168683333333334,0.0077918460592627525,-0.8714391887187958
ddqn,42,1721,17917,-10.35,35,0,1,0.7163141666666667,0.03395667612656123,-1.0890832675827875
ddqn,42,1722,17928,-10.11,11,0,1,0.71614,0.08862277279452731,-0.9485500256220499
ddqn,42,1723,17944,-10.16,16,0,1,0.7158866666666667,0.007011644760495983,-1.0856658667325974
ddqn,42,1724,17947,-10.03,3,0,1,0.7158391666666667,,
ddqn,42,1725,17950,-10.03,3,0,1,0.7157916666666666,0.0003612296422943473,-0.446052223443985
ddqn,42,1726,17957,-10.07,7,0,1,0.7156808333333333,0.00120929058175534,-1.1402553617954254
ddqn,42,1727,17967,-10.1,10,0,1,0.7155225000000001,0.00195368001004681,-1.3497394323349
ddqn,42,1728,17974,-10.07,7,0,1,0.7154116666666668,0.0021129954257048666,-1.1363786160945892
ddqn,42,1729,17977,-10.03,3,0,1,0.7153641666666667,0.0022470159456133842,-1.0737361907958984
ddqn,42,1730,17993,-10.16,16,0,1,0.7151108333333334,0.000559908541617915,-0.7890728414058685
ddqn,42,1731,18005,-10.12,12,0,1,0.7149208333333333,0.002171235275454819,-1.2178855737050374
ddqn,42,1732,18030,-10.25,25,0,1,0.7145250000000001,0.00056771202677434,-0.9649297595024109
ddqn,42,1733,18048,-10.18,18,0,1,0.71424,0.0013397213188000023,-1.252702248096466
ddqn,42,1734,18066,-10.18,18,0,1,0.713955,0.0027027037722291425,-1.1656327843666077
ddqn,42,1735,18074,-10.08,8,0,1,0.7138283333333333,0.007956202374771237,-1.0290104448795319
ddqn,42,1736,18092,-10.18,18,0,1,0.7135433333333334,0.00831193095073104,-1.2018856883049012
ddqn,42,1737,18111,-10.19,19,0,1,0.7132425,0.008266818382253405,-0.8354652971029282
ddqn,42,1738,18130,-10.19,19,0,1,0.7129416666666667,0.006212632195092738,-1.5071354866027833
ddqn,42,1739,18133,-10.03,3,0,1,0.7128941666666666,0.005349039100110531,-1.2545742988586426
ddqn,42,1740,18156,-10.23,23,0,1,0.7125300000000001,0.004109874037870516,-1.0684632460276287
ddqn,42,1741,18157,-10.01,1,0,1,0.7125141666666668,,
ddqn,42,1742,18186,-10.29,29,0,1,0.7120550000000001,0.002444327060532357,-1.1131972670555115
ddqn,42,1743,18189,-10.03,3,0,1,0.7120075,0.000982177210971713,-0.6185044050216675
ddqn,42,1744,18194,-10.049999999999999,5,0,1,0.7119283333333333,0.0003387598553672433,-0.46341612935066223
ddqn,42,1745,18213,-10.19,19,0,1,0.7116275000000001,0.05545720436493866,-0.9313442707061768
ddqn,42,1746,18223,-10.1,10,0,1,0.7114691666666666,0.0014172470546327531,-0.975858062505722
ddqn,42,1747,18241,-10.18,18,0,1,0.7111841666666667,0.0027589329518377783,-0.8982353925704956
ddqn,42,1748,18250,-10.09,9,0,1,0.7110416666666667,0.0014024082920514047,-0.8327040374279022
ddqn,42,1749,18276,-10.26,26,0,1,0.7106300000000001,0.002549168063394193,-0.9393272485051837
ddqn,42,1750,18290,-10.14,14,0,1,0.7104083333333333,0.005525721237063408,-1.5131065448125203
ddqn,42,1751,18299,-10.09,9,0,1,0.7102658333333334,0.0037572591099888086,-1.1703226566314697
ddqn,42,1752,18303,-10.04,4,0,1,0.7102025000000001,0.003367043100297451,-1.5434411764144897
ddqn,42,1753,18312,-10.09,9,0,1,0.7100599999999999,0.0022567123329887786,-0.9934875766436259
ddqn,42,1754,18317,-10.049999999999999,5,0,1,0.7099808333333333,0.0012069160584360361,-1.2226276397705078
ddqn,42,1755,18350,-10.33,33,0,1,0.7094583333333333,0.0021288326097419485,-0.9966790154576302
ddqn,42,1756,18372,-10.22,22,0,1,0.7091099999999999,0.0013680499275020945,-1.0452727377414703
ddqn,42,1757,18390,-10.18,18,0,1,0.708825,0.0006796025554649532,-0.9429244846105576
ddqn,42,1758,18440,-10.5,50,0,1,0.7080333333333333,0.0007147803682108553,-1.0679396161666284
ddqn,42,1759,18451,-10.11,11,0,1,0.7078591666666667,0.0009997314191423357,-0.7612127512693405
ddqn,42,1760,18508,-10.57,57,0,1,0.7069566666666667,0.0005910341550285618,-1.0071694135665894
ddqn,42,1761,18527,-10.19,19,0,1,0.7066558333333333,0.0015750358434161171,-1.7988582849502563
ddqn,42,1762,18540,-10.129999999999999,13,0,1,0.70645,0.0003809216359513812,-0.9920422732830048
ddqn,42,1763,18550,-10.1,10,0,1,0.7062916666666668,0.0026521768304519355,-1.2879047393798828
ddqn,42,1764,18565,-10.15,15,0,1,0.7060541666666666,0.0018030707287834957,-1.5368931889533997
ddqn,42,1765,18566,-10.01,1,0,1,0.7060383333333333,,
ddqn,42,1766,18576,-10.1,10,0,1,0.7058800000000001,0.000569161660678219,-0.9077216585477194
ddqn,42,1767,18588,-10.12,12,0,1,0.7056899999999999,0.0009089644105794529,-1.0233296354611714
ddqn,42,1768,18602,-10.14,14,0,1,0.7054683333333334,0.0003694001352414489,-0.9673862258593241
ddqn,42,1769,18610,-10.08,8,0,1,0.7053416666666668,0.00026107702433364466,-0.6794203519821167
ddqn,42,1770,18622,-10.12,12,0,1,0.7051516666666666,0.0017141443289195497,-1.0691555937131245
ddqn,42,1771,18632,-10.1,10,0,1,0.7049933333333334,0.0004215659185623129,-1.0180768966674805
ddqn,42,1772,18636,-10.04,4,0,1,0.7049300000000001,0.004473146982491016,-0.7420350313186646
ddqn,42,1773,18644,-10.08,8,0,1,0.7048033333333334,0.0002812651073327288,-1.1485232710838318
ddqn,42,1774,18647,-10.03,3,0,1,0.7047558333333332,,
ddqn,42,1775,18651,-10.04,4,0,1,0.7046924999999999,0.00035420447238720953,-0.7711543440818787
ddqn,42,1776,18684,-10.33,33,0,1,0.70417,0.0022331959917210042,-1.3974856336911519
ddqn,42,1777,18689,-10.049999999999999,5,0,1,0.7040908333333333,0.0012690109433606267,-1.059403896331787
ddqn,42,1778,18695,-10.06,6,0,1,0.7039958333333334,0.0007932380540296435,-0.5960646867752075
ddqn,42,1779,18705,-10.1,10,0,1,0.7038375,0.0008076694599973658,-0.9655576546986898
ddqn,42,1780,18710,-10.049999999999999,5,0,1,0.7037583333333333,0.002147458493709564,-1.22486412525177
ddqn,42,1781,18712,-10.02,2,0,1,0.7037266666666666,0.0023394282907247543,-1.2246673107147217
ddqn,42,1782,18714,-10.02,2,0,1,0.703695,,
ddqn,42,1783,18716,-10.02,2,0,1,0.7036633333333333,0.000440937903476879,-1.230527400970459
ddqn,42,1784,18720,-10.04,4,0,1,0.7036,0.00270656356588006,-1.0596975088119507
ddqn,42,1785,18721,-10.01,1,0,1,0.7035841666666667,,
ddqn,42,1786,18733,-10.12,12,0,1,0.7033941666666668,0.00045895862179653096,-0.715311606725057
ddqn,42,1787,18775,-10.42,42,0,1,0.7027291666666666,0.0010199290307355113,-1.0231098651885986
ddqn,42,1788,18785,-10.1,10,0,1,0.7025708333333334,0.000814652613674601,-0.9716311097145081
ddqn,42,1789,18800,-10.15,15,0,1,0.7023333333333333,0.0007674131120438688,-1.1401980519294739
ddqn,42,1790,18805,-10.049999999999999,5,0,1,0.7022541666666666,0.00023411581059917808,-0.7603603601455688
ddqn,42,1791,18808,-10.03,3,0,1,0.7022066666666666,6.52434682706371e-05,-0.6081825494766235
ddqn,42,1792,18815,-10.07,7,0,1,0.7020958333333334,0.00018151446420233697,-1.2265543937683105
ddqn,42,1793,18833,-10.18,18,0,1,0.7018108333333333,0.00041164623980876057,-1.0108545303344727
ddqn,42,1794,18835,-10.02,2,0,1,0.7017791666666666,,
ddqn,42,1795,18836,-10.01,1,0,1,0.7017633333333333,0.0006542089977301657,-1.2189594507217407
ddqn,42,1796,18847,-10.11,11,0,1,0.7015891666666667,0.0008653084223624319,-1.1347723007202148
ddqn,42,1797,18850,-10.03,3,0,1,0.7015416666666667,0.0001277113042306155,-0.2939850687980652
ddqn,42,1798,18862,-10.12,12,0,1,0.7013516666666666,0.0009031221270561218,-1.2801844278971355
ddqn,42,1799,18869,-10.07,7,0,1,0.7012408333333333,0.0011418726644478738,-1.5367318987846375
ddqn,42,1800,18889,-10.2,20,0,1,0.7009241666666667,0.000489301877678372,-1.1578861951828003
ddqn,42,1801,18893,-10.04,4,0,1,0.7008608333333333,0.0004735171387437731,-1.5259482860565186
ddqn,42,1802,18906,-10.129999999999999,13,0,1,0.700655,0.0005641470052069053,-1.0722715258598328
ddqn,42,1803,18923,-10.17,17,0,1,0.7003858333333333,0.0005576091643888503,-1.2243223935365677
ddqn,42,1804,18933,-10.1,10,0,1,0.7002275,0.0005138920775304238,-1.527789870897929
ddqn,42,1805,18958,-10.25,25,0,1,0.6998316666666666,0.00034698967647273093,-1.019730160633723
ddqn,42,1806,18982,-10.24,24,0,1,0.6994516666666666,0.0010225651106641938,-1.169353077809016
ddqn,42,1807,19009,-10.27,27,0,1,0.6990241666666667,0.03782844058878254,-1.0127216109207697
ddqn,42,1808,19020,-10.11,11,0,1,0.69885,0.005934055040900906,-1.1838449835777283
ddqn,42,1809,19024,-10.04,4,0,1,0.6987866666666667,0.0006542669143527746,-0.3108196258544922
ddqn,42,1810,19046,-10.22,22,0,1,0.6984383333333333,0.0018324216245673597,-0.918836772441864
ddqn,42,1811,19074,-10.28,28,0,1,0.6979949999999999,0.03933036949352494,-0.9504442044666835
ddqn,42,1812,19093,-10.19,19,0,1,0.6976941666666667,0.013811088586226105,-1.0233052968978882
ddqn,42,1813,19100,-10.07,7,0,1,0.6975833333333333,0.007451356388628483,-1.2209084033966064
ddqn,42,1814,19124,-10.24,24,0,1,0.6972033333333334,0.008526786463335156,-1.0003941357135773
ddqn,42,1815,19128,-10.04,4,0,1,0.6971400000000001,0.002012944547459483,-0.45964768528938293
ddqn,42,1816,19145,-10.17,17,0,1,0.6968708333333333,0.00650184799451381,-0.9910611063241959
ddqn,42,1817,19167,-10.22,22,0,1,0.6965224999999999,0.0051982582081109285,-0.8593992590904236
ddqn,42,1818,19213,-10.46,46,0,1,0.6957941666666667,0.005603599856840447,-0.9589875340461731
ddqn,42,1819,19220,-10.07,7,0,1,0.6956833333333333,0.00955419847741723,-0.7094167172908783
ddqn,42,1820,19235,-10.15,15,0,1,0.6954458333333333,0.004423466045409441,-0.968123733997345
ddqn,42,1821,19261,-10.26,26,0,1,0.6950341666666666,0.0072212127103869405,-1.0750173585755485
ddqn,42,1822,19272,-10.11,11,0,1,0.69486,0.006193526787683368,-1.039194901784261
ddqn,42,1823,19285,-10.129999999999999,13,0,1,0.6946541666666667,0.005508053426941236,-1.011443018913269
ddqn,42,1824,19293,-10.08,8,0,1,0.6945275,0.13285510335117579,-1.2510574460029602
ddqn,42,1825,19323,-10.3,30,0,1,0.6940525,0.009407182224094868,-0.9873227817671639
ddqn,42,1826,19329,-10.06,6,0,1,0.6939575,0.002791788661852479,-0.9948689043521881
ddqn,42,1827,19348,-10.19,19,0,1,0.6936566666666666,0.003237172891385853,-1.2158992052078248
ddqn,42,1828,19358,-10.1,10,0,1,0.6934983333333333,0.004291948862373829,-0.7615071833133698
ddqn,42,1829,19365,-10.07,7,0,1,0.6933875,0.0011944273137487471,-0.7615906596183777
ddqn,42,1830,19395,-10.3,30,0,1,0.6929125,0.0011891049798578024,-1.2084392734936305
ddqn,42,1831,19405,-10.1,10,0,1,0.6927541666666667,0.001159528037533164,-1.073126991589864
ddqn,42,1832,19418,-10.129999999999999,13,0,1,0.6925483333333333,0.004758420555541913,-1.1214651465415955
ddqn,42,1833,19423,-10.049999999999999,5,0,1,0.6924691666666667,0.0025017608422785997,-1.6995489597320557
ddqn,42,1834,19428,-10.049999999999999,5,0,1,0.6923900000000001,0.00181123788934201,-0.8348731994628906
ddqn,42,1835,19433,-10.049999999999999,5,0,1,0.6923108333333333,0.0034744334407150745,-0.9086827635765076
ddqn,42,1836,19440,-10.07,7,0,1,0.6921999999999999,0.0012100562744308263,-0.7701709568500519
ddqn,42,1837,19446,-10.06,6,0,1,0.692105,0.0020421817898750305,-0.4805210530757904
ddqn,42,1838,19456,-10.1,10,0,1,0.6919466666666667,0.0036771129040668407,-1.2279494206110637
ddqn,42,1839,19468,-10.12,12,0,1,0.6917566666666667,0.0049333459076782065,-0.7758016784985861
ddqn,42,1840,19550,-10.82,82,0,1,0.6904583333333334,0.02774950409657322,-1.253556290268898
ddqn,42,1841,19576,-10.26,26,0,1,0.6900466666666667,0.01853519837771143,-1.117298526423318
ddqn,42,1842,19600,-10.24,24,0,1,0.6896666666666667,0.007670973893254995,-0.9973172545433044
ddqn,42,1843,19604,-10.04,4,0,1,0.6896033333333333,0.011343172751367092,-0.8075122237205505
ddqn,42,1844,19605,-10.01,1,0,1,0.6895875,,
ddqn,42,1845,19612,-10.07,7,0,1,0.6894766666666667,0.008204602811019868,-1.3392223715782166
ddqn,42,1846,19700,-10.88,88,0,1,0.6880833333333334,0.006157743093684654,-1.0097236755219372
ddqn,42,1847,19720,-10.2,20,0,1,0.6877666666666666,0.006345959653845057,-1.0030058026313782
ddqn,42,1848,19733,-10.129999999999999,13,0,1,0.6875608333333334,0.0032669369441767535,-1.2203577756881714
ddqn,42,1849,19850,-11.17,117,0,1,0.6857083333333334,0.0022412554405083687,-1.0654139642057747
ddqn,42,1850,19852,-10.02,2,0,1,0.6856766666666667,0.0063052610494196415,-1.2676783800125122
ddqn,42,1851,19854,-10.02,2,0,1,0.6856450000000001,,
ddqn,42,1852,19858,-10.04,4,0,1,0.6855816666666666,0.005474899895489216,-1.1075189113616943
ddqn,42,1853,19860,-10.02,2,0,1,0.68555,0.003070070408284664,-1.085585594177246
ddqn,42,1854,19872,-10.12,12,0,1,0.68536,0.0029846856681009135,-1.1117128531138103
ddqn,42,1855,19895,-10.23,23,0,1,0.6849958333333334,0.0022915584035217763,-1.0139453887939454
ddqn,42,1856,19912,-10.17,17,0,1,0.6847266666666667,0.003410335083026439,-1.2968333303928374
ddqn,42,1857,19918,-10.06,6,0,1,0.6846316666666666,0.001359117217361927,-1.3641703128814697
ddqn,42,1858,19920,-10.02,2,0,1,0.6846,0.0016264206496998668,-1.0486392974853516
ddqn,42,1859,19924,-10.04,4,0,1,0.6845366666666667,0.0010168373119086027,-0.8936119079589844
ddqn,42,1860,19941,-10.17,17,0,1,0.6842675,0.0017002955719362944,-0.9953962117433548
ddqn,42,1861,19943,-10.02,2,0,1,0.6842358333333334,,
ddqn,42,1862,19946,-10.03,3,0,1,0.6841883333333334,0.0007422755006700754,-1.705145239830017
ddqn,42,1863,19968,-10.22,22,0,1,0.68384,0.0017388026171829551,-1.1002059678236644
ddqn,42,1864,19976,-10.08,8,0,1,0.6837133333333334,0.0017270696116611362,-1.0514519214630127
ddqn,42,1865,19980,-10.04,4,0,1,0.68365,0.003382263705134392,-1.058206558227539
ddqn,42,1866,19992,-10.12,12,0,1,0.68346,0.0017284664791077375,-1.0866891940434773
ddqn,42,1867,20003,-10.11,11,0,1,0.6832858333333334,0.0008973184158094227,-0.6989083737134933
ddqn,42,1868,20024,-10.209999999999999,21,0,1,0.6829533333333333,0.0017791259645794828,-1.0107925931612651
ddqn,42,1869,20031,-10.07,7,0,1,0.6828425,0.00102710141800344,-0.8985195159912109
ddqn,42,1870,20108,-10.77,77,0,1,0.6816233333333334,0.0019370049973076674,-0.8137578248977662
ddqn,42,1871,20128,-10.2,20,0,1,0.6813066666666667,0.05884598883567378,-0.9460402727127075
ddqn,42,1872,20136,-10.08,8,0,1,0.68118,0.021017844323068857,-1.14910289645195
ddqn,42,1873,20139,-10.03,3,0,1,0.6811325,,
ddqn,42,1874,20164,-10.25,25,0,1,0.6807366666666667,0.016812301739784225,-1.164809090750558
ddqn,42,1875,20168,-10.04,4,0,1,0.6806733333333334,0.00030711101135239005,-0.44839727878570557
ddqn,42,1876,20186,-10.18,18,0,1,0.6803883333333334,0.0683139275861322,-1.2630470544099808
ddqn,42,1877,20192,-10.06,6,0,1,0.6802933333333333,0.001475279830629006,-0.9763186573982239
ddqn,42,1878,20203,-10.11,11,0,1,0.6801191666666666,0.13431415450759232,-0.7257390022277832
ddqn,42,1879,20208,-10.049999999999999,5,0,1,0.68004,0.0029134537908248603,-1.1350498795509338
ddqn,42,1880,20225,-10.17,17,0,1,0.6797708333333333,0.014011919731274247,-0.9030950218439102
ddqn,42,1881,20258,-10.33,33,0,1,0.6792483333333333,0.012544071127194911,-0.9483176246285439
ddqn,42,1882,20287,-10.29,29,0,1,0.6787891666666667,0.011781086513240422,-1.3026541471481323
ddqn,42,1883,20292,-10.049999999999999,5,0,1,0.67871,0.007249878195580095,-0.888779491186142
ddqn,42,1884,20321,-10.29,29,0,1,0.6782508333333334,0.03285954089369625,-0.9106040341513497
ddqn,42,1885,20351,-10.3,30,0,1,0.6777758333333334,0.035813628330028484,-0.9759941611971173
ddqn,42,1886,20353,-10.02,2,0,1,0.6777441666666667,0.004113811068236828,-0.6190096139907837
ddqn,42,1887,20356,-10.03,3,0,1,0.6776966666666666,0.003338247537612915,-0.5775405764579773
ddqn,42,1888,20383,-10.27,27,0,1,0.6772691666666667,0.022582553676329553,-0.821717361609141
ddqn,42,1889,20420,-10.37,37,0,1,0.6766833333333333,0.010033445805311203,-1.0321259200572968
ddqn,42,1890,20430,-10.1,10,0,1,0.676525,0.0033480976708233356,-1.1433370113372803
ddqn,42,1891,20431,-10.01,1,0,1,0.6765091666666667,,
ddqn,42,1892,20438,-10.07,7,0,1,0.6763983333333333,0.0023239420261234045,-0.7018114179372787
ddqn,42,1893,20442,-10.04,4,0,1,0.676335,0.0028448840603232384,-1.68546462059021
ddqn,42,1894,20461,-10.19,19,0,1,0.6760341666666667,0.007936804741621017,-0.8399144172668457
ddqn,42,1895,20485,-10.24,24,0,1,0.6756541666666667,0.002445945283398032,-0.929207464059194
ddqn,42,1896,20496,-10.11,11,0,1,0.6754800000000001,0.002974740316858515,-0.9007484118143717
ddqn,42,1897,20501,-10.049999999999999,5,0,1,0.6754008333333333,0.002868707524612546,-1.677088737487793
ddqn,42,1898,20540,-10.39,39,0,1,0.6747833333333333,0.004207039356697351,-0.9164976924657822
ddqn,42,1899,20542,-10.02,2,0,1,0.6747516666666666,,
ddqn,42,1900,20562,-10.2,20,0,1,0.674435,0.00580567978322506,-1.2315008163452148
ddqn,42,1901,20571,-10.09,9,0,1,0.6742925,0.002450773143209517,-0.9782074689865112
ddqn,42,1902,20583,-10.12,12,0,1,0.6741025,0.0030877135965662697,-1.209882418314616
ddqn,42,1903,20594,-10.11,11,0,1,0.6739283333333334,0.0018836319213733077,-0.9258685111999512
ddqn,42,1904,20660,-10.66,66,0,1,0.6728833333333333,0.001740085763980032,-1.005556055728127
ddqn,42,1905,20666,-10.06,6,0,1,0.6727883333333333,0.2840482294559479,-0.8943517208099365
ddqn,42,1906,20670,-10.04,4,0,1,0.672725,0.0020884135738015175,-1.3618358373641968
ddqn,42,1907,20676,-10.06,6,0,1,0.6726300000000001,0.0038473664317280054,-1.2021030187606812
ddqn,42,1908,20689,-10.129999999999999,13,0,1,0.6724241666666667,0.0042835505834470195,-1.041171630223592
ddqn,42,1909,20720,-10.31,31,0,1,0.6719333333333334,0.0019581828237278387,-0.9684434458613396
ddqn,42,1910,20734,-10.14,14,0,1,0.6717116666666667,0.0013761740022649367,-1.0819406509399414
ddqn,42,1911,20738,-10.04,4,0,1,0.6716483333333334,0.00335267698392272,-1.8220031261444092
ddqn,42,1912,20754,-10.16,16,0,1,0.671395,0.0004321539090597071,-0.6495944559574127
ddqn,42,1913,20757,-10.03,3,0,1,0.6713475,0.0010165399871766567,-0.7772312760353088
ddqn,42,1914,20762,-10.049999999999999,5,0,1,0.6712683333333334,0.00055941246682778,-0.4641374945640564
ddqn,42,1915,20791,-10.29,29,0,1,0.6708091666666667,0.001316098779040788,-0.6501109089170184
ddqn,42,1916,20811,-10.2,20,0,1,0.6704925,0.0017526990501210093,-0.9854557275772095
ddqn,42,1917,20840,-10.29,29,0,1,0.6700333333333334,0.0356420952884946,-0.92979446798563
ddqn,42,1918,20877,-10.37,37,0,1,0.6694475,0.0033733723814495737,-1.1730376084645588
ddqn,42,1919,20895,-10.18,18,0,1,0.6691625,0.0020301429176470265,-0.8754249662160873
ddqn,42,1920,20905,-10.1,10,0,1,0.6690041666666666,0.0038433041772805154,-0.9388425350189209
ddqn,42,1921,20918,-10.129999999999999,13,0,1,0.6687983333333334,0.007242006404946248,-1.0829270680745442
ddqn,42,1922,20922,-10.04,4,0,1,0.6687350000000001,0.007101548369973898,-1.4923861026763916
ddqn,42,1923,20932,-10.1,10,0,1,0.6685766666666667,0.020597583847120404,-1.3977254629135132
ddqn,42,1924,20947,-10.15,15,0,1,0.6683391666666667,0.02210816442190359,-1.0551442404588063
ddqn,42,1925,20967,-10.2,20,0,1,0.6680225,0.012419068859890104,-1.1620147705078125
ddqn,42,1926,20968,-10.01,1,0,1,0.6680066666666666,0.007569090463221073,-1.1839985847473145
ddqn,42,1927,20974,-10.06,6,0,1,0.6679116666666667,0.024944696575403214,-0.7045249938964844
ddqn,42,1928,21020,-10.46,46,0,1,0.6671833333333334,0.06877810304285958,-1.0084805687268574
ddqn,42,1929,21028,-10.08,8,0,1,0.6670566666666666,0.0025651767500676215,-1.0604001879692078
ddqn,42,1930,21048,-10.2,20,0,1,0.66674,0.008793287631124257,-1.097033005952835
ddqn,42,1931,21050,-10.02,2,0,1,0.6667083333333333,,
ddqn,42,1932,21074,-10.24,24,0,1,0.6663283333333334,0.010901665741888186,-0.823905477921168
ddqn,42,1933,21107,-10.33,33,0,1,0.6658058333333333,0.004485117035073927,-0.9485003761947155
ddqn,42,1934,21140,-10.33,33,0,1,0.6652833333333333,0.003952618145073454,-0.9890507128503587
ddqn,42,1935,21146,-10.06,6,0,1,0.6651883333333334,0.001744456822052598,-1.0765799283981323
ddqn,42,1936,21148,-10.02,2,0,1,0.6651566666666666,0.0032963529229164124,-0.94019615650177
ddqn,42,1937,21162,-10.14,14,0,1,0.664935,0.001357072653869788,-0.5680329501628876
ddqn,42,1938,21175,-10.129999999999999,13,0,1,0.6647291666666667,0.003951646358473226,-1.1087535818417866
ddqn,42,1939,21192,-10.17,17,0,1,0.66446,0.05348057365044952,-1.2528976917266845
ddqn,42,1940,21194,-10.02,2,0,1,0.6644283333333334,,
ddqn,42,1941,21201,-10.07,7,0,1,0.6643175,0.004030222771689296,-0.7321893572807312
ddqn,42,1942,21259,-10.58,58,0,1,0.6633991666666668,0.0034843845559018,-1.0759323239326477
ddqn,42,1943,21264,-10.049999999999999,5,0,1,0.66332,0.003058255184441805,-0.6843107044696808
ddqn,42,1944,21270,-10.06,6,0,1,0.663225,0.0014302419731393456,-0.4392654597759247
ddqn,42,1945,21301,-10.31,31,0,1,0.6627341666666666,0.0021446855025715195,-1.0163636952638626
ddqn,42,1946,21309,-10.08,8,0,1,0.6626075,0.0005007781728636473,-1.0710160732269287
ddqn,42,1947,21312,-10.03,3,0,1,0.66256,0.0011979893315583467,-0.5968534350395203
ddqn,42,1948,21320,-10.08,8,0,1,0.6624333333333334,0.0024923781165853143,-1.2147058844566345
ddqn,42,1949,21329,-10.09,9,0,1,0.6622908333333334,0.0024220304912887514,-1.399357557296753
ddqn,42,1950,21341,-10.12,12,0,1,0.6621008333333334,0.0018565589562058449,-0.9763785600662231
ddqn,42,1951,21352,-10.11,11,0,1,0.6619266666666667,0.0028636318941911063,-1.259176214536031
ddqn,42,1952,21368,-10.16,16,0,1,0.6616733333333333,0.0012694893011939712,-1.0037228018045425
ddqn,42,1953,21390,-10.22,22,0,1,0.661325,0.0014115902362391354,-1.1321053743362426
ddqn,42,1954,21445,-10.55,55,0,1,0.6604541666666667,0.0008180156416658844,-1.2492422461509705
ddqn,42,1955,21504,-10.59,59,0,1,0.65952,0.02275961379054934,-1.040410308043162
ddqn,42,1956,21507,-10.03,3,0,1,0.6594725,,
ddqn,42,1957,21511,-10.04,4,0,1,0.6594091666666667,0.00971728190779686,-0.7211786508560181
ddqn,42,1958,21520,-10.09,9,0,1,0.6592666666666667,0.008757053738615165,-1.0449693997701008
ddqn,42,1959,21548,-10.28,28,0,1,0.6588233333333333,0.008531048627836364,-1.20325368642807
ddqn,42,1960,21555,-10.07,7,0,1,0.6587125,0.0011387733975425363,-0.7679489850997925
ddqn,42,1961,21558,-10.03,3,0,1,0.6586650000000001,0.004399919882416725,-0.7977546453475952
ddqn,42,1962,21570,-10.12,12,0,1,0.658475,0.005476472744097312,-1.4490087032318115
ddqn,42,1963,21598,-10.28,28,0,1,0.6580316666666667,0.0031083840544202496,-0.9425946303776332
ddqn,42,1964,21621,-10.23,23,0,1,0.6576675000000001,0.002528973234196504,-1.2433769305547078
ddqn,42,1965,21642,-10.209999999999999,21,0,1,0.657335,0.0008803514880128205,-1.048773729801178
ddqn,42,1966,21645,-10.03,3,0,1,0.6572875,0.001009546802379191,-1.3769460916519165
ddqn,42,1967,21647,-10.02,2,0,1,0.6572558333333334,,
ddqn,42,1968,21657,-10.1,10,0,1,0.6570975,0.00314355141017586,-1.010417898495992
ddqn,42,1969,21665,-10.08,8,0,1,0.6569708333333334,0.0009028962231241167,-0.9996911883354187
ddqn,42,1970,21721,-10.56,56,0,1,0.6560841666666667,0.00267812649170602,-1.061739472406251
ddqn,42,1971,21729,-10.08,8,0,1,0.6559575,0.002895271056331694,-0.6690511703491211
ddqn,42,1972,21783,-10.54,54,0,1,0.6551025,0.0013349834323609965,-0.8866613392646496
ddqn,42,1973,21790,-10.07,7,0,1,0.6549916666666666,0.0008606768678873777,-1.1411822438240051
ddqn,42,1974,21793,-10.03,3,0,1,0.6549441666666667,0.00036597345024347305,-0.7521608471870422
ddqn,42,1975,21808,-10.15,15,0,1,0.6547066666666668,0.0019799721994786523,-1.2223502099514008
ddqn,42,1976,21810,-10.02,2,0,1,0.654675,,
ddqn,42,1977,21852,-10.42,42,0,1,0.65401,0.002012702874542976,-1.1032795797694812
ddqn,42,1978,21859,-10.07,7,0,1,0.6538991666666667,0.0007146945572458208,-0.7519686222076416
ddqn,42,1979,21868,-10.09,9,0,1,0.6537566666666668,0.0024114574771374464,-1.3606408834457397
ddqn,42,1980,21881,-10.129999999999999,13,0,1,0.6535508333333333,0.0013143626080515485,-1.2905840675036113
ddqn,42,1981,21896,-10.15,15,0,1,0.6533133333333334,0.0010669313414837234,-0.9173242151737213
ddqn,42,1982,21905,-10.09,9,0,1,0.6531708333333334,0.0014778797631151974,-1.6819063425064087
ddqn,42,1983,21915,-10.1,10,0,1,0.6530125,0.0005737356259487569,-1.0021063685417175
ddqn,42,1984,21928,-10.129999999999999,13,0,1,0.6528066666666668,0.0007837300800019875,-0.9138974472880363
ddqn,42,1985,21967,-10.39,39,0,1,0.6521891666666667,0.0010805202117707166,-1.1638705763551924
ddqn,42,1986,21971,-10.04,4,0,1,0.6521258333333333,0.0020810002461075783,-0.736747145652771
ddqn,42,1987,21979,-10.08,8,0,1,0.6519991666666667,0.1336823882884346,-0.7959385514259338
ddqn,42,1988,21984,-10.049999999999999,5,0,1,0.65192,0.0029197316616773605,-1.0485383868217468
ddqn,42,1989,21987,-10.03,3,0,1,0.6518725000000001,,
ddqn,42,1990,22008,-10.209999999999999,21,0,1,0.65154,0.0023109070122397193,-1.003074010213216
ddqn,42,1991,22017,-10.09,9,0,1,0.6513975000000001,0.0007717570115346462,-0.5147289484739304
ddqn,42,1992,22039,-10.22,22,0,1,0.6510491666666667,0.0016694984864443541,-0.9905897617340088
ddqn,42,1993,22060,-10.209999999999999,21,0,1,0.6507166666666667,0.0018081374006821231,-1.0082325488328934
ddqn,42,1994,22079,-10.19,19,0,1,0.6504158333333334,0.004779255876201205,-1.1295128166675568
ddqn,42,1995,22085,-10.06,6,0,1,0.6503208333333333,0.005138754204381257,-1.657854974269867
ddqn,42,1996,22140,-10.55,55,0,1,0.6494500000000001,0.0026994951445625964,-1.060316217797143
ddqn,42,1997,22163,-10.23,23,0,1,0.6490858333333334,0.001182631653500721,-0.9235098600387573
ddqn,42,1998,22168,-10.049999999999999,5,0,1,0.6490066666666667,0.0008524451986886561,-0.9843841791152954
ddqn,42,1999,22174,-10.06,6,0,1,0.6489116666666668,0.001009625499136746,-1.206563115119934
ddqn,42,2000,22176,-10.02,2,0,1,0.64888,0.000511172111146152,-1.0730352401733398
ddqn,42,2001,22203,-10.27,27,0,1,0.6484525000000001,0.0009608697534228364,-1.1768443683783214
ddqn,42,2002,22205,-10.02,2,0,1,0.6484208333333333,0.0002596073900349438,-0.9176985025405884
ddqn,42,2003,22214,-10.09,9,0,1,0.6482783333333333,0.0005983331066090614,-1.0754686892032623
ddqn,42,2004,22248,-10.34,34,0,1,0.64774,0.0019265164931615193,-1.2818970614009433
ddqn,42,2005,22259,-10.11,11,0,1,0.6475658333333334,0.0028701809933409095,-1.120639979839325
ddqn,42,2006,22269,-10.1,10,0,1,0.6474075,0.0017168986766288679,-1.020591179529826
ddqn,42,2007,22282,-10.129999999999999,13,0,1,0.6472016666666667,0.0028796453455773494,-1.304529349009196
ddqn,42,2008,22315,-10.33,33,0,1,0.6466791666666667,0.001402655165293254,-1.0494864135980606
ddqn,42,2009,22317,-10.02,2,0,1,0.6466475,0.0011223125038668513,-1.0706300735473633
ddqn,42,2010,22324,-10.07,7,0,1,0.6465366666666668,0.0011564645392354578,-0.9138069152832031
ddqn,42,2011,22339,-10.15,15,0,1,0.6462991666666666,0.0007883993021096103,-0.8578524738550186
ddqn,42,2012,22344,-10.049999999999999,5,0,1,0.64622,0.001486527471570298,-0.7709149718284607
ddqn,42,2013,22351,-10.07,7,0,1,0.6461091666666667,0.00040694099152460694,-1.0777525901794434
ddqn,42,2014,22359,-10.08,8,0,1,0.6459825,0.0005532318318728358,-1.224007248878479
ddqn,42,2015,22361,-10.02,2,0,1,0.6459508333333334,0.0006471783854067326,-1.3718395233154297
ddqn,42,2016,22372,-10.11,11,0,1,0.6457766666666667,0.0006509127755028506,-1.171152909596761
ddqn,42,2017,22378,-10.06,6,0,1,0.6456816666666667,0.0011928265448659658,-1.387560486793518
ddqn,42,2018,22393,-10.15,15,0,1,0.6454441666666667,0.0008600001165177673,-1.148714616894722
ddqn,42,2019,22412,-10.19,19,0,1,0.6451433333333334,0.001188993628602475,-1.046607542037964
ddqn,42,2020,22433,-10.209999999999999,21,0,1,0.6448108333333333,0.0009388620965182781,-1.0626455783843993
ddqn,42,2021,22469,-10.36,36,0,1,0.6442408333333334,0.0006942491406031573,-0.8517730600304074
ddqn,42,2022,22478,-10.09,9,0,1,0.6440983333333334,0.0005877708026673645,-1.1424883008003235
ddqn,42,2023,22488,-10.1,10,0,1,0.64394,0.0007711343738871316,-1.4326075315475464
ddqn,42,2024,22498,-10.1,10,0,1,0.6437816666666667,0.0005077858222648501,-0.7697840631008148
ddqn,42,2025,22512,-10.14,14,0,1,0.64356,0.0003451791671977844,-0.8802132159471512
ddqn,42,2026,22515,-10.03,3,0,1,0.6435125,,
ddqn,42,2027,22526,-10.11,11,0,1,0.6433383333333333,0.000292517346679233,-0.8629319667816162
ddqn,42,2028,22532,-10.06,6,0,1,0.6432433333333334,0.0004994334376533516,-1.0663191974163055
ddqn,42,2029,22536,-10.04,4,0,1,0.6431800000000001,0.0004448321706149727,-1.5429130792617798
ddqn,42,2030,22544,-10.08,8,0,1,0.6430533333333334,0.0007397003937512636,-1.458281397819519
ddqn,42,2031,22549,-10.049999999999999,5,0,1,0.6429741666666666,0.0007184287533164024,-1.2232588529586792
ddqn,42,2032,22570,-10.209999999999999,21,0,1,0.6426416666666668,0.0006842728456831537,-1.224300754070282
ddqn,42,2033,22609,-10.39,39,0,1,0.6420241666666666,0.0015999632596503943,-0.9914035677909852
ddqn,42,2034,22613,-10.04,4,0,1,0.6419608333333333,0.0005935211083851755,-0.7570775747299194
ddqn,42,2035,22642,-10.29,29,0,1,0.6415016666666666,0.000982875532437382,-1.1871538502829415
ddqn,42,2036,22647,-10.049999999999999,5,0,1,0.6414225,0.0006328735034912825,-0.902528703212738
ddqn,42,2037,22649,-10.02,2,0,1,0.6413908333333334,0.0006359951803460717,-0.754355788230896
ddqn,42,2038,22654,-10.049999999999999,5,0,1,0.6413116666666667,0.0003782604180742055,-1.0722308158874512
ddqn,42,2039,22665,-10.11,11,0,1,0.6411375,0.0010467631897578638,-1.1331525246302288
ddqn,42,2040,22690,-10.25,25,0,1,0.6407416666666668,0.0008549055395027002,-1.0153857171535492
ddqn,42,2041,22705,-10.15,15,0,1,0.6405041666666667,0.0004954448668286204,-1.0088471174240112
ddqn,42,2042,22715,-10.1,10,0,1,0.6403458333333334,0.0005617771530523896,-0.9956982135772705
ddqn,42,2043,22718,-10.03,3,0,1,0.6402983333333334,0.001112078782171011,-1.2130343914031982
ddqn,42,2044,22725,-10.07,7,0,1,0.6401875,0.0005791047879029065,-0.6691151559352875
ddqn,42,2045,22743,-10.18,18,0,1,0.6399025,0.0007667248282814398,-1.154300943017006
ddqn,42,2046,22753,-10.1,10,0,1,0.6397441666666668,0.0007677704367476205,-1.3316425879796345
ddqn,42,2047,22767,-10.14,14,0,1,0.6395225,0.0007219281881892433,-0.8083382447560629
ddqn,42,2048,22806,-10.39,39,0,1,0.6389050000000001,0.0006601684392080643,-1.055968278646469
ddqn,42,2049,22824,-10.18,18,0,1,0.63862,0.00017513440689072014,-1.0415469884872437
ddqn,42,2050,22827,-10.03,3,0,1,0.6385725,,
ddqn,42,2051,22834,-10.07,7,0,1,0.6384616666666667,0.000885089160874486,-1.2252686023712158
ddqn,42,2052,22839,-10.049999999999999,5,0,1,0.6383825000000001,0.000768191646784544,-1.0581198930740356
ddqn,42,2053,22846,-10.07,7,0,1,0.6382716666666667,0.0005935110384598374,-1.0645592212677002
ddqn,42,2054,22866,-10.2,20,0,1,0.637955,0.05433120512170717,-1.0109859585762024
ddqn,42,2055,22871,-10.049999999999999,5,0,1,0.6378758333333334,0.0056365192867815495,-1.3359465599060059
ddqn,42,2056,22881,-10.1,10,0,1,0.6377174999999999,0.0010989059034424524,-0.8026978572209676
ddqn,42,2057,22883,-10.02,2,0,1,0.6376858333333333,,
ddqn,42,2058,22893,-10.1,10,0,1,0.6375275,0.002330865051286916,-1.2374594807624817
ddqn,42,2059,22895,-10.02,2,0,1,0.6374958333333334,,
ddqn,42,2060,22898,-10.03,3,0,1,0.6374483333333334,0.023585069924592972,-1.2048909664154053
ddqn,42,2061,22902,-10.04,4,0,1,0.6373850000000001,0.00271720252931118,-1.2529839277267456
ddqn,42,2062,22938,-10.36,36,0,1,0.636815,0.003206741032449322,-1.0572734806272719
ddqn,42,2063,22945,-10.07,7,0,1,0.6367041666666666,0.005718693602830172,-1.0361661612987518
ddqn,42,2064,22947,-10.02,2,0,1,0.6366725,,
ddqn,42,2065,22962,-10.15,15,0,1,0.6364350000000001,0.14040746030514129,-1.0335996747016907
ddqn,42,2066,22964,-10.02,2,0,1,0.6364033333333334,0.0009497293503955007,-0.9021142721176147
ddqn,42,2067,22978,-10.14,14,0,1,0.6361816666666666,0.011635453663378334,-1.0808828473091125
ddqn,42,2068,23047,-10.69,69,0,1,0.6350891666666667,0.02743259080521324,-0.9825728675898384
ddqn,42,2069,23053,-10.06,6,0,1,0.6349941666666667,0.014299328438937664,-1.4314181208610535
ddqn,42,2070,23058,-10.049999999999999,5,0,1,0.6349150000000001,0.008665220811963081,-0.7268292307853699
ddqn,42,2071,23071,-10.129999999999999,13,0,1,0.6347091666666667,0.00499254100335141,-0.7529896646738052
ddqn,42,2072,23074,-10.03,3,0,1,0.6346616666666667,0.006461605429649353,-1.7080247402191162
ddqn,42,2073,23092,-10.18,18,0,1,0.6343766666666666,0.0057349479757249355,-0.9314918994903565
ddqn,42,2074,23096,-10.04,4,0,1,0.6343133333333333,0.004243107978254557,-0.9386188983917236
ddqn,42,2075,23098,-10.02,2,0,1,0.6342816666666666,,
ddqn,42,2076,23102,-10.04,4,0,1,0.6342183333333333,0.001657354412600398,-0.47233280539512634
ddqn,42,2077,23106,-10.04,4,0,1,0.634155,0.006615059915930033,-0.60526043176651
ddqn,42,2078,23129,-10.23,23,0,1,0.6337908333333333,0.005298156912128131,-1.0992391556501389
ddqn,42,2079,23131,-10.02,2,0,1,0.6337591666666667,,
ddqn,42,2080,23138,-10.07,7,0,1,0.6336483333333334,0.1326002860441804,-1.1013954281806946
ddqn,42,2081,23151,-10.129999999999999,13,0,1,0.6334425,0.004918012923250596,-1.1687107880910237
ddqn,42,2082,23157,-10.06,6,0,1,0.6333475,0.00958926510065794,-0.9946447014808655
ddqn,42,2083,23158,-10.01,1,0,1,0.6333316666666666,,
ddqn,42,2084,23160,-10.02,2,0,1,0.6333,0.007926654070615768,-0.42942047119140625
ddqn,42,2085,23183,-10.23,23,0,1,0.6329358333333333,0.0028134719002991916,-0.9989434957504273
ddqn,42,2086,23196,-10.129999999999999,13,0,1,0.63273,0.0065204608254134655,-1.0687335133552551
ddqn,42,2087,23210,-10.14,14,0,1,0.6325083333333335,0.003722393341983358,-1.0830698013305664
ddqn,42,2088,23213,-10.03,3,0,1,0.6324608333333332,0.0031573856249451637,-1.2466535568237305
ddqn,42,2089,23217,-10.04,4,0,1,0.6323975,0.008912168443202972,-0.7360769510269165
ddqn,42,2090,23268,-10.51,51,0,1,0.6315900000000001,0.0037264736691633095,-1.0771348063762372
ddqn,42,2091,23270,-10.02,2,0,1,0.6315583333333334,,
ddqn,42,2092,23275,-10.049999999999999,5,0,1,0.6314791666666666,0.003645955817773938,-1.059999704360962
ddqn,42,2093,23282,-10.07,7,0,1,0.6313683333333333,0.005664679687470198,-0.9930321276187897
ddqn,42,2094,23291,-10.09,9,0,1,0.6312258333333334,0.0032121535623446107,-0.8730916678905487
ddqn,42,2095,23306,-10.15,15,0,1,0.6309883333333333,0.002730112348217517,-0.989497572183609
ddqn,42,2096,23329,-10.23,23,0,1,0.6306241666666668,0.0036111584243675074,-1.2306107381979625
ddqn,42,2097,23331,-10.02,2,0,1,0.6305925000000001,,
ddqn,42,2098,23336,-10.049999999999999,5,0,1,0.6305133333333333,0.0049312899354845285,-0.7987692058086395
ddqn,42,2099,23337,-10.01,1,0,1,0.6304974999999999,,
ddqn,42,2100,23341,-10.04,4,0,1,0.6304341666666666,0.0013637698721140623,-0.5903634428977966
ddqn,42,2101,23354,-10.129999999999999,13,0,1,0.6302283333333334,0.0018267649575136602,-0.647289514541626
ddqn,42,2102,23356,-10.02,2,0,1,0.6301966666666667,0.00457555428147316,-0.9394420385360718
ddqn,42,2103,23361,-10.049999999999999,5,0,1,0.6301175000000001,0.0059580812230706215,-1.1034317016601562
ddqn,42,2104,23364,-10.03,3,0,1,0.63007,0.003260239027440548,-0.9650391340255737
ddqn,42,2105,23372,-10.08,8,0,1,0.6299433333333333,0.0031893113628029823,-0.9684170782566071
ddqn,42,2106,23384,-10.12,12,0,1,0.6297533333333334,0.0034600034511337676,-1.331615964571635
ddqn,42,2107,23393,-10.09,9,0,1,0.6296108333333333,0.00897609256207943,-1.2389990091323853
ddqn,42,2108,23395,-10.02,2,0,1,0.6295791666666667,,
ddqn,42,2109,23398,-10.03,3,0,1,0.6295316666666666,0.001869828556664288,-1.541462779045105
ddqn,42,2110,23458,-10.6,60,0,1,0.6285816666666666,0.0227807577388982,-1.1944514036178588
ddqn,42,2111,23478,-10.2,20,0,1,0.6282650000000001,0.004128563497215509,-0.9953724265098571
ddqn,42,2112,23484,-10.06,6,0,1,0.62817,0.003719744272530079,-0.8069383502006531
ddqn,42,2113,23485,-10.01,1,0,1,0.6281541666666667,,
ddqn,42,2114,23497,-10.12,12,0,1,0.6279641666666667,0.006215596882005532,-0.5349413355191549
ddqn,42,2115,23499,-10.02,2,0,1,0.6279325,,
ddqn,42,2116,23532,-10.33,33,0,1,0.62741,0.003354771748288638,-0.8898069328731961
ddqn,42,2117,23543,-10.11,11,0,1,0.6272358333333334,0.0013532200828194618,-1.019445538520813
ddqn,42,2118,23546,-10.03,3,0,1,0.6271883333333333,0.005932691972702742,-0.7585439682006836
ddqn,42,2119,23550,-10.04,4,0,1,0.6271249999999999,0.004010273143649101,-1.2165104150772095
ddqn,42,2120,23561,-10.11,11,0,1,0.6269508333333333,0.002068748503612975,-0.9461603959401449
ddqn,42,2121,23567,-10.06,6,0,1,0.6268558333333334,0.0026237997226417065,-0.9335590600967407
ddqn,42,2122,23571,-10.04,4,0,1,0.6267925000000001,0.003688997123390436,-1.5276668071746826
ddqn,42,2123,23573,-10.02,2,0,1,0.6267608333333334,0.22764615714550018,-0.6649113893508911
ddqn,42,2124,23577,-10.04,4,0,1,0.6266975,0.008612397126853466,-1.5087683200836182
ddqn,42,2125,23582,-10.049999999999999,5,0,1,0.6266183333333333,0.006491775158792734,-1.2311514616012573
ddqn,42,2126,23586,-10.04,4,0,1,0.626555,0.004145919345319271,-1.4336144924163818
ddqn,42,2127,23591,-10.049999999999999,5,0,1,0.6264758333333333,0.004932279698550701,-1.1547268629074097
ddqn,42,2128,23617,-10.26,26,0,1,0.6260641666666666,0.008930839065994536,-1.1878488063812256
ddqn,42,2129,23620,-10.03,3,0,1,0.6260166666666667,0.009416358545422554,-1.1234629154205322
ddqn,42,2130,23622,-10.02,2,0,1,0.625985,,
ddqn,42,2131,23632,-10.1,10,0,1,0.6258266666666668,0.015153069825222095,-1.0039498507976532
ddqn,42,2132,23641,-10.09,9,0,1,0.6256841666666666,0.02139175310730934,-1.0194648504257202
ddqn,42,2133,23646,-10.049999999999999,5,0,1,0.625605,0.016216672956943512,-1.1046185493469238
ddqn,42,2134,23650,-10.04,4,0,1,0.6255416666666667,0.011420344933867455,-1.4398103952407837
ddqn,42,2135,23655,-10.049999999999999,5,0,1,0.6254625,0.004854140337556601,-1.2780771255493164
ddqn,42,2136,23683,-10.28,28,0,1,0.6250191666666667,0.010607749755893434,-0.9695108447756086
ddqn,42,2137,23684,-10.01,1,0,1,0.6250033333333334,0.02148183062672615,-0.783092200756073
ddqn,42,2138,23687,-10.03,3,0,1,0.6249558333333334,,
ddqn,42,2139,23690,-10.03,3,0,1,0.6249083333333334,0.01746835932135582,-0.46793103218078613
ddqn,42,2140,23696,-10.06,6,0,1,0.6248133333333333,0.014863849384710193,-0.7845802903175354
ddqn,42,2141,23720,-10.24,24,0,1,0.6244333333333334,0.009493673375497261,-1.0672260224819183
ddqn,42,2142,23724,-10.04,4,0,1,0.6243700000000001,0.007316994946449995,-0.9116277098655701
ddqn,42,2143,23743,-10.19,19,0,1,0.6240691666666667,0.0075328819220885634,-0.8421976417303085
ddqn,42,2144,23745,-10.02,2,0,1,0.6240375,0.003916745074093342,-0.8174550533294678
ddqn,42,2145,23749,-10.04,4,0,1,0.6239741666666667,0.012563200667500496,-1.2639302015304565
ddqn,42,2146,23752,-10.03,3,0,1,0.6239266666666667,0.008171658031642437,-1.2216053009033203
ddqn,42,2147,23766,-10.14,14,0,1,0.623705,0.005363502229253451,-1.01391597588857
ddqn,42,2148,23769,-10.03,3,0,1,0.6236575,0.004581487271934748,-1.2719085216522217
ddqn,42,2149,23771,-10.02,2,0,1,0.6236258333333333,,
ddqn,42,2150,23782,-10.11,11,0,1,0.6234516666666667,0.007095483597368002,-1.1014864842096965
ddqn,42,2151,23790,-10.08,8,0,1,0.623325,0.007434059923980385,-0.6686024963855743
ddqn,42,2152,23793,-10.03,3,0,1,0.6232774999999999,0.010614804923534393,-1.1811473369598389
ddqn,42,2153,23816,-10.23,23,0,1,0.6229133333333333,0.004049255260421584,-0.9274902840455373
ddqn,42,2154,23823,-10.07,7,0,1,0.6228024999999999,0.0033910563215613365,-0.7501747608184814
ddqn,42,2155,23837,-10.14,14,0,1,0.6225808333333334,0.003004131081979722,-1.0905019044876099
ddqn,42,2156,23839,-10.02,2,0,1,0.6225491666666667,,
ddqn,42,2157,23843,-10.04,4,0,1,0.6224858333333334,0.0037612023297697306,-1.0915710926055908
ddqn,42,2158,23854,-10.11,11,0,1,0.6223116666666666,0.006338734490176042,-1.19569593667984
ddqn,42,2159,23862,-10.08,8,0,1,0.622185,0.0035686776973307133,-0.8065468370914459
ddqn,42,2160,23868,-10.06,6,0,1,0.62209,0.0025775430258363485,-1.3509359955787659
ddqn,42,2161,23869,-10.01,1,0,1,0.6220741666666667,,
ddqn,42,2162,23871,-10.02,2,0,1,0.6220425,,
ddqn,42,2163,23873,-10.02,2,0,1,0.6220108333333334,0.0032143360003829002,-1.0800540447235107
ddqn,42,2164,23876,-10.03,3,0,1,0.6219633333333334,0.006960343569517136,-1.6857324838638306
ddqn,42,2165,23879,-10.03,3,0,1,0.6219158333333333,,
ddqn,42,2166,23882,-10.03,3,0,1,0.6218683333333334,0.005427663214504719,-0.9065001010894775
ddqn,42,2167,23886,-10.04,4,0,1,0.6218049999999999,0.0020877234637737274,-1.218940258026123
ddqn,42,2168,23893,-10.07,7,0,1,0.6216941666666667,0.001737987797241658,-0.8633869886398315
ddqn,42,2169,23897,-10.04,4,0,1,0.6216308333333334,0.002021749271079898,-0.948326587677002
ddqn,42,2170,23924,-10.27,27,0,1,0.6212033333333333,0.003295101092330047,-1.0724025283540999
ddqn,42,2171,23935,-10.11,11,0,1,0.6210291666666667,0.003837364260107279,-0.9344228804111481
ddqn,42,2172,23936,-10.01,1,0,1,0.6210133333333334,0.005013773217797279,-1.5275194644927979
ddqn,42,2173,23940,-10.04,4,0,1,0.62095,0.0023681758902966976,-1.2570537328720093
ddqn,42,2174,23942,-10.02,2,0,1,0.6209183333333333,,
ddqn,42,2175,23985,-10.43,43,0,1,0.6202375,0.0033291071780364623,-0.910830102183602
ddqn,42,2176,23997,-10.12,12,0,1,0.6200475,0.0020637355434397855,-0.578875333070755
ddqn,42,2177,24012,-10.15,15,0,1,0.61981,0.0014938967724447139,-1.0525248795747757
ddqn,42,2178,24014,-10.02,2,0,1,0.6197783333333333,,
ddqn,42,2179,24017,-10.03,3,0,1,0.6197308333333333,0.0013089958811178803,-0.46797484159469604
ddqn,42,2180,24023,-10.06,6,0,1,0.6196358333333334,0.0006134905852377415,-0.9428422451019287
ddqn,42,2181,24025,-10.02,2,0,1,0.6196041666666667,0.002335147699341178,-0.80286705493927
ddqn,42,2182,24033,-10.08,8,0,1,0.6194775,0.0007813858683221042,-1.3317708373069763
ddqn,42,2183,24043,-10.1,10,0,1,0.6193191666666666,0.0009648862760514021,-0.7815665900707245
ddqn,42,2184,24046,-10.03,3,0,1,0.6192716666666667,0.0009383768774569035,-1.086815357208252
ddqn,42,2185,24049,-10.03,3,0,1,0.6192241666666667,0.000928176159504801,-1.2366442680358887
ddqn,42,2186,24070,-10.209999999999999,21,0,1,0.6188916666666666,0.0011040227604098619,-1.009954047203064
ddqn,42,2187,24073,-10.03,3,0,1,0.6188441666666666,0.005044726654887199,-1.0651085376739502
ddqn,42,2188,24078,-10.049999999999999,5,0,1,0.618765,0.00037347484612837434,-0.4800093472003937
ddqn,42,2189,24082,-10.04,4,0,1,0.6187016666666667,0.001515970565378666,-1.2607362270355225
ddqn,42,2190,24088,-10.06,6,0,1,0.6186066666666666,0.0009464498143643141,-0.7931397259235382
ddqn,42,2191,24112,-10.24,24,0,1,0.6182266666666667,0.0009292653024507066,-1.0678058167298634
ddqn,42,2192,24128,-10.16,16,0,1,0.6179733333333333,0.0008721703197807074,-1.0304324477910995
ddqn,42,2193,24133,-10.049999999999999,5,0,1,0.6178941666666666,0.000762808951549232,-0.47322508692741394
ddqn,42,2194,24147,-10.14,14,0,1,0.6176725000000001,0.0014711023153116305,-1.3533690770467122
ddqn,42,2195,24184,-10.37,37,0,1,0.6170866666666667,0.0017585569468792528,-1.4563234806060792
ddqn,42,2196,24188,-10.04,4,0,1,0.6170233333333334,0.003948203753679991,-1.2361786365509033
ddqn,42,2197,24197,-10.09,9,0,1,0.6168808333333333,0.1299760228721425,-1.2273252606391907
ddqn,42,2198,24252,-10.55,55,0,1,0.61601,0.002445302953544472,-1.2086313154016222
ddqn,42,2199,24270,-10.18,18,0,1,0.615725,0.005790097726276144,-1.040520817041397
ddqn,42,2200,24298,-10.28,28,0,1,0.6152816666666667,0.0029667997316989514,-1.1842918225697108
ddqn,42,2201,24304,-10.06,6,0,1,0.6151866666666667,0.003477447316981852,-1.494336724281311
ddqn,42,2202,24306,-10.02,2,0,1,0.615155,,
ddqn,42,2203,24322,-10.16,16,0,1,0.6149016666666667,0.0019624601263785735,-0.8933195322751999
ddqn,42,2204,24335,-10.129999999999999,13,0,1,0.6146958333333333,0.0015262486801172297,-1.174300233523051
ddqn,42,2205,24345,-10.1,10,0,1,0.6145375,0.0007548897410742939,-0.9466419021288554
ddqn,42,2206,24365,-10.2,20,0,1,0.6142208333333333,0.0010111121111549437,-1.0331637501716613
ddqn,42,2207,24367,-10.02,2,0,1,0.6141891666666667,,
ddqn,42,2208,24370,-10.03,3,0,1,0.6141416666666667,0.001027019927278161,-0.9633433818817139
ddqn,42,2209,24383,-10.129999999999999,13,0,1,0.6139358333333333,0.0013003577090178926,-1.2994865973790486
ddqn,42,2210,24385,-10.02,2,0,1,0.6139041666666667,0.002342872554436326,-1.3800305128097534
ddqn,42,2211,24389,-10.04,4,0,1,0.6138408333333334,0.0007171481847763062,-1.4166263341903687
ddqn,42,2212,24427,-10.38,38,0,1,0.6132391666666667,0.001561535962132944,-1.0310292111502752
ddqn,42,2213,24435,-10.08,8,0,1,0.6131125,0.12379540468100458,-1.2381126284599304
ddqn,42,2214,24448,-10.129999999999999,13,0,1,0.6129066666666667,0.003978459950303659,-0.9612032920122147
ddqn,42,2215,24455,-10.07,7,0,1,0.6127958333333333,0.002559374552220106,-1.593276023864746
ddqn,42,2216,24469,-10.14,14,0,1,0.6125741666666666,0.004261963913450018,-1.0675678700208664
ddqn,42,2217,24493,-10.24,24,0,1,0.6121941666666667,0.004053321453587462,-1.1351721386114757
ddqn,42,2218,24512,-10.19,19,0,1,0.6118933333333334,0.001650295895524323,-0.7526101231575012
ddqn,42,2219,24564,-10.52,52,0,1,0.61107,0.0015020751519701802,-1.2889488889620855
ddqn,42,2220,24574,-10.1,10,0,1,0.6109116666666667,0.0008380462531931698,-1.1747260689735413
ddqn,42,2221,24578,-10.04,4,0,1,0.6108483333333333,0.002672104397788644,-1.2708075046539307
ddqn,42,2222,24591,-10.129999999999999,13,0,1,0.6106425,0.000941132748266682,-1.462490697701772
ddqn,42,2223,24600,-10.09,9,0,1,0.6105,0.0008328544208779931,-0.8447219133377075
ddqn,42,2224,24606,-10.06,6,0,1,0.610405,0.0006910213269293308,-0.936486005783081
ddqn,42,2225,24609,-10.03,3,0,1,0.6103575,0.0010682360734790564,-0.9396060705184937
ddqn,42,2226,24627,-10.18,18,0,1,0.6100725,0.0007032899193291087,-1.059564158320427
ddqn,42,2227,24632,-10.049999999999999,5,0,1,0.6099933333333334,0.0011261584295425564,-1.3349579572677612
ddqn,42,2228,24639,-10.07,7,0,1,0.6098825,0.00044747430365532637,-0.4863964319229126
ddqn,42,2229,24643,-10.04,4,0,1,0.6098191666666667,0.0005650012171827257,-1.5661532878875732
ddqn,42,2230,24647,-10.04,4,0,1,0.6097558333333333,0.0003846762119792402,-1.0969369411468506
ddqn,42,2231,24650,-10.03,3,0,1,0.6097083333333333,0.0015349132008850574,-1.5741162300109863
ddqn,42,2232,24662,-10.12,12,0,1,0.6095183333333334,0.0004929895512759686,-0.8397261699040731
ddqn,42,2233,24668,-10.06,6,0,1,0.6094233333333333,0.00041963518015109,-0.7116605937480927
ddqn,42,2234,24671,-10.03,3,0,1,0.6093758333333333,,
ddqn,42,2235,24673,-10.02,2,0,1,0.6093441666666667,0.00041980069363489747,-0.9473830461502075
ddqn,42,2236,24680,-10.07,7,0,1,0.6092333333333333,0.0006321977853076532,-0.7280909717082977
ddqn,42,2237,24691,-10.11,11,0,1,0.6090591666666667,0.0006013073725625873,-1.2605855166912079
ddqn,42,2238,24693,-10.02,2,0,1,0.6090275,0.002373205032199621,-1.5549153089523315
ddqn,42,2239,24704,-10.11,11,0,1,0.6088533333333334,0.0007688505575060844,-1.1407296260197957
ddqn,42,2240,24713,-10.09,9,0,1,0.6087108333333333,0.0003931756946258247,-1.172114908695221
ddqn,42,2241,24725,-10.12,12,0,1,0.6085208333333334,0.0010597418683270614,-1.0544211864471436
ddqn,42,2242,24735,-10.1,10,0,1,0.6083625,0.0010083249071612954,-1.176687240600586
ddqn,42,2243,24760,-10.25,25,0,1,0.6079666666666667,0.00035602513733985167,-1.0117334638323103
ddqn,42,2244,24773,-10.129999999999999,13,0,1,0.6077608333333333,0.00035600194435877103,-0.7925354937712351
ddqn,42,2245,24794,-10.209999999999999,21,0,1,0.6074283333333333,0.0011435432825237513,-1.0054733514785767
ddqn,42,2246,24800,-10.06,6,0,1,0.6073333333333333,0.0006499737646663561,-0.9411763101816177
ddqn,42,2247,24832,-10.32,32,0,1,0.6068266666666666,0.0015389989275718108,-1.1663841158151627
ddqn,42,2248,24839,-10.07,7,0,1,0.6067158333333333,0.00032514569466002285,-1.1081843376159668
ddqn,42,2249,24873,-10.34,34,0,1,0.6061775,0.0008549130256546454,-0.9784481392966377
ddqn,42,2250,24875,-10.02,2,0,1,0.6061458333333334,,
ddqn,42,2251,24931,-10.56,56,0,1,0.6052591666666667,0.0009996860816110192,-0.8818196271147046
ddqn,42,2252,24934,-10.03,3,0,1,0.6052116666666667,0.002050612587481737,-1.1030750274658203
ddqn,42,2253,24968,-10.34,34,0,1,0.6046733333333334,0.0005679628213531234,-1.0306940807236566
ddqn,42,2254,24975,-10.07,7,0,1,0.6045625,0.0007697316468693316,-1.4095505475997925
ddqn,42,2255,25001,-10.26,26,0,1,0.6041508333333334,0.00035860664086482884,-0.9268413356372288
ddqn,42,2256,25004,-10.03,3,0,1,0.6041033333333333,0.0008665632922202349,-1.118790626525879
ddqn,42,2257,25007,-10.03,3,0,1,0.6040558333333333,,
ddqn,42,2258,25016,-10.09,9,0,1,0.6039133333333333,0.0005747048417106271,-1.1538413763046265
ddqn,42,2259,25019,-10.03,3,0,1,0.6038658333333333,,
ddqn,42,2260,25022,-10.03,3,0,1,0.6038183333333333,0.0012463945895433426,-1.7145806550979614
ddqn,42,2261,25029,-10.07,7,0,1,0.6037075000000001,0.0008829716825857759,-1.2092467546463013
ddqn,42,2262,25075,-10.46,46,0,1,0.6029791666666666,0.0005732302829115229,-0.9715206894007596
ddqn,42,2263,25092,-10.17,17,0,1,0.6027100000000001,0.0006491817417554558,-1.5096078395843506
ddqn,42,2264,25103,-10.11,11,0,1,0.6025358333333334,0.0004019563493784517,-0.8765597939491272
ddqn,42,2265,25138,-10.35,35,0,1,0.6019816666666666,0.00040216503031034436,-1.1660584939850702
ddqn,42,2266,25152,-10.14,14,0,1,0.6017600000000001,0.001048277237714501,-1.0994538366794586
ddqn,42,2267,25158,-10.06,6,0,1,0.601665,0.00029373911092989147,-1.1182130575180054
ddqn,42,2268,25185,-10.27,27,0,1,0.6012375,0.000822589233783739,-0.8967700983796801
ddqn,42,2269,25199,-10.14,14,0,1,0.6010158333333333,0.00048775063866438967,-1.1136842171351116
ddqn,42,2270,25204,-10.049999999999999,5,0,1,0.6009366666666667,0.00036645139334723353,-1.1065812706947327
ddqn,42,2271,25218,-10.14,14,0,1,0.600715,0.0006559967684249083,-1.4705476363499959
ddqn,42,2272,25228,-10.1,10,0,1,0.6005566666666666,0.0003378337763327484,-1.2212193210919697
ddqn,42,2273,25230,-10.02,2,0,1,0.600525,,
ddqn,42,2274,25237,-10.07,7,0,1,0.6004141666666667,0.0005844778497703373,-0.8017469346523285
ddqn,42,2275,25255,-10.18,18,0,1,0.6001291666666667,0.0007276772957993671,-0.8467609286308289
ddqn,42,2276,25284,-10.29,29,0,1,0.59967,0.0010586862554191612,-1.0178285911679268
ddqn,42,2277,25316,-10.32,32,0,1,0.5991633333333334,0.0006784222241549287,-1.1702468320727348
ddqn,42,2278,25335,-10.19,19,0,1,0.5988625000000001,0.0009716420172480866,-0.9938662052154541
ddqn,42,2279,25338,-10.03,3,0,1,0.598815,0.0019224442075937986,-0.9770131707191467
ddqn,42,2280,25340,-10.02,2,0,1,0.5987833333333333,0.0011896714568138123,-0.8161988854408264
ddqn,42,2281,25355,-10.15,15,0,1,0.5985458333333333,0.0006535368350644907,-1.0483718117078145
ddqn,42,2282,25360,-10.049999999999999,5,0,1,0.5984666666666667,0.001422788540367037,-1.2625089883804321
ddqn,42,2283,25433,-10.73,73,0,1,0.5973108333333333,0.0013610282290351784,-1.1143667184644275
ddqn,42,2284,25440,-10.07,7,0,1,0.5972,0.1543134723760886,-0.814313679933548
ddqn,42,2285,25443,-10.03,3,0,1,0.5971525,,
ddqn,42,2286,25508,-10.65,65,0,1,0.5961233333333333,0.0020550923714729246,-1.0937500596046448
ddqn,42,2287,25573,-10.65,65,0,1,0.5950941666666667,0.0008405460512221907,-0.9890090934932232
ddqn,42,2288,25576,-10.03,3,0,1,0.5950466666666667,0.0006515195709653199,-0.6654157638549805
ddqn,42,2289,25604,-10.28,28,0,1,0.5946033333333334,0.0009413262721084591,-1.111551250730242
ddqn,42,2290,25643,-10.39,39,0,1,0.5939858333333333,0.030762769828369427,-0.9701526694827609
ddqn,42,2291,25648,-10.049999999999999,5,0,1,0.5939066666666667,0.00687223015120253,-1.3966237902641296
ddqn,42,2292,25658,-10.1,10,0,1,0.5937483333333333,0.0018754574412014335,-1.0574911832809448
ddqn,42,2293,25666,-10.08,8,0,1,0.5936216666666667,0.003680832334794104,-1.5092902183532715
ddqn,42,2294,25676,-10.1,10,0,1,0.5934633333333333,0.001539387400650109,-1.2019407351811726
ddqn,42,2295,25699,-10.23,23,0,1,0.5930991666666667,0.0012631757475901396,-1.122667956352234
ddqn,42,2296,25707,-10.08,8,0,1,0.5929725,0.00035015467437915504,-0.7944615483283997
ddqn,42,2297,25710,-10.03,3,0,1,0.592925,0.0015870232600718737,-0.9330951571464539
ddqn,42,2298,25722,-10.12,12,0,1,0.592735,0.0017240709663989644,-0.955592672030131
ddqn,42,2299,25733,-10.11,11,0,1,0.5925608333333334,0.002712535031605512,-1.3905031283696492
ddqn,42,2300,25737,-10.04,4,0,1,0.5924975,0.0011696438305079937,-0.48820337653160095
ddqn,42,2301,25754,-10.17,17,0,1,0.5922283333333334,0.0032935258059296757,-1.0621815621852875
ddqn,42,2302,25757,-10.03,3,0,1,0.5921808333333334,0.004959565121680498,-0.9963491559028625
ddqn,42,2303,25780,-10.23,23,0,1,0.5918166666666667,0.0020925837258497872,-1.3373074730237324
ddqn,42,2304,25797,-10.17,17,0,1,0.5915475,0.0013304664025781676,-0.9239348024129868
ddqn,42,2305,25804,-10.07,7,0,1,0.5914366666666667,0.000402596517233178,-0.4993603229522705
ddqn,42,2306,25825,-10.209999999999999,21,0,1,0.5911041666666668,0.0003575808455934748,-0.7473031997680664
ddqn,42,2307,25831,-10.06,6,0,1,0.5910091666666667,5.7275217841379344e-05,-0.19330480694770813
ddqn,42,2308,25841,-10.1,10,0,1,0.5908508333333333,0.000901855838795503,-1.0638885498046875
ddqn,42,2309,25880,-10.39,39,0,1,0.5902333333333334,0.0005573129077674821,-0.9736503303050995
ddqn,42,2310,25885,-10.049999999999999,5,0,1,0.5901541666666668,0.001575871487148106,-0.9443690180778503
ddqn,42,2311,25888,-10.03,3,0,1,0.5901066666666667,0.0004665661836043,-1.4148850440979004
ddqn,42,2312,25909,-10.209999999999999,21,0,1,0.5897741666666667,0.055340143968351185,-1.0643864870071411
ddqn,42,2313,25926,-10.17,17,0,1,0.5895050000000001,0.0033804545528255403,-1.1678139716386795
ddqn,42,2314,25949,-10.23,23,0,1,0.5891408333333333,0.002757873541365067,-1.0798126955827076
ddqn,42,2315,25951,-10.02,2,0,1,0.5891091666666667,,
ddqn,42,2316,25959,-10.08,8,0,1,0.5889825,0.00357161823194474,-0.9093083441257477
ddqn,42,2317,25974,-10.15,15,0,1,0.5887450000000001,0.0013389618543442339,-0.729289747774601
ddqn,42,2318,25981,-10.07,7,0,1,0.5886341666666667,0.0033469984773546457,-0.7069785743951797
ddqn,42,2319,25990,-10.09,9,0,1,0.5884916666666666,0.0022731033386662602,-1.1206941902637482
ddqn,42,2320,26044,-10.54,54,0,1,0.5876366666666667,0.02171171732646014,-1.0579260417393275
ddqn,42,2321,26046,-10.02,2,0,1,0.587605,,
ddqn,42,2322,26072,-10.26,26,0,1,0.5871933333333333,0.0012641678955073335,-1.271103365080697
ddqn,42,2323,26080,-10.08,8,0,1,0.5870666666666666,0.0006252391322050244,-1.1250449120998383
ddqn,42,2324,26084,-10.04,4,0,1,0.5870033333333333,0.0016795129049569368,-1.113146185874939
ddqn,42,2325,26087,-10.03,3,0,1,0.5869558333333333,,
ddqn,42,2326,26097,-10.1,10,0,1,0.5867975000000001,0.000991941390869518,-1.1076604723930359
ddqn,42,2327,26102,-10.049999999999999,5,0,1,0.5867183333333333,0.0008076843805611134,-0.8086564540863037
ddqn,42,2328,26119,-10.17,17,0,1,0.5864491666666667,0.0010393598131486215,-0.8898836523294449
ddqn,42,2329,26186,-10.67,67,0,1,0.5853883333333334,0.001544046454535633,-1.1249160941909342
ddqn,42,2330,26188,-10.02,2,0,1,0.5853566666666667,0.00029953685589134693,-0.9579213261604309
ddqn,42,2331,26208,-10.2,20,0,1,0.58504,0.05478845615871251,-1.35090229511261
ddqn,42,2332,26211,-10.03,3,0,1,0.5849925,,
ddqn,42,2333,26218,-10.07,7,0,1,0.5848816666666667,0.0015480583388125524,-1.2039941251277924
ddqn,42,2334,26233,-10.15,15,0,1,0.5846441666666666,0.002046018620603718,-0.927881196141243
ddqn,42,2335,26236,-10.03,3,0,1,0.5845966666666667,0.00043923378689214587,-0.9653798341751099
ddqn,42,2336,26249,-10.129999999999999,13,0,1,0.5843908333333334,0.0015235076231571536,-1.1638257503509521
ddqn,42,2337,26251,-10.02,2,0,1,0.5843591666666668,,
ddqn,42,2338,26256,-10.049999999999999,5,0,1,0.58428,0.004605013818945736,-1.3686835765838623
ddqn,42,2339,26260,-10.04,4,0,1,0.5842166666666667,0.004086465574800968,-1.4104130268096924
ddqn,42,2340,26284,-10.24,24,0,1,0.5838366666666667,0.0023860713166262335,-1.2783611118793488
ddqn,42,2341,26293,-10.09,9,0,1,0.5836941666666667,0.0017559701227582991,-1.1801649928092957
ddqn,42,2342,26296,-10.03,3,0,1,0.5836466666666666,0.006609109230339527,-1.6778106689453125
ddqn,42,2343,26323,-10.27,27,0,1,0.5832191666666667,0.0063226209992232425,-1.0443222522735596
ddqn,42,2344,26336,-10.129999999999999,13,0,1,0.5830133333333334,0.005548607499804348,-0.9306274503469467
ddqn,42,2345,26351,-10.15,15,0,1,0.5827758333333334,0.004196908635397752,-1.0739105939865112
ddqn,42,2346,26365,-10.14,14,0,1,0.5825541666666667,0.0747789407032542,-1.1492847204208374
ddqn,42,2347,26368,-10.03,3,0,1,0.5825066666666667,0.0008566693286411464,-1.1451777219772339
ddqn,42,2348,26382,-10.14,14,0,1,0.582285,0.012577175783614317,-1.3680516084035237
ddqn,42,2349,26392,-10.1,10,0,1,0.5821266666666667,0.003619708683496962,-0.7459558645884196
ddqn,42,2350,26395,-10.03,3,0,1,0.5820791666666667,,
ddqn,42,2351,26418,-10.23,23,0,1,0.581715,0.006150120481227835,-0.6496781259775162
ddqn,42,2352,26425,-10.07,7,0,1,0.5816041666666667,0.006952153518795967,-1.0124179124832153
ddqn,42,2353,26458,-10.33,33,0,1,0.5810816666666667,0.010848174890270457,-0.8601630553603172
ddqn,42,2354,26461,-10.03,3,0,1,0.5810341666666667,0.0003903944161720574,-1.276660680770874
ddqn,42,2355,26513,-10.52,52,0,1,0.5802108333333333,0.03180553429186917,-1.0790317196112413
ddqn,42,2356,26530,-10.17,17,0,1,0.5799416666666667,0.08366858935914934,-1.2582149356603622
ddqn,42,2357,26532,-10.02,2,0,1,0.57991,0.002651509363204241,-0.3932979106903076
ddqn,42,2358,26540,-10.08,8,0,1,0.5797833333333333,0.04973763972520828,-1.2353622317314148
ddqn,42,2359,26552,-10.12,12,0,1,0.5795933333333334,0.01866066673149665,-0.7646635969479879
ddqn,42,2360,26559,-10.07,7,0,1,0.5794825,0.02980455383658409,-1.0464916229248047
ddqn,42,2361,26564,-10.049999999999999,5,0,1,0.5794033333333334,0.017751404084265232,-1.0179698169231415
ddqn,42,2362,26592,-10.28,28,0,1,0.57896,0.009602735750377178,-1.1090259296553475
ddqn,42,2363,26644,-10.52,52,0,1,0.5781366666666667,0.03870641945216518,-1.0270559787750244
ddqn,42,2364,26649,-10.049999999999999,5,0,1,0.5780575000000001,0.03457082062959671,-0.7124799489974976
ddqn,42,2365,26655,-10.06,6,0,1,0.5779625,0.029020914807915688,-0.5802949666976929
ddqn,42,2366,26677,-10.22,22,0,1,0.5776141666666668,0.020360631635412574,-1.1790964404741924
ddqn,42,2367,26680,-10.03,3,0,1,0.5775666666666667,0.004348254296928644,-1.240739345550537
ddqn,42,2368,26683,-10.03,3,0,1,0.5775191666666667,,
ddqn,42,2369,26701,-10.18,18,0,1,0.5772341666666667,0.010971908539067954,-0.9336791276931763
ddqn,42,2370,26713,-10.12,12,0,1,0.5770441666666667,0.005119130248203874,-1.2998194495836894
ddqn,42,2371,26745,-10.32,32,0,1,0.5765375,0.007070738694892498,-0.9805174469947815
ddqn,42,2372,26750,-10.049999999999999,5,0,1,0.5764583333333333,0.002935566008090973,-1.428030014038086
ddqn,42,2373,26800,-10.5,50,0,1,0.5756666666666668,0.00821796152740717,-0.9209011838986323
ddqn,42,2374,26817,-10.17,17,0,1,0.5753975,0.007286056177690625,-1.4116154611110687
ddqn,42,2375,26826,-10.09,9,0,1,0.5752550000000001,0.007899978198111057,-1.1410002410411835
ddqn,42,2376,26856,-10.3,30,0,1,0.5747800000000001,0.009519880608422682,-1.2133033275604248
ddqn,42,2377,26868,-10.12,12,0,1,0.57459,0.008839313328887025,-0.9514097968737284
ddqn,42,2378,26873,-10.049999999999999,5,0,1,0.5745108333333333,0.004996802192181349,-0.8224307298660278
ddqn,42,2379,26920,9.53,47,1,0,0.5737666666666668,0.008211459731683135,-1.018150771657626
ddqn,42,2380,26924,-10.04,4,0,1,0.5737033333333333,0.008534597232937813,-1.069913387298584
ddqn,42,2381,26930,-10.06,6,0,1,0.5736083333333334,0.00037884892662987113,-0.6583832502365112
ddqn,42,2382,26941,-10.11,11,0,1,0.5734341666666667,0.010896741723020872,-1.0657795071601868
ddqn,42,2383,26970,-10.29,29,0,1,0.572975,0.006009877060673067,-0.9700289453778949
ddqn,42,2384,27014,-10.44,44,0,1,0.5722783333333334,0.0025026644580066204,-1.03861572525718
ddqn,42,2385,27036,-10.22,22,0,1,0.57193,0.0019154459393272798,-0.9757525126139323
ddqn,42,2386,27048,-10.12,12,0,1,0.57174,0.0016599031320462625,-0.769549955924352
ddqn,42,2387,27053,-10.049999999999999,5,0,1,0.5716608333333333,0.0012417326215654612,-0.9476423263549805
ddqn,42,2388,27079,-10.26,26,0,1,0.5712491666666667,0.001027813714851315,-1.0060479442278545
ddqn,42,2389,27117,-10.38,38,0,1,0.5706475,0.002045162580907345,-1.009690910577774
ddqn,42,2390,27121,-10.04,4,0,1,0.5705841666666667,0.0005195909761823714,-0.9877631664276123
ddqn,42,2391,27150,-10.29,29,0,1,0.570125,0.001641912743382688,-1.3022183520453317
ddqn,42,2392,27168,-10.18,18,0,1,0.56984,0.0008124720479827374,-0.8813516974449158
ddqn,42,2393,27181,-10.129999999999999,13,0,1,0.5696341666666667,0.001211512426380068,-1.1256468494733174
ddqn,42,2394,27213,-10.32,32,0,1,0.5691275,0.03616462569334544,-1.1561958342790604
ddqn,42,2395,27217,-10.04,4,0,1,0.5690641666666667,0.005617569200694561,-1.1460206508636475
ddqn,42,2396,27220,-10.03,3,0,1,0.5690166666666667,0.002075932454317808,-0.8119266033172607
ddqn,42,2397,27236,-10.16,16,0,1,0.5687633333333333,0.0036860495747532696,-1.2322065085172653
ddqn,42,2398,27250,-10.14,14,0,1,0.5685416666666667,0.002469196255939702,-1.0318686763445537
ddqn,42,2399,27261,-10.11,11,0,1,0.5683675,0.001747571552793185,-1.015879233678182
ddqn,42,2400,27264,-10.03,3,0,1,0.5683199999999999,0.0013588941656053066,-1.4322328567504883
ddqn,42,2401,27267,-10.03,3,0,1,0.5682725,,
ddqn,42,2402,27272,-10.049999999999999,5,0,1,0.5681933333333333,0.0010952242300845683,-1.0500820875167847
ddqn,42,2403,27297,-10.25,25,0,1,0.5677975,0.0022326530888676643,-0.9061525464057922
ddqn,42,2404,27301,-10.04,4,0,1,0.5677341666666667,0.0008884841809049249,-1.4504307508468628
ddqn,42,2405,27371,-10.7,70,0,1,0.5666258333333334,0.002555936698199195,-1.0441238739911247
ddqn,42,2406,27381,-10.1,10,0,1,0.5664675000000001,0.0005415497871581465,-0.9733434120814005
ddqn,42,2407,27389,-10.08,8,0,1,0.5663408333333333,0.0010628698219079524,-0.6526501476764679
ddqn,42,2408,27401,-10.12,12,0,1,0.5661508333333334,0.08263681322569028,-0.9820146560668945
ddqn,42,2409,27403,-10.02,2,0,1,0.5661191666666667,,
ddqn,42,2410,27405,-10.02,2,0,1,0.5660875000000001,0.005150548182427883,-1.2686209678649902
ddqn,42,2411,27407,-10.02,2,0,1,0.5660558333333334,,
ddqn,42,2412,27431,-10.24,24,0,1,0.5656758333333334,0.0015354487501705687,-0.8024835387865702
ddqn,42,2413,27443,-10.12,12,0,1,0.5654858333333334,0.001165485824458301,-1.1225133736928303
ddqn,42,2414,27445,-10.02,2,0,1,0.5654541666666666,0.2846021056175232,-0.8094826936721802
ddqn,42,2415,27449,-10.04,4,0,1,0.5653908333333333,0.0012327907606959343,-0.6649355888366699
ddqn,42,2416,27492,-10.43,43,0,1,0.56471,0.0022171086377718234,-0.9571725401011381
ddqn,42,2417,27495,-10.03,3,0,1,0.5646625000000001,,
ddqn,42,2418,27512,-10.17,17,0,1,0.5643933333333333,0.002136353653622791,-1.1165941834449769
ddqn,42,2419,27558,-10.46,46,0,1,0.5636650000000001,0.0022797762860798025,-1.0386259880932895
ddqn,42,2420,27567,-10.09,9,0,1,0.5635224999999999,0.2533451244235039,-1.615921676158905
ddqn,42,2421,27572,-10.049999999999999,5,0,1,0.5634433333333333,0.011923112440854311,-1.382693737745285
ddqn,42,2422,27581,-10.09,9,0,1,0.5633008333333334,0.0034716848749667406,-1.387357234954834
ddqn,42,2423,27596,-10.15,15,0,1,0.5630633333333332,0.0061692846356891096,-0.9587465226650238
ddqn,42,2424,27598,-10.02,2,0,1,0.5630316666666666,,
ddqn,42,2425,27606,-10.08,8,0,1,0.562905,0.0075038986396975815,-0.9313274025917053
ddqn,42,2426,27614,-10.08,8,0,1,0.5627783333333334,0.004202452138997614,-1.492525339126587
ddqn,42,2427,27630,-10.16,16,0,1,0.5625249999999999,0.0011021972022717819,-0.7739419639110565
ddqn,42,2428,27705,-10.75,75,0,1,0.5613375,0.00166554867571808,-1.1401305386894627
ddqn,42,2429,27764,-10.59,59,0,1,0.5604033333333334,0.0018536191006811957,-1.1051567276318868
ddqn,42,2430,27773,-10.09,9,0,1,0.5602608333333334,0.005343694938346744,-0.9854334890842438
ddqn,42,2431,27778,-10.049999999999999,5,0,1,0.5601816666666667,0.0017271456308662891,-0.9701667428016663
ddqn,42,2432,27779,-10.01,1,0,1,0.5601658333333333,,
ddqn,42,2433,27783,-10.04,4,0,1,0.5601025,0.001075907377526164,-0.9681007862091064
ddqn,42,2434,27787,-10.04,4,0,1,0.5600391666666666,0.008048811927437782,-1.4077787399291992
ddqn,42,2435,27866,-10.790000000000001,79,0,1,0.5587883333333334,0.0015177563414908945,-0.9452710300683975
ddqn,42,2436,27879,-10.129999999999999,13,0,1,0.5585825,0.0013560331426560879,-1.3743095795313518
ddqn,42,2437,27887,-10.08,8,0,1,0.5584558333333334,0.0008971421339083463,-2.0493918657302856
ddqn,42,2438,27895,-10.08,8,0,1,0.5583291666666668,0.00041944537952076644,-0.894965410232544
ddqn,42,2439,27927,-10.32,32,0,1,0.5578225000000001,0.0011033449500246206,-1.0812686793506145
ddqn,42,2440,27933,-10.06,6,0,1,0.5577274999999999,0.002782480209134519,-1.262735366821289
ddqn,42,2441,27936,-10.03,3,0,1,0.55768,0.0026530465111136436,-1.1247614622116089
ddqn,42,2442,27967,-10.31,31,0,1,0.5571891666666666,0.0014361335280617432,-0.9279717292104449
ddqn,42,2443,27969,-10.02,2,0,1,0.5571575,0.004273325204849243,-1.4130988121032715
ddqn,42,2444,27977,-10.08,8,0,1,0.5570308333333334,0.002061914128717035,-1.0544557571411133
ddqn,42,2445,27980,-10.03,3,0,1,0.5569833333333334,0.001080777496099472,-0.8310492038726807
ddqn,42,2446,27983,-10.03,3,0,1,0.5569358333333334,,
ddqn,42,2447,28000,-10.17,17,0,1,0.5566666666666666,0.0007486521441023797,-0.8219085335731506
ddqn,42,2448,28004,-10.04,4,0,1,0.5566033333333333,0.0008577789412811399,-0.9523072242736816
ddqn,42,2449,28042,-10.38,38,0,1,0.5560016666666667,0.058880017960392356,-0.9827361305554708
ddqn,42,2450,28047,-10.049999999999999,5,0,1,0.5559225000000001,0.004262596368789673,-1.4508525133132935
ddqn,42,2451,28065,-10.18,18,0,1,0.5556375,0.003415648895315826,-0.9543716311454773
ddqn,42,2452,28070,-10.049999999999999,5,0,1,0.5555583333333334,0.0015452520456165075,-0.5316494703292847
ddqn,42,2453,28102,-10.32,32,0,1,0.5550516666666667,0.03142873625620268,-1.227717749774456
ddqn,42,2454,28106,-10.04,4,0,1,0.5549883333333334,0.0018216578755527735,-0.9927754998207092
ddqn,42,2455,28113,-10.07,7,0,1,0.5548775,0.0017825833056122065,-0.8095444440841675
ddqn,42,2456,28145,-10.32,32,0,1,0.5543708333333333,0.034555062626168365,-1.1152730770409107
ddqn,42,2457,28152,-10.07,7,0,1,0.55426,0.007011062582023442,-0.9195617139339447
ddqn,42,2458,28162,-10.1,10,0,1,0.5541016666666667,0.1017613704316318,-1.237574815750122
ddqn,42,2459,28191,-10.29,29,0,1,0.5536425,0.019208723745707954,-1.2097286156245641
ddqn,42,2460,28193,-10.02,2,0,1,0.5536108333333334,0.002832053927704692,-1.5885039567947388
ddqn,42,2461,28198,-10.049999999999999,5,0,1,0.5535316666666668,0.005488554015755653,-0.7658871412277222
ddqn,42,2462,28218,-10.2,20,0,1,0.553215,0.013739478215575219,-1.294258952140808
ddqn,42,2463,28221,-10.03,3,0,1,0.5531675,0.0024154919665306807,-0.5301052331924438
ddqn,42,2464,28226,-10.049999999999999,5,0,1,0.5530883333333334,0.0002563432208262384,-0.5041813850402832
ddqn,42,2465,28281,-10.55,55,0,1,0.5522175,0.003473149644768065,-1.1733563542366028
ddqn,42,2466,28307,-10.26,26,0,1,0.5518058333333333,0.04330715198981731,-1.2553284863630931
ddqn,42,2467,28350,-10.43,43,0,1,0.5511250000000001,0.0031611140981443564,-1.0352764698592098
ddqn,42,2468,28351,-10.01,1,0,1,0.5511091666666668,,
ddqn,42,2469,28354,-10.03,3,0,1,0.5510616666666667,0.0009963178308680654,-0.8249037265777588
ddqn,42,2470,28369,-10.15,15,0,1,0.5508241666666667,0.003587573955883272,-1.2047235667705536
ddqn,42,2471,28401,-10.32,32,0,1,0.5503175,0.00399037150782533,-1.0996605530381203
ddqn,42,2472,28410,-10.09,9,0,1,0.5501750000000001,0.001650632417295128,-0.9499340653419495
ddqn,42,2473,28425,-10.15,15,0,1,0.5499375,0.0015195433516055346,-1.0465666055679321
ddqn,42,2474,28429,-10.04,4,0,1,0.5498741666666667,0.00038322960608638823,-0.5029854774475098
ddqn,42,2475,28435,-10.06,6,0,1,0.5497791666666667,0.0003841153811663389,-0.3484284281730652
ddqn,42,2476,28444,-10.09,9,0,1,0.5496366666666667,0.0018633751897141337,-0.67386461297671
ddqn,42,2477,28447,-10.03,3,0,1,0.5495891666666667,,
ddqn,42,2478,28468,-10.209999999999999,21,0,1,0.5492566666666667,0.003400864196009934,-1.142728050549825
ddqn,42,2479,28470,-10.02,2,0,1,0.5492250000000001,,
ddqn,42,2480,28476,-10.06,6,0,1,0.54913,0.001133302750531584,-1.0472754836082458
ddqn,42,2481,28484,-10.08,8,0,1,0.5490033333333333,0.000355537653376814,-0.6573812067508698
ddqn,42,2482,28496,-10.12,12,0,1,0.5488133333333334,0.00197948624069492,-1.2589036623636882
ddqn,42,2483,28521,-10.25,25,0,1,0.5484175,0.00329025547641019,-1.0453831255435944
ddqn,42,2484,28525,-10.04,4,0,1,0.5483541666666667,0.0007420598994940519,-0.9631755948066711
ddqn,42,2485,28540,-10.15,15,0,1,0.5481166666666667,0.002318963102879934,-1.1727173775434494
ddqn,42,2486,28556,-10.16,16,0,1,0.5478633333333334,0.0013324941392056644,-0.8753243535757065
ddqn,42,2487,28629,-10.73,73,0,1,0.5467075,0.0016302287064415093,-1.0205451614326901
ddqn,42,2488,28641,-10.12,12,0,1,0.5465175,0.0009451274236198515,-1.0120316743850708
ddqn,42,2489,28651,-10.1,10,0,1,0.5463591666666667,0.0009760640386957675,-0.9010572731494904
ddqn,42,2490,28657,-10.06,6,0,1,0.5462641666666667,0.0006065781344659626,-0.8228007256984711
ddqn,42,2491,28666,-10.09,9,0,1,0.5461216666666666,0.0017514937790110707,-0.961807370185852
ddqn,42,2492,28668,-10.02,2,0,1,0.54609,0.0007704318268224597,-0.6483926773071289
ddqn,42,2493,28676,-10.08,8,0,1,0.5459633333333334,0.0008566637116018683,-1.1909669041633606
ddqn,42,2494,28680,-10.04,4,0,1,0.5459,0.001090359641239047,-1.7309634685516357
ddqn,42,2495,28682,-10.02,2,0,1,0.5458683333333334,,
ddqn,42,2496,28686,-10.04,4,0,1,0.545805,0.0029795183800160885,-0.6830860376358032
ddqn,42,2497,28700,-10.14,14,0,1,0.5455833333333333,0.0013178123845136724,-1.0424070954322815
ddqn,42,2498,28710,-10.1,10,0,1,0.545425,0.0006066073838155717,-1.3517885208129883
ddqn,42,2499,28726,-10.16,16,0,1,0.5451716666666666,0.0010153070979868062,-1.045042723417282
ddqn,42,2500,28728,-10.02,2,0,1,0.54514,0.0009411775972694159,-0.8011833429336548
ddqn,42,2501,28742,-10.14,14,0,1,0.5449183333333334,0.0006516377907246351,-0.9101786613464355
ddqn,42,2502,28768,-10.26,26,0,1,0.5445066666666667,0.0441400736869712,-1.2290157249995641
ddqn,42,2503,28774,-10.06,6,0,1,0.5444116666666667,0.0006167967803776264,-0.8066381812095642
ddqn,42,2504,28778,-10.04,4,0,1,0.5443483333333333,0.0004645602311939001,-0.8135422468185425
ddqn,42,2505,28785,-10.07,7,0,1,0.5442374999999999,0.0005231139075476676,-1.0486678183078766
ddqn,42,2506,28789,-10.04,4,0,1,0.5441741666666666,0.0007923761149868369,-1.2781858444213867
ddqn,42,2507,28790,-10.01,1,0,1,0.5441583333333333,,
ddqn,42,2508,28794,-10.04,4,0,1,0.544095,0.002184478100389242,-0.9582419395446777
ddqn,42,2509,28802,-10.08,8,0,1,0.5439683333333334,0.0010199710668530315,-1.1993930339813232
ddqn,42,2510,28805,-10.03,3,0,1,0.5439208333333334,0.0009135314612649381,-1.5917832851409912
ddqn,42,2511,28807,-10.02,2,0,1,0.5438891666666666,,
ddqn,42,2512,28812,-10.049999999999999,5,0,1,0.54381,0.0004919504281133413,-1.0441775918006897
ddqn,42,2513,28827,-10.15,15,0,1,0.5435725,0.0006019947856354216,-1.1071741580963135
ddqn,42,2514,28833,-10.06,6,0,1,0.5434775000000001,0.0005158749700058252,-1.0469227731227875
ddqn,42,2515,28872,-10.39,39,0,1,0.54286,0.0006296221821685321,-0.919839882850647
ddqn,42,2516,28877,-10.049999999999999,5,0,1,0.5427808333333333,0.00039720808854326606,-0.979772686958313
ddqn,42,2517,28893,-10.16,16,0,1,0.5425275,0.00026056571368826553,-1.0497189313173294
ddqn,42,2518,28900,-10.07,7,0,1,0.5424166666666667,0.00041062544914893806,-0.7299107909202576
ddqn,42,2519,28927,-10.27,27,0,1,0.5419891666666667,0.0007901925904055437,-1.1188961962858837
ddqn,42,2520,28929,-10.02,2,0,1,0.5419575,0.0003478835860732943,-1.2655903100967407
ddqn,42,2521,28958,-10.29,29,0,1,0.5414983333333333,0.000498817624507605,-1.07670978137425
ddqn,42,2522,28966,-10.08,8,0,1,0.5413716666666667,0.000858715531649068,-0.8107517659664154
ddqn,42,2523,28972,-10.06,6,0,1,0.5412766666666666,0.0003024272882612422,-1.2048608660697937
ddqn,42,2524,28990,-10.18,18,0,1,0.5409916666666666,0.00044635413360083476,-1.003110408782959
ddqn,42,2525,28993,-10.03,3,0,1,0.5409441666666667,0.000448178150691092,-0.8051063418388367
ddqn,42,2526,29049,-10.56,56,0,1,0.5400575000000001,0.0005820811763572108,-1.0940800096307481
ddqn,42,2527,29062,-10.129999999999999,13,0,1,0.5398516666666666,0.0004987782400955135,-0.8210583130518595
ddqn,42,2528,29094,-10.32,32,0,1,0.539345,0.00027270943246548995,-0.9744763523340225
ddqn,42,2529,29135,-10.41,41,0,1,0.5386958333333334,0.00033811723333201373,-0.9733727276325226
ddqn,42,2530,29146,-10.11,11,0,1,0.5385216666666667,0.0007534809313559284,-1.2207356293996174
ddqn,42,2531,29176,-10.3,30,0,1,0.5380466666666667,0.0004438203432073351,-1.0536696203052998
ddqn,42,2532,29183,-10.07,7,0,1,0.5379358333333333,0.00037652242463082075,-1.121394395828247
ddqn,42,2533,29201,-10.18,18,0,1,0.5376508333333334,0.0005248622474027798,-1.4948431611061097
ddqn,42,2534,29202,-10.01,1,0,1,0.537635,,
ddqn,42,2535,29229,-10.27,27,0,1,0.5372075000000001,0.0004848163537514795,-0.9500446489879063
ddqn,42,2536,29307,-10.780000000000001,78,0,1,0.5359725,0.014740402228198946,-0.988202862049404
ddqn,42,2537,29309,-10.02,2,0,1,0.5359408333333333,0.01683763414621353,-1.0143882036209106
ddqn,42,2538,29354,-10.45,45,0,1,0.5352283333333334,0.005205884427678856,-1.1252942952242764
ddqn,42,2539,29356,-10.02,2,0,1,0.5351966666666667,0.0006373298820108175,-0.6633813381195068
ddqn,42,2540,29367,-10.11,11,0,1,0.5350225,0.003606444108299911,-1.1273700594902039
ddqn,42,2541,29394,9.73,27,1,0,0.534595,0.0031266400390969856,-1.0428608996527535
ddqn,42,2542,29399,-10.049999999999999,5,0,1,0.5345158333333333,0.003345135599374771,-1.1333117485046387
ddqn,42,2543,29414,-10.15,15,0,1,0.5342783333333334,0.002505067503079772,-1.3366263210773468
ddqn,42,2544,29452,-10.38,38,0,1,0.5336766666666667,0.0031436608405783772,-1.2027821123600007
ddqn,42,2545,29468,-10.16,16,0,1,0.5334233333333334,0.0034956714953295887,-1.0966693311929703
ddqn,42,2546,29476,-10.08,8,0,1,0.5332966666666668,0.0011045884457416832,-0.7482886910438538
ddqn,42,2547,29477,-10.01,1,0,1,0.5332808333333333,,
ddqn,42,2548,29481,-10.04,4,0,1,0.5332175,0.0004579710657708347,-0.9682011604309082
ddqn,42,2549,29486,-10.049999999999999,5,0,1,0.5331383333333334,0.002339679980650544,-1.2642552852630615
ddqn,42,2550,29510,-10.24,24,0,1,0.5327583333333333,0.0007478419526402528,-0.979220320781072
ddqn,42,2551,29582,-10.72,72,0,1,0.5316183333333333,0.0005427883980802209,-1.035823591881328
ddqn,42,2552,29596,-10.14,14,0,1,0.5313966666666667,0.00021335358178475872,-0.8927796185016632
ddqn,42,2553,29627,-10.31,31,0,1,0.5309058333333334,0.0007591244045345645,-1.2804876736232214
ddqn,42,2554,29629,-10.02,2,0,1,0.5308741666666666,0.00011208232172066346,-0.828352689743042
ddqn,42,2555,29642,-10.129999999999999,13,0,1,0.5306683333333333,0.0006924000820921113,-0.8733262221018473
ddqn,42,2556,29650,-10.08,8,0,1,0.5305416666666667,0.0012700900551863015,-0.8892391920089722
ddqn,42,2557,29655,-10.049999999999999,5,0,1,0.5304625000000001,0.00027648417744785547,-0.9757989645004272
ddqn,42,2558,29664,-10.09,9,0,1,0.53032,0.0009775636911702652,-1.3397412101427715
ddqn,42,2559,29699,-10.35,35,0,1,0.5297658333333334,0.0006513687658298295,-1.1481249257922173
ddqn,42,2560,29715,-10.16,16,0,1,0.5295125,0.0006155813753139228,-1.3175296038389206
ddqn,42,2561,29719,-10.04,4,0,1,0.5294491666666667,0.0008242805488407612,-1.5878132581710815
ddqn,42,2562,29730,-10.11,11,0,1,0.529275,0.0004387282921622197,-1.137458602587382
ddqn,42,2563,29762,-10.32,32,0,1,0.5287683333333333,0.0008250646333181066,-0.8568321689963341
ddqn,42,2564,29768,-10.06,6,0,1,0.5286733333333333,0.0007452760182786733,-1.210343062877655
ddqn,42,2565,29773,-10.049999999999999,5,0,1,0.5285941666666667,0.0007808246882632375,-1.429990291595459
ddqn,42,2566,29790,-10.17,17,0,1,0.528325,0.000655208761600079,-1.083327278494835
ddqn,42,2567,29830,-10.4,40,0,1,0.5276916666666667,0.030217720264045057,-1.2046723127365113
ddqn,42,2568,29848,-10.18,18,0,1,0.5274066666666667,0.0007549579342594371,-1.19121652841568
ddqn,42,2569,29851,-10.03,3,0,1,0.5273591666666667,,
ddqn,42,2570,29871,-10.2,20,0,1,0.5270425000000001,0.001647678972221911,-1.2231298208236694
ddqn,42,2571,29873,-10.02,2,0,1,0.5270108333333333,0.0003218232304789126,-0.35530534386634827
ddqn,42,2572,29876,-10.03,3,0,1,0.5269633333333333,0.00027693115407601,-0.5173181295394897
ddqn,42,2573,29877,-10.01,1,0,1,0.5269475,,
ddqn,42,2574,29881,-10.04,4,0,1,0.5268841666666667,0.0087832510471344,-1.4025088548660278
ddqn,42,2575,29921,-10.4,40,0,1,0.5262508333333333,0.0018281024138559587,-1.0420614242553712
ddqn,42,2576,29959,-10.38,38,0,1,0.5256491666666667,0.029678331416410703,-1.3422247634993658
ddqn,42,2577,29964,-10.049999999999999,5,0,1,0.5255700000000001,0.008925884030759335,-0.9484128952026367
ddqn,42,2578,29965,-10.01,1,0,1,0.5255541666666667,,
ddqn,42,2579,29966,-10.01,1,0,1,0.5255383333333333,,
ddqn,42,2580,29993,-10.27,27,0,1,0.5251108333333334,0.0031521289492957294,-0.9999075446810041
ddqn,42,2581,29996,-10.03,3,0,1,0.5250633333333333,0.0024859271943569183,-1.2821375131607056
ddqn,42,2582,30007,-10.11,11,0,1,0.5248891666666666,0.0020075381617061794,-1.1262189149856567
ddqn,42,2583,30020,-10.129999999999999,13,0,1,0.5246833333333334,0.0024754238402238116,-1.0718022584915161
ddqn,42,2584,30024,-10.04,4,0,1,0.5246200000000001,0.002579924650490284,-0.9961386919021606
ddqn,42,2585,30031,-10.07,7,0,1,0.5245091666666666,0.0033549973741173744,-1.152303695678711
ddqn,42,2586,30055,9.76,24,1,0,0.5241291666666668,0.002744390250882134,-0.9152987698713938
ddqn,42,2587,30069,-10.14,14,0,1,0.5239075,0.004352480435045436,-1.0892075300216675
ddqn,42,2588,30089,-10.2,20,0,1,0.5235908333333334,0.0014298878726549447,-0.9326400279998779
ddqn,42,2589,30092,-10.03,3,0,1,0.5235433333333332,0.0003324634744785726,-0.8332216143608093
ddqn,42,2590,30097,-10.049999999999999,5,0,1,0.5234641666666666,0.0006519383168779314,-0.5175467133522034
ddqn,42,2591,30102,-10.049999999999999,5,0,1,0.523385,0.0009135614382103086,-0.8295634984970093
ddqn,42,2592,30114,-10.12,12,0,1,0.5231950000000001,0.0009149527371240159,-1.08420334259669
ddqn,42,2593,30117,-10.03,3,0,1,0.5231475000000001,0.0012669495772570372,-1.1686110496520996
ddqn,42,2594,30119,-10.02,2,0,1,0.5231158333333333,,
ddqn,42,2595,30142,-10.23,23,0,1,0.5227516666666667,0.003316405617321531,-1.3077677090962727
ddqn,42,2596,30156,-10.14,14,0,1,0.5225299999999999,0.0022893822169862688,-1.2005607336759567
ddqn,42,2597,30169,-10.129999999999999,13,0,1,0.5223241666666667,0.0026682677756374082,-1.0178910891215007
ddqn,42,2598,30193,-10.24,24,0,1,0.5219441666666667,0.0024854548391886055,-1.313870131969452
ddqn,42,2599,30209,-10.16,16,0,1,0.5216908333333334,0.0010206560255028307,-0.7760614454746246
ddqn,42,2600,30232,-10.23,23,0,1,0.5213266666666667,0.0027299102124137184,-1.2816465397675831
ddqn,42,2601,30250,-10.18,18,0,1,0.5210416666666666,0.0035865943355020136,-0.9825267791748047
ddqn,42,2602,30252,-10.02,2,0,1,0.52101,0.0032010222785174847,-1.605661392211914
ddqn,42,2603,30254,-10.02,2,0,1,0.5209783333333333,,
ddqn,42,2604,30275,-10.209999999999999,21,0,1,0.5206458333333333,0.09706794146914036,-0.9837032675743103
ddqn,42,2605,30381,-11.06,106,0,1,0.5189675,0.008886539271636004,-1.059670149176209
ddqn,42,2606,30383,-10.02,2,0,1,0.5189358333333334,,
ddqn,42,2607,30419,-10.36,36,0,1,0.5183658333333334,0.0032929268135275277,-1.0680608815617032
ddqn,42,2608,30425,-10.06,6,0,1,0.5182708333333333,0.007402531569823623,-1.1634564399719238
ddqn,42,2609,30439,-10.14,14,0,1,0.5180491666666667,0.005304702635233601,-1.2572858333587646
ddqn,42,2610,30473,-10.34,34,0,1,0.5175108333333334,0.004864265068641139,-1.1618707378705342
ddqn,42,2611,30501,-10.28,28,0,1,0.5170675,0.0034288038898791584,-1.2270731244768416
ddqn,42,2612,30510,-10.09,9,0,1,0.5169250000000001,0.0057544291485100985,-0.9043070673942566
ddqn,42,2613,30529,-10.19,19,0,1,0.5166241666666667,0.0018551351502537727,-1.337239933013916
ddqn,42,2614,30539,-10.1,10,0,1,0.5164658333333334,0.0014258045121096075,-1.2955257892608643
ddqn,42,2615,30571,-10.32,32,0,1,0.5159591666666667,0.0021479193383129314,-1.1245333403348923
ddqn,42,2616,30573,-10.02,2,0,1,0.5159275000000001,0.001992789562791586,-1.4561991691589355
ddqn,42,2617,30576,-10.03,3,0,1,0.5158799999999999,0.00119976163841784,-1.1613062620162964
ddqn,42,2618,30578,-10.02,2,0,1,0.5158483333333332,,
ddqn,42,2619,30585,-10.07,7,0,1,0.5157375,0.0012692274176515639,-0.8684316873550415
ddqn,42,2620,30607,-10.22,22,0,1,0.5153891666666667,0.0014431283459998667,-1.043131685256958
ddqn,42,2621,30650,-10.43,43,0,1,0.5147083333333333,0.00271433204497126,-0.986050779169256
ddqn,42,2622,30673,-10.23,23,0,1,0.5143441666666667,0.0021135174562611305,-1.067131777604421
ddqn,42,2623,30676,-10.03,3,0,1,0.5142966666666667,0.0018139607273042202,-1.1485215425491333
ddqn,42,2624,30717,-10.41,41,0,1,0.5136475,0.026786722289398313,-1.1294127821922302
ddqn,42,2625,30723,-10.06,6,0,1,0.5135525000000001,0.000686389859765768,-1.1501123905181885
ddqn,42,2626,30751,-10.28,28,0,1,0.5131091666666667,0.0029461932800976293,-0.9465613961219788
ddqn,42,2627,30763,-10.12,12,0,1,0.5129191666666666,0.002831387120143821,-0.7662844508886337
ddqn,42,2628,30785,-10.22,22,0,1,0.5125708333333334,0.03597183004603721,-1.0851038595040639
ddqn,42,2629,30794,-10.09,9,0,1,0.5124283333333334,0.013271087664179504,-0.9787997007369995
ddqn,42,2630,30796,-10.02,2,0,1,0.5123966666666667,0.0017879599472507834,-0.8798321485519409
ddqn,42,2631,30839,-10.43,43,0,1,0.5117158333333334,0.03641401045024395,-1.1040178060531616
ddqn,42,2632,30852,-10.129999999999999,13,0,1,0.51151,0.01537428260780871,-1.4993970096111298
ddqn,42,2633,30864,-10.12,12,0,1,0.51132,0.010597386009370288,-1.3595370451609294
ddqn,42,2634,30892,-10.28,28,0,1,0.5108766666666666,0.006645185839650887,-1.1626279524394445
ddqn,42,2635,30898,-10.06,6,0,1,0.5107816666666667,0.0054295058362185955,-1.3607935905456543
ddqn,42,2636,30919,-10.209999999999999,21,0,1,0.5104491666666667,0.003008125233463943,-1.0745396256446837
ddqn,42,2637,30946,-10.27,27,0,1,0.5100216666666666,0.0038693632065717664,-1.3260260394641332
ddqn,42,2638,30962,-10.16,16,0,1,0.5097683333333334,0.002232457889476791,-1.1101026087999344
ddqn,42,2639,30966,-10.04,4,0,1,0.5097050000000001,0.006034763529896736,-0.7249895334243774
ddqn,42,2640,30999,-10.33,33,0,1,0.5091825,0.0019886473601218313,-1.2626901343464851
ddqn,42,2641,31016,-10.17,17,0,1,0.5089133333333333,0.0009295124094933271,-0.9221985220909119
ddqn,42,2642,31017,-10.01,1,0,1,0.5088975,,
ddqn,42,2643,31023,-10.06,6,0,1,0.5088025,0.0005027487641200423,-0.9804102182388306
ddqn,42,2644,31026,-10.03,3,0,1,0.5087550000000001,0.0026812697760760784,-1.6115764379501343
ddqn,42,2645,31033,-10.07,7,0,1,0.5086441666666667,0.0008622323803137988,-0.8445695340633392
ddqn,42,2646,31036,-10.03,3,0,1,0.5085966666666667,0.001051802420988679,-0.6886603832244873
ddqn,42,2647,31069,-10.33,33,0,1,0.5080741666666666,0.0009655799440224655,-0.9345070272684097
ddqn,42,2648,31109,-10.4,40,0,1,0.5074408333333333,0.002578605484450236,-1.2308262228965758
ddqn,42,2649,31112,-10.03,3,0,1,0.5073933333333334,0.0006498506409116089,-0.5373865365982056
ddqn,42,2650,31116,-10.04,4,0,1,0.5073300000000001,0.0007433136343024671,-1.1631275415420532
ddqn,42,2651,31138,-10.22,22,0,1,0.5069816666666667,0.0019547773990780115,-0.9628374576568604
ddqn,42,2652,31147,-10.09,9,0,1,0.5068391666666667,0.0007750210206722841,-0.5969971418380737
ddqn,42,2653,31150,-10.03,3,0,1,0.5067916666666668,0.0017508070450276136,-0.8307279944419861
ddqn,42,2654,31188,-10.38,38,0,1,0.5061899999999999,0.0009319233795395121,-1.069956624507904
ddqn,42,2655,31206,-10.18,18,0,1,0.505905,0.0010339267028030008,-1.215191274881363
ddqn,42,2656,31212,-10.06,6,0,1,0.5058100000000001,0.0023593750374857336,-0.997448056936264
ddqn,42,2657,31255,-10.43,43,0,1,0.5051291666666666,0.0017113902315031738,-1.0213311553001403
ddqn,42,2658,31262,-10.07,7,0,1,0.5050183333333333,0.0011321480269543827,-0.9810434579849243
ddqn,42,2659,31274,-10.12,12,0,1,0.5048283333333334,0.0010462836847485353,-1.1072738965352376
ddqn,42,2660,31288,-10.14,14,0,1,0.5046066666666666,0.0019244686554884538,-1.1112462729215622
ddqn,42,2661,31303,-10.15,15,0,1,0.5043691666666666,0.0011396856474069257,-1.0845473408699036
ddqn,42,2662,31330,-10.27,27,0,1,0.5039416666666667,0.0014155433538170265,-1.058634034224919
ddqn,42,2663,31343,-10.129999999999999,13,0,1,0.5037358333333334,0.002141493586047242,-1.0627277890841167
ddqn,42,2664,31344,-10.01,1,0,1,0.5037200000000001,0.0019564181566238403,-1.473583459854126
ddqn,42,2665,31403,-10.59,59,0,1,0.5027858333333334,0.028848530795325393,-1.173730424472264
ddqn,42,2666,31413,-10.1,10,0,1,0.5026275,0.005464703698332111,-1.435152570406596
ddqn,42,2667,31427,-10.14,14,0,1,0.5024058333333333,0.004022614331915975,-1.1730101704597473
ddqn,42,2668,31454,-10.27,27,0,1,0.5019783333333334,0.03313071180933288,-1.2203723703111922
ddqn,42,2669,31455,-10.01,1,0,1,0.5019625000000001,,
ddqn,42,2670,31482,-10.27,27,0,1,0.501535,0.0026454999294531134,-0.890475162437984
ddqn,42,2671,31508,-10.26,26,0,1,0.5011233333333334,0.00672415762008833,-1.1626236268452235
ddqn,42,2672,31512,-10.04,4,0,1,0.5010600000000001,0.025711119174957275,-0.7723978757858276
ddqn,42,2673,31540,-10.28,28,0,1,0.5006166666666667,0.005199557519517839,-0.9636482340948922
ddqn,42,2674,31546,-10.06,6,0,1,0.5005216666666666,0.015101410448551178,-0.9673951864242554
ddqn,42,2675,31609,-10.63,63,0,1,0.49952416666666666,0.003975853167503374,-0.9452881701290607
ddqn,42,2676,31619,-10.1,10,0,1,0.4993658333333333,0.0021132146939635277,-1.0039023756980896
ddqn,42,2677,31630,-10.11,11,0,1,0.4991916666666667,0.0017471793107688427,-0.863722026348114
ddqn,42,2678,31632,-10.02,2,0,1,0.49916000000000005,0.0035442702937871218,-0.9729092121124268
ddqn,42,2679,31638,-10.06,6,0,1,0.499065,0.002692869398742914,-1.4323735237121582
ddqn,42,2680,31646,-10.08,8,0,1,0.4989383333333334,0.0004982481186743826,-0.9038836061954498
ddqn,42,2681,31651,-10.049999999999999,5,0,1,0.49885916666666674,0.0009290077141486108,-0.681837260723114
ddqn,42,2682,31655,-10.04,4,0,1,0.49879583333333344,0.0009728666627779603,-1.1468393802642822
ddqn,42,2683,31658,-10.03,3,0,1,0.49874833333333335,0.0016116045881062746,-1.4696279764175415
ddqn,42,2684,31666,-10.08,8,0,1,0.49862166666666663,0.0015926307532936335,-1.0771901607513428
ddqn,42,2685,31677,-10.11,11,0,1,0.49844750000000004,0.0010976903140544891,-1.2513659199078877
ddqn,42,2686,31680,-10.03,3,0,1,0.49839999999999995,0.00033626664662733674,-0.831529974937439
ddqn,42,2687,31682,-10.02,2,0,1,0.4983683333333333,,
ddqn,42,2688,31698,-10.16,16,0,1,0.4981150000000001,0.0007608529122080654,-0.8344985693693161
ddqn,42,2689,31749,-10.51,51,0,1,0.4973075,0.0012004108105499584,-1.1819691520470839
ddqn,42,2690,31777,-10.28,28,0,1,0.4968641666666668,0.001591579065591629,-1.2239717755998885
ddqn,42,2691,31806,-10.29,29,0,1,0.496405,0.03536465554082367,-0.9149345329829625
ddqn,42,2692,31845,-10.39,39,0,1,0.49578749999999994,0.0016458341968245804,-1.0050765752792359
ddqn,42,2693,31871,-10.26,26,0,1,0.49537583333333335,0.002652744408502864,-0.9127159714698792
ddqn,42,2694,31928,-10.57,57,0,1,0.4944733333333333,0.0016158395369226734,-1.1467062393824259
ddqn,42,2695,31948,-10.2,20,0,1,0.4941566666666667,0.039166356285568325,-1.2057613372802733
ddqn,42,2696,31949,-10.01,1,0,1,0.49414083333333336,,
ddqn,42,2697,32009,-10.6,60,0,1,0.49319083333333336,0.0030168502669160563,-0.9402549823125204
ddqn,42,2698,32029,-10.2,20,0,1,0.4928741666666666,0.002107804932165891,-1.05421844124794
ddqn,42,2699,32034,-10.049999999999999,5,0,1,0.492795,0.0017737019807100296,-1.969375491142273
ddqn,42,2700,32048,-10.14,14,0,1,0.4925733333333333,0.0008328592157340609,-0.700828418135643
ddqn,42,2701,32063,-10.15,15,0,1,0.4923358333333334,0.0011725568523009617,-1.2154453595479329
ddqn,42,2702,32111,-10.48,48,0,1,0.4915758333333333,0.0017262399196624756,-1.0966659833987553
ddqn,42,2703,32159,-10.48,48,0,1,0.49081583333333334,0.0012280755230070402,-1.132287859916687
ddqn,42,2704,32239,-10.8,80,0,1,0.4895491666666667,0.0008922496766899712,-1.0798040956258774
ddqn,42,2705,32252,-10.129999999999999,13,0,1,0.48934333333333335,0.0007099538343027234,-1.1367172598838806
ddqn,42,2706,32264,-10.12,12,0,1,0.48915333333333344,0.0009052260041547319,-1.233726143836975
ddqn,42,2707,32293,-10.29,29,0,1,0.48869416666666665,0.0004998144743564938,-1.1178197349820818
ddqn,42,2708,32316,-10.23,23,0,1,0.48833000000000004,0.04804555113757184,-1.1335852444171906
ddqn,42,2709,32407,-10.91,91,0,1,0.4868891666666667,0.0008482544118041088,-1.136119308796796
ddqn,42,2710,32420,-10.129999999999999,13,0,1,0.48668333333333336,0.0008966510504251346,-1.0638248473405838
ddqn,42,2711,32424,-10.04,4,0,1,0.48662000000000005,0.0019993316382169724,-0.7067162394523621
ddqn,42,2712,32433,-10.09,9,0,1,0.4864775,0.0009887941996566951,-1.2472493052482605
ddqn,42,2713,32435,-10.02,2,0,1,0.48644583333333336,,
ddqn,42,2714,32442,-10.07,7,0,1,0.4863350000000001,0.0006574795697815716,-0.9743092358112335
ddqn,42,2715,32463,-10.209999999999999,21,0,1,0.4860025,0.0008107171743176877,-0.9160551071166992
ddqn,42,2716,32473,-10.1,10,0,1,0.48584416666666663,0.0012898970938598116,-0.953028122584025
ddqn,42,2717,32479,-10.06,6,0,1,0.4857491666666667,0.0007605092832818627,-2.095911741256714
ddqn,42,2718,32502,-10.23,23,0,1,0.48538500000000007,0.08231680310564116,-1.1197670102119446
ddqn,42,2719,32507,-10.049999999999999,5,0,1,0.48530583333333344,0.0006424455787055194,-0.8754063844680786
ddqn,42,2720,32522,-10.15,15,0,1,0.4850683333333333,0.0038019621279090643,-1.032604992389679
ddqn,42,2721,32588,-10.66,66,0,1,0.48402333333333336,0.01787281420889913,-1.134219064432032
ddqn,42,2722,32596,-10.08,8,0,1,0.48389666666666664,0.0012013541418127716,-0.7846883535385132
ddqn,42,2723,32601,-10.049999999999999,5,0,1,0.4838175,0.008622672408819199,-1.3727076053619385
ddqn,42,2724,32630,-10.29,29,0,1,0.48335833333333345,0.001645871949481911,-0.9509435977254596
ddqn,42,2725,32639,-10.09,9,0,1,0.4832158333333333,0.004352456307969987,-0.8121784925460815
ddqn,42,2726,32678,-10.39,39,0,1,0.48259833333333335,0.0011329053151712288,-1.0873644769191741
ddqn,42,2727,32684,-10.06,6,0,1,0.4825033333333334,0.0008807447738945484,-1.1138759851455688
ddqn,42,2728,32699,-10.15,15,0,1,0.4822658333333333,0.0006213900439130763,-0.9377599159876505
ddqn,42,2729,32733,-10.34,34,0,1,0.4817275000000001,0.000935304929347088,-1.1962261597315471
ddqn,42,2730,32772,-10.39,39,0,1,0.48111000000000004,0.0030278096382971853,-1.0935557007789611
ddqn,42,2731,32800,-10.28,28,0,1,0.4806666666666667,0.026673972066159228,-1.147430351802281
ddqn,42,2732,32837,-10.37,37,0,1,0.4800808333333334,0.0019276934520651896,-0.9667517013019986
ddqn,42,2733,32850,-10.129999999999999,13,0,1,0.47987500000000005,0.00168846493276457,-1.272602121035258
ddqn,42,2734,32853,-10.03,3,0,1,0.4798275000000001,0.003277495037764311,-1.1481308937072754
ddqn,42,2735,32854,-10.01,1,0,1,0.47981166666666675,,
ddqn,42,2736,32867,-10.129999999999999,13,0,1,0.4796058333333334,0.004314070257047812,-0.9352352023124695
ddqn,42,2737,32881,-10.14,14,0,1,0.4793841666666666,0.008032890502363443,-1.124694749712944
ddqn,42,2738,32901,-10.2,20,0,1,0.4790675,0.006866252515465021,-0.8977728903293609
ddqn,42,2739,32919,-10.18,18,0,1,0.4787825,0.014255317044444382,-1.2968740910291672
ddqn,42,2740,32922,-10.03,3,0,1,0.478735,0.025357846170663834,-1.8622410297393799
ddqn,42,2741,32926,-10.04,4,0,1,0.4786716666666667,0.005737625993788242,-1.3666367530822754
ddqn,42,2742,32940,-10.14,14,0,1,0.47844999999999993,0.02425999427214265,-0.7804566025733948
ddqn,42,2743,32943,-10.03,3,0,1,0.47840249999999995,,
ddqn,42,2744,32949,-10.06,6,0,1,0.4783075,0.018007060512900352,-1.2422625422477722
ddqn,42,2745,32977,-10.28,28,0,1,0.47786416666666676,0.016784499000225748,-1.090176020349775
ddqn,42,2746,32997,-10.2,20,0,1,0.4775475,0.01955159455537796,-1.2807194471359253
ddqn,42,2747,33029,-10.32,32,0,1,0.47704083333333336,0.0068342681843205355,-1.1304254308342934
ddqn,42,2748,33032,-10.03,3,0,1,0.4769933333333334,0.007606551516801119,-1.43506920337677
ddqn,42,2749,33035,-10.03,3,0,1,0.4769458333333334,,
ddqn,42,2750,33047,-10.12,12,0,1,0.4767558333333334,0.005265204779182871,-0.9923177560170492
ddqn,42,2751,33057,-10.1,10,0,1,0.4765975,0.0027770395875753215,-0.9199381271998087
ddqn,42,2752,33116,-10.59,59,0,1,0.4756633333333333,0.0031600610469467937,-1.072030786673228
ddqn,42,2753,33126,-10.1,10,0,1,0.47550499999999996,0.002096786571200937,-0.6459089070558548
ddqn,42,2754,33155,-10.29,29,0,1,0.4750458333333334,0.04004310728383383,-1.093660627092634
ddqn,42,2755,33158,-10.03,3,0,1,0.4749983333333334,0.0017376842442899942,-1.4868731498718262
ddqn,42,2756,33167,-10.09,9,0,1,0.47485583333333337,0.004012810066342354,-1.1153523921966553
ddqn,42,2757,33189,-10.22,22,0,1,0.47450749999999997,0.0021632562760108462,-1.1859192897876103
ddqn,42,2758,33206,-10.17,17,0,1,0.4742383333333333,0.0011081639386247844,-0.99527408182621
ddqn,42,2759,33236,-10.3,30,0,1,0.4737633333333333,0.001281092903809622,-1.2204866111278534
ddqn,42,2760,33241,-10.049999999999999,5,0,1,0.4736841666666667,0.012038878165185452,-1.6108227968215942
ddqn,42,2761,33247,-10.06,6,0,1,0.4735891666666666,0.0014839667128399014,-1.3603465557098389
ddqn,42,2762,33251,-10.04,4,0,1,0.4735258333333333,0.0032287398353219032,-1.064192771911621
ddqn,42,2763,33262,-10.11,11,0,1,0.4733516666666667,0.17631948296912014,-1.1094530026117961
ddqn,42,2764,33290,-10.28,28,0,1,0.4729083333333334,0.029340803091015135,-1.1698684351784843
ddqn,42,2765,33298,-10.08,8,0,1,0.47278166666666666,0.006834492087364197,-0.6961049735546112
ddqn,42,2766,33301,-10.03,3,0,1,0.4727341666666667,0.04464304447174072,-1.2342426776885986
ddqn,42,2767,33304,-10.03,3,0,1,0.4726866666666667,0.02204739674925804,-1.0088368654251099
ddqn,42,2768,33355,-10.51,51,0,1,0.47187916666666674,0.009737405072276792,-0.9959681977828344
ddqn,42,2769,33383,-10.28,28,0,1,0.4714358333333334,0.022781857339266156,-1.2078377945082528
ddqn,42,2770,33386,-10.03,3,0,1,0.4713883333333334,0.0023018564097583294,-1.0374329090118408
ddqn,42,2771,33427,-10.41,41,0,1,0.4707391666666667,0.03644143029814586,-1.00270516872406
ddqn,42,2772,33448,-10.209999999999999,21,0,1,0.47040666666666664,0.042561551090329885,-1.2426612774531047
ddqn,42,2773,33452,-10.04,4,0,1,0.47034333333333334,0.01280200108885765,-1.4166953563690186
ddqn,42,2774,33464,-10.12,12,0,1,0.4701533333333334,0.00812015434106191,-0.7993088960647583
ddqn,42,2775,33489,-10.25,25,0,1,0.46975749999999994,0.007359485898632556,-1.1457777221997578
ddqn,42,2776,33518,-10.29,29,0,1,0.4692983333333334,0.008098501545776213,-1.2128770436559404
ddqn,42,2777,33535,-10.17,17,0,1,0.4690291666666667,0.013496539904735982,-1.2049098312854767
ddqn,42,2778,33549,-10.14,14,0,1,0.46880750000000004,0.016067946096882224,-1.1006339341402054
ddqn,42,2779,33563,-10.14,14,0,1,0.46858583333333337,0.015449844300746918,-1.159074346224467
ddqn,42,2780,33577,-10.14,14,0,1,0.4683641666666667,0.010898041189648211,-1.2426809072494507
ddqn,42,2781,33630,-10.53,53,0,1,0.4675250000000001,0.005331698930464112,-1.1280822249559255
ddqn,42,2782,33638,-10.08,8,0,1,0.46739833333333336,0.0024983346229419112,-1.2240974307060242
ddqn,42,2783,33639,-10.01,1,0,1,0.46738250000000003,,
ddqn,42,2784,33645,-10.06,6,0,1,0.4672875000000001,0.005116659216582775,-1.3096747994422913
ddqn,42,2785,33674,-10.29,29,0,1,0.4668283333333333,0.00323724264412054,-1.3358397483825684
ddqn,42,2786,33691,-10.17,17,0,1,0.46655916666666675,0.05822339540463872,-1.1334916651248932
ddqn,42,2787,33697,-10.06,6,0,1,0.4664641666666667,0.005333158129360527,-1.012031763792038
ddqn,42,2788,33705,-10.08,8,0,1,0.46633750000000007,0.0038652236107736826,-1.3210644125938416
ddqn,42,2789,33717,-10.12,12,0,1,0.46614750000000005,0.008846166136208922,-1.382665793100993
ddqn,42,2790,33719,-10.02,2,0,1,0.4661158333333334,,
ddqn,42,2791,33729,-10.1,10,0,1,0.4659575,0.004334098698260884,-1.4778111577033997
ddqn,42,2792,33738,-10.09,9,0,1,0.465815,0.0018658002372831106,-0.6743281483650208
ddqn,42,2793,33744,-10.06,6,0,1,0.46572,0.002397331641986966,-1.010682463645935
ddqn,42,2794,33765,-10.209999999999999,21,0,1,0.46538750000000007,0.0028337287832982836,-0.7834459543228149
ddqn,42,2795,33786,-10.209999999999999,21,0,1,0.465055,0.001667154033202678,-1.1225614547729492
ddqn,42,2796,33811,-10.25,25,0,1,0.46465916666666673,0.0017276772026283045,-1.0574805339177449
ddqn,42,2797,33817,-10.06,6,0,1,0.46456416666666667,0.0020238301949575543,-1.0747310817241669
ddqn,42,2798,33845,-10.28,28,0,1,0.4641208333333333,0.001046600252656,-0.9415482367788043
ddqn,42,2799,33864,-10.19,19,0,1,0.46382,0.0010802423232235015,-1.062193477153778
ddqn,42,2800,33866,-10.02,2,0,1,0.46378833333333336,,
ddqn,42,2801,33873,-10.07,7,0,1,0.4636775000000001,0.0004677206597989425,-0.8299164175987244
ddqn,42,2802,33889,-10.16,16,0,1,0.46342416666666675,0.0003616197645897046,-0.9084928929805756
ddqn,42,2803,33898,-10.09,9,0,1,0.4632816666666667,0.0029549419414252043,-1.363888442516327
ddqn,42,2804,33930,-10.32,32,0,1,0.46277500000000005,0.0009684624055807944,-1.3111919909715652
ddqn,42,2805,33938,-10.08,8,0,1,0.46264833333333333,0.0009912475943565369,-1.1264921426773071
ddqn,42,2806,33952,-10.14,14,0,1,0.46242666666666676,0.0008078020618995652,-1.166841670870781
ddqn,42,2807,33995,-10.43,43,0,1,0.4617458333333334,0.0005903969053179025,-1.025591069459915
ddqn,42,2808,33997,-10.02,2,0,1,0.46171416666666665,0.00025398426805622876,-1.059917688369751
ddqn,42,2809,34006,-10.09,9,0,1,0.4615716666666667,0.0005012125475332141,-1.0629236698150635
ddqn,42,2810,34008,-10.02,2,0,1,0.46154000000000006,0.00031743483850732446,-0.9196624755859375
ddqn,42,2811,34026,-10.18,18,0,1,0.46125499999999997,0.0006873428719700314,-0.9977336376905441
ddqn,42,2812,34029,-10.03,3,0,1,0.4612075,0.0005299558979459107,-0.9090964794158936
ddqn,42,2813,34033,-10.04,4,0,1,0.4611441666666667,0.0002461732365190983,-0.46109887957572937
ddqn,42,2814,34035,-10.02,2,0,1,0.46111250000000004,,
ddqn,42,2815,34053,-10.18,18,0,1,0.46082750000000006,0.0007249047106597572,-1.0398663401603698
ddqn,42,2816,34088,-10.35,35,0,1,0.4602733333333333,0.00045690191715645295,-1.083005130290985
ddqn,42,2817,34109,-10.209999999999999,21,0,1,0.45994083333333335,0.0005065277859102934,-0.9541664123535156
ddqn,42,2818,34134,-10.25,25,0,1,0.4595450000000001,0.0007080578725435771,-0.9165086050828298
ddqn,42,2819,34139,-10.049999999999999,5,0,1,0.45946583333333335,0.00040045566856861115,-0.6143348217010498
ddqn,42,2820,34141,-10.02,2,0,1,0.4594341666666667,0.0006449709180742502,-1.2177764177322388
ddqn,42,2821,34156,-10.15,15,0,1,0.4591966666666667,0.0004238265100866556,-0.8402544856071472
ddqn,42,2822,34158,-10.02,2,0,1,0.45916500000000005,,
ddqn,42,2823,34177,-10.19,19,0,1,0.45886416666666674,0.0007701796799665317,-1.1606614708900451
ddqn,42,2824,34187,-10.1,10,0,1,0.45870583333333337,0.0002645092099555768,-1.2211004495620728
ddqn,42,2825,34217,-10.3,30,0,1,0.45823083333333336,0.0008823150255921064,-1.2198649421334267
ddqn,42,2826,34220,-10.03,3,0,1,0.4581833333333334,0.0022999129723757505,-1.2415506839752197
ddqn,42,2827,34256,-10.36,36,0,1,0.4576133333333334,0.0004268463954859827,-1.202045010195838
ddqn,42,2828,34262,-10.06,6,0,1,0.45751833333333336,0.00039693451253697276,-1.5348117351531982
ddqn,42,2829,34266,-10.04,4,0,1,0.45745499999999995,0.0005762400105595589,-1.5338281393051147
ddqn,42,2830,34283,-10.17,17,0,1,0.4571858333333333,0.00022770781652070582,-0.8395140171051025
ddqn,42,2831,34298,-10.15,15,0,1,0.4569483333333334,0.00047492218072875403,-1.0295082926750183
ddqn,42,2832,34334,-10.36,36,0,1,0.45637833333333333,0.0004707913224895795,-1.4076381259494357
ddqn,42,2833,34349,-10.15,15,0,1,0.45614083333333333,0.0006316051876638085,-1.1359469443559647
ddqn,42,2834,34378,-10.29,29,0,1,0.45568166666666676,0.00039826195487486463,-1.314920893737248
ddqn,42,2835,34383,-10.049999999999999,5,0,1,0.4556025,0.00015094025002326816,-0.6126981973648071
ddqn,42,2836,34388,-10.049999999999999,5,0,1,0.4555233333333333,0.00025286441086791456,-1.2173617482185364
ddqn,42,2837,34403,-10.15,15,0,1,0.4552858333333334,0.000338438253190058,-1.1737760106722515
ddqn,42,2838,34424,-10.209999999999999,21,0,1,0.4549533333333333,0.0004620016601014261,-1.0143530418475468
ddqn,42,2839,34456,-10.32,32,0,1,0.45444666666666667,0.0003468166141828988,-1.220026209950447
ddqn,42,2840,34462,-10.06,6,0,1,0.4543516666666667,0.0016401369357481599,-1.094590187072754
ddqn,42,2841,34466,-10.04,4,0,1,0.4542883333333333,0.00029493513284251094,-0.7739827036857605
ddqn,42,2842,34475,-10.09,9,0,1,0.45414583333333336,0.00019697060633916408,-0.7709622085094452
ddqn,42,2843,34493,-10.18,18,0,1,0.4538608333333334,0.00019000836182385682,-1.032344400882721
ddqn,42,2844,34517,-10.24,24,0,1,0.45348083333333333,0.0002523335278965533,-1.222620576620102
ddqn,42,2845,34547,-10.3,30,0,1,0.45300583333333333,0.0005499525910376438,-0.9844234926359994
ddqn,42,2846,34557,-10.1,10,0,1,0.45284750000000007,0.0007174195585927615,-1.2222609519958496
ddqn,42,2847,34562,-10.049999999999999,5,0,1,0.45276833333333344,0.0002097227261401713,-0.6280932426452637
ddqn,42,2848,34577,-10.15,15,0,1,0.4525308333333333,0.0009524421257083304,-1.1856980323791504
ddqn,42,2849,34578,-10.01,1,0,1,0.452515,,
ddqn,42,2850,34588,-10.1,10,0,1,0.45235666666666663,0.001285459807453056,-0.9580349326133728
ddqn,42,2851,34593,-10.049999999999999,5,0,1,0.4522775,0.0003639496862888336,-1.379842758178711
ddqn,42,2852,34597,-10.04,4,0,1,0.4522141666666667,0.00028582135564647615,-1.090428113937378
ddqn,42,2853,34607,-10.1,10,0,1,0.4520558333333333,0.0006200386997079477,-1.2436469197273254
ddqn,42,2854,34619,-10.12,12,0,1,0.4518658333333334,0.0006351649838810166,-1.2765175104141235
ddqn,42,2855,34674,-10.55,55,0,1,0.45099500000000003,0.0006007144090420168,-1.0465161076613836
ddqn,42,2856,34686,-10.12,12,0,1,0.4508050000000001,0.0005218041527162617,-1.422193209330241
ddqn,42,2857,34719,-10.33,33,0,1,0.45028250000000003,0.0005850828583788825,-1.0517233312129974
ddqn,42,2858,34746,-10.27,27,0,1,0.4498550000000001,0.00023652150723916878,-1.1560533727918352
ddqn,42,2859,34762,-10.16,16,0,1,0.4496016666666667,0.00027780794334830716,-1.3402216136455536
ddqn,42,2860,34782,-10.2,20,0,1,0.44928500000000005,0.00023281417961698025,-0.9782335758209229
ddqn,42,2861,34829,-10.47,47,0,1,0.4485408333333334,0.00039630531682632864,-1.0077011833588283
ddqn,42,2862,34859,-10.3,30,0,1,0.4480658333333334,0.00035220207272297036,-1.0910154666219438
ddqn,42,2863,34874,-10.15,15,0,1,0.4478283333333333,0.0003279537631897256,-1.3753731846809387
ddqn,42,2864,34883,-10.09,9,0,1,0.44768583333333334,0.00032518985972274095,-1.3124258518218994
ddqn,42,2865,34914,-10.31,31,0,1,0.447195,0.03625702704084688,-1.1256398484110832
ddqn,42,2866,34927,-10.129999999999999,13,0,1,0.44698916666666677,0.0010584588162600994,-1.2027209798494976
ddqn,42,2867,34931,-10.04,4,0,1,0.44692583333333336,0.0006263026734814048,-0.913912296295166
ddqn,42,2868,34940,-10.09,9,0,1,0.4467833333333333,0.0010038809850811958,-0.8370522856712341
ddqn,42,2869,34999,-10.59,59,0,1,0.44584916666666663,0.001854092880551304,-1.1449706298964364
ddqn,42,2870,35012,-10.129999999999999,13,0,1,0.4456433333333334,0.0010078760751639493,-1.1988887190818787
ddqn,42,2871,35046,-10.34,34,0,1,0.4451050000000001,0.0006487504761025775,-1.0184809267520905
ddqn,42,2872,35093,-10.47,47,0,1,0.4443608333333334,0.0006682372926055299,-0.9152523229519526
ddqn,42,2873,35096,-10.03,3,0,1,0.44431333333333334,0.0005283309146761894,-1.092141032218933
ddqn,42,2874,35100,-10.04,4,0,1,0.44425000000000003,0.0006761850090697408,-1.384507179260254
ddqn,42,2875,35122,-10.22,22,0,1,0.44390166666666664,0.05669444293016568,-1.4074998497962952
ddqn,42,2876,35128,-10.06,6,0,1,0.4438066666666667,0.0008305904266308062,-1.1762117743492126
ddqn,42,2877,35163,-10.35,35,0,1,0.44325250000000005,0.0006485659578174818,-1.1075070165097713
ddqn,42,2878,35170,-10.07,7,0,1,0.44314166666666677,0.0010160574165638536,-1.0973949432373047
ddqn,42,2879,35174,-10.04,4,0,1,0.44307833333333335,0.0008998164557851851,-1.0869356393814087
ddqn,42,2880,35177,-10.03,3,0,1,0.44303083333333326,0.004617529455572367,-0.7800734043121338
ddqn,42,2881,35227,-10.5,50,0,1,0.44223916666666674,0.022335992947773775,-1.008461907505989
ddqn,42,2882,35247,-10.2,20,0,1,0.4419225,0.006616525369463488,-1.1612794280052186
ddqn,42,2883,35259,-10.12,12,0,1,0.4417325,0.002041870883355538,-1.2152059078216553
ddqn,42,2884,35342,-10.83,83,0,1,0.44041833333333336,0.001565208439604335,-1.0784781007539659
ddqn,42,2885,35347,-10.049999999999999,5,0,1,0.4403391666666667,0.0003419448621571064,-0.9443888664245605
ddqn,42,2886,35375,-10.28,28,0,1,0.4398958333333334,0.0011407529901979224,-1.2195033260754176
ddqn,42,2887,35445,-10.7,70,0,1,0.4387875,0.015728454340003535,-1.230421804719501
ddqn,42,2888,35448,-10.03,3,0,1,0.43874,0.0003905538469552994,-0.7949605584144592
ddqn,42,2889,35458,-10.1,10,0,1,0.43858166666666676,0.0010045996168628335,-1.2407850623130798
ddqn,42,2890,35462,-10.04,4,0,1,0.43851833333333334,0.00033733953023329377,-0.6384322643280029
ddqn,42,2891,35482,-10.2,20,0,1,0.4382016666666666,0.0031139044789597393,-1.4830710649490357
ddqn,42,2892,35490,-10.08,8,0,1,0.438075,0.000495597385452129,-1.0954899787902832
ddqn,42,2893,35540,-10.5,50,0,1,0.43728333333333336,0.001552039273799612,-1.295157450896043
ddqn,42,2894,35576,-10.36,36,0,1,0.4367133333333334,0.0016055881537290083,-1.0543571445677016
ddqn,42,2895,35601,-10.25,25,0,1,0.4363175,0.0009284478437621146,-1.0245743691921234
ddqn,42,2896,35636,-10.35,35,0,1,0.4357633333333334,0.0005240760672475315,-1.1865089800622728
ddqn,42,2897,35658,-10.22,22,0,1,0.435415,0.0004858111846260726,-1.1526111006736754
ddqn,42,2898,35662,-10.04,4,0,1,0.4353516666666667,0.0003775905934162438,-0.7720054984092712
ddqn,42,2899,35679,-10.17,17,0,1,0.43508250000000004,0.0007214535507955588,-1.0933328568935394
ddqn,42,2900,35748,-10.69,69,0,1,0.43399,0.0005653522667772551,-1.114212794436349
ddqn,42,2901,35773,-10.25,25,0,1,0.4335941666666667,0.0006640580055924753,-1.014788309733073
ddqn,42,2902,35800,-10.27,27,0,1,0.4331666666666667,0.001120857719797641,-1.1928585086550032
ddqn,42,2903,35829,-10.29,29,0,1,0.4327075,0.0012620749517476984,-1.2603996396064758
ddqn,42,2904,35833,-10.04,4,0,1,0.4326441666666667,0.0017464858246967196,-1.5254580974578857
ddqn,42,2905,35858,-10.25,25,0,1,0.43224833333333335,0.0017114795142939936,-1.2471282382806141
ddqn,42,2906,35867,-10.09,9,0,1,0.4321058333333334,0.0036545420880429447,-1.2303107380867004
ddqn,42,2907,35926,-10.59,59,0,1,0.43117166666666673,0.024973960826173425,-1.209818216164907
ddqn,42,2908,35931,-10.049999999999999,5,0,1,0.4310925,0.027435822412371635,-0.8952835202217102
ddqn,42,2909,35972,-10.41,41,0,1,0.4304433333333333,0.003124538301066919,-1.019343462857333
ddqn,42,2910,36011,-10.39,39,0,1,0.42982583333333335,0.001691292536432027,-1.04371859298812
ddqn,42,2911,36037,-10.26,26,0,1,0.42941416666666665,0.0017917819038432623,-0.9670827473912921
ddqn,42,2912,36045,-10.08,8,0,1,0.42928750000000004,0.0013557765632867813,-1.0551381409168243
ddqn,42,2913,36080,-10.35,35,0,1,0.4287333333333333,0.02766303835152131,-1.1344980928632948
ddqn,42,2914,36083,-10.03,3,0,1,0.4286858333333333,,
ddqn,42,2915,36095,-10.12,12,0,1,0.4284958333333333,0.0021445323169852295,-1.2638444900512695
ddqn,42,2916,36108,-10.129999999999999,13,0,1,0.42829000000000006,0.04617856090771966,-0.9262771904468536
ddqn,42,2917,36116,-10.08,8,0,1,0.42816333333333334,0.005732328863814473,-1.4856449961662292
ddqn,42,2918,36147,-10.31,31,0,1,0.4276725,0.02604757944521095,-1.0517277887889318
ddqn,42,2919,36169,-10.22,22,0,1,0.4273241666666667,0.0018910096453813214,-1.183732400337855
ddqn,42,2920,36181,-10.12,12,0,1,0.4271341666666667,0.0026082112550890693,-1.2496837774912517
ddqn,42,2921,36264,-10.83,83,0,1,0.42582,0.0023331160274600343,-1.1031712251050132
ddqn,42,2922,36273,-10.09,9,0,1,0.42567750000000004,0.0011907655280083418,-0.9441574513912201
ddqn,42,2923,36307,-10.34,34,0,1,0.42513916666666673,0.0012594340441864915,-1.1694799438118935
ddqn,42,2924,36331,-10.24,24,0,1,0.4247591666666667,0.0027409455312105515,-1.1344136496384938
ddqn,42,2925,36339,-10.08,8,0,1,0.42463249999999997,0.0016527882544323802,-1.3219155669212341
ddqn,42,2926,36344,-10.049999999999999,5,0,1,0.42455333333333334,0.002112713293172419,-1.1264221668243408
ddqn,42,2927,36416,9.28,72,1,0,0.4234133333333334,0.002744019037992176,-1.0740159021483526
ddqn,42,2928,36454,-10.38,38,0,1,0.4228116666666667,0.0015246186166122141,-1.207883232169681
ddqn,42,2929,36457,-10.03,3,0,1,0.4227641666666667,0.001306858379393816,-0.6356614232063293
ddqn,42,2930,36464,-10.07,7,0,1,0.4226533333333333,0.0008418419165536761,-1.1733100414276123
ddqn,42,2931,36526,-10.620000000000001,62,0,1,0.42167166666666667,0.017630054431113724,-1.2104578057924906
ddqn,42,2932,36582,-10.56,56,0,1,0.42078499999999996,0.013028343852576134,-0.9799809030124119
ddqn,42,2933,36595,-10.129999999999999,13,0,1,0.4205791666666667,0.0039035018223027387,-1.1356603701909382
ddqn,42,2934,36601,-10.06,6,0,1,0.42048416666666666,0.004897933918982744,-1.4312360286712646
ddqn,42,2935,36612,-10.11,11,0,1,0.4203100000000001,0.0019154022835815947,-1.2328830162684123
ddqn,42,2936,36644,-10.32,32,0,1,0.4198033333333333,0.0020025585690746084,-1.1777331829071045
ddqn,42,2937,36650,-10.06,6,0,1,0.41970833333333335,0.0013494212180376053,-1.1210030317306519
ddqn,42,2938,36655,-10.049999999999999,5,0,1,0.4196291666666667,0.002156532136723399,-0.8259376287460327
ddqn,42,2939,36659,-10.04,4,0,1,0.4195658333333334,0.0011649897787719965,-1.5617783069610596
ddqn,42,2940,36671,-10.12,12,0,1,0.4193758333333334,0.0006757726854023834,-1.2095358769098918
ddqn,42,2941,36690,-10.19,19,0,1,0.419075,0.0026660386356525123,-1.2129582166671753
ddqn,42,2942,36697,-10.07,7,0,1,0.4189641666666667,0.0012510357628343627,-0.9466830790042877
ddqn,42,2943,36749,-10.52,52,0,1,0.4181408333333333,0.0008666349010756955,-1.1287205402667706
ddqn,42,2944,36757,-10.08,8,0,1,0.4180141666666667,0.0017010439769364893,-1.1306445598602295
ddqn,42,2945,36769,-10.12,12,0,1,0.41782416666666666,0.001353550697482812,-1.459005872408549
ddqn,42,2946,36774,-10.049999999999999,5,0,1,0.41774500000000003,0.0012760383542627096,-1.2419735193252563
ddqn,42,2947,36780,-10.06,6,0,1,0.4176500000000001,0.0009740570385474712,-1.17924302816391
ddqn,42,2948,36799,-10.19,19,0,1,0.41734916666666677,0.0016230863984674215,-1.0817746967077255
ddqn,42,2949,36819,-10.2,20,0,1,0.41703250000000003,0.0012211276101879776,-1.0940603494644165
ddqn,42,2950,36825,-10.06,6,0,1,0.41693749999999996,0.0036663057981058955,-1.5753182172775269
ddqn,42,2951,36914,-10.89,89,0,1,0.4155283333333334,0.0013170005834333344,-0.9841325350783088
ddqn,42,2952,36924,-10.1,10,0,1,0.41537000000000013,0.0006720711632321278,-1.061638096968333
ddqn,42,2953,36938,-10.14,14,0,1,0.41514833333333334,0.09239577945360604,-1.1409107049306233
ddqn,42,2954,36944,-10.06,6,0,1,0.4150533333333334,0.00047136942157521844,-0.9601393342018127
ddqn,42,2955,36955,-10.11,11,0,1,0.4148791666666667,0.0021079304860904813,-1.0466227531433105
ddqn,42,2956,36985,-10.3,30,0,1,0.4144041666666668,0.0029511581669794396,-1.0520264133810997
ddqn,42,2957,36987,-10.02,2,0,1,0.4143724999999999,,
ddqn,42,2958,37004,-10.17,17,0,1,0.4141033333333334,0.0015835446072742343,-1.3785471320152283
ddqn,42,2959,37032,-10.28,28,0,1,0.41366,0.0021070255897939205,-1.1118366973740714
ddqn,42,2960,37033,-10.01,1,0,1,0.4136441666666667,,
ddqn,42,2961,37035,-10.02,2,0,1,0.41361250000000005,,
ddqn,42,2962,37051,-10.16,16,0,1,0.4133591666666666,0.003449151903623715,-1.1190734207630157
ddqn,42,2963,37073,-10.22,22,0,1,0.4130108333333333,0.0019863495544996113,-1.1472483078638713
ddqn,42,2964,37074,-10.01,1,0,1,0.412995,,
ddqn,42,2965,37100,-10.26,26,0,1,0.4125833333333334,0.0013092899295900548,-1.1989235537392753
ddqn,42,2966,37120,-10.2,20,0,1,0.41226666666666667,0.000587913190247491,-1.1371673941612244
ddqn,42,2967,37138,-10.18,18,0,1,0.4119816666666667,0.0018777844670694321,-1.283561795949936
ddqn,42,2968,37142,-10.04,4,0,1,0.4119183333333334,0.0020355423912405968,-1.1001540422439575
ddqn,42,2969,37174,-10.32,32,0,1,0.4114116666666666,0.0016337432825821452,-1.0872411727905273
ddqn,42,2970,37253,-10.790000000000001,79,0,1,0.4101608333333333,0.0013084018719382584,-1.2526157438755035
ddqn,42,2971,37290,-10.37,37,0,1,0.409575,0.00139550177522728,-1.0448326998286777
ddqn,42,2972,37308,-10.18,18,0,1,0.40929000000000004,0.0010503641795367002,-1.0041154146194458
ddqn,42,2973,37311,-10.03,3,0,1,0.40924250000000006,,
ddqn,42,2974,37317,-10.06,6,0,1,0.4091475,0.0009221511718351394,-1.1887192726135254
ddqn,42,2975,37328,-10.11,11,0,1,0.4089733333333334,0.0006252744642551988,-0.8602149486541748
ddqn,42,2976,37330,-10.02,2,0,1,0.40894166666666676,,
ddqn,42,2977,37332,-10.02,2,0,1,0.40891,0.0006817288231104612,-0.9531058669090271
ddqn,42,2978,37340,-10.08,8,0,1,0.4087833333333334,0.0018803997663781047,-0.8089001774787903
ddqn,42,2979,37346,-10.06,6,0,1,0.40868833333333343,0.0018796137301251292,-0.8091996908187866
ddqn,42,2980,37347,-10.01,1,0,1,0.4086725000000001,,
ddqn,42,2981,37364,-10.17,17,0,1,0.40840333333333334,0.00036870642798021437,-1.0479196071624757
ddqn,42,2982,37368,-10.04,4,0,1,0.40834000000000004,0.0004117403004784137,-1.260441780090332
ddqn,42,2983,37375,-10.07,7,0,1,0.40822916666666664,0.0003535994910635054,-1.1094807386398315
ddqn,42,2984,37448,-10.73,73,0,1,0.4070733333333334,0.019944537480784532,-1.3310078288379468
ddqn,42,2985,37460,-10.12,12,0,1,0.4068833333333334,0.0015689536230638623,-0.8006410002708435
ddqn,42,2986,37487,-10.27,27,0,1,0.40645583333333335,0.0018165337775523465,-1.3378459413846333
ddqn,42,2987,37493,-10.06,6,0,1,0.4063608333333334,0.0014046718133613467,-0.8748070001602173
ddqn,42,2988,37505,-10.12,12,0,1,0.40617083333333337,0.001988771934217463,-0.946901261806488
ddqn,42,2989,37508,-10.03,3,0,1,0.4061233333333334,0.0005409960867837071,-0.8148080110549927
ddqn,42,2990,37515,-10.07,7,0,1,0.4060125000000001,0.0010480129858478904,-1.2753154039382935
ddqn,42,2991,37548,-10.33,33,0,1,0.40549,0.0015864248885514422,-1.1558688150511847
ddqn,42,2992,37555,-10.07,7,0,1,0.40537916666666673,0.0027447636239230633,-1.0826928615570068
ddqn,42,2993,37591,-10.36,36,0,1,0.40480916666666666,0.0019616583643558747,-1.264195720354716
ddqn,42,2994,37635,-10.44,44,0,1,0.4041125000000001,0.0010194838237525387,-1.2740348198197105
ddqn,42,2995,37671,-10.36,36,0,1,0.4035425,0.0018905970048055882,-1.1939802765846252
ddqn,42,2996,37725,-10.54,54,0,1,0.4026875,0.00045802491669227105,-1.1397551894187927
ddqn,42,2997,37729,-10.04,4,0,1,0.40262416666666667,0.0001428612449672073,-0.8107197880744934
ddqn,42,2998,37744,-10.15,15,0,1,0.40238666666666667,0.0008656128484290093,-1.1126757115125656
ddqn,42,2999,37764,-10.2,20,0,1,0.40207000000000004,0.0005282222235109657,-0.9505928874015808
ddqn,42,3000,37797,-10.33,33,0,1,0.40154750000000006,0.0004406399066283484,-1.0332336574792862
ddqn,42,3001,37804,-10.07,7,0,1,0.40143666666666666,0.00031085810041986406,-1.328228920698166
ddqn,42,3002,37819,-10.15,15,0,1,0.4011991666666668,0.0002132012693133826,-1.1616697708765666
ddqn,42,3003,37824,-10.049999999999999,5,0,1,0.40112000000000003,0.0007526765839429572,-1.1151328086853027
ddqn,42,3004,37843,9.81,19,1,0,0.4008191666666666,0.0016717909020371735,-1.2611435651779175
ddqn,42,3005,37868,-10.25,25,0,1,0.40042333333333335,0.000765546054546056,-1.1124726704188757
ddqn,42,3006,37898,-10.3,30,0,1,0.39994833333333335,0.0011614699781473195,-1.102878110749381
ddqn,42,3007,37905,-10.07,7,0,1,0.39983749999999996,0.0005989631463307887,-1.406905472278595
ddqn,42,3008,37908,-10.03,3,0,1,0.39979,0.000600988685619086,-1.2505183219909668
ddqn,42,3009,37941,-10.33,33,0,1,0.3992675000000001,0.0009397979301866144,-1.0502267181873322
ddqn,42,3010,37944,-10.03,3,0,1,0.39922,0.00040350278140977025,-0.7960028648376465
ddqn,42,3011,37994,9.5,50,1,0,0.3984283333333334,0.0008665058473222113,-0.9782699048519135
ddqn,42,3012,37996,-10.02,2,0,1,0.39839666666666673,0.00045742839574813843,-1.1192972660064697
ddqn,42,3013,37999,-10.03,3,0,1,0.39834916666666675,,
ddqn,42,3014,38003,-10.04,4,0,1,0.39828583333333345,0.00045393285108730197,-0.968455970287323
ddqn,42,3015,38014,-10.11,11,0,1,0.39811166666666675,0.0004224986235688751,-1.0753969351450603
ddqn,42,3016,38044,-10.3,30,0,1,0.39763666666666675,0.03423914060476818,-0.9940797239542007
ddqn,42,3017,38065,-10.209999999999999,21,0,1,0.3973041666666667,0.0005463451379910111,-1.0978888988494873
ddqn,42,3018,38068,-10.03,3,0,1,0.3972566666666667,0.0027754046022892,-1.288183569908142
ddqn,42,3019,38100,-10.32,32,0,1,0.39675000000000005,0.00782843651541043,-1.108744092285633
ddqn,42,3020,38174,-10.74,74,0,1,0.39557833333333337,0.04706689484495049,-1.210463888115353
ddqn,42,3021,38186,-10.12,12,0,1,0.39538833333333345,0.0020545898781468472,-0.9184359113375345
ddqn,42,3022,38204,-10.18,18,0,1,0.39510333333333336,0.0013331473397556691,-1.0107481598854064
ddqn,42,3023,38208,-10.04,4,0,1,0.39503999999999995,0.0004897715407423675,-0.5271819233894348
ddqn,42,3024,38229,-10.209999999999999,21,0,1,0.3947075,0.0038232856430113317,-0.9824652075767517
ddqn,42,3025,38280,-10.51,51,0,1,0.39390000000000003,0.002125306522849804,-0.9802532333594102
ddqn,42,3026,38291,-10.11,11,0,1,0.39372583333333333,0.0020243462058715522,-1.196660339832306
ddqn,42,3027,38322,-10.31,31,0,1,0.393235,0.00130684238683898,-1.0729101598262787
ddqn,42,3028,38359,-10.37,37,0,1,0.3926491666666667,0.0009183474936031012,-1.1464249624146357
ddqn,42,3029,38389,-10.3,30,0,1,0.3921741666666667,0.029456025622494053,-1.1331094279885292
ddqn,42,3030,38414,-10.25,25,0,1,0.39177833333333334,0.003902977332472801,-1.0185072024663289
ddqn,42,3031,38443,-10.29,29,0,1,0.39131916666666666,0.0021641718090644906,-1.216455612863813
ddqn,42,3032,38477,-10.34,34,0,1,0.39078083333333336,0.025069182156585157,-1.1195423934194777
ddqn,42,3033,38514,-10.37,37,0,1,0.39019499999999996,0.008749571189077364,-1.190862198670705
ddqn,42,3034,38561,-10.47,47,0,1,0.3894508333333333,0.004713318553209926,-1.0532302757104237
ddqn,42,3035,38573,-10.12,12,0,1,0.3892608333333334,0.002248828299343586,-1.172561764717102
ddqn,42,3036,38651,-10.780000000000001,78,0,1,0.3880258333333334,0.020089956365011045,-1.1058002678971541
ddqn,42,3037,38664,-10.129999999999999,13,0,1,0.38782000000000005,0.0011444496631156653,-0.7502682209014893
ddqn,42,3038,38714,-10.5,50,0,1,0.3870283333333334,0.02530467628093902,-1.148142417271932
ddqn,42,3039,38717,-10.03,3,0,1,0.38698083333333333,0.002246555872261524,-0.9831027984619141
ddqn,42,3040,38740,-10.23,23,0,1,0.3866166666666666,0.001433962199371308,-0.9385701020558676
ddqn,42,3041,38759,-10.19,19,0,1,0.3863158333333333,0.002288214975123992,-0.9333277195692062
ddqn,42,3042,38817,-10.58,58,0,1,0.38539750000000006,0.001997649751137942,-1.1744823276996612
ddqn,42,3043,38838,-10.209999999999999,21,0,1,0.385065,0.001945669943233952,-1.0612585067749023
ddqn,42,3044,38882,-10.44,44,0,1,0.3843683333333333,0.0017592137261420828,-1.1047985607927495
ddqn,42,3045,38886,-10.04,4,0,1,0.384305,0.007031661923974752,-1.2421700954437256
ddqn,42,3046,38895,-10.09,9,0,1,0.3841625000000001,0.0015336223732447252,-1.2929109036922455
ddqn,42,3047,38902,-10.07,7,0,1,0.3840516666666667,0.0007464808295480907,-1.1400124430656433
ddqn,42,3048,38961,-10.59,59,0,1,0.3831175,0.001253292836675731,-1.1110240697860718
ddqn,42,3049,38962,-10.01,1,0,1,0.3831016666666667,,
ddqn,42,3050,38964,-10.02,2,0,1,0.38307,0.0017453974578529596,-0.8309192061424255
ddqn,42,3051,39023,9.41,59,1,0,0.38213583333333334,0.001358405898957114,-1.1423180316175734
ddqn,42,3052,39035,-10.12,12,0,1,0.38194583333333343,0.0009922671015374362,-1.0132585565249126
ddqn,42,3053,39046,-10.11,11,0,1,0.3817716666666666,0.0006795523222535849,-0.9438384175300598
ddqn,42,3054,39066,-10.2,20,0,1,0.381455,0.002408678038045764,-1.113054370880127
ddqn,42,3055,39090,-10.24,24,0,1,0.38107500000000005,0.0013500518204333882,-1.186125914255778
ddqn,42,3056,39094,-10.04,4,0,1,0.38101166666666675,0.27466845512390137,-0.9824891090393066
ddqn,42,3057,39161,-10.67,67,0,1,0.37995083333333346,0.01640803980819114,-1.1716922872206743
ddqn,42,3058,39260,-10.99,99,0,1,0.3783833333333334,0.0030868381378240882,-1.143430769443512
ddqn,42,3059,39261,-10.01,1,0,1,0.3783675000000001,,
ddqn,42,3060,39292,-10.31,31,0,1,0.37787666666666664,0.0010335255283280276,-1.0467474386096
ddqn,42,3061,39305,-10.129999999999999,13,0,1,0.3776708333333334,0.002043232185921321,-1.0872912804285686
ddqn,42,3062,39318,-10.129999999999999,13,0,1,0.37746500000000005,0.001319817383773625,-1.4647795756657918
ddqn,42,3063,39333,-10.15,15,0,1,0.37722750000000005,0.0008753113288548775,-1.0191679149866104
ddqn,42,3064,39391,-10.58,58,0,1,0.3763091666666667,0.0007295091865151855,-1.1906679655824388
ddqn,42,3065,39398,-10.07,7,0,1,0.3761983333333334,0.0007370688690571114,-1.301409661769867
ddqn,42,3066,39404,-10.06,6,0,1,0.37610333333333346,0.1182428450556472,-1.1588682532310486
ddqn,42,3067,39522,-11.18,118,0,1,0.3742350000000001,0.00974546438323912,-1.1450440390356655
ddqn,42,3068,39528,-10.06,6,0,1,0.37414000000000003,0.0013164426782168448,-1.2824479341506958
ddqn,42,3069,39545,-10.17,17,0,1,0.3738708333333334,0.0011809757343144156,-1.1761219799518585
ddqn,42,3070,39556,-10.11,11,0,1,0.3736966666666667,0.0010901805750715237,-1.2401069005330403
ddqn,42,3071,39584,-10.28,28,0,1,0.37325333333333344,0.0013907134250205541,-1.268632905823844
ddqn,42,3072,39589,-10.049999999999999,5,0,1,0.3731741666666667,0.00025038665626198053,-0.9969194531440735
ddqn,42,3073,39618,-10.29,29,0,1,0.372715,0.0014029325060879014,-1.1599523510251726
ddqn,42,3074,39624,-10.06,6,0,1,0.37262000000000006,0.00031557140755467117,-0.6243361830711365
ddqn,42,3075,39661,-10.37,37,0,1,0.37203416666666667,0.02718131054037561,-1.2193520930078294
ddqn,42,3076,39667,-10.06,6,0,1,0.3719391666666667,0.007945654913783073,-0.8796891570091248
ddqn,42,3077,39678,-10.11,11,0,1,0.371765,0.007196364691480994,-1.0880131721496582
ddqn,42,3078,39690,-10.12,12,0,1,0.3715750000000001,0.0079329590468357,-0.9754011432329813
ddqn,42,3079,39691,-10.01,1,0,1,0.3715591666666668,,
ddqn,42,3080,39707,-10.16,16,0,1,0.37130583333333345,0.0026868686254601926,-1.0111755430698395
ddqn,42,3081,39710,-10.03,3,0,1,0.37125833333333336,0.0019883050117641687,-0.9837716817855835
ddqn,42,3082,39739,-10.29,29,0,1,0.3707991666666667,0.0026696184317448308,-1.0067422815731593
ddqn,42,3083,39803,-10.64,64,0,1,0.36978583333333337,0.017033449908922194,-1.0298522599041462
ddqn,42,3084,39810,-10.07,7,0,1,0.3696750000000001,0.004603514214977622,-1.048693597316742
ddqn,42,3085,39812,-10.02,2,0,1,0.36964333333333343,0.0034088557586073875,-1.1826814413070679
ddqn,42,3086,39856,-10.44,44,0,1,0.36894666666666665,0.0021147785062732346,-1.145853952928023
ddqn,42,3087,39862,-10.06,6,0,1,0.3688516666666667,0.002425919286906719,-1.9189683198928833
ddqn,42,3088,39865,-10.03,3,0,1,0.3688041666666667,0.015393308363854885,-1.1139767169952393
ddqn,42,3089,39877,-10.12,12,0,1,0.3686141666666667,0.0015660816570743918,-1.1082220872243245
ddqn,42,3090,39899,-10.22,22,0,1,0.3682658333333333,0.001678003731649369,-0.9206691026687622
ddqn,42,3091,39927,-10.28,28,0,1,0.36782250000000005,0.003989923770339894,-1.190319069794246
ddqn,42,3092,39932,-10.049999999999999,5,0,1,0.3677433333333334,0.001710649230517447,-0.9768607318401337
ddqn,42,3093,39948,-10.16,16,0,1,0.3674900000000001,0.0023395112511934713,-1.3371244072914124
ddqn,42,3094,39959,-10.11,11,0,1,0.3673158333333333,0.0016259863623417914,-1.6738266944885254
ddqn,42,3095,39974,-10.15,15,0,1,0.3670783333333334,0.0008147139888023958,-1.1877282559871674
ddqn,42,3096,40011,-10.37,37,0,1,0.3664925,0.02899587873576416,-1.280471510357327
ddqn,42,3097,40112,-11.01,101,0,1,0.3648933333333334,0.012418007240250098,-1.1293087028540099
ddqn,42,3098,40159,-10.47,47,0,1,0.36414916666666675,0.009304556768091226,-1.1612910032272339
ddqn,42,3099,40178,-10.19,19,0,1,0.36384833333333344,0.005663082061801106,-1.156224822998047
ddqn,42,3100,40237,-10.59,59,0,1,0.36291416666666676,0.024318292870884762,-1.22384219566981
ddqn,42,3101,40315,-10.780000000000001,78,0,1,0.36167916666666666,0.02018326023091121,-1.0021395840142902
ddqn,42,3102,40343,-10.28,28,0,1,0.3612358333333333,0.012098646922303098,-1.097227053982871
ddqn,42,3103,40369,-10.26,26,0,1,0.3608241666666667,0.006020573350334806,-1.1380136694226946
ddqn,42,3104,40377,-10.08,8,0,1,0.3606975,0.00951625732704997,-1.0612832903862
ddqn,42,3105,40410,-10.33,33,0,1,0.360175,0.005762193439295515,-1.1047603487968445
ddqn,42,3106,40418,-10.08,8,0,1,0.3600483333333334,0.00917953671887517,-1.3256342113018036
ddqn,42,3107,40427,-10.09,9,0,1,0.35990583333333337,0.007770951779093593,-1.1908929347991943
ddqn,42,3108,40454,-10.27,27,0,1,0.35947833333333334,0.003708902679915939,-1.131104154246194
ddqn,42,3109,40464,-10.1,10,0,1,0.3593200000000001,0.06799491576384753,-1.3957640329996746
ddqn,42,3110,40468,-10.04,4,0,1,0.35925666666666667,0.010578121989965439,-0.7866020202636719
ddqn,42,3111,40498,-10.3,30,0,1,0.35878166666666667,0.01268996436348451,-1.2443375417164393
ddqn,42,3112,40538,-10.4,40,0,1,0.3581483333333334,0.006247125519439578,-1.0801537573337554
ddqn,42,3113,40548,-10.1,10,0,1,0.35799000000000003,0.006339511834084988,-1.2878045241038005
ddqn,42,3114,40601,-10.53,53,0,1,0.3571508333333334,0.029153373083457924,-0.9258694877991309
ddqn,42,3115,40630,-10.29,29,0,1,0.35669166666666663,0.021218676735380932,-1.11891542162214
ddqn,42,3116,40645,-10.15,15,0,1,0.35645416666666674,0.015773598686791956,-1.1315937340259552
ddqn,42,3117,40669,-10.24,24,0,1,0.3560741666666667,0.014127484522759914,-1.2916379968325298
ddqn,42,3118,40782,-11.13,113,0,1,0.35428500000000007,0.009022502232775358,-1.0127467513084412
ddqn,42,3119,40826,9.56,44,1,0,0.3535883333333334,0.00414705081758174,-1.2082447518001904
ddqn,42,3120,40833,-10.07,7,0,1,0.3534775,0.0014560231938958168,-1.0749801993370056
ddqn,42,3121,40848,-10.15,15,0,1,0.3532400000000001,0.0027169658133061603,-1.244919776916504
ddqn,42,3122,40860,-10.12,12,0,1,0.35305,0.0024348844696457186,-1.2318344513575237
ddqn,42,3123,40868,-10.08,8,0,1,0.35292333333333337,0.0010493918671272695,-1.0521137118339539
ddqn,42,3124,40902,-10.34,34,0,1,0.35238500000000006,0.001494158092100406,-1.0525803714990616
ddqn,42,3125,40911,-10.09,9,0,1,0.3522425000000001,0.0012671695440076292,-1.0578251779079437
ddqn,42,3126,41000,-10.89,89,0,1,0.35083333333333333,0.0008549761399120579,-1.0886073216148044
ddqn,42,3127,41089,-10.89,89,0,1,0.34942416666666676,0.0007118062269662253,-1.083851930770007
ddqn,42,3128,41101,-10.12,12,0,1,0.3492341666666666,0.00046037421270739287,-0.8535610834757487
ddqn,42,3129,41178,-10.77,77,0,1,0.34801499999999996,0.0005422786454896835,-1.2378423339442204
ddqn,42,3130,41186,-10.08,8,0,1,0.34788833333333335,0.0007296606199815869,-1.2956913709640503
ddqn,42,3131,41194,-10.08,8,0,1,0.34776166666666675,0.00054115429520607,-1.6818534135818481
ddqn,42,3132,41209,-10.15,15,0,1,0.34752416666666675,0.0007274730451172218,-1.1140523999929428
ddqn,42,3133,41242,-10.33,33,0,1,0.34700166666666665,0.0003722151886904612,-1.0403597578406334
ddqn,42,3134,41246,-10.04,4,0,1,0.34693833333333335,0.0003272566245868802,-1.150546669960022
ddqn,42,3135,41282,-10.36,36,0,1,0.3463683333333333,0.00100165754783019,-1.0361664030287001
ddqn,42,3136,41318,-10.36,36,0,1,0.34579833333333343,0.0003817070343454058,-1.1332697073618572
ddqn,42,3137,41329,-10.11,11,0,1,0.34562416666666673,0.0006367709623494496,-1.1055397788683574
ddqn,42,3138,41346,-10.17,17,0,1,0.34535499999999997,0.0002202827326982515,-1.0039999186992645
ddqn,42,3139,41354,-10.08,8,0,1,0.34522833333333336,0.0004062485240865499,-1.2954927682876587
ddqn,42,3140,41359,-10.049999999999999,5,0,1,0.34514916666666673,0.0003181344363838434,-1.6096017360687256
ddqn,42,3141,41362,-10.03,3,0,1,0.34510166666666664,0.00030129856895655394,-1.0069794654846191
ddqn,42,3142,41376,-10.14,14,0,1,0.3448800000000001,0.00036227288364898413,-1.1879874914884567
ddqn,42,3143,41410,-10.34,34,0,1,0.34434166666666666,0.00038583694822591497,-1.1353324800729752
ddqn,42,3144,41430,-10.2,20,0,1,0.344025,0.0005592430563410745,-1.0554304599761963
ddqn,42,3145,41455,-10.25,25,0,1,0.34362916666666676,0.042016787682465896,-1.1653419733047485
ddqn,42,3146,41469,-10.14,14,0,1,0.3434075,0.000605313593041501,-1.1215328872203827
ddqn,42,3147,41520,-10.51,51,0,1,0.3426000000000001,0.013609487394905254,-1.0578003158936133
ddqn,42,3148,41527,-10.07,7,0,1,0.3424891666666666,0.00040097569581121206,-1.0108040571212769
ddqn,42,3149,41545,-10.18,18,0,1,0.34220416666666664,0.0021687936503440143,-1.2456283807754516
ddqn,42,3150,41587,-10.42,42,0,1,0.3415391666666666,0.0010612536032567732,-1.0774562358856201
ddqn,42,3151,41603,-10.16,16,0,1,0.3412858333333334,0.0011792517034336925,-1.2999319732189178
ddqn,42,3152,41635,-10.32,32,0,1,0.34077916666666674,0.0006143208047433291,-1.2847947925329208
ddqn,42,3153,41670,-10.35,35,0,1,0.340225,0.00037805372024498257,-1.2702194187376235
ddqn,42,3154,41691,-10.209999999999999,21,0,1,0.33989250000000004,0.00014753248251508921,-1.0286470532417298
ddqn,42,3155,41709,-10.18,18,0,1,0.33960749999999995,0.00033462199207860975,-1.0640862107276916
ddqn,42,3156,41729,-10.2,20,0,1,0.3392908333333333,0.0003463954170001671,-1.2706947088241578
ddqn,42,3157,41744,-10.15,15,0,1,0.33905333333333343,0.0003832920738204848,-1.303370088338852
ddqn,42,3158,41768,-10.24,24,0,1,0.33867333333333327,0.00017999896166050652,-1.2524077395598094
ddqn,42,3159,41787,-10.19,19,0,1,0.33837249999999996,0.00023272627731785178,-1.0758264064788818
ddqn,42,3160,41794,-10.07,7,0,1,0.3382616666666667,0.0002743472214206122,-1.4573836922645569
ddqn,42,3161,41807,-10.129999999999999,13,0,1,0.33805583333333333,0.000256927713053301,-0.8975739479064941
ddqn,42,3162,41814,-10.07,7,0,1,0.33794500000000005,0.0003692303471325431,-0.6256386041641235
ddqn,42,3163,41819,-10.049999999999999,5,0,1,0.3378658333333334,0.0001921891962410882,-1.4567621946334839
ddqn,42,3164,41843,-10.24,24,0,1,0.3374858333333334,0.040727816201979294,-1.2898009022076924
ddqn,42,3165,41848,-10.049999999999999,5,0,1,0.33740666666666663,0.0022910183761268854,-1.2029638886451721
ddqn,42,3166,41983,-11.350000000000001,135,0,1,0.33526916666666673,0.006529921928163138,-1.1449373292200493
ddqn,42,3167,41990,-10.07,7,0,1,0.33515833333333334,0.0010300238500349224,-1.2482428550720215
ddqn,42,3168,42003,-10.129999999999999,13,0,1,0.3349525000000001,0.0007673846072672555,-1.2593817114830017
ddqn,42,3169,42008,-10.049999999999999,5,0,1,0.33487333333333336,0.0005226813373155892,-1.1396796107292175
ddqn,42,3170,42042,-10.34,34,0,1,0.33433500000000005,0.0009223509841831401,-1.0960063114762306
ddqn,42,3171,42110,-10.68,68,0,1,0.33325833333333343,0.0007304306752356591,-1.2656364931779749
ddqn,42,3172,42124,-10.14,14,0,1,0.33303666666666676,0.0005477918857650366,-1.0373400449752808
ddqn,42,3173,42126,-10.02,2,0,1,0.3330050000000001,,
ddqn,42,3174,42170,-10.44,44,0,1,0.3323083333333334,0.00061481665100225,-1.1510748754848132
ddqn,42,3175,42220,-10.5,50,0,1,0.3315166666666667,0.0008404310630374731,-0.9634972122999338
ddqn,42,3176,42266,-10.46,46,0,1,0.33078833333333335,0.0012556678874799136,-1.1283872073346919
ddqn,42,3177,42316,-10.5,50,0,1,0.3299966666666666,0.00047227215411392256,-1.1071659647501433
ddqn,42,3178,42322,-10.06,6,0,1,0.32990166666666665,0.0019247509771957994,-0.8325738906860352
ddqn,42,3179,42361,-10.39,39,0,1,0.3292841666666667,0.02615508034650702,-1.1136668086051942
ddqn,42,3180,42364,-10.03,3,0,1,0.32923666666666673,0.004558010958135128,-1.0257987976074219
ddqn,42,3181,42368,-10.04,4,0,1,0.32917333333333343,0.0047320956364274025,-1.3258072137832642
ddqn,42,3182,42396,-10.28,28,0,1,0.3287300000000001,0.0011289642258946384,-1.1069957103048051
ddqn,42,3183,42428,-10.32,32,0,1,0.3282233333333334,0.00037896769208600745,-1.1473255455493927
ddqn,42,3184,42433,-10.049999999999999,5,0,1,0.3281441666666667,0.0004091724695172161,-1.3179171085357666
ddqn,42,3185,42440,-10.07,7,0,1,0.3280333333333333,0.00048695874284021556,-0.8587709665298462
ddqn,42,3186,42467,-10.27,27,0,1,0.3276058333333334,0.00028096670818437514,-1.1199743648370106
ddqn,42,3187,42546,-10.790000000000001,79,0,1,0.32635500000000006,0.008909907082852442,-1.2645137518644334
ddqn,42,3188,42592,-10.46,46,0,1,0.32562666666666673,0.0006660552996133143,-0.9497033357620239
ddqn,42,3189,42621,-10.29,29,0,1,0.32516749999999994,0.0006424883758882061,-1.1779251098632812
ddqn,42,3190,42659,-10.38,38,0,1,0.32456583333333344,0.0005947114307976639,-1.0986264944076538
ddqn,42,3191,42662,-10.03,3,0,1,0.32451833333333335,0.00034123891964554787,-0.853114902973175
ddqn,42,3192,42664,-10.02,2,0,1,0.3244866666666667,0.000593670061789453,-1.1412222385406494
ddqn,42,3193,42672,-10.08,8,0,1,0.32436,0.00012420703933457844,-0.7648611664772034
ddqn,42,3194,42680,-10.08,8,0,1,0.3242333333333334,0.0003511462637106888,-1.2237210869789124
ddqn,42,3195,42695,-10.15,15,0,1,0.32399583333333337,0.0014724687158983822,-1.2024834553400676
ddqn,42,3196,42698,-10.03,3,0,1,0.3239483333333334,0.000136285787448287,-0.8586826920509338
ddqn,42,3197,42712,-10.14,14,0,1,0.3237266666666667,0.0007664199365535751,-1.1521652042865753
ddqn,42,3198,42750,-10.38,38,0,1,0.323125,0.0003723702167109069,-1.069200873374939
ddqn,42,3199,42757,-10.07,7,0,1,0.3230141666666667,0.0007136348285712302,-0.9880225956439972
ddqn,42,3200,42771,-10.14,14,0,1,0.32279250000000004,0.0006063275989921143,-1.2617780764897664
ddqn,42,3201,42773,-10.02,2,0,1,0.3227608333333334,0.00021865272719878703,-1.1593928337097168
ddqn,42,3202,42809,-10.36,36,0,1,0.3221908333333333,0.00048577908859846904,-1.1170994639396667
ddqn,42,3203,42887,-10.780000000000001,78,0,1,0.32095583333333333,0.013599086898657811,-1.0519042611122131
ddqn,42,3204,42958,-10.71,71,0,1,0.31983166666666674,0.0013327313936315477,-1.2360623942481146
ddqn,42,3205,43013,-10.55,55,0,1,0.31896083333333336,0.0012661258681743806,-1.255120085818427
ddqn,42,3206,43018,-10.049999999999999,5,0,1,0.31888166666666673,0.0010040316265076399,-1.1667523384094238
ddqn,42,3207,43027,-10.09,9,0,1,0.3187391666666667,0.0004150002423557453,-1.0788580179214478
ddqn,42,3208,43053,-10.26,26,0,1,0.3183275,0.0007387091713358781,-1.1030245849064417
ddqn,42,3209,43059,-10.06,6,0,1,0.31823250000000003,0.0008813665481284261,-0.8577830195426941
ddqn,42,3210,43061,-10.02,2,0,1,0.3182008333333334,0.0004763596225529909,-0.9964432716369629
ddqn,42,3211,43093,-10.32,32,0,1,0.3176941666666667,0.00031125608347792877,-0.9776587039232254
ddqn,42,3212,43097,-10.04,4,0,1,0.3176308333333333,0.00037071251426823437,-0.999099850654602
ddqn,42,3213,43110,-10.129999999999999,13,0,1,0.31742499999999996,0.0005618268623948097,-1.0997599760691326
ddqn,42,3214,43137,-10.27,27,0,1,0.31699750000000004,0.0002698562623533819,-1.083502973828997
ddqn,42,3215,43156,-10.19,19,0,1,0.3166966666666666,0.00021798594389110804,-1.1738001108169556
ddqn,42,3216,43168,-10.12,12,0,1,0.3165066666666667,0.0003631398164240333,-1.0033378601074219
ddqn,42,3217,43185,-10.17,17,0,1,0.31623750000000006,0.0003070733364438638,-1.3308321833610535
ddqn,42,3218,43196,-10.11,11,0,1,0.31606333333333336,0.0002698848305347686,-1.1525420546531677
ddqn,42,3219,43204,-10.08,8,0,1,0.31593666666666675,0.00010725181709858589,-0.9923561811447144
ddqn,42,3220,43234,-10.3,30,0,1,0.31546166666666664,0.00018889762993369783,-1.0833156194005693
ddqn,42,3221,43253,-10.19,19,0,1,0.31516083333333333,0.0002457490256347228,-1.2659960985183716
ddqn,42,3222,43288,-10.35,35,0,1,0.3146066666666667,0.0002911650408350397,-1.2163247995906405
ddqn,42,3223,43320,-10.32,32,0,1,0.31410000000000005,0.00014758345241716597,-0.9021287485957146
ddqn,42,3224,43331,-10.11,11,0,1,0.31392583333333346,0.0003522775077726692,-1.3770341277122498
ddqn,42,3225,43395,-10.64,64,0,1,0.31291250000000004,0.00018879280992223357,-1.1467672400176525
ddqn,42,3226,43419,-10.24,24,0,1,0.3125325,0.00032219205725899275,-1.0715755621592205
ddqn,42,3227,43447,9.72,28,1,0,0.31208916666666675,0.00036858703762326125,-1.0856122033936637
ddqn,42,3228,43450,-10.03,3,0,1,0.3120416666666668,0.0006928305956535041,-1.894791603088379
ddqn,42,3229,43491,-10.41,41,0,1,0.31139250000000007,0.0002126409250195138,-1.1769588768482209
ddqn,42,3230,43510,-10.19,19,0,1,0.31109166666666677,0.00022973286977503448,-0.7897212266921997
ddqn,42,3231,43525,-10.15,15,0,1,0.31085416666666665,0.07351822868804447,-1.13226917386055
ddqn,42,3232,43646,-11.21,121,0,1,0.3089383333333333,0.011132870571843038,-1.2133190075556437
ddqn,42,3233,43650,-10.04,4,0,1,0.308875,0.0004294081882108003,-0.3740071654319763
ddqn,42,3234,43671,-10.209999999999999,21,0,1,0.30854250000000005,0.0041761059081181886,-1.0891100287437439
ddqn,42,3235,43759,9.12,88,1,0,0.3071491666666667,0.0016080697215246883,-1.147930215705525
ddqn,42,3236,43806,-10.47,47,0,1,0.30640500000000004,0.0005906174446863588,-1.1370893915494282
ddqn,42,3237,43877,-10.71,71,0,1,0.30528083333333345,0.013099846479437675,-1.1159635484218597
ddqn,42,3238,43888,-10.11,11,0,1,0.30510666666666664,0.004104587792729338,-1.2121520439783733
ddqn,42,3239,43903,-10.15,15,0,1,0.30486916666666664,0.0021899220470610694,-1.1284848749637604
ddqn,42,3240,43922,-10.19,19,0,1,0.30456833333333333,0.004879112035268918,-1.1686272740364074
ddqn,42,3241,43923,-10.01,1,0,1,0.3045525,,
ddqn,42,3242,43962,-10.39,39,0,1,0.30393500000000007,0.002954785624751821,-1.1759832978248597
ddqn,42,3243,43965,-10.03,3,0,1,0.3038875,0.0005826178821735084,-0.9761415719985962
ddqn,42,3244,43968,-10.03,3,0,1,0.30384,0.004346954636275768,-0.6663078665733337
ddqn,42,3245,43971,-10.03,3,0,1,0.3037925,,
ddqn,42,3246,43991,-10.2,20,0,1,0.3034758333333334,0.03637851998209953,-1.1288342714309691
ddqn,42,3247,44001,-10.1,10,0,1,0.30331750000000013,0.002007569962491592,-0.8842701117197672
ddqn,42,3248,44023,-10.22,22,0,1,0.30296916666666673,0.0038372157141566277,-0.7683312892913818
ddqn,42,3249,44065,-10.42,42,0,1,0.3023041666666666,0.027019882542927833,-0.9855848442424427
ddqn,42,3250,44078,-10.129999999999999,13,0,1,0.30209833333333336,0.0020698540999243655,-0.7891103227933248
ddqn,42,3251,44101,-10.23,23,0,1,0.30173416666666675,0.019628796047375847,-1.064093420902888
ddqn,42,3252,44134,-10.33,33,0,1,0.30121166666666666,0.034831680823117495,-1.0452061593532562
ddqn,42,3253,44207,-10.73,73,0,1,0.3000558333333333,0.04075585089675668,-0.99363202518887
ddqn,42,3254,44236,-10.29,29,0,1,0.29959666666666673,0.019946584332501516,-1.2903347089886665
ddqn,42,3255,44254,-10.18,18,0,1,0.29931166666666664,0.009225260931998491,-1.1147346049547195
ddqn,42,3256,44268,-10.14,14,0,1,0.29908999999999997,0.005912338267080486,-0.8436281234025955
ddqn,42,3257,44270,-10.02,2,0,1,0.2990583333333333,,
ddqn,42,3258,44350,-10.8,80,0,1,0.2977916666666667,0.011539677521795966,-1.0208301335573196
ddqn,42,3259,44434,-10.84,84,0,1,0.2964616666666666,0.01834790661121674,-0.9922902016412645
ddqn,42,3260,44461,-10.27,27,0,1,0.2960341666666667,0.026222096968142847,-1.0125517674854823
ddqn,42,3261,44476,-10.15,15,0,1,0.2957966666666667,0.06392726639751345,-1.1312457770109177
ddqn,42,3262,44513,9.63,37,1,0,0.2952108333333333,0.006477384950913902,-0.9707764585812887
ddqn,42,3263,44555,-10.42,42,0,1,0.2945458333333333,0.029444106516893952,-0.9342626214027405
ddqn,42,3264,44566,-10.11,11,0,1,0.2943716666666667,0.01158670817191402,-1.1843341986338298
ddqn,42,3265,44569,-10.03,3,0,1,0.2943241666666667,0.0006862375303171575,-0.5141643285751343
ddqn,42,3266,44591,-10.22,22,0,1,0.29397583333333344,0.006245358847081661,-1.029740297794342
ddqn,42,3267,44646,-10.55,55,0,1,0.29310500000000006,0.00166384331948523,-1.0685480833053589
ddqn,42,3268,44651,-10.049999999999999,5,0,1,0.29302583333333343,0.00020104716531932354,-0.9790468215942383
ddqn,42,3269,44670,-10.19,19,0,1,0.292725,0.0015362814359832556,-1.0077504873275758
ddqn,42,3270,44710,-10.4,40,0,1,0.29209166666666675,0.024622345791431143,-1.061811625957489
ddqn,42,3271,44754,-10.44,44,0,1,0.29139500000000007,0.016741136378682728,-1.1567478288303723
ddqn,42,3272,44765,-10.11,11,0,1,0.2912208333333334,0.003565627926339706,-1.2552781701087952
ddqn,42,3273,44768,-10.03,3,0,1,0.2911733333333334,0.0021033380180597305,-1.173711895942688
ddqn,42,3274,44794,-10.26,26,0,1,0.2907616666666667,0.001197118588606827,-1.1188406149546306
ddqn,42,3275,44812,-10.18,18,0,1,0.2904766666666667,0.0008462240686640144,-1.0226008772850037
ddqn,42,3276,44815,-10.03,3,0,1,0.29042916666666674,,
ddqn,42,3277,44856,-10.41,41,0,1,0.28978000000000004,0.026922147612574256,-1.2746369567784397
ddqn,42,3278,44884,-10.28,28,0,1,0.2893366666666667,0.0021428897910352263,-1.0852146744728088
ddqn,42,3279,44888,-10.04,4,0,1,0.2892733333333334,0.0012014962267130613,-0.699920654296875
ddqn,42,3280,44913,-10.25,25,0,1,0.2888775,0.004288436262868345,-1.137576848268509
ddqn,42,3281,44965,-10.52,52,0,1,0.2880541666666667,0.0027169225146420873,-1.1119573987447298
ddqn,42,3282,45005,-10.4,40,0,1,0.28742083333333335,0.001768568530678749,-1.0136642694473266
ddqn,42,3283,45018,-10.129999999999999,13,0,1,0.2872150000000001,0.0023393972466389337,-1.1548351844151814
ddqn,42,3284,45026,-10.08,8,0,1,0.2870883333333334,0.001664379728026688,-0.736876517534256
ddqn,42,3285,45031,-10.049999999999999,5,0,1,0.28700916666666665,0.0009083884069696069,-0.8547302484512329
ddqn,42,3286,45034,-10.03,3,0,1,0.28696166666666667,0.0014843713724985719,-1.315953254699707
ddqn,42,3287,45051,-10.17,17,0,1,0.2866925,0.0018690155702643096,-1.3998405039310455
ddqn,42,3288,45076,-10.25,25,0,1,0.28629666666666675,0.0022077676008588503,-0.9946358799934387
ddqn,42,3289,45116,-10.4,40,0,1,0.2856633333333334,0.01813904584851116,-1.0257753491401673
ddqn,42,3290,45122,-10.06,6,0,1,0.2855683333333334,0.0024705883115530014,-1.1143386363983154
ddqn,42,3291,45200,-10.780000000000001,78,0,1,0.28433333333333344,0.0024157420586561782,-1.1342000931501388
ddqn,42,3292,45221,-10.209999999999999,21,0,1,0.28400083333333337,0.0015421717194840311,-1.2039403438568115
ddqn,42,3293,45264,-10.43,43,0,1,0.2833200000000001,0.0012724240765568209,-1.206933232870969
ddqn,42,3294,45279,-10.15,15,0,1,0.2830825,0.003573413317402204,-1.231895128885905
ddqn,42,3295,45281,-10.02,2,0,1,0.28305083333333336,0.22757239639759064,-1.5413856506347656
ddqn,42,3296,45283,-10.02,2,0,1,0.2830191666666667,,
ddqn,42,3297,45289,-10.06,6,0,1,0.28292416666666664,0.001994469901546836,-1.0693204998970032
ddqn,42,3298,45337,-10.48,48,0,1,0.28216416666666666,0.0019633268918065974,-1.1113925129175186
ddqn,42,3299,45342,-10.049999999999999,5,0,1,0.28208500000000003,0.1919138878583908,-0.7066653966903687
ddqn,42,3300,45403,-10.61,61,0,1,0.2811191666666667,0.019860337434026102,-0.9687411189079285
ddqn,42,3301,45409,-10.06,6,0,1,0.28102416666666663,0.011790709104388952,-1.4132937788963318
ddqn,42,3302,45423,-10.14,14,0,1,0.28080250000000007,0.007125845955063899,-1.3021548390388489
ddqn,42,3303,45480,-10.57,57,0,1,0.27990000000000004,0.0016848495113663375,-0.9727649211883544
ddqn,42,3304,45551,-10.71,71,0,1,0.27877583333333333,0.0016605697233257268,-1.0660415116478414
ddqn,42,3305,45605,-10.54,54,0,1,0.2779208333333334,0.01856663212363076,-0.9066632815769741
ddqn,42,3306,45613,-10.08,8,0,1,0.2777941666666667,0.0010657079401426017,-0.7500806152820587
ddqn,42,3307,45644,-10.31,31,0,1,0.27730333333333335,0.0026200966531177983,-1.1085590943694115
ddqn,42,3308,45651,-10.07,7,0,1,0.27719250000000006,0.003093068953603506,-1.4065046310424805
ddqn,42,3309,45672,-10.209999999999999,21,0,1,0.27686,0.0013977635535411537,-1.0814287463823955
ddqn,42,3310,45674,-10.02,2,0,1,0.27682833333333334,,
ddqn,42,3311,45728,-10.54,54,0,1,0.2759733333333334,0.0011104376213292458,-1.0860264471599035
ddqn,42,3312,45753,-10.25,25,0,1,0.27557750000000003,0.0017522921067817758,-1.251483937104543
ddqn,42,3313,45756,-10.03,3,0,1,0.27553000000000005,0.00158653873950243,-1.4446828365325928
ddqn,42,3314,45768,-10.12,12,0,1,0.27534000000000003,0.0013079562922939658,-1.0860647360483806
ddqn,42,3315,45830,-10.620000000000001,62,0,1,0.27435833333333337,0.0014468707532311479,-1.103745206197103
ddqn,42,3316,45862,-10.32,32,0,1,0.2738516666666667,0.0010514468813198619,-1.1986651122570038
ddqn,42,3317,45913,9.49,51,1,0,0.27304416666666675,0.001068994438705536,-1.1441665383485646
ddqn,42,3318,45957,-10.44,44,0,1,0.27234749999999996,0.0011071748251031915,-1.2775078795172952
ddqn,42,3319,45969,-10.12,12,0,1,0.27215750000000005,0.001054108899552375,-0.9771016836166382
ddqn,42,3320,45974,-10.049999999999999,5,0,1,0.2720783333333334,0.0010715171229094267,-0.9917333126068115
ddqn,42,3321,46001,-10.27,27,0,1,0.2716508333333333,0.0009818065695331565,-0.8934227653912136
ddqn,42,3322,46033,-10.32,32,0,1,0.27114416666666674,0.0005889120457140962,-1.1288084238767624
ddqn,42,3323,46084,-10.51,51,0,1,0.27033666666666667,0.00039980836579791055,-1.1569733298741853
ddqn,42,3324,46100,-10.16,16,0,1,0.27008333333333334,0.0005497730453498662,-1.0612040013074875
ddqn,42,3325,46119,-10.19,19,0,1,0.26978250000000004,0.0003038346585526597,-1.045924797654152
ddqn,42,3326,46121,-10.02,2,0,1,0.2697508333333333,0.00026466528652235866,-0.9687238335609436
ddqn,42,3327,46123,-10.02,2,0,1,0.2697191666666666,,
ddqn,42,3328,46165,-10.42,42,0,1,0.2690541666666667,0.00035136867584448987,-1.1372866088693792
ddqn,42,3329,46170,-10.049999999999999,5,0,1,0.2689750000000001,0.0005188987124711275,-1.5717289447784424
ddqn,42,3330,46174,-10.04,4,0,1,0.26891166666666677,0.00029502829420380294,-1.1167925596237183
ddqn,42,3331,46178,-10.04,4,0,1,0.26884833333333347,0.0001702013541944325,-0.8168721199035645
ddqn,42,3332,46182,-10.04,4,0,1,0.26878499999999994,0.0003155924496240914,-1.4134455919265747
ddqn,42,3333,46264,-10.82,82,0,1,0.26748666666666665,0.0003859135550945731,-1.0144433435939608
ddqn,42,3334,46349,-10.85,85,0,1,0.2661408333333334,0.00040600177626835094,-1.0880529994056338
ddqn,42,3335,46395,-10.46,46,0,1,0.26541250000000005,0.0002306304158992134,-0.8903289924968373
ddqn,42,3336,46398,-10.03,3,0,1,0.2653650000000001,0.0002497184614185244,-0.9652054309844971
ddqn,42,3337,46408,-10.1,10,0,1,0.2652066666666667,0.0002488493046257645,-0.865233580271403
ddqn,42,3338,46448,-10.4,40,0,1,0.2645733333333333,0.018982090222561965,-1.0610544562339783
ddqn,42,3339,46457,-10.09,9,0,1,0.2644308333333334,0.001362821611110121,-1.0549275875091553
ddqn,42,3340,46587,-11.3,130,0,1,0.2623725,0.027806000288819632,-1.0602545756846666
ddqn,42,3341,46633,9.54,46,1,0,0.2616441666666667,0.00856101097209224,-1.047887310385704
ddqn,42,3342,46655,-10.22,22,0,1,0.2612958333333334,0.0069980861386284236,-1.0196483492851258
ddqn,42,3343,46691,-10.36,36,0,1,0.2607258333333333,0.006516098297045876,-0.958941380182902
ddqn,42,3344,46800,-11.09,109,0,1,0.259,0.03013710988411081,-1.1210336376513754
ddqn,42,3345,46833,-10.33,33,0,1,0.2584775,0.006510217790491879,-1.2832062169909477
ddqn,42,3346,46842,-10.09,9,0,1,0.2583350000000001,0.13098573620663956,-0.981093019247055
ddqn,42,3347,46862,-10.2,20,0,1,0.25801833333333335,0.004536186414770782,-1.034662514925003
ddqn,42,3348,46881,-10.19,19,0,1,0.25771750000000004,0.06318683279678225,-0.9938376426696778
ddqn,42,3349,46886,-10.049999999999999,5,0,1,0.2576383333333334,0.005017742980271578,-1.252009630203247
ddqn,42,3350,46891,-10.049999999999999,5,0,1,0.2575591666666668,0.01074114628136158,-1.372436761856079
ddqn,42,3351,46894,-10.03,3,0,1,0.2575116666666667,0.0003518182784318924,-0.9550413489341736
ddqn,42,3352,46900,-10.06,6,0,1,0.25741666666666674,0.0009910021908581257,-1.3386439681053162
ddqn,42,3353,46913,-10.129999999999999,13,0,1,0.2572108333333333,0.0005998840982404848,-0.8869436184565226
ddqn,42,3354,46917,-10.04,4,0,1,0.2571475,0.004994085989892483,-1.0124316215515137
ddqn,42,3355,46923,-10.06,6,0,1,0.2570525,0.0029675455298274755,-1.1182308197021484
ddqn,42,3356,46940,-10.17,17,0,1,0.25678333333333336,0.0031820763717405496,-0.9629062533378601
ddqn,42,3357,46963,-10.23,23,0,1,0.25641916666666675,0.0018058451998513192,-1.0130062580108643
ddqn,42,3358,46967,-10.04,4,0,1,0.25635583333333334,0.00647967541590333,-0.9412618279457092
ddqn,42,3359,46996,-10.29,29,0,1,0.25589666666666666,0.0010852884188352618,-0.9783755540847778
ddqn,42,3360,46998,-10.02,2,0,1,0.255865,,
ddqn,42,3361,47023,-10.25,25,0,1,0.25546916666666675,0.0018934751933556981,-1.204043447971344
ddqn,42,3362,47075,-10.52,52,0,1,0.25464583333333335,0.021944000661068667,-0.9895427089471084
ddqn,42,3363,47106,-10.31,31,0,1,0.254155,0.0010670469691831386,-0.9773862585425377
ddqn,42,3364,47132,-10.26,26,0,1,0.25374333333333343,0.0006895134813800853,-0.9793393186160496
ddqn,42,3365,47149,-10.17,17,0,1,0.25347416666666667,0.002135695976903662,-1.4422196745872498
ddqn,42,3366,47155,-10.06,6,0,1,0.2533791666666667,0.00027738569770008326,-0.5041724443435669
ddqn,42,3367,47176,-10.209999999999999,21,0,1,0.25304666666666675,0.0005963034927845001,-1.166213721036911
ddqn,42,3368,47181,-10.049999999999999,5,0,1,0.2529675,0.00022551947040483356,-0.650444746017456
ddqn,42,3369,47201,-10.2,20,0,1,0.2526508333333334,0.0004253169143339619,-1.0165249943733214
ddqn,42,3370,47212,-10.11,11,0,1,0.2524766666666667,0.08588561995808656,-0.7471286257108053
ddqn,42,3371,47220,-10.08,8,0,1,0.25234999999999996,0.0023070193856256083,-0.8726454973220825
ddqn,42,3372,47226,-10.06,6,0,1,0.252255,0.00041320460150018334,-1.099247932434082
ddqn,42,3373,47279,-10.53,53,0,1,0.2514158333333333,0.0019563315844817017,-0.9257858349726751
ddqn,42,3374,47292,-10.129999999999999,13,0,1,0.25121000000000004,0.001692372803518083,-0.9221605062484741
ddqn,42,3375,47321,-10.29,29,0,1,0.25075083333333337,0.004804268275620416,-0.9874808362552098
ddqn,42,3376,47411,-10.9,90,0,1,0.24932583333333336,0.00320503872750454,-1.1071748002008959
ddqn,42,3377,47452,-10.41,41,0,1,0.24867666666666666,0.0008527308144204488,-0.9191677191040732
ddqn,42,3378,47456,-10.04,4,0,1,0.24861333333333335,0.0014422540552914143,-0.6440668106079102
ddqn,42,3379,47464,-10.08,8,0,1,0.24848666666666663,0.0016759643913246691,-1.0233880877494812
ddqn,42,3380,47484,-10.2,20,0,1,0.24817,0.0015268237213604153,-1.1149896740913392
ddqn,42,3381,47486,-10.02,2,0,1,0.24813833333333335,,
ddqn,42,3382,47500,-10.14,14,0,1,0.24791666666666679,0.00033414039899071213,-0.9644166529178619
ddqn,42,3383,47544,-10.44,44,0,1,0.24722,0.000545818464491855,-0.999531480399045
ddqn,42,3384,47572,-10.28,28,0,1,0.24677666666666664,0.022596222697757185,-0.9600015793527875
ddqn,42,3385,47586,-10.14,14,0,1,0.24655499999999997,0.0013808939256705344,-1.1579574545224507
ddqn,42,3386,47595,-10.09,9,0,1,0.24641250000000003,0.0017179680289700627,-0.7889167368412018
ddqn,42,3387,47623,-10.28,28,0,1,0.2459691666666668,0.03753064560753826,-0.8507814833096096
ddqn,42,3388,47628,-10.049999999999999,5,0,1,0.24589000000000005,0.03298407467082143,-0.6878715753555298
ddqn,42,3389,47678,-10.5,50,0,1,0.24509833333333342,0.036928633674203105,-0.8314895977576574
ddqn,42,3390,47725,-10.47,47,0,1,0.24435416666666676,0.042578016640618443,-1.1543946365515392
ddqn,42,3391,47736,-10.11,11,0,1,0.24418000000000006,0.018953673851986725,-0.9037967920303345
ddqn,42,3392,47746,-10.1,10,0,1,0.2440216666666667,0.0038706756895408034,-1.5410593748092651
ddqn,42,3393,47750,-10.04,4,0,1,0.2439583333333334,0.0059432461857795715,-0.9435652494430542
ddqn,42,3394,47776,-10.26,26,0,1,0.2435466666666667,0.04565310611256531,-1.0858152764184135
ddqn,42,3395,47779,-10.03,3,0,1,0.2434991666666667,,
ddqn,42,3396,47789,-10.1,10,0,1,0.24334083333333334,0.006090902800982197,-0.9317113955815634
ddqn,42,3397,47803,-10.14,14,0,1,0.24311916666666678,0.011626571106414,-1.1669597625732422
ddqn,42,3398,47859,-10.56,56,0,1,0.24223250000000007,0.014248611405491829,-1.0303028651646204
ddqn,42,3399,47926,-10.67,67,0,1,0.24117166666666678,0.0020660052678602584,-1.0783835404059465
ddqn,42,3400,47932,-10.06,6,0,1,0.24107666666666672,0.0012753248447552323,-1.3339669704437256
ddqn,42,3401,47942,-10.1,10,0,1,0.24091833333333335,0.0015439154813066125,-1.028612196445465
ddqn,42,3402,47957,-10.15,15,0,1,0.24068083333333334,0.0010870807018363848,-0.6977321803569794
ddqn,42,3403,47999,-10.42,42,0,1,0.24001583333333332,0.0013208095842855982,-0.9175436913967132
ddqn,42,3404,48018,-10.19,19,0,1,0.239715,0.001542372105177492,-1.064043653011322
ddqn,42,3405,48020,-10.02,2,0,1,0.23968333333333336,0.0020741119515150785,-0.8107810020446777
ddqn,42,3406,48044,-10.24,24,0,1,0.23930333333333342,0.0035074821256178743,-1.1020800073941548
ddqn,42,3407,48054,-10.1,10,0,1,0.23914500000000005,0.0036382031394168735,-1.0015701353549957
ddqn,42,3408,48079,-10.25,25,0,1,0.23874916666666668,0.0007357710661987463,-0.9832863608996073
ddqn,42,3409,48125,9.54,46,1,0,0.23802083333333335,0.03824274201421455,-1.086484581232071
ddqn,42,3410,48133,-10.08,8,0,1,0.23789416666666663,0.008707629749551415,-1.2874025106430054
ddqn,42,3411,48157,-10.24,24,0,1,0.2375141666666667,0.0033210493760028235,-0.8380773911873499
ddqn,42,3412,48163,-10.06,6,0,1,0.23741916666666674,0.0009648542618378997,-0.6489145159721375
ddqn,42,3413,48196,-10.33,33,0,1,0.23689666666666664,0.0035763231054362324,-1.0321670638190374
ddqn,42,3414,48207,-10.11,11,0,1,0.23672250000000006,0.07690898352302611,-0.8570192754268646
ddqn,42,3415,48220,-10.129999999999999,13,0,1,0.2365166666666667,0.0023373161675408483,-0.871004194021225
ddqn,42,3416,48269,9.51,49,1,0,0.2357408333333334,0.028756429708058324,-1.1725747485955555
ddqn,42,3417,48348,-10.790000000000001,79,0,1,0.2344900000000001,0.009054957847547484,-1.0695009112358094
ddqn,42,3418,48366,-10.18,18,0,1,0.234205,0.0005595264810835943,-1.0259060710668564
ddqn,42,3419,48371,-10.049999999999999,5,0,1,0.23412583333333337,0.00023851673176977783,-0.9455287456512451
ddqn,42,3420,48426,9.45,55,1,0,0.233255,0.00040460006130160764,-1.103063274707113
ddqn,42,3421,48486,-10.6,60,0,1,0.23230499999999998,0.0018368219015731787,-0.959910507996877
ddqn,42,3422,48535,-10.49,49,0,1,0.23152916666666679,0.0005096889423536292,-0.9642230669657389
ddqn,42,3423,48550,-10.15,15,0,1,0.23129166666666667,0.0007174982347351033,-1.0559701323509216
ddqn,42,3424,48682,-11.32,132,0,1,0.22920166666666664,0.015313527423131745,-1.0001335667841362
ddqn,42,3425,48701,-10.19,19,0,1,0.22890083333333344,0.04728469478432089,-1.1577218174934387
ddqn,42,3426,48713,-10.12,12,0,1,0.22871083333333342,0.00282402423908934,-1.2339120705922444
ddqn,42,3427,48763,-10.5,50,0,1,0.22791916666666667,0.02966183715761872,-1.0314930776755016
ddqn,42,3428,48789,-10.26,26,0,1,0.22750749999999997,0.001005981707878943,-0.7753152804715293
ddqn,42,3429,48800,-10.11,11,0,1,0.2273333333333334,0.0014341694380467136,-1.2096529801686604
ddqn,42,3430,48806,-10.06,6,0,1,0.22723833333333332,0.001101010013371706,-1.7156004905700684
ddqn,42,3431,48910,-11.040000000000001,104,0,1,0.22559166666666663,0.004942151293037638,-1.0396105624162233
ddqn,42,3432,48920,-10.1,10,0,1,0.22543333333333337,0.0019203709283222754,-0.8762688438097636
ddqn,42,3433,48936,-10.16,16,0,1,0.22518000000000005,0.003284946520579979,-0.6825941503047943
ddqn,42,3434,48940,-10.04,4,0,1,0.22511666666666674,0.0027088066563010216,-0.8303099870681763
ddqn,42,3435,48977,9.63,37,1,0,0.22453083333333335,0.003950466434212608,-1.0969791379239824
ddqn,42,3436,49042,-10.65,65,0,1,0.2235016666666667,0.004708732936705928,-0.939368536695838
ddqn,42,3437,49083,-10.41,41,0,1,0.2228525,0.0024402269336860627,-0.8977532327175141
ddqn,42,3438,49176,-10.93,93,0,1,0.22138000000000002,0.0014396050100913271,-0.9868456746141115
ddqn,42,3439,49200,-10.24,24,0,1,0.22100000000000009,0.03994916192217109,-0.9645669460296631
ddqn,42,3440,49204,-10.04,4,0,1,0.22093666666666667,0.0007036917959339917,-1.0893781185150146
ddqn,42,3441,49229,-10.25,25,0,1,0.2205408333333334,0.0037110414365694546,-0.8967214375734329
ddqn,42,3442,49287,-10.58,58,0,1,0.21962250000000005,0.006277365092371058,-0.9267176772866931
ddqn,42,3443,49343,-10.56,56,0,1,0.21873583333333335,0.01950312766712159,-0.9772432723215648
ddqn,42,3444,49348,-10.049999999999999,5,0,1,0.21865666666666672,0.006232861080206931,-0.9691733717918396
ddqn,42,3445,49372,9.76,24,1,0,0.21827666666666679,0.001969576784176752,-0.9198838869730631
ddqn,42,3446,49527,-11.55,155,0,1,0.21582250000000003,0.007738778265009291,-0.9453891868654051
ddqn,42,3447,49547,-10.2,20,0,1,0.2155058333333334,0.0014270850922912359,-1.1189226508140564
ddqn,42,3448,49598,-10.51,51,0,1,0.21469833333333332,0.0011611437120546515,-0.8934219364936535
ddqn,42,3449,49600,-10.02,2,0,1,0.21466666666666667,0.0015972454566508532,-0.9073876142501831
ddqn,42,3450,49626,-10.26,26,0,1,0.21425500000000008,0.0010079769514656316,-1.0417144894599915
ddqn,42,3451,49634,-10.08,8,0,1,0.21412833333333336,0.0007315981783904135,-0.6872375011444092
ddqn,42,3452,49662,-10.28,28,0,1,0.213685,0.0018088099147592271,-1.0779443298067366
ddqn,42,3453,49668,-10.06,6,0,1,0.21359000000000006,0.0014723611529916525,-0.9119548499584198
ddqn,42,3454,49697,-10.29,29,0,1,0.21313083333333338,0.02387662092015879,-0.737036909375872
ddqn,42,3455,49699,-10.02,2,0,1,0.21309916666666662,,
ddqn,42,3456,49722,-10.23,23,0,1,0.212735,0.0037989648311243704,-0.9793964525063833
ddqn,42,3457,49728,-10.06,6,0,1,0.21264000000000005,0.0010132387251360342,-0.6947738230228424
ddqn,42,3458,49755,-10.27,27,0,1,0.21221250000000003,0.0025955695018637925,-0.9096359411875407
ddqn,42,3459,49771,-10.16,16,0,1,0.2119591666666667,0.0019380755547899753,-1.2332904189825058
ddqn,42,3460,49785,-10.14,14,0,1,0.21173750000000002,0.0011365130922058597,-0.9961212575435638
ddqn,42,3461,49802,-10.17,17,0,1,0.21146833333333337,0.001217665929289069,-0.9242255240678787
ddqn,42,3462,49820,-10.18,18,0,1,0.2111833333333334,0.0021023140056058765,-1.024787390232086
ddqn,42,3463,49828,-10.08,8,0,1,0.21105666666666667,0.001348417776171118,-1.1623643338680267
ddqn,42,3464,49875,-10.47,47,0,1,0.2103125,0.001132253679150546,-1.0014873174103824
ddqn,42,3465,49900,-10.25,25,0,1,0.20991666666666675,0.0008863949956971087,-0.874799370765686
ddqn,42,3466,49933,9.67,33,1,0,0.20939416666666666,0.05177307559642941,-0.9296332225203514
ddqn,42,3467,50098,-11.65,165,0,1,0.20678166666666675,0.004386839512224514,-0.9674205394779763
ddqn,42,3468,50104,-10.06,6,0,1,0.2066866666666668,0.0035557906376197934,-1.187359869480133
ddqn,42,3469,50187,-10.83,83,0,1,0.20537249999999996,0.011456926038954407,-0.8757276192307473
ddqn,42,3470,50212,-10.25,25,0,1,0.2049766666666667,0.005090191561196532,-1.1697063275745936
ddqn,42,3471,50281,-10.69,69,0,1,0.20388416666666676,0.004067437421968754,-0.9259626409586739
ddqn,42,3472,50321,-10.4,40,0,1,0.20325083333333338,0.0030506844632327557,-1.087734156847
ddqn,42,3473,50330,-10.09,9,0,1,0.20310833333333334,0.0038195541128516197,-0.9586094617843628
ddqn,42,3474,50359,-10.29,29,0,1,0.20264916666666666,0.002199034921691886,-0.8567574535097394
ddqn,42,3475,50390,-10.31,31,0,1,0.20215833333333333,0.03473514088545926,-0.9686408750712872
ddqn,42,3476,50437,-10.47,47,0,1,0.20141416666666667,0.09518762853501055,-1.037577932079633
ddqn,42,3477,50504,-10.67,67,0,1,0.20035333333333338,0.006956651978030363,-0.9910093475790585
ddqn,42,3478,50539,-10.35,35,0,1,0.19979916666666664,0.007988689983903896,-0.9312703832983971
ddqn,42,3479,50583,-10.44,44,0,1,0.19910250000000007,0.017534539971331305,-1.1632741581309924
ddqn,42,3480,50737,-11.540000000000001,154,0,1,0.19666416666666664,0.0039018887313058935,-1.0268235145471034
ddqn,42,3481,50837,-11.0,100,0,1,0.19508083333333337,0.015509791460353882,-0.8822933316230774
ddqn,42,3482,50877,-10.4,40,0,1,0.1944475000000001,0.02023351565003395,-0.9551117509603501
ddqn,42,3483,50886,-10.09,9,0,1,0.19430500000000006,0.0028671964537352324,-0.750642254948616
ddqn,42,3484,50889,-10.03,3,0,1,0.19425750000000008,0.002790012862533331,-0.7698102593421936
ddqn,42,3485,51025,8.639999999999999,136,1,0,0.19210416666666663,0.0026466112450340435,-1.0154889401267557
ddqn,42,3486,51041,9.84,16,1,0,0.1918508333333333,0.001592565284227021,-0.8707271069288254
ddqn,42,3487,51097,-10.56,56,0,1,0.1909641666666667,0.04199507254608242,-1.0494029436792647
ddqn,42,3488,51139,-10.42,42,0,1,0.1902991666666668,0.029619708005338908,-1.1122196853160857
ddqn,42,3489,51215,-10.76,76,0,1,0.18909583333333335,0.014415183525814331,-1.0673690438270569
ddqn,42,3490,51242,-10.27,27,0,1,0.18866833333333344,0.0640279847596373,-1.120122926575797
ddqn,42,3491,51266,-10.24,24,0,1,0.18828833333333328,0.0026532837849420807,-0.9885579148928324
ddqn,42,3492,51300,-10.34,34,0,1,0.18775000000000008,0.029626320051546726,-0.9466216696633233
ddqn,42,3493,51335,-10.35,35,0,1,0.18719583333333334,0.012934151767694857,-1.020603008568287
ddqn,42,3494,51457,-11.22,122,0,1,0.18526416666666667,0.012133791770470598,-1.0193539309886195
ddqn,42,3495,51590,-11.33,133,0,1,0.1831583333333333,0.017106464275539936,-1.01843164545117
ddqn,42,3496,51596,-10.06,6,0,1,0.18306333333333336,0.0010449133405927569,-0.9567148685455322
ddqn,42,3497,51676,-10.8,80,0,1,0.18179666666666672,0.005645811700378545,-0.9968219012022018
ddqn,42,3498,51720,-10.44,44,0,1,0.18110000000000004,0.004217761695723642,-0.9744685292243958
ddqn,42,3499,51771,-10.51,51,0,1,0.18029250000000008,0.004015429333473246,-0.9156868606805801
ddqn,42,3500,51822,-10.51,51,0,1,0.179485,0.03299233926092991,-1.0270052391749163
ddqn,42,3501,51868,-10.46,46,0,1,0.17875666666666667,0.017801543426079054,-1.0104509194691975
ddqn,42,3502,51911,-10.43,43,0,1,0.17807583333333343,0.0033253702567890286,-0.8668947815895081
ddqn,42,3503,51927,-10.16,16,0,1,0.1778225,0.0021217793109826744,-1.084168940782547
ddqn,42,3504,51939,-10.12,12,0,1,0.17763249999999997,0.0009292040679914256,-1.0153410037358601
ddqn,42,3505,51956,-10.17,17,0,1,0.17736333333333332,0.03237561390269548,-0.7089832544326782
ddqn,42,3506,51959,-10.03,3,0,1,0.17731583333333334,,
ddqn,42,3507,52041,-10.82,82,0,1,0.17601750000000005,0.010386196375336675,-0.9976931271098909
ddqn,42,3508,52112,-10.71,71,0,1,0.17489333333333335,0.02842228624245359,-0.9263816542095609
ddqn,42,3509,52158,-10.46,46,0,1,0.17416500000000013,0.007686859398910945,-1.0550492676821621
ddqn,42,3510,52234,9.24,76,1,0,0.17296166666666668,0.01284638991407854,-0.9868175167786447
ddqn,42,3511,52244,-10.1,10,0,1,0.1728033333333333,0.0061207426867137356,-0.9246636033058167
ddqn,42,3512,52256,-10.12,12,0,1,0.1726133333333334,0.0031764612067490816,-0.8175917863845825
ddqn,42,3513,52272,-10.16,16,0,1,0.17236000000000007,0.0043930715473834425,-0.8237942755222321
ddqn,42,3514,52427,-11.55,155,0,1,0.1699058333333333,0.007385392311047518,-1.0048333422133797
ddqn,42,3515,52465,-10.38,38,0,1,0.1693041666666667,0.0015718453330919146,-1.0519204020500184
ddqn,42,3516,52517,-10.52,52,0,1,0.1684808333333334,0.01385275292649077,-1.0278285558407123
ddqn,42,3517,52580,-10.63,63,0,1,0.16748333333333343,0.0008782120949035743,-0.9417412616312504
ddqn,42,3518,52631,-10.51,51,0,1,0.16667583333333336,0.019332933365755405,-0.9452896565198898
ddqn,42,3519,52659,-10.28,28,0,1,0.1662325,0.0015341437787615827,-1.2100941964558192
ddqn,42,3520,52753,-10.940000000000001,94,0,1,0.1647441666666667,0.0049973361152903335,-0.9452495475610098
ddqn,42,3521,52826,-10.73,73,0,1,0.16358833333333345,0.0006039388940229805,-0.9920902384652032
ddqn,42,3522,52940,-11.14,114,0,1,0.1617833333333334,0.0009000594928411061,-1.0647165405339207
ddqn,42,3523,52954,-10.14,14,0,1,0.1615616666666666,0.0007609274277153114,-1.1419719854990642
ddqn,42,3524,52980,-10.26,26,0,1,0.16115000000000002,0.04446607583668083,-0.8941192201205662
ddqn,42,3525,52985,-10.049999999999999,5,0,1,0.16107083333333339,0.0007059875642880797,-1.290988802909851
ddqn,42,3526,52989,-10.04,4,0,1,0.16100750000000008,0.0005151958903297782,-0.5486195087432861
ddqn,42,3527,53025,9.64,36,1,0,0.1604375,0.0007035653672776081,-1.0113114052348666
ddqn,42,3528,53034,-10.09,9,0,1,0.16029500000000008,0.0007798915321473032,-0.8486828207969666
ddqn,42,3529,53050,-10.16,16,0,1,0.16004166666666675,0.05546422745101154,-1.09773088991642
ddqn,42,3530,53064,-10.14,14,0,1,0.15982000000000007,0.0045146536140237,-0.819642037153244
ddqn,42,3531,53117,-10.53,53,0,1,0.15898083333333335,0.0048336000360835055,-1.0336054196724525
ddqn,42,3532,53127,-10.1,10,0,1,0.1588225000000001,0.0005575975519604981,-1.0808376669883728
ddqn,42,3533,53139,-10.12,12,0,1,0.15863249999999995,0.0018871187154824536,-1.1023109555244446
ddqn,42,3534,53184,-10.45,45,0,1,0.15792000000000006,0.038765355697250925,-0.9820937911669413
ddqn,42,3535,53264,-10.8,80,0,1,0.1566533333333333,0.0017897920006362256,-1.0337629556655883
ddqn,42,3536,53294,9.7,30,1,0,0.15617833333333342,0.0004856195030567635,-0.9138299482209342
ddqn,42,3537,53417,-11.23,123,0,1,0.15423083333333343,0.019607353170173272,-1.0381906782427142
ddqn,42,3538,53473,9.44,56,1,0,0.15334416666666673,0.0014103999513151524,-1.0114880331924982
ddqn,42,3539,53548,-10.75,75,0,1,0.15215666666666672,0.0006019066656192177,-0.9330361830560785
ddqn,42,3540,53563,-10.15,15,0,1,0.15191916666666672,0.00027876024250872433,-1.2077985604604085
ddqn,42,3541,53566,-10.03,3,0,1,0.15187166666666663,0.00021216126333456486,-0.7054686546325684
ddqn,42,3542,53804,-12.379999999999994,238,0,1,0.14810333333333336,0.005078781506199448,-0.9235301444927851
ddqn,42,3543,53807,-10.03,3,0,1,0.1480558333333334,,
ddqn,42,3544,53811,-10.04,4,0,1,0.14799249999999997,0.0002771174185909331,-0.7051866054534912
ddqn,42,3545,53958,8.53,147,1,0,0.14566500000000004,0.010089021032940395,-0.9827870903788386
ddqn,42,3546,53985,-10.27,27,0,1,0.14523750000000002,0.00171850184311292,-0.8901935815811157
ddqn,42,3547,53992,-10.07,7,0,1,0.14512666666666663,0.03416783642023802,-1.0107974410057068
ddqn,42,3548,54085,-10.93,93,0,1,0.14365416666666675,0.025257312733194103,-0.9786722789640012
ddqn,42,3549,54139,-10.54,54,0,1,0.1427991666666667,0.002753597243169609,-0.9884553414124709
ddqn,42,3550,54194,-10.55,55,0,1,0.14192833333333332,0.018739314242598733,-1.023850747517177
ddqn,42,3551,54276,-10.82,82,0,1,0.14063000000000003,0.010353747846758259,-1.0319129427274067
ddqn,42,3552,54295,-10.19,19,0,1,0.14032916666666673,0.003710619348566979,-1.3112933337688446
ddqn,42,3553,54482,-11.870000000000001,187,0,1,0.13736833333333331,0.01753298442146959,-1.0274403044518003
ddqn,42,3554,54511,-10.29,29,0,1,0.13690916666666675,0.0008760359861688423,-1.023568562098912
ddqn,42,3555,54732,-12.209999999999997,221,0,1,0.13341000000000003,0.015412626003775845,-0.9652448818087578
ddqn,42,3556,54738,-10.06,6,0,1,0.13331500000000007,0.00669640488922596,-0.8840212821960449
ddqn,42,3557,54758,-10.2,20,0,1,0.13299833333333344,0.0034073739778250458,-0.976118290424347
ddqn,42,3558,54859,-11.01,101,0,1,0.13139916666666673,0.002910033554653637,-0.8809297013282776
ddqn,42,3559,54886,-10.27,27,0,1,0.1309716666666667,0.003907098883896002,-1.0865942410060339
ddqn,42,3560,54896,-10.1,10,0,1,0.13081333333333334,0.0010432821582071483,-0.5165876944859823
ddqn,42,3561,54974,9.219999999999999,78,1,0,0.12957833333333335,0.014669085494365151,-0.9453591327918204
ddqn,42,3562,55044,-10.7,70,0,1,0.12847000000000008,0.020992050324113935,-1.0123172303040822
ddqn,42,3563,55058,-10.14,14,0,1,0.1282483333333334,0.005435055315804978,-0.9371585448582967
ddqn,42,3564,55116,-10.58,58,0,1,0.12733000000000005,0.017117391342374808,-0.8959550340970357
ddqn,42,3565,55288,-11.72,172,0,1,0.12460666666666675,0.0172548403572237,-0.9581777896991995
ddqn,42,3566,55295,-10.07,7,0,1,0.12449583333333336,0.004484553821384907,-0.9298780560493469
ddqn,42,3567,55355,-10.6,60,0,1,0.12354583333333335,0.01624366779481837,-0.9060608983039856
ddqn,42,3568,55398,9.57,43,1,0,0.122865,0.015105256427142938,-0.8748613568869504
ddqn,42,3569,55431,-10.33,33,0,1,0.12234250000000013,0.0061516041023423895,-0.8682167157530785
ddqn,42,3570,55449,9.82,18,1,0,0.12205750000000004,0.003554544222424738,-0.9404326915740967
ddqn,42,3571,55471,-10.22,22,0,1,0.12170916666666676,0.05390526680275798,-0.9684378981590271
ddqn,42,3572,55504,-10.33,33,0,1,0.12118666666666666,0.004214549081451777,-0.9132454593976339
ddqn,42,3573,55554,9.5,50,1,0,0.12039500000000014,0.0017497195731266402,-1.0076986501614253
ddqn,42,3574,55700,-11.46,146,0,1,0.11808333333333332,0.0012890873822962513,-0.9756440745817648
ddqn,42,3575,55756,-10.56,56,0,1,0.11719666666666673,0.001153856293447981,-0.8748277255467006
ddqn,42,3576,55763,-10.07,7,0,1,0.11708583333333333,0.0005553898517973721,-0.8222650289535522
ddqn,42,3577,55981,-12.179999999999998,218,0,1,0.1136341666666667,0.004491657059142282,-0.9595841418613087
ddqn,42,3578,55999,-10.18,18,0,1,0.11334916666666672,0.06771260641107801,-0.9446608424186707
ddqn,42,3579,56012,-10.129999999999999,13,0,1,0.11314333333333337,0.0014027029828866944,-1.2567341923713684
ddqn,42,3580,56084,9.28,72,1,0,0.11200333333333345,0.002245793422237815,-0.9816172420978546
ddqn,42,3581,56248,8.36,164,1,0,0.10940666666666665,0.008359042571278334,-0.8690923416033024
ddqn,42,3582,56403,-11.55,155,0,1,0.1069525,0.00526795892993074,-0.8522697781261644
ddqn,42,3583,56414,-10.11,11,0,1,0.10677833333333331,0.004176314706758906,-0.8318793475627899
ddqn,42,3584,56468,-10.54,54,0,1,0.10592333333333337,0.0064212627808696455,-0.9170660419123513
ddqn,42,3585,56483,-10.15,15,0,1,0.10568583333333337,0.0009528134833090007,-1.102774977684021
ddqn,42,3586,56653,-11.700000000000001,170,0,1,0.10299416666666672,0.002309161431269807,-0.8855417474757793
ddqn,42,3587,56708,-10.55,55,0,1,0.10212333333333334,0.000610820745350793,-0.9043950268200466
ddqn,42,3588,56762,9.46,54,1,0,0.1012683333333334,0.012278528683684552,-0.9008784981874319
ddqn,42,3589,56799,-10.37,37,0,1,0.10068250000000001,0.0011620833894186136,-1.044419977400038
ddqn,42,3590,56961,8.379999999999999,162,1,0,0.09811749999999997,0.015068463587894945,-0.8435461259469753
ddqn,42,3591,57050,-10.89,89,0,1,0.0967083333333334,0.000615144374685108,-0.9465194263241508
ddqn,42,3592,57130,-10.8,80,0,1,0.09544166666666665,0.0007081803894834593,-0.9184617817401886
ddqn,42,3593,57151,-10.209999999999999,21,0,1,0.09510916666666669,0.0005447208590339869,-0.9657416820526123
ddqn,42,3594,57222,9.29,71,1,0,0.0939850000000001,0.03890087068591836,-0.9306657016277313
ddqn,42,3595,57294,9.28,72,1,0,0.09284500000000007,0.0055344524153042585,-0.9664483749204211
ddqn,42,3596,57320,-10.26,26,0,1,0.09243333333333337,0.03629831859974989,-0.8433183091027396
ddqn,42,3597,57343,-10.23,23,0,1,0.09206916666666676,0.035081464680843055,-1.1565489530563355
ddqn,42,3598,57398,9.45,55,1,0,0.09119833333333338,0.008912112272810191,-0.9385855027607509
ddqn,42,3599,57478,9.2,80,1,0,0.08993166666666674,0.007101079367566853,-0.8504590868949891
ddqn,42,3600,57559,-10.81,81,0,1,0.08864916666666667,0.023910251722554676,-0.8662055522203446
ddqn,42,3601,57588,-10.29,29,0,1,0.0881900000000001,0.0038810007536085322,-0.8644318357110023
ddqn,42,3602,57690,-11.02,102,0,1,0.08657500000000007,0.019530168843921274,-0.8140615260601044
ddqn,42,3603,57710,9.8,20,1,0,0.08625833333333344,0.004218287905678153,-0.908984386920929
ddqn,42,3604,57748,-10.38,38,0,1,0.08565666666666671,0.021032879850827156,-0.7870615422725677
ddqn,42,3605,57780,9.68,32,1,0,0.08515000000000006,0.0026527606387389824,-0.7829232700169086
ddqn,42,3606,57806,9.74,26,1,0,0.08473833333333336,0.0025230050281000635,-0.9431367516517639
ddqn,42,3607,57839,9.67,33,1,0,0.08421583333333338,0.03744453403487569,-0.8329712748527527
ddqn,42,3608,58095,-2.5599999999999894,256,0,0,0.08016250000000003,0.023205831597806537,-0.9196651894599199
ddqn,42,3609,58136,-10.41,41,0,1,0.07951333333333344,0.04691407139497725,-0.8553786331957037
ddqn,42,3610,58167,-10.31,31,0,1,0.0790225,0.0035852399055979083,-0.9688992330006191
ddqn,42,3611,58423,-2.5599999999999894,256,0,0,0.07496916666666675,0.01729131682714069,-0.8532758331857622
ddqn,42,3612,58494,-10.71,71,0,1,0.07384500000000005,0.024005602320863142,-0.9563816554016538
ddqn,42,3613,58571,-10.77,77,0,1,0.07262583333333339,0.0492986252218926,-0.7960954575162185
ddqn,42,3614,58579,-10.08,8,0,1,0.07249916666666667,0.0031750265043228865,-0.8743039667606354
ddqn,42,3615,58599,9.8,20,1,0,0.07218250000000004,0.10678841770859435,-0.962080466747284
ddqn,42,3616,58789,-11.900000000000002,190,0,1,0.06917416666666676,0.015383996897677813,-0.8619340235988299
ddqn,42,3617,58916,-11.270000000000001,127,0,1,0.06716333333333335,0.02521228671503195,-0.8478629253804684
ddqn,42,3618,59096,-11.8,180,0,1,0.06431333333333333,0.03850363612485429,-0.9041192683908674
ddqn,42,3619,59108,-10.12,12,0,1,0.06412333333333342,0.0013278888654895127,-0.7581592400868734
ddqn,42,3620,59204,9.04,96,1,0,0.06260333333333334,0.015865689811713917,-0.7429025334616502
ddqn,42,3621,59236,9.68,32,1,0,0.0620966666666668,0.010565170625341125,-1.0018849298357964
ddqn,42,3622,59421,8.149999999999999,185,1,0,0.05916750000000004,0.016079436788973195,-0.8870898271384446
ddqn,42,3623,59564,8.569999999999999,143,1,0,0.056903333333333306,0.01959691550534141,-0.8561138610045115
ddqn,42,3624,59602,-10.38,38,0,1,0.056301666666666805,0.03146405670688384,-0.6446265644497342
ddqn,42,3625,59670,9.32,68,1,0,0.05522499999999997,0.016324736177921295,-0.8919521096874686
ddqn,42,3626,59688,9.82,18,1,0,0.05493999999999999,0.03550778296776116,-0.6435322165489197
ddqn,42,3627,59878,-11.900000000000002,190,0,1,0.05193166666666671,0.02044604769709738,-0.8798545237551344
ddqn,42,3628,60088,7.9,210,1,0,0.050000000000000044,0.020638055756758405,-0.8847709129441459
ddqn,42,3629,60344,-2.5599999999999894,256,0,0,0.050000000000000044,0.027380307949442795,-0.8152320105582476
ddqn,42,3630,60600,-2.5599999999999894,256,0,0,0.050000000000000044,0.012629348865630163,-0.8701588739641011
ddqn,42,3631,60856,-2.5599999999999894,256,0,0,0.050000000000000044,0.027858202354764217,-0.8655788418836892
ddqn,42,3632,60940,9.16,84,1,0,0.050000000000000044,0.021709009691784603,-0.8078486734912509
ddqn,42,3633,61059,-11.190000000000001,119,0,1,0.050000000000000044,0.012996903725032663,-0.8679474602485525
ddqn,42,3634,61170,-11.110000000000001,111,0,1,0.050000000000000044,0.001959127661913434,-0.8412872350641659
ddqn,42,3635,61195,-10.25,25,0,1,0.050000000000000044,0.0021646779108171663,-0.7901514569918314
ddqn,42,3636,61355,-11.600000000000001,160,0,1,0.050000000000000044,0.01826966753542365,-0.8177231907844543
ddqn,42,3637,61611,-2.5599999999999894,256,0,0,0.050000000000000044,0.007597323388381483,-0.8196788574568927
ddqn,42,3638,61867,-2.5599999999999894,256,0,0,0.050000000000000044,0.005559892423207202,-0.8363215797580779
ddqn,42,3639,61980,-11.13,113,0,1,0.050000000000000044,0.01810023290705305,-0.8987231305960951
ddqn,42,3640,62033,-10.53,53,0,1,0.050000000000000044,0.04260959888163667,-0.8319076299667358
ddqn,42,3641,62114,-10.81,81,0,1,0.050000000000000044,0.021084164004423655,-0.8819530621170998
ddqn,42,3642,62288,8.259999999999998,174,1,0,0.050000000000000044,0.023103026011747053,-0.8122083206068386
ddqn,42,3643,62328,9.6,40,1,0,0.050000000000000044,0.01986039597541094,-0.9327341318130493
ddqn,42,3644,62372,9.56,44,1,0,0.050000000000000044,0.025054979349740526,-0.8825301690535112
ddqn,42,3645,62433,9.39,61,1,0,0.050000000000000044,0.013764209874595205,-0.76028111577034
ddqn,42,3646,62561,8.719999999999999,128,1,0,0.050000000000000044,0.02024433655788016,-0.7574978051707149
ddqn,42,3647,62601,9.6,40,1,0,0.050000000000000044,0.0036554558086209,-0.6905283421278
ddqn,42,3648,62626,9.75,25,1,0,0.050000000000000044,0.004224293758549417,-0.9279004832108816
ddqn,42,3649,62882,-2.5599999999999894,256,0,0,0.050000000000000044,0.005496673600646318,-0.7780133201740682
ddqn,42,3650,62897,-10.15,15,0,1,0.050000000000000044,0.00271508950390853,-0.7280649542808533
ddqn,42,3651,63039,8.579999999999998,142,1,0,0.050000000000000044,0.0253076364835059,-0.8088009161608559
ddqn,42,3652,63061,9.78,22,1,0,0.050000000000000044,0.0071658525460710125,-0.7606585224469503
ddqn,42,3653,63073,-10.12,12,0,1,0.050000000000000044,0.0032983176254977784,-0.9071141878763834
ddqn,42,3654,63129,9.44,56,1,0,0.050000000000000044,0.007872619982143598,-0.917934490101678
ddqn,42,3655,63153,9.76,24,1,0,0.050000000000000044,0.05171074353468915,-0.8579806486765543
ddqn,42,3656,63171,-10.18,18,0,1,0.050000000000000044,0.004642456071451306,-0.855786606669426
ddqn,42,3657,63198,9.73,27,1,0,0.050000000000000044,0.022444881066413864,-0.8519087944711957
ddqn,42,3658,63269,-10.71,71,0,1,0.050000000000000044,0.03464681529698686,-0.7915603849622939
ddqn,42,3659,63310,9.59,41,1,0,0.050000000000000044,0.00605311244726181,-0.8608168601989746
ddqn,42,3660,63360,9.5,50,1,0,0.050000000000000044,0.023907833016262606,-0.8047452660707327
ddqn,42,3661,63414,9.46,54,1,0,0.050000000000000044,0.045555480129013844,-0.8328252205481896
ddqn,42,3662,63453,-10.39,39,0,1,0.050000000000000044,0.031949018652085215,-0.6481467336416245
ddqn,42,3663,63467,9.86,14,1,0,0.050000000000000044,0.12802529335021973,-0.8351248105367025
ddqn,42,3664,63632,-11.65,165,0,1,0.050000000000000044,0.01547694670790363,-0.821357209058035
ddqn,42,3665,63644,-10.12,12,0,1,0.050000000000000044,0.007318035000935197,-0.8195008436838785
ddqn,42,3666,63723,9.209999999999999,79,1,0,0.050000000000000044,0.011618691086033849,-0.8308513540970651
ddqn,42,3667,63884,8.389999999999999,161,1,0,0.050000000000000044,0.030816735293738906,-0.8253426093880724
ddqn,42,3668,63896,-10.12,12,0,1,0.050000000000000044,0.006282551990201076,-0.6731167038281759
ddqn,42,3669,63930,9.66,34,1,0,0.050000000000000044,0.023752804059768096,-0.9237557500600815
ddqn,42,3670,63946,9.84,16,1,0,0.050000000000000044,0.03787596127949655,-0.9380548596382141
ddqn,42,3671,63983,9.63,37,1,0,0.050000000000000044,0.02252609846699569,-0.7137236926290724
ddqn,42,3672,64026,9.57,43,1,0,0.050000000000000044,0.03124002495314926,-0.80952542478388
ddqn,42,3673,64162,-11.360000000000001,136,0,1,0.050000000000000044,0.0031429680838140055,-0.7681148657027412
ddqn,42,3674,64279,-11.17,117,0,1,0.050000000000000044,0.009146708764280352,-0.7821098627715275
ddqn,42,3675,64346,9.33,67,1,0,0.050000000000000044,0.013366706518675475,-0.7232704565805548
ddqn,42,3676,64348,-10.02,2,0,1,0.050000000000000044,0.003966277930885553,-1.0926567316055298
ddqn,42,3677,64383,9.65,35,1,0,0.050000000000000044,0.02225803112378344,-0.7226599752902985
ddqn,42,3678,64413,9.7,30,1,0,0.050000000000000044,0.03703379671787843,-0.9420395791530609
ddqn,42,3679,64462,9.51,49,1,0,0.050000000000000044,0.01486129721160978,-0.6327472180128098
ddqn,42,3680,64476,-10.14,14,0,1,0.050000000000000044,0.06374688545474783,-1.095894068479538
ddqn,42,3681,64524,-10.48,48,0,1,0.050000000000000044,0.018391876326253016,-0.715994730591774
ddqn,42,3682,64526,-10.02,2,0,1,0.050000000000000044,,
ddqn,42,3683,64553,-10.27,27,0,1,0.050000000000000044,0.009685377590358257,-0.7820955259459359
ddqn,42,3684,64597,9.56,44,1,0,0.050000000000000044,0.030330779189667242,-0.8595382219011133
ddqn,42,3685,64676,9.209999999999999,79,1,0,0.050000000000000044,0.0070433771819807586,-0.7889377921819687
ddqn,42,3686,64688,-10.12,12,0,1,0.050000000000000044,0.008782673316697279,-0.8521662354469299
ddqn,42,3687,64697,-10.09,9,0,1,0.050000000000000044,0.003104635630734265,-0.489511638879776
ddqn,42,3688,64732,9.65,35,1,0,0.050000000000000044,0.011519239516928792,-0.924576203028361
ddqn,42,3689,64745,-10.129999999999999,13,0,1,0.050000000000000044,0.004851258437459667,-0.6753348509470621
ddqn,42,3690,64780,9.65,35,1,0,0.050000000000000044,0.018210014341295593,-0.8971196280585395
ddqn,42,3691,64812,9.68,32,1,0,0.050000000000000044,0.0375190555350855,-0.6760659441351891
ddqn,42,3692,64826,9.86,14,1,0,0.050000000000000044,0.006796610231200854,-0.9150569041570028
ddqn,42,3693,64843,-10.17,17,0,1,0.050000000000000044,0.004025683621875942,-0.6770175248384476
ddqn,42,3694,64857,9.86,14,1,0,0.050000000000000044,0.004616593127138913,-0.6446419805288315
ddqn,42,3695,64890,9.67,33,1,0,0.050000000000000044,0.00329328520456329,-0.8030380979180336
ddqn,42,3696,64932,9.58,42,1,0,0.050000000000000044,0.03905475444414399,-0.7115199782631614
ddqn,42,3697,64960,9.72,28,1,0,0.050000000000000044,0.035790112534804006,-0.7417516963822501
ddqn,42,3698,65013,9.47,53,1,0,0.050000000000000044,0.01667373139375391,-0.8328972871486957
ddqn,42,3699,65047,9.66,34,1,0,0.050000000000000044,0.019695729308295995,-0.7153024673461914
ddqn,42,3700,65054,-10.07,7,0,1,0.050000000000000044,0.003976807580329478,-0.6219231337308884
ddqn,42,3701,65128,9.26,74,1,0,0.050000000000000044,0.026748565252331134,-0.79270086790386
ddqn,42,3702,65142,9.86,14,1,0,0.050000000000000044,0.00501662609167397,-0.50819198290507
ddqn,42,3703,65157,-10.15,15,0,1,0.050000000000000044,0.005439366970676929,-0.8140332400798798
ddqn,42,3704,65173,9.84,16,1,0,0.050000000000000044,0.011054227652493864,-0.8126255571842194
ddqn,42,3705,65351,8.219999999999999,178,1,0,0.050000000000000044,0.022456870329650967,-0.6396432437679984
ddqn,42,3706,65419,9.32,68,1,0,0.050000000000000044,0.015826741801848745,-0.7364201808677
ddqn,42,3707,65603,8.159999999999998,184,1,0,0.050000000000000044,0.02767230443271768,-0.7238371825736502
ddqn,42,3708,65629,9.74,26,1,0,0.050000000000000044,0.03324623678677848,-0.6951874366828373
ddqn,42,3709,65636,-10.07,7,0,1,0.050000000000000044,0.0046043843030929565,-0.5587345510721207
ddqn,42,3710,65662,9.74,26,1,0,0.050000000000000044,0.004870489666548868,-0.9014883736769358
ddqn,42,3711,65691,9.71,29,1,0,0.050000000000000044,0.03938268504238555,-0.8639169335365295
ddqn,42,3712,65719,9.72,28,1,0,0.050000000000000044,0.04257418800677572,-0.7942671009472438
ddqn,42,3713,65739,9.8,20,1,0,0.050000000000000044,0.02750190277583897,-0.6325347185134887
ddqn,42,3714,65831,9.08,92,1,0,0.050000000000000044,0.021024497863634126,-0.7105913719405299
ddqn,42,3715,65845,9.86,14,1,0,0.050000000000000044,0.010581082198768854,-0.785098247230053
ddqn,42,3716,65867,9.78,22,1,0,0.050000000000000044,0.03012136332690716,-0.7655511140823364
ddqn,42,3717,65976,8.91,109,1,0,0.050000000000000044,0.0346567207348666,-0.7939900841031756
ddqn,42,3718,65998,9.78,22,1,0,0.050000000000000044,0.030568856419995426,-0.7147938251495362
ddqn,42,3719,66020,9.78,22,1,0,0.050000000000000044,0.05638254061341286,-0.558619221051534
ddqn,42,3720,66050,9.7,30,1,0,0.050000000000000044,0.0689388160992946,-0.7411986419132778
ddqn,42,3721,66097,9.53,47,1,0,0.050000000000000044,0.020527768802518647,-0.7868183081348737
ddqn,42,3722,66151,9.46,54,1,0,0.050000000000000044,0.016286423394026663,-0.6605535871707476
ddqn,42,3723,66160,-10.09,9,0,1,0.050000000000000044,0.04898380984862646,-0.5394184788068136
ddqn,42,3724,66170,-10.1,10,0,1,0.050000000000000044,0.020952275022864342,-0.7344487905502319
ddqn,42,3725,66188,-10.18,18,0,1,0.050000000000000044,0.04428258943371475,-0.5103261947631836
ddqn,42,3726,66220,9.68,32,1,0,0.050000000000000044,0.018037771922536194,-0.6513202264904976
ddqn,42,3727,66310,9.1,90,1,0,0.050000000000000044,0.0363611088515344,-0.6720215596935966
ddqn,42,3728,66326,9.84,16,1,0,0.050000000000000044,0.016338431858457625,-0.6262293606996536
ddqn,42,3729,66354,9.72,28,1,0,0.050000000000000044,0.0317577025187867,-0.718687926019941
ddqn,42,3730,66374,9.8,20,1,0,0.050000000000000044,0.019476656336337328,-0.6328449845314026
ddqn,42,3731,66425,-10.51,51,0,1,0.050000000000000044,0.017907076210786518,-0.7891771793365479
ddqn,42,3732,66441,9.84,16,1,0,0.050000000000000044,0.011714443447999656,-0.8745745420455933
ddqn,42,3733,66522,9.19,81,1,0,0.050000000000000044,0.01795772392069921,-0.7228816986083985
ddqn,42,3734,66538,-10.16,16,0,1,0.050000000000000044,0.012942444649524987,-0.7224083691835403
ddqn,42,3735,66586,9.52,48,1,0,0.050000000000000044,0.02405514711669336,-0.7660185222824415
ddqn,42,3736,66666,-10.8,80,0,1,0.050000000000000044,0.03051962369354442,-0.7144868209958076
ddqn,42,3737,66687,9.790000000000001,21,1,0,0.050000000000000044,0.03344519175589085,-0.8155662894248963
ddqn,42,3738,66711,9.76,24,1,0,0.050000000000000044,0.02829410748866697,-0.5972053706645966
ddqn,42,3739,66737,9.74,26,1,0,0.050000000000000044,0.03491759094010506,-0.5569761352879661
ddqn,42,3740,66742,-10.049999999999999,5,0,1,0.050000000000000044,0.022622764110565186,-0.9072500467300415
ddqn,42,3741,66768,-10.26,26,0,1,0.050000000000000044,0.034708450215735605,-0.681163272687367
ddqn,42,3742,66808,9.6,40,1,0,0.050000000000000044,0.012540883477777242,-0.7451093196868896
ddqn,42,3743,66876,9.32,68,1,0,0.050000000000000044,0.03268314418656861,-0.5965862966635648
ddqn,42,3744,66917,-10.41,41,0,1,0.050000000000000044,0.027364110806956887,-0.6499998092651367
ddqn,42,3745,66978,-10.61,61,0,1,0.050000000000000044,0.046449452514449756,-0.5808896442254384
ddqn,42,3746,67057,-10.790000000000001,79,0,1,0.050000000000000044,0.043095437018200754,-0.670171032845974
ddqn,42,3747,67110,-10.53,53,0,1,0.050000000000000044,0.05255251155736355,-0.6319477237187899
ddqn,42,3748,67176,9.34,66,1,0,0.050000000000000044,0.04645694458090207,-0.6456826451946708
ddqn,42,3749,67195,-10.19,19,0,1,0.050000000000000044,0.016167006688192487,-0.7952891886234283
ddqn,42,3750,67282,-10.870000000000001,87,0,1,0.050000000000000044,0.062290057222443546,-0.6602070717649027
ddqn,42,3751,67505,-12.229999999999997,223,0,1,0.050000000000000044,0.04318085241331054,-0.6367538467581783
ddqn,42,3752,67521,-10.16,16,0,1,0.050000000000000044,0.03534184815362096,-0.6125781685113907
ddqn,42,3753,67584,9.37,63,1,0,0.050000000000000044,0.03145965392468497,-0.6948789730668068
ddqn,42,3754,67654,-10.7,70,0,1,0.050000000000000044,0.024721031460691902,-0.5878531950361588
ddqn,42,3755,67680,9.74,26,1,0,0.050000000000000044,0.06371266155370645,-0.683803915977478
ddqn,42,3756,67783,8.969999999999999,103,1,0,0.050000000000000044,0.03365945063531399,-0.6330616581439972
ddqn,42,3757,67844,-10.61,61,0,1,0.050000000000000044,0.03159617571509443,-0.49653233867138624
ddqn,42,3758,67856,9.88,12,1,0,0.050000000000000044,0.0387174387772878,-0.641557494799296
ddqn,42,3759,67865,-10.09,9,0,1,0.050000000000000044,0.01594313234090805,-0.6534649729728699
ddqn,42,3760,67951,-10.86,86,0,1,0.050000000000000044,0.05614445719956642,-0.6565597156683604
ddqn,42,3761,68073,-11.22,122,0,1,0.050000000000000044,0.05369297386477551,-0.5431267787371913
ddqn,42,3762,68195,8.78,122,1,0,0.050000000000000044,0.045876981876790526,-0.5970589558283488
ddqn,42,3763,68381,-11.860000000000001,186,0,1,0.050000000000000044,0.0548284918149101,-0.568288284413358
ddqn,42,3764,68411,9.7,30,1,0,0.050000000000000044,0.03719320035140429,-0.48247971705027987
ddqn,42,3765,68477,-10.66,66,0,1,0.050000000000000044,0.03287720085833879,-0.60417679828756
ddqn,42,3766,68501,9.76,24,1,0,0.050000000000000044,0.023388756749530632,-0.5743758281071981
ddqn,42,3767,68503,-10.02,2,0,1,0.050000000000000044,,
ddqn,42,3768,68524,9.790000000000001,21,1,0,0.050000000000000044,0.052176445722579956,-0.4783396323521932
ddqn,42,3769,68654,8.7,130,1,0,0.050000000000000044,0.04787548650347162,-0.5264973905868828
ddqn,42,3770,68735,-10.81,81,0,1,0.050000000000000044,0.03109598336741328,-0.6093822006136179
ddqn,42,3771,68770,-10.35,35,0,1,0.050000000000000044,0.03525185574673944,-0.6145108209715949
ddqn,42,3772,68792,-10.22,22,0,1,0.050000000000000044,0.02940848097205162,-0.761534775296847
ddqn,42,3773,68857,9.35,65,1,0,0.050000000000000044,0.03550413955235854,-0.5819534435868263
ddqn,42,3774,68864,-10.07,7,0,1,0.050000000000000044,0.02068527415394783,-0.24615858495235443
ddqn,42,3775,68924,9.4,60,1,0,0.050000000000000044,0.05750205603738626,-0.4489341308673223
ddqn,42,3776,68954,-10.3,30,0,1,0.050000000000000044,0.08085807253207479,-0.5087528462920871
ddqn,42,3777,68974,9.8,20,1,0,0.050000000000000044,0.035508019290864466,-0.5709564954042434
ddqn,42,3778,69230,-2.5599999999999894,256,0,0,0.050000000000000044,0.04974461161327781,-0.5348142329603434
ddqn,42,3779,69363,-11.33,133,0,1,0.050000000000000044,0.08859134984738899,-0.5276733553319266
ddqn,42,3780,69378,-10.15,15,0,1,0.050000000000000044,0.13587325811386108,-0.2520972713828087
ddqn,42,3781,69581,-12.030000000000001,203,0,1,0.050000000000000044,0.08074291785448498,-0.5901557074165812
ddqn,42,3782,69636,-10.55,55,0,1,0.050000000000000044,0.052852740843913386,-0.4632346715245928
ddqn,42,3783,69656,9.8,20,1,0,0.050000000000000044,0.06739141680300235,-0.607165664434433
ddqn,42,3784,69724,9.32,68,1,0,0.050000000000000044,0.09205726128728951,-0.46063478159553867
ddqn,42,3785,69771,-10.47,47,0,1,0.050000000000000044,0.07186021113937552,-0.5977382605726068
ddqn,42,3786,70027,-2.5599999999999894,256,0,0,0.050000000000000044,0.06574848119635135,-0.5959117620368488
ddqn,42,3787,70283,7.44000000000001,256,1,0,0.050000000000000044,0.08124750185379526,-0.4448564201593399
ddqn,42,3788,70506,-12.229999999999997,223,0,1,0.050000000000000044,0.05761384923243895,-0.4209276749752462
ddqn,42,3789,70617,8.889999999999999,111,1,0,0.050000000000000044,0.05848080254093345,-0.4103129149547645
ddqn,42,3790,70859,7.580000000000007,242,1,0,0.050000000000000044,0.06068900052923709,-0.4584848862141371
ddqn,42,3791,70881,-10.22,22,0,1,0.050000000000000044,0.06929446974148352,-0.44910522550344467
ddqn,42,3792,70954,-10.73,73,0,1,0.050000000000000044,0.04222838616826468,-0.52265079650614
ddqn,42,3793,70975,9.790000000000001,21,1,0,0.050000000000000044,0.07442214563488961,-0.3011676847934723
ddqn,42,3794,71005,-10.3,30,0,1,0.050000000000000044,0.042263678391464055,-0.37863458693027496
ddqn,42,3795,71128,8.77,123,1,0,0.050000000000000044,0.08630740092766861,-0.4261257766235259
ddqn,42,3796,71188,9.4,60,1,0,0.050000000000000044,0.0798686385154724,-0.34364796032508216
ddqn,42,3797,71444,-2.5599999999999894,256,0,0,0.050000000000000044,0.07425676105776802,-0.4186268332414329
ddqn,42,3798,71510,9.34,66,1,0,0.050000000000000044,0.07887217676034197,-0.394232134334743
ddqn,42,3799,71766,-2.5599999999999894,256,0,0,0.050000000000000044,0.07708395817462588,-0.41429082938702777
ddqn,42,3800,72022,-2.5599999999999894,256,0,0,0.050000000000000044,0.06510661451466149,-0.3868129792390391
ddqn,42,3801,72122,9.0,100,1,0,0.050000000000000044,0.09959429748356342,-0.26136302173137665
ddqn,42,3802,72139,9.83,17,1,0,0.050000000000000044,0.15505218552425504,-0.2346339114010334
ddqn,42,3803,72178,-10.39,39,0,1,0.050000000000000044,0.13885569777339696,-0.3656217008829117
ddqn,42,3804,72207,-10.29,29,0,1,0.050000000000000044,0.09237959874527794,-0.20321012501205718
ddqn,42,3805,72225,9.82,18,1,0,0.050000000000000044,0.17925453707575797,-0.16757024452090263
ddqn,42,3806,72265,9.6,40,1,0,0.050000000000000044,0.141247671097517,-0.2602904327213764
ddqn,42,3807,72340,9.25,75,1,0,0.050000000000000044,0.1309793767960448,-0.29637404570454046
ddqn,42,3808,72370,9.7,30,1,0,0.050000000000000044,0.07821804364877087,-0.24418442696332932
ddqn,42,3809,72406,9.64,36,1,0,0.050000000000000044,0.07193886198931271,-0.26997105528910953
ddqn,42,3810,72430,9.76,24,1,0,0.050000000000000044,0.17248976727326712,-0.1823625055452188
ddqn,42,3811,72467,9.63,37,1,0,0.050000000000000044,0.20356531793044674,-0.11667942172951168
ddqn,42,3812,72483,-10.16,16,0,1,0.050000000000000044,0.23191657662391663,-0.17857742309570312
ddqn,42,3813,72550,9.33,67,1,0,0.050000000000000044,0.10757031428682454,-0.3282291415859671
ddqn,42,3814,72590,9.6,40,1,0,0.050000000000000044,0.11239828821271658,-0.38920582085847855
ddqn,42,3815,72627,9.63,37,1,0,0.050000000000000044,0.0886909237338437,-0.16149681640995872
ddqn,42,3816,72658,9.69,31,1,0,0.050000000000000044,0.12224442092701793,-0.16585407592356205
ddqn,42,3817,72712,9.46,54,1,0,0.050000000000000044,0.10900557234085032,-0.3103443192584174
ddqn,42,3818,72747,-10.35,35,0,1,0.050000000000000044,0.10618633986450732,-0.04351240582764149
ddqn,42,3819,72787,9.6,40,1,0,0.050000000000000044,0.12262076418846846,-0.20704446211457253
ddqn,42,3820,72802,-10.15,15,0,1,0.050000000000000044,0.07444757502526045,-0.05871677678078413
ddqn,42,3821,72814,9.88,12,1,0,0.050000000000000044,0.06926809623837471,-0.4624776542186737
ddqn,42,3822,72826,9.88,12,1,0,0.050000000000000044,0.1838231086730957,-0.30300239721934
ddqn,42,3823,72845,9.81,19,1,0,0.050000000000000044,0.10991967767477036,-0.1513753741979599
ddqn,42,3824,72875,-10.3,30,0,1,0.050000000000000044,0.08200125170073339,-0.2809650568025453
ddqn,42,3825,72917,9.58,42,1,0,0.050000000000000044,0.1580868520858613,-0.18010386282747443
ddqn,42,3826,72934,9.83,17,1,0,0.050000000000000044,0.17817538604140282,-0.12443467602133751
ddqn,42,3827,73019,9.15,85,1,0,0.050000000000000044,0.08280771101514499,-0.28205867218119757
ddqn,42,3828,73054,9.65,35,1,0,0.050000000000000044,0.08991615536312263,-0.19813559411300552
ddqn,42,3829,73081,-10.27,27,0,1,0.050000000000000044,0.08205009996891022,-0.2675184490425246
ddqn,42,3830,73104,9.77,23,1,0,0.050000000000000044,0.14275043892363706,-0.25201383729775745
ddqn,42,3831,73121,9.83,17,1,0,0.050000000000000044,0.2082188834901899,-0.045938167721033096
ddqn,42,3832,73137,9.84,16,1,0,0.050000000000000044,0.12186365993693471,-0.22885272279381752
ddqn,42,3833,73152,9.85,15,1,0,0.050000000000000044,0.09894019388593733,-0.38175904378294945
ddqn,42,3834,73165,9.870000000000001,13,1,0,0.050000000000000044,0.12345262616872787,-0.07724662125110626
ddqn,42,3835,73186,9.790000000000001,21,1,0,0.050000000000000044,0.17075505889952183,-0.1300397887825966
ddqn,42,3836,73208,-10.22,22,0,1,0.050000000000000044,0.07249275393163164,-0.1462522136668364
ddqn,42,3837,73259,-10.51,51,0,1,0.050000000000000044,0.09580468044926722,-0.11132710011831175
ddqn,42,3838,73291,-10.32,32,0,1,0.050000000000000044,0.11569278687238693,-0.13126259483397007
ddqn,42,3839,73305,9.86,14,1,0,0.050000000000000044,0.08144332934170961,-0.11722330003976822
ddqn,42,3840,73335,9.7,30,1,0,0.050000000000000044,0.11316737851926259,-0.1441713853606156
ddqn,42,3841,73354,9.81,19,1,0,0.050000000000000044,0.07216226831078529,-0.30672329366207124
ddqn,42,3842,73373,9.81,19,1,0,0.050000000000000044,0.089865343272686,-0.31026621311903
ddqn,42,3843,73398,9.75,25,1,0,0.050000000000000044,0.11606450906644265,-0.28033799181381863
ddqn,42,3844,73422,9.76,24,1,0,0.050000000000000044,0.07510789918402831,-0.08799956801036994
ddqn,42,3845,73444,9.78,22,1,0,0.050000000000000044,0.1326388648400704,-0.20329964409271875
ddqn,42,3846,73467,9.77,23,1,0,0.050000000000000044,0.17106528505682944,-0.13077146261930467
ddqn,42,3847,73482,9.85,15,1,0,0.050000000000000044,0.14120842469856143,-0.21460742503404617
ddqn,42,3848,73500,9.82,18,1,0,0.050000000000000044,0.10446091406047345,-0.3754972115159035
ddqn,42,3849,73519,-10.19,19,0,1,0.050000000000000044,0.06608349550515413,-0.14366475120186806
ddqn,42,3850,73727,7.92,208,1,0,0.050000000000000044,0.10258275612543982,-0.268572631614426
ddqn,42,3851,73752,9.75,25,1,0,0.050000000000000044,0.09358061078403677,-0.16586305839674814
ddqn,42,3852,73840,-10.88,88,0,1,0.050000000000000044,0.08336257181045684,-0.12438721836290577
ddqn,42,3853,73859,9.81,19,1,0,0.050000000000000044,0.14854177087545395,-0.16666788049042225
ddqn,42,3854,73876,9.83,17,1,0,0.050000000000000044,0.09701789133250713,-0.05091652497649193
ddqn,42,3855,73909,9.67,33,1,0,0.050000000000000044,0.10329984221607447,-0.10604636091738939
ddqn,42,3856,73980,-10.71,71,0,1,0.050000000000000044,0.1184047146493362,-0.05372599957303868
ddqn,42,3857,74000,9.8,20,1,0,0.050000000000000044,0.12266017347574235,-0.1657901182770729
ddqn,42,3858,74016,9.84,16,1,0,0.050000000000000044,0.1308246050029993,-0.1373475049622357
ddqn,42,3859,74045,9.71,29,1,0,0.050000000000000044,0.15437396509306772,0.03139554177011762
ddqn,42,3860,74074,9.71,29,1,0,0.050000000000000044,0.2280085895742689,0.0650741101375648
ddqn,42,3861,74088,9.86,14,1,0,0.050000000000000044,0.11850335076451302,-0.12525654584169388
ddqn,42,3862,74103,9.85,15,1,0,0.050000000000000044,0.1729255417982737,0.12829729914665222
ddqn,42,3863,74118,9.85,15,1,0,0.050000000000000044,0.09129982627928257,0.2784951888024807
ddqn,42,3864,74139,9.790000000000001,21,1,0,0.050000000000000044,0.06751525551080703,0.13352893888950348
ddqn,42,3865,74159,9.8,20,1,0,0.050000000000000044,0.11515245288610458,-0.05584690272808075
ddqn,42,3866,74189,9.7,30,1,0,0.050000000000000044,0.13382638851180673,0.03517114371061325
ddqn,42,3867,74221,9.68,32,1,0,0.050000000000000044,0.11366522684693336,0.14288655761629343
ddqn,42,3868,74235,9.86,14,1,0,0.050000000000000044,0.12464321653048198,0.05014411608378092
ddqn,42,3869,74242,-10.07,7,0,1,0.050000000000000044,0.1739952303469181,-0.30046895891427994
ddqn,42,3870,74254,9.88,12,1,0,0.050000000000000044,0.15121793746948242,-0.2092659572760264
ddqn,42,3871,74268,9.86,14,1,0,0.050000000000000044,0.13598082400858402,0.05019198264926672
ddqn,42,3872,74296,9.72,28,1,0,0.050000000000000044,0.07617210304098469,0.03156601105417524
ddqn,42,3873,74320,9.76,24,1,0,0.050000000000000044,0.13199085742235184,0.033478165666262306
ddqn,42,3874,74326,-10.06,6,0,1,0.050000000000000044,0.024746514856815338,-0.6379350423812866
ddqn,42,3875,74340,9.86,14,1,0,0.050000000000000044,0.06332892179489136,0.15032491087913513
ddqn,42,3876,74364,9.76,24,1,0,0.050000000000000044,0.08438553474843502,0.09365834544102351
ddqn,42,3877,74392,9.72,28,1,0,0.050000000000000044,0.09676438197493553,-0.05478564117635999
ddqn,42,3878,74411,9.81,19,1,0,0.050000000000000044,0.052464593667536974,-0.13226273655891418
ddqn,42,3879,74428,9.83,17,1,0,0.050000000000000044,0.09982199966907501,0.11057874113321305
ddqn,42,3880,74447,9.81,19,1,0,0.050000000000000044,0.09373488742858171,0.05134817399084568
ddqn,42,3881,74480,-10.33,33,0,1,0.050000000000000044,0.10288194773925675,0.017820404635535345
ddqn,42,3882,74510,-10.3,30,0,1,0.050000000000000044,0.13061519925083434,0.15064427788768495
ddqn,42,3883,74532,9.78,22,1,0,0.050000000000000044,0.0709938754638036,0.03606680159767469
ddqn,42,3884,74602,9.3,70,1,0,0.050000000000000044,0.0961301695993718,-0.01575878744616228
ddqn,42,3885,74603,-10.01,1,0,1,0.050000000000000044,,
ddqn,42,3886,74623,9.8,20,1,0,0.050000000000000044,0.12764148712158202,-0.07009495496749878
ddqn,42,3887,74638,9.85,15,1,0,0.050000000000000044,0.06363672483712435,-0.03966609761118889
ddqn,42,3888,74656,9.82,18,1,0,0.050000000000000044,0.09479674845933914,0.10332336723804474
ddqn,42,3889,74672,9.84,16,1,0,0.050000000000000044,0.0705375075340271,-0.031338462606072426
ddqn,42,3890,74688,9.84,16,1,0,0.050000000000000044,0.14097127318382263,0.4202766492962837
ddqn,42,3891,74704,9.84,16,1,0,0.050000000000000044,0.13133793231099844,0.07669643592089415
ddqn,42,3892,74719,9.85,15,1,0,0.050000000000000044,0.07102601851026218,0.2653672198454539
ddqn,42,3893,74739,9.8,20,1,0,0.050000000000000044,0.06626238152384759,-0.014470859616994857
ddqn,42,3894,74751,9.88,12,1,0,0.050000000000000044,0.056853652000427246,-0.042315113047758736
ddqn,42,3895,74779,9.72,28,1,0,0.050000000000000044,0.08771700385425772,0.03489285068852561
ddqn,42,3896,74791,9.88,12,1,0,0.050000000000000044,0.09540249158938725,-0.02987351765235265
ddqn,42,3897,74807,9.84,16,1,0,0.050000000000000044,0.06491073407232761,0.12063905596733093
ddqn,42,3898,74824,9.83,17,1,0,0.050000000000000044,0.09338142499327659,0.039894893765449524
ddqn,42,3899,74860,9.64,36,1,0,0.050000000000000044,0.0887374925530619,0.13150969396034876
ddqn,42,3900,74872,9.88,12,1,0,0.050000000000000044,0.10391740004221599,0.27760513375202817
ddqn,42,3901,74890,9.82,18,1,0,0.050000000000000044,0.07133219391107559,0.1202457919716835
ddqn,42,3902,74905,-10.15,15,0,1,0.050000000000000044,0.09098249860107899,0.02492584171704948
ddqn,42,3903,74927,9.78,22,1,0,0.050000000000000044,0.09556730985641479,0.04738464057445526
ddqn,42,3904,74943,9.84,16,1,0,0.050000000000000044,0.09192701242864132,0.05310235917568207
ddqn,42,3905,74955,9.88,12,1,0,0.050000000000000044,0.10178323493649562,-0.01511319230000178
ddqn,42,3906,74980,-10.25,25,0,1,0.050000000000000044,0.11823239922523499,0.05286132650715964
ddqn,42,3907,74995,9.85,15,1,0,0.050000000000000044,0.08035102983315785,-0.06456211457649867
ddqn,42,3908,75010,9.85,15,1,0,0.050000000000000044,0.08050999231636524,0.07923432812094688
ddqn,42,3909,75027,-10.17,17,0,1,0.050000000000000044,0.12036675959825516,0.12318513542413712
ddqn,42,3910,75050,9.77,23,1,0,0.050000000000000044,0.10772102822860082,0.2484724074602127
ddqn,42,3911,75075,9.75,25,1,0,0.050000000000000044,0.1419394612312317,0.1958595390121142
ddqn,42,3912,75090,9.85,15,1,0,0.050000000000000044,0.1402507429011166,0.4356472045183182
ddqn,42,3913,75104,9.86,14,1,0,0.050000000000000044,0.1658859783783555,0.1263264510780573
ddqn,42,3914,75124,9.8,20,1,0,0.050000000000000044,0.14023694321513175,0.000634583830833435
ddqn,42,3915,75138,9.86,14,1,0,0.050000000000000044,0.1073376660545667,0.10449536144733429
ddqn,42,3916,75153,9.85,15,1,0,0.050000000000000044,0.12899816408753395,0.3234155662357807
ddqn,42,3917,75171,9.82,18,1,0,0.050000000000000044,0.07780899479985237,0.08111399598419666
ddqn,42,3918,75201,9.7,30,1,0,0.050000000000000044,0.12369226897135377,0.2590766455978155
ddqn,42,3919,75230,9.71,29,1,0,0.050000000000000044,0.1436220822589738,0.29755669087171555
ddqn,42,3920,75242,9.88,12,1,0,0.050000000000000044,0.11073682208855946,0.20041367411613464
ddqn,42,3921,75260,9.82,18,1,0,0.050000000000000044,0.15351760685443877,0.45775689780712125
ddqn,42,3922,75285,9.75,25,1,0,0.050000000000000044,0.15790652421613535,0.24353191753228506
ddqn,42,3923,75305,9.8,20,1,0,0.050000000000000044,0.1626358821988106,0.3405568152666092
ddqn,42,3924,75334,9.71,29,1,0,0.050000000000000044,0.09525308731411185,0.32348242348858286
ddqn,42,3925,75356,9.78,22,1,0,0.050000000000000044,0.2045359412829081,0.2656450072924296
ddqn,42,3926,75379,9.77,23,1,0,0.050000000000000044,0.11146919205784797,0.10299667418003082
ddqn,42,3927,75414,9.65,35,1,0,0.050000000000000044,0.10987214288777775,0.06622058649857838
ddqn,42,3928,75446,9.68,32,1,0,0.050000000000000044,0.10682862065732479,0.1108654416166246
ddqn,42,3929,75471,9.75,25,1,0,0.050000000000000044,0.21049476911624274,0.4820045481125514
ddqn,42,3930,75531,-10.6,60,0,1,0.050000000000000044,0.12670634388923646,0.23281309852997462
ddqn,42,3931,75550,9.81,19,1,0,0.050000000000000044,0.09645997881889343,0.27846979945898054
ddqn,42,3932,75583,9.67,33,1,0,0.050000000000000044,0.10559853352606297,0.27690875343978405
ddqn,42,3933,75595,9.88,12,1,0,0.050000000000000044,0.1598950723807017,0.472687304019928
ddqn,42,3934,75614,9.81,19,1,0,0.050000000000000044,0.15883021503686906,0.6628045082092285
ddqn,42,3935,75634,9.8,20,1,0,0.050000000000000044,0.09965212494134904,0.3274373531341553
ddqn,42,3936,75637,-10.03,3,0,1,0.050000000000000044,0.145856112241745,0.6266064047813416
ddqn,42,3937,75659,9.78,22,1,0,0.050000000000000044,0.11284280344843864,0.2237315744161606
ddqn,42,3938,75686,9.73,27,1,0,0.050000000000000044,0.15296218118497304,0.4265516373728003
ddqn,42,3939,75701,9.85,15,1,0,0.050000000000000044,0.12542712315917015,0.2417581006884575
ddqn,42,3940,75717,9.84,16,1,0,0.050000000000000044,0.09406273253262043,0.37164937146008015
ddqn,42,3941,75740,9.77,23,1,0,0.050000000000000044,0.09668002836406231,0.1406595061222712
ddqn,42,3942,75752,9.88,12,1,0,0.050000000000000044,0.08466754977901776,-0.07495781779289246
ddqn,42,3943,75766,9.86,14,1,0,0.050000000000000044,0.08127325028181076,0.32154102250933647
ddqn,42,3944,75779,-10.129999999999999,13,0,1,0.050000000000000044,0.09537316858768463,0.2631913746396701
ddqn,42,3945,75792,-10.129999999999999,13,0,1,0.050000000000000044,0.08490206860005856,0.15455308556556702
ddqn,42,3946,75806,9.86,14,1,0,0.050000000000000044,0.09709083164731662,0.37713709970315296
ddqn,42,3947,75834,9.72,28,1,0,0.050000000000000044,0.11999929696321487,0.221892848610878
ddqn,42,3948,75846,9.88,12,1,0,0.050000000000000044,0.14504397908846536,0.197481503089269
ddqn,42,3949,75858,9.88,12,1,0,0.050000000000000044,0.11145799358685811,0.22081850717465082
ddqn,42,3950,75870,-10.12,12,0,1,0.050000000000000044,0.059466528395811714,0.4613787531852722
ddqn,42,3951,75898,9.72,28,1,0,0.050000000000000044,0.08395860876355853,0.33310831657477785
ddqn,42,3952,75916,9.82,18,1,0,0.050000000000000044,0.08998695164918899,0.37251808419823645
ddqn,42,3953,75930,9.86,14,1,0,0.050000000000000044,0.12547518064578375,0.28787404547135037
ddqn,42,3954,75942,9.88,12,1,0,0.050000000000000044,0.10208282868067424,0.4992108146349589
ddqn,42,3955,75963,9.790000000000001,21,1,0,0.050000000000000044,0.09969433471560478,0.42905544936656953
ddqn,42,3956,75979,9.84,16,1,0,0.050000000000000044,0.1871185451745987,0.27006696164608
ddqn,42,3957,75993,9.86,14,1,0,0.050000000000000044,0.1750718466937542,0.2884273175150156
ddqn,42,3958,76027,9.66,34,1,0,0.050000000000000044,0.24027820117771626,0.4561237609013915
ddqn,42,3959,76045,9.82,18,1,0,0.050000000000000044,0.2179719477891922,0.5644546866416931
ddqn,42,3960,76063,9.82,18,1,0,0.050000000000000044,0.2549499459564686,0.518535204231739
ddqn,42,3961,76079,9.84,16,1,0,0.050000000000000044,0.2008054256439209,0.7723286747932434
ddqn,42,3962,76099,9.8,20,1,0,0.050000000000000044,0.25220827013254166,0.5902224540710449
ddqn,42,3963,76113,9.86,14,1,0,0.050000000000000044,0.22185727208852768,0.8395373672246933
ddqn,42,3964,76136,9.77,23,1,0,0.050000000000000044,0.2249438464641571,0.684966559211413
ddqn,42,3965,76145,-10.09,9,0,1,0.050000000000000044,0.2104567587375641,0.32638444751501083
ddqn,42,3966,76159,9.86,14,1,0,0.050000000000000044,0.15845042963822684,0.908280611038208
ddqn,42,3967,76184,9.75,25,1,0,0.050000000000000044,0.19508522003889084,0.8653227175985064
ddqn,42,3968,76200,-10.16,16,0,1,0.050000000000000044,0.29445113986730576,0.9135117530822754
ddqn,42,3969,76214,9.86,14,1,0,0.050000000000000044,0.17751689751942953,0.5705380837122599
ddqn,42,3970,76239,9.75,25,1,0,0.050000000000000044,0.2059743528564771,0.5404214859008789
ddqn,42,3971,76241,-10.02,2,0,1,0.050000000000000044,0.1119718998670578,0.3336802124977112
ddqn,42,3972,76256,9.85,15,1,0,0.050000000000000044,0.17919016256928444,0.7689260542392731
ddqn,42,3973,76270,9.86,14,1,0,0.050000000000000044,0.16707227130730948,0.46814154585202533
ddqn,42,3974,76290,9.8,20,1,0,0.050000000000000044,0.15670295655727387,0.9552600145339966
ddqn,42,3975,76346,9.44,56,1,0,0.050000000000000044,0.19737161323428154,0.6957481780222484
ddqn,42,3976,76363,9.83,17,1,0,0.050000000000000044,0.18460645526647568,0.7907791510224342
ddqn,42,3977,76386,9.77,23,1,0,0.050000000000000044,0.1308231552441915,0.5072818199793497
ddqn,42,3978,76402,-10.16,16,0,1,0.050000000000000044,0.18174004554748535,0.6568455249071121
ddqn,42,3979,76416,9.86,14,1,0,0.050000000000000044,0.13046433590352535,0.5500645637512207
ddqn,42,3980,76436,9.8,20,1,0,0.050000000000000044,0.10630699247121811,0.449280446767807
ddqn,42,3981,76447,-10.11,11,0,1,0.050000000000000044,0.12087605148553848,1.1833183765411377
ddqn,42,3982,76461,9.86,14,1,0,0.050000000000000044,0.16164763271808624,0.8101857602596283
ddqn,42,3983,76486,9.75,25,1,0,0.050000000000000044,0.17775149270892143,0.4978426992893219
ddqn,42,3984,76509,9.77,23,1,0,0.050000000000000044,0.1268143579363823,0.9575472474098206
ddqn,42,3985,76526,9.83,17,1,0,0.050000000000000044,0.2231786958873272,0.4455491900444031
ddqn,42,3986,76548,9.78,22,1,0,0.050000000000000044,0.15406422192851701,0.7486551205317179
ddqn,42,3987,76570,9.78,22,1,0,0.050000000000000044,0.15037885308265686,0.5611962974071503
ddqn,42,3988,76587,9.83,17,1,0,0.050000000000000044,0.22353828698396683,0.9053690899163485
ddqn,42,3989,76607,9.8,20,1,0,0.050000000000000044,0.16384510546922684,0.8051949858665466
ddqn,42,3990,76621,9.86,14,1,0,0.050000000000000044,0.10124454088509083,0.7539738565683365
ddqn,42,3991,76643,9.78,22,1,0,0.050000000000000044,0.10200758576393128,0.8280724883079529
ddqn,42,3992,76657,9.86,14,1,0,0.050000000000000044,0.1560236904770136,0.6937867626547813
ddqn,42,3993,76673,9.84,16,1,0,0.050000000000000044,0.14277458935976028,1.0170957297086716
ddqn,42,3994,76722,9.51,49,1,0,0.050000000000000044,0.16611865224937597,0.7578438793619474
ddqn,42,3995,76742,9.8,20,1,0,0.050000000000000044,0.11079478710889816,0.700394582748413
ddqn,42,3996,76756,9.86,14,1,0,0.050000000000000044,0.08068099617958069,0.6183274537324905
ddqn,42,3997,76771,-10.15,15,0,1,0.050000000000000044,0.16999456783135733,0.6909258365631104
ddqn,42,3998,76789,9.82,18,1,0,0.050000000000000044,0.17598978877067567,0.8075893938541412
ddqn,42,3999,76811,9.78,22,1,0,0.050000000000000044,0.11563529968261718,0.5025348424911499
ddqn,42,4000,76826,9.85,15,1,0,0.050000000000000044,0.11643914878368378,0.9058360606431961
ddqn,42,4001,76848,-10.22,22,0,1,0.050000000000000044,0.24118047083417574,0.9948212802410126
ddqn,42,4002,76871,9.77,23,1,0,0.050000000000000044,0.1734500490128994,0.7446057796478271
ddqn,42,4003,76885,9.86,14,1,0,0.050000000000000044,0.155863830819726,0.6473498195409775
ddqn,42,4004,76909,9.76,24,1,0,0.050000000000000044,0.21019016082088152,0.435397873322169
ddqn,42,4005,76921,9.88,12,1,0,0.050000000000000044,0.11306290328502655,0.1342168723543485
ddqn,42,4006,76938,9.83,17,1,0,0.050000000000000044,0.2381392866373062,0.7329962253570557
ddqn,42,4007,76952,9.86,14,1,0,0.050000000000000044,0.16301068663597107,0.30089395493268967
ddqn,42,4008,76966,9.86,14,1,0,0.050000000000000044,0.18323848644892374,0.8073379993438721
ddqn,42,4009,76973,-10.07,7,0,1,0.050000000000000044,0.25279650837183,0.8361247479915619
ddqn,42,4010,76995,9.78,22,1,0,0.050000000000000044,0.1639631673693657,0.702206414937973
ddqn,42,4011,77016,9.790000000000001,21,1,0,0.050000000000000044,0.23291143278280893,0.9999724328517914
ddqn,42,4012,77030,9.86,14,1,0,0.050000000000000044,0.380832980076472,1.3042715390523274
ddqn,42,4013,77049,9.81,19,1,0,0.050000000000000044,0.2667400002479553,1.1894027709960937
ddqn,42,4014,77065,9.84,16,1,0,0.050000000000000044,0.27583353966474533,1.2566873580217361
ddqn,42,4015,77080,9.85,15,1,0,0.050000000000000044,0.2270885519683361,1.5398235321044922
ddqn,42,4016,77087,-10.07,7,0,1,0.050000000000000044,0.4860430955886841,2.2274417877197266
ddqn,42,4017,77107,9.8,20,1,0,0.050000000000000044,0.2934669017791748,1.4276801824569703
ddqn,42,4018,77119,9.88,12,1,0,0.050000000000000044,0.42363789677619934,1.351754864056905
ddqn,42,4019,77128,-10.09,9,0,1,0.050000000000000044,0.2725217193365097,1.1521331866582234
ddqn,42,4020,77140,9.88,12,1,0,0.050000000000000044,0.17926673591136932,1.2096360524495442
ddqn,42,4021,77244,8.959999999999999,104,1,0,0.050000000000000044,0.21205231432731336,1.3056754905443926
ddqn,42,4022,77328,-10.84,84,0,1,0.050000000000000044,0.2147574552467891,1.1786444556145441
ddqn,42,4023,77359,-10.31,31,0,1,0.050000000000000044,0.21191714916910445,1.3513930865696497
ddqn,42,4024,77496,-11.370000000000001,137,0,1,0.050000000000000044,0.18633900029318673,1.218781008039202
ddqn,42,4025,77631,-11.350000000000001,135,0,1,0.050000000000000044,0.2203918383880095,1.3549079660213355
ddqn,42,4026,77887,-2.5599999999999894,256,0,0,0.050000000000000044,0.17936905089300126,1.2573895864188671
ddqn,42,4027,77960,9.27,73,1,0,0.050000000000000044,0.1865350431517551,1.197964869047466
ddqn,42,4028,77967,-10.07,7,0,1,0.050000000000000044,0.15094557404518127,1.7149691581726074
ddqn,42,4029,78015,-10.48,48,0,1,0.050000000000000044,0.22481300495564938,1.5062425434589386
ddqn,42,4030,78021,-10.06,6,0,1,0.050000000000000044,0.323045939207077,2.0971484184265137
ddqn,42,4031,78058,-10.37,37,0,1,0.050000000000000044,0.40381037029955125,1.790099408891466
ddqn,42,4032,78102,9.56,44,1,0,0.050000000000000044,0.3528195009990172,2.0642123330723154
ddqn,42,4033,78116,9.86,14,1,0,0.050000000000000044,0.3521078899502754,1.8156519532203674
ddqn,42,4034,78160,9.56,44,1,0,0.050000000000000044,0.2759778824719516,2.194093010642312
ddqn,42,4035,78174,-10.14,14,0,1,0.050000000000000044,0.3324454327424367,1.9656275113423665
ddqn,42,4036,78202,-10.28,28,0,1,0.050000000000000044,0.26097020293985096,1.9969968114580428
ddqn,42,4037,78229,-10.27,27,0,1,0.050000000000000044,0.34581794696194784,1.8555971213749476
ddqn,42,4038,78257,-10.28,28,0,1,0.050000000000000044,0.20669719789709365,1.8891957146780831
ddqn,42,4039,78297,9.6,40,1,0,0.050000000000000044,0.24701727032661439,1.9391412377357482
ddqn,42,4040,78322,9.75,25,1,0,0.050000000000000044,0.18514465043942133,1.9978578488032024
ddqn,42,4041,78344,-10.22,22,0,1,0.050000000000000044,0.22781278441349664,1.8213269313176472
ddqn,42,4042,78392,9.52,48,1,0,0.050000000000000044,0.2115037515759468,2.091383238633474
ddqn,42,4043,78403,-10.11,11,0,1,0.050000000000000044,0.14298155158758163,2.404614567756653
ddqn,42,4044,78432,9.71,29,1,0,0.050000000000000044,0.270289009436965,1.8771754652261734
ddqn,42,4045,78456,9.76,24,1,0,0.050000000000000044,0.272865687807401,1.7356813152631123
ddqn,42,4046,78473,9.83,17,1,0,0.050000000000000044,0.20100347697734833,1.9492428302764893
ddqn,42,4047,78493,9.8,20,1,0,0.050000000000000044,0.21755634248256683,2.2307773351669313
ddqn,42,4048,78535,9.58,42,1,0,0.050000000000000044,0.19678580462932588,1.9282703042030334
ddqn,42,4049,78550,9.85,15,1,0,0.050000000000000044,0.14768297225236893,1.9164581596851349
ddqn,42,4050,78578,9.72,28,1,0,0.050000000000000044,0.2349999759878431,1.8951536757605416
ddqn,42,4051,78592,9.86,14,1,0,0.050000000000000044,0.26313305273652077,2.3653701543807983
ddqn,42,4052,78604,9.88,12,1,0,0.050000000000000044,0.2461251268784205,1.5046279430389404
ddqn,42,4053,78616,9.88,12,1,0,0.050000000000000044,0.20496989289919534,2.159677823384603
ddqn,42,4054,78628,9.88,12,1,0,0.050000000000000044,0.23655093212922415,2.3027265071868896
ddqn,42,4055,78640,9.88,12,1,0,0.050000000000000044,0.21014740566412607,1.6440139611562092
ddqn,42,4056,78665,9.75,25,1,0,0.050000000000000044,0.199207271138827,2.206676642100016
ddqn,42,4057,78697,9.68,32,1,0,0.050000000000000044,0.23439698480069637,1.9139690399169922
ddqn,42,4058,78720,-10.23,23,0,1,0.050000000000000044,0.24650813887516657,1.8778339425722759
ddqn,42,4059,78745,9.75,25,1,0,0.050000000000000044,0.23080463459094366,2.031970957914988
ddqn,42,4060,78757,9.88,12,1,0,0.050000000000000044,0.1790355791648229,1.9345803658167522
ddqn,42,4061,78775,9.82,18,1,0,0.050000000000000044,0.21311775594949722,1.9686959385871887
ddqn,42,4062,78804,9.71,29,1,0,0.050000000000000044,0.261007072404027,2.361007794737816
ddqn,42,4063,78826,9.78,22,1,0,0.050000000000000044,0.2083121731877327,2.446196460723877
ddqn,42,4064,78845,9.81,19,1,0,0.050000000000000044,0.21867981553077698,1.8995258331298828
ddqn,42,4065,78897,9.48,52,1,0,0.050000000000000044,0.25803625812897313,2.0713526469010572
ddqn,42,4066,78909,9.88,12,1,0,0.050000000000000044,0.19096153477827707,1.8878727356592815
ddqn,42,4067,78921,9.88,12,1,0,0.050000000000000044,0.2890695532162984,2.3521275520324707
ddqn,42,4068,78943,9.78,22,1,0,0.050000000000000044,0.18060267567634583,2.354547119140625
ddqn,42,4069,78964,9.790000000000001,21,1,0,0.050000000000000044,0.23501844704151154,2.0084007581075034
ddqn,42,4070,78982,9.82,18,1,0,0.050000000000000044,0.327009417116642,2.1560465693473816
ddqn,42,4071,79001,9.81,19,1,0,0.050000000000000044,0.18455665409564972,1.8351628303527832
ddqn,42,4072,79015,9.86,14,1,0,0.050000000000000044,0.556058535973231,2.4518702824910483
ddqn,42,4073,79030,9.85,15,1,0,0.050000000000000044,0.35752108693122864,2.966398298740387
ddqn,42,4074,79055,9.75,25,1,0,0.050000000000000044,0.32222789774338406,2.2924659649531045
ddqn,42,4075,79081,9.74,26,1,0,0.050000000000000044,0.3190104493073055,2.9174143927437917
ddqn,42,4076,79099,9.82,18,1,0,0.050000000000000044,0.2552095390856266,2.423012435436249
ddqn,42,4077,79111,9.88,12,1,0,0.050000000000000044,0.28510300318400067,2.3649539152781167
ddqn,42,4078,79129,9.82,18,1,0,0.050000000000000044,0.25541812479496,2.8682083606719972
ddqn,42,4079,79141,9.88,12,1,0,0.050000000000000044,0.2788868844509125,2.982056458791097
ddqn,42,4080,79155,9.86,14,1,0,0.050000000000000044,0.22560761868953705,3.284858783086141
ddqn,42,4081,79172,-10.17,17,0,1,0.050000000000000044,0.2554063856601715,3.0155592918395997
ddqn,42,4082,79197,9.75,25,1,0,0.050000000000000044,0.2648749152819316,2.9536180098851523
ddqn,42,4083,79220,9.77,23,1,0,0.050000000000000044,0.2830905516942342,2.9086517492930093
ddqn,42,4084,79249,9.71,29,1,0,0.050000000000000044,0.29879305405276163,2.948979820523943
ddqn,42,4085,79272,9.77,23,1,0,0.050000000000000044,0.2876346930861473,2.8869279623031616
ddqn,42,4086,79286,9.86,14,1,0,0.050000000000000044,0.22834448019663492,2.5245412985483804
ddqn,42,4087,79304,9.82,18,1,0,0.050000000000000044,0.30047046542167666,2.7459609508514404
ddqn,42,4088,79320,9.84,16,1,0,0.050000000000000044,0.288268081843853,3.068717896938324
ddqn,42,4089,79370,9.5,50,1,0,0.050000000000000044,0.2894918968280156,2.9405777057011924
ddqn,42,4090,79385,9.85,15,1,0,0.050000000000000044,0.27483196556568146,2.8724759817123413
ddqn,42,4091,79401,9.84,16,1,0,0.050000000000000044,0.2535945475101471,2.89636892080307
ddqn,42,4092,79417,9.84,16,1,0,0.050000000000000044,0.21244500577449799,3.14159232378006
ddqn,42,4093,79431,9.86,14,1,0,0.050000000000000044,0.2532824178536733,3.0757883389790854
ddqn,42,4094,79432,-10.01,1,0,1,0.050000000000000044,0.23583801090717316,3.229299783706665
ddqn,42,4095,79450,9.82,18,1,0,0.050000000000000044,0.23649025335907936,3.0073361992836
ddqn,42,4096,79468,9.82,18,1,0,0.050000000000000044,0.25102679431438446,2.73486123085022
ddqn,42,4097,79499,9.69,31,1,0,0.050000000000000044,0.18467290273734502,3.1019395760127475
ddqn,42,4098,79518,9.81,19,1,0,0.050000000000000044,0.18507327139377594,2.78471360206604
ddqn,42,4099,79537,9.81,19,1,0,0.050000000000000044,0.21165931820869446,2.992592620849609
ddqn,42,4100,79556,9.81,19,1,0,0.050000000000000044,0.2803428381681442,2.8955483436584473
ddqn,42,4101,79568,9.88,12,1,0,0.050000000000000044,0.2077218840519587,3.01565154393514
ddqn,42,4102,79582,9.86,14,1,0,0.050000000000000044,0.18820030490557352,3.1422718365987143
ddqn,42,4103,79599,9.83,17,1,0,0.050000000000000044,0.18354006856679916,2.981615364551544
ddqn,42,4104,79613,9.86,14,1,0,0.050000000000000044,0.2646099627017975,2.8471041917800903
ddqn,42,4105,79630,9.83,17,1,0,0.050000000000000044,0.19794394448399544,3.099703550338745
ddqn,42,4106,79653,9.77,23,1,0,0.050000000000000044,0.20947572340567908,2.893228530883789
ddqn,42,4107,79680,9.73,27,1,0,0.050000000000000044,0.17536009741680963,2.728132895060948
ddqn,42,4108,79703,9.77,23,1,0,0.050000000000000044,0.20410204976797103,2.6243549823760985
ddqn,42,4109,79711,-10.08,8,0,1,0.050000000000000044,0.25235965847969055,3.207239866256714
ddqn,42,4110,79725,9.86,14,1,0,0.050000000000000044,0.2517441585659981,2.7316067218780518
ddqn,42,4111,79742,9.83,17,1,0,0.050000000000000044,0.20745021104812622,2.8429694175720215
ddqn,42,4112,79754,-10.12,12,0,1,0.050000000000000044,0.18614781399567923,3.034806410471598
ddqn,42,4113,79788,9.66,34,1,0,0.050000000000000044,0.21704628235763973,3.0185358789232044
ddqn,42,4114,79805,9.83,17,1,0,0.050000000000000044,0.15947986021637917,2.7929348945617676
ddqn,42,4115,79817,9.88,12,1,0,0.050000000000000044,0.24903390804926553,3.2137277921040854
ddqn,42,4116,79837,9.8,20,1,0,0.050000000000000044,0.1890595570206642,3.190025520324707
ddqn,42,4117,79862,9.75,25,1,0,0.050000000000000044,0.15731635689735413,2.839396834373474
ddqn,42,4118,79882,9.8,20,1,0,0.050000000000000044,0.21726829707622528,2.998731756210327
ddqn,42,4119,79900,9.82,18,1,0,0.050000000000000044,0.17856645286083223,2.879095029830933
ddqn,42,4120,79925,9.75,25,1,0,0.050000000000000044,0.23421667764584223,3.1755112409591675
ddqn,42,4121,79942,9.83,17,1,0,0.050000000000000044,0.18235692381858826,2.7011258602142334
ddqn,42,4122,79956,9.86,14,1,0,0.050000000000000044,0.19251354597508907,2.7168890833854675
ddqn,42,4123,79970,9.86,14,1,0,0.050000000000000044,0.2542061060667038,3.0271604855855307
ddqn,42,4124,79982,9.88,12,1,0,0.050000000000000044,0.23402191698551178,3.1824251810709634
ddqn,42,4125,79998,9.84,16,1,0,0.050000000000000044,0.19780297204852104,3.0239868760108948
ddqn,42,4126,80012,9.86,14,1,0,0.050000000000000044,0.46253078430891037,3.5973170399665833
ddqn,42,4127,80053,9.59,41,1,0,0.050000000000000044,0.45683351457118987,3.841096210479736
ddqn,42,4128,80118,-10.65,65,0,1,0.050000000000000044,0.39271124079823494,3.8546900749206543
ddqn,42,4129,80138,9.8,20,1,0,0.050000000000000044,0.364620167016983,3.506276082992554
ddqn,42,4130,80184,9.54,46,1,0,0.050000000000000044,0.31009764845172566,3.8736514250437417
ddqn,42,4131,80219,9.65,35,1,0,0.050000000000000044,0.3232495151460171,3.6360406577587128
ddqn,42,4132,80252,9.67,33,1,0,0.050000000000000044,0.26492518683274585,3.8329011069403753
ddqn,42,4133,80340,9.12,88,1,0,0.050000000000000044,0.30090493031523446,3.7935636910525234
ddqn,42,4134,80381,9.59,41,1,0,0.050000000000000044,0.33065685629844666,3.6594653844833376
ddqn,42,4135,80419,9.62,38,1,0,0.050000000000000044,0.30416280031204224,3.878278970718384
ddqn,42,4136,80441,9.78,22,1,0,0.050000000000000044,0.25271352877219516,3.972541888554891
ddqn,42,4137,80481,9.6,40,1,0,0.050000000000000044,0.2699364975094795,3.403883385658264
ddqn,42,4138,80596,8.85,115,1,0,0.050000000000000044,0.23200460651825214,3.685197295813725
ddqn,42,4139,80631,9.65,35,1,0,0.050000000000000044,0.25664214231073856,3.678354501724243
ddqn,42,4140,80662,9.69,31,1,0,0.050000000000000044,0.2526645250618458,3.9184904396533966
ddqn,42,4141,80683,9.790000000000001,21,1,0,0.050000000000000044,0.2844444394111633,3.7055569171905516
ddqn,42,4142,80745,9.379999999999999,62,1,0,0.050000000000000044,0.25619197729974985,3.893870398402214
ddqn,42,4143,80751,-10.06,6,0,1,0.050000000000000044,0.25304004549980164,3.3901867866516113
ddqn,42,4144,80785,9.66,34,1,0,0.050000000000000044,0.2547600418329239,4.260417302449544
ddqn,42,4145,80814,9.71,29,1,0,0.050000000000000044,0.2713880091905594,3.8117283412388394
ddqn,42,4146,80844,9.7,30,1,0,0.050000000000000044,0.2875033337622881,3.909691959619522
ddqn,42,4147,80860,9.84,16,1,0,0.050000000000000044,0.23232503607869148,4.115365922451019
ddqn,42,4148,80875,9.85,15,1,0,0.050000000000000044,0.2696390599012375,4.045231103897095
ddqn,42,4149,80889,9.86,14,1,0,0.050000000000000044,0.2954868860542774,3.834724724292755
ddqn,42,4150,80916,9.73,27,1,0,0.050000000000000044,0.27814578797136036,4.358805111476353
ddqn,42,4151,80941,9.75,25,1,0,0.050000000000000044,0.27107255160808563,4.114030361175537
ddqn,42,4152,81028,9.129999999999999,87,1,0,0.050000000000000044,0.27347604117610236,4.170368682254445
ddqn,42,4153,81061,9.67,33,1,0,0.050000000000000044,0.2761631887406111,4.739344954490662
ddqn,42,4154,81064,-10.03,3,0,1,0.050000000000000044,0.18843303620815277,4.728662490844727
ddqn,42,4155,81086,9.78,22,1,0,0.050000000000000044,0.2020528197288513,4.5191953659057615
ddqn,42,4156,81138,9.48,52,1,0,0.050000000000000044,0.20695363730192184,4.6376944688650275
ddqn,42,4157,81166,9.72,28,1,0,0.050000000000000044,0.15959084459713527,4.366164071219308
ddqn,42,4158,81202,9.64,36,1,0,0.050000000000000044,0.17472518483797708,4.6387332280476885
ddqn,42,4159,81224,9.78,22,1,0,0.050000000000000044,0.21379819015661874,4.510876337687175
ddqn,42,4160,81242,-10.18,18,0,1,0.050000000000000044,0.17105603404343128,4.43626594543457
ddqn,42,4161,81257,9.85,15,1,0,0.050000000000000044,0.13503720238804817,4.459079802036285
ddqn,42,4162,81276,-10.19,19,0,1,0.050000000000000044,0.15810202062129974,4.57271785736084
ddqn,42,4163,81298,9.78,22,1,0,0.050000000000000044,0.16849701702594758,4.889703273773193
ddqn,42,4164,81303,-10.049999999999999,5,0,1,0.050000000000000044,0.17451722919940948,4.714971542358398
ddqn,42,4165,81352,9.51,49,1,0,0.050000000000000044,0.14582330275040406,4.6483426827650804
ddqn,42,4166,81384,-10.32,32,0,1,0.050000000000000044,0.16658883169293404,4.854773700237274
ddqn,42,4167,81419,9.65,35,1,0,0.050000000000000044,0.16227260045707226,4.547582447528839
ddqn,42,4168,81500,9.19,81,1,0,0.050000000000000044,0.17182392591521853,4.484948294503348
ddqn,42,4169,81520,-10.2,20,0,1,0.050000000000000044,0.16092790365219117,5.058846378326416
ddqn,42,4170,81548,9.72,28,1,0,0.050000000000000044,0.14591702393123082,4.909826959882464
ddqn,42,4171,81700,8.479999999999999,152,1,0,0.050000000000000044,0.16217275885374924,4.616835543983861
ddqn,42,4172,81767,9.33,67,1,0,0.050000000000000044,0.16874242573976517,4.729495748877525
ddqn,42,4173,81841,9.26,74,1,0,0.050000000000000044,0.15642054888762927,4.657395789497777
ddqn,42,4174,81909,-10.68,68,0,1,0.050000000000000044,0.1339179027606459,4.814234873827766
ddqn,42,4175,82036,8.729999999999999,127,1,0,0.050000000000000044,0.1615227721631527,4.8857123255729675
ddqn,42,4176,82048,-10.12,12,0,1,0.050000000000000044,0.17916562656561533,4.720892270406087
ddqn,42,4177,82065,9.83,17,1,0,0.050000000000000044,0.16365819238126278,5.4562214612960815
ddqn,42,4178,82081,9.84,16,1,0,0.050000000000000044,0.16847589425742626,5.052283883094788
ddqn,42,4179,82104,9.77,23,1,0,0.050000000000000044,0.15590896209081015,4.771080573399861
ddqn,42,4180,82109,-10.049999999999999,5,0,1,0.050000000000000044,0.14561747014522552,4.775445938110352
ddqn,42,4181,82121,9.88,12,1,0,0.050000000000000044,0.1521929701169332,5.140860716501872
ddqn,42,4182,82152,9.69,31,1,0,0.050000000000000044,0.1528464062139392,5.498964607715607
ddqn,42,4183,82167,9.85,15,1,0,0.050000000000000044,0.1354839156071345,5.48533566792806
ddqn,42,4184,82179,9.88,12,1,0,0.050000000000000044,0.13320577392975488,5.046128590901692
ddqn,42,4185,82194,9.85,15,1,0,0.050000000000000044,0.10541937686502934,5.245931386947632
ddqn,42,4186,82218,9.76,24,1,0,0.050000000000000044,0.10889096185564995,5.141455411911011
ddqn,42,4187,82232,9.86,14,1,0,0.050000000000000044,0.16575323417782784,5.1058090925216675
ddqn,42,4188,82246,9.86,14,1,0,0.050000000000000044,0.13927612453699112,5.892934799194336
ddqn,42,4189,82266,9.8,20,1,0,0.050000000000000044,0.10213313102722169,5.303108406066895
ddqn,42,4190,82281,9.85,15,1,0,0.050000000000000044,0.11229470744729042,5.142610430717468
ddqn,42,4191,82300,9.81,19,1,0,0.050000000000000044,0.11722262799739838,5.275941562652588
ddqn,42,4192,82319,9.81,19,1,0,0.050000000000000044,0.10531093180179596,5.3353317975997925
ddqn,42,4193,82339,9.8,20,1,0,0.050000000000000044,0.150121808052063,5.121517658233643
ddqn,42,4194,82351,9.88,12,1,0,0.050000000000000044,0.12293123950560887,5.691318829854329
ddqn,42,4195,82377,9.74,26,1,0,0.050000000000000044,0.12094063205378396,5.324509961264474
ddqn,42,4196,82393,9.84,16,1,0,0.050000000000000044,0.10228327102959156,5.0745790004730225
ddqn,42,4197,82410,9.83,17,1,0,0.050000000000000044,0.10933170653879642,5.410097002983093
ddqn,42,4198,82434,9.76,24,1,0,0.050000000000000044,0.1177533424148957,5.210668961207072
ddqn,42,4199,82450,9.84,16,1,0,0.050000000000000044,0.09042801894247532,5.228723406791687
ddqn,42,4200,82471,-10.209999999999999,21,0,1,0.050000000000000044,0.12985350787639618,5.322126579284668
ddqn,42,4201,82483,9.88,12,1,0,0.050000000000000044,0.10680719961722691,5.032619476318359
ddqn,42,4202,82493,-10.1,10,0,1,0.050000000000000044,0.11358018964529037,5.155115922292073
ddqn,42,4203,82509,9.84,16,1,0,0.050000000000000044,0.10710926912724972,4.935872435569763
ddqn,42,4204,82535,9.74,26,1,0,0.050000000000000044,0.10572980592648189,5.562069813410441
ddqn,42,4205,82559,9.76,24,1,0,0.050000000000000044,0.11181299760937691,5.348715543746948
ddqn,42,4206,82573,9.86,14,1,0,0.050000000000000044,0.0884922593832016,5.16861879825592
ddqn,42,4207,82587,9.86,14,1,0,0.050000000000000044,0.06562859813372295,5.430004596710205
ddqn,42,4208,82609,9.78,22,1,0,0.050000000000000044,0.10670862719416618,5.25543753306071
ddqn,42,4209,82623,9.86,14,1,0,0.050000000000000044,0.08732087165117264,5.424752871195476
ddqn,42,4210,82637,9.86,14,1,0,0.050000000000000044,0.09409272857010365,5.2431159019470215
ddqn,42,4211,82657,9.8,20,1,0,0.050000000000000044,0.13825055211782455,5.381033802032471
ddqn,42,4212,82685,9.72,28,1,0,0.050000000000000044,0.11410331885729517,5.591213158198765
ddqn,42,4213,82703,9.82,18,1,0,0.050000000000000044,0.08043069951236248,5.338386416435242
ddqn,42,4214,82735,9.68,32,1,0,0.050000000000000044,0.08808082435280085,5.2969754338264465
ddqn,42,4215,82755,-10.2,20,0,1,0.050000000000000044,0.09580173790454864,5.3323314666748045
ddqn,42,4216,82767,9.88,12,1,0,0.050000000000000044,0.08848239481449127,5.064681053161621
ddqn,42,4217,82796,9.71,29,1,0,0.050000000000000044,0.12390586081892252,5.489383161067963
ddqn,42,4218,82802,-10.06,6,0,1,0.050000000000000044,0.08595976233482361,5.673593521118164
ddqn,42,4219,82826,9.76,24,1,0,0.050000000000000044,0.1019053968290488,5.496362686157227
ddqn,42,4220,82847,9.790000000000001,21,1,0,0.050000000000000044,0.09954372048377991,5.429487514495849
ddqn,42,4221,82863,9.84,16,1,0,0.050000000000000044,0.09484925866127014,5.52949583530426
ddqn,42,4222,82878,9.85,15,1,0,0.050000000000000044,0.11903250217437744,5.245893478393555
ddqn,42,4223,82890,9.88,12,1,0,0.050000000000000044,0.09292482336362202,5.3763321240743
ddqn,42,4224,82910,9.8,20,1,0,0.050000000000000044,0.09203555136919021,5.492685127258301
ddqn,42,4225,82930,9.8,20,1,0,0.050000000000000044,0.1108099415898323,5.496218013763428
ddqn,42,4226,82954,9.76,24,1,0,0.050000000000000044,0.1109854740401109,5.597128947575887
ddqn,42,4227,82973,9.81,19,1,0,0.050000000000000044,0.09044080674648285,5.1198046684265135
ddqn,42,4228,82985,-10.12,12,0,1,0.050000000000000044,0.08046294252077739,5.429548104604085
ddqn,42,4229,83006,9.790000000000001,21,1,0,0.050000000000000044,0.1080726444721222,5.471441745758057
ddqn,42,4230,83020,9.86,14,1,0,0.050000000000000044,0.12352262623608112,5.8002976179122925
ddqn,42,4231,83031,-10.11,11,0,1,0.050000000000000044,0.18398326635360718,6.140761852264404
ddqn,42,4232,83043,9.88,12,1,0,0.050000000000000044,0.16715843478838602,5.658787091573079
ddqn,42,4233,83059,9.84,16,1,0,0.050000000000000044,0.09390294551849365,5.842272996902466
ddqn,42,4234,83071,9.88,12,1,0,0.050000000000000044,0.09005872905254364,5.959031263987224
ddqn,42,4235,83074,-10.03,3,0,1,0.050000000000000044,0.091199591755867,5.261659622192383
ddqn,42,4236,83086,9.88,12,1,0,0.050000000000000044,0.1261898030837377,5.648208777109782
ddqn,42,4237,83108,9.78,22,1,0,0.050000000000000044,0.10782938326398532,5.692325433095296
ddqn,42,4238,83130,9.78,22,1,0,0.050000000000000044,0.0956876039505005,5.447734928131103
ddqn,42,4239,83153,9.77,23,1,0,0.050000000000000044,0.11195578301946323,5.774604797363281
ddqn,42,4240,83178,9.75,25,1,0,0.050000000000000044,0.1252597545584043,5.605458577473958
ddqn,42,4241,83199,-10.209999999999999,21,0,1,0.050000000000000044,0.08288595527410507,5.760163497924805
ddqn,42,4242,83224,9.75,25,1,0,0.050000000000000044,0.08570094193731036,5.57333905356271
ddqn,42,4243,83252,9.72,28,1,0,0.050000000000000044,0.09816950878926686,5.580997671399798
ddqn,42,4244,83275,9.77,23,1,0,0.050000000000000044,0.08842832148075104,5.6519979476928714
ddqn,42,4245,83289,9.86,14,1,0,0.050000000000000044,0.07767500169575214,5.597953677177429
ddqn,42,4246,83309,9.8,20,1,0,0.050000000000000044,0.09595711529254913,5.506515026092529
ddqn,42,4247,83323,-10.14,14,0,1,0.050000000000000044,0.055328005303939186,5.735758940378825
ddqn,42,4248,83343,9.8,20,1,0,0.050000000000000044,0.0911074697971344,5.856449890136719
ddqn,42,4249,83352,-10.09,9,0,1,0.050000000000000044,0.12955674032370249,6.124885241190593
ddqn,42,4250,83395,9.57,43,1,0,0.050000000000000044,0.0975616455078125,5.809031534194946
ddqn,42,4251,83411,9.84,16,1,0,0.050000000000000044,0.11503385007381439,5.8904993534088135
ddqn,42,4252,83435,9.76,24,1,0,0.050000000000000044,0.09936819101373355,5.7891636689503985
ddqn,42,4253,83437,-10.02,2,0,1,0.050000000000000044,0.0593678317964077,5.793828964233398
ddqn,42,4254,83461,9.76,24,1,0,0.050000000000000044,0.09762713064750035,5.920788606007894
ddqn,42,4255,83479,9.82,18,1,0,0.050000000000000044,0.08271336741745472,5.853992938995361
ddqn,42,4256,83485,-10.06,6,0,1,0.050000000000000044,0.10346502438187599,5.352734565734863
ddqn,42,4257,83528,9.57,43,1,0,0.050000000000000044,0.09758889471942728,5.787474805658514
ddqn,42,4258,83546,9.82,18,1,0,0.050000000000000044,0.08269409462809563,5.9802974462509155
ddqn,42,4259,83568,9.78,22,1,0,0.050000000000000044,0.10199910774827003,5.864176352818807
ddqn,42,4260,83629,9.39,61,1,0,0.050000000000000044,0.08636415352423986,5.817136128743489
ddqn,42,4261,83686,9.43,57,1,0,0.050000000000000044,0.08547777868807316,5.802034003393991
ddqn,42,4262,83708,9.78,22,1,0,0.050000000000000044,0.07369318107763927,5.5796700318654375
ddqn,42,4263,83755,9.53,47,1,0,0.050000000000000044,0.07699368826367638,5.557317517020485
ddqn,42,4264,83823,9.32,68,1,0,0.050000000000000044,0.08477680319372345,5.855419860166662
ddqn,42,4265,83859,9.64,36,1,0,0.050000000000000044,0.09841748492585288,5.77738783094618
ddqn,42,4266,83894,9.65,35,1,0,0.050000000000000044,0.07191981830530697,5.883887767791748
ddqn,42,4267,84010,8.84,116,1,0,0.050000000000000044,0.08116323796325717,5.757362776789172
ddqn,42,4268,84046,9.64,36,1,0,0.050000000000000044,0.11268355366256502,6.030455536312527
ddqn,42,4269,84069,9.77,23,1,0,0.050000000000000044,0.10532950734098752,6.481281836827596
ddqn,42,4270,84089,9.8,20,1,0,0.050000000000000044,0.08568281531333924,5.971963787078858
ddqn,42,4271,84113,9.76,24,1,0,0.050000000000000044,0.084770484517018,6.062711874643962
ddqn,42,4272,84142,9.71,29,1,0,0.050000000000000044,0.1071453509586198,6.014088290078299
ddqn,42,4273,84154,-10.12,12,0,1,0.050000000000000044,0.07894292970498402,6.04966417948405
ddqn,42,4274,84156,-10.02,2,0,1,0.050000000000000044,0.11706111580133438,6.370115756988525
ddqn,42,4275,84176,9.8,20,1,0,0.050000000000000044,0.077281454205513,5.858126163482666
ddqn,42,4276,84209,-10.33,33,0,1,0.050000000000000044,0.07877381891012192,6.155808687210083
ddqn,42,4277,84223,9.86,14,1,0,0.050000000000000044,0.06342999637126923,5.980034828186035
ddqn,42,4278,84238,9.85,15,1,0,0.050000000000000044,0.08381650783121586,6.242746949195862
ddqn,42,4279,84250,9.88,12,1,0,0.050000000000000044,0.09686200817426045,5.878887176513672
ddqn,42,4280,84264,9.86,14,1,0,0.050000000000000044,0.08759893849492073,6.164989590644836
ddqn,42,4281,84296,9.68,32,1,0,0.050000000000000044,0.07149294717237353,6.07436591386795
ddqn,42,4282,84316,9.8,20,1,0,0.050000000000000044,0.06698975935578347,6.193049907684326
ddqn,42,4283,84330,9.86,14,1,0,0.050000000000000044,0.060081190119187035,6.433868885040283
ddqn,42,4284,84345,9.85,15,1,0,0.050000000000000044,0.07326998375356197,6.3293914794921875
ddqn,42,4285,84366,9.790000000000001,21,1,0,0.050000000000000044,0.06100489944219589,6.216202449798584
ddqn,42,4286,84388,9.78,22,1,0,0.050000000000000044,0.10483888536691666,5.965685288111369
ddqn,42,4287,84402,9.86,14,1,0,0.050000000000000044,0.05662595480680466,6.246328512827556
ddqn,42,4288,84418,9.84,16,1,0,0.050000000000000044,0.07947472482919693,6.2904298305511475
ddqn,42,4289,84440,9.78,22,1,0,0.050000000000000044,0.09534260754783948,6.398863871892293
ddqn,42,4290,84461,9.790000000000001,21,1,0,0.050000000000000044,0.080974380671978,6.092331218719482
ddqn,42,4291,84517,9.44,56,1,0,0.050000000000000044,0.06959953292139939,5.93330488886152
ddqn,42,4292,84533,9.84,16,1,0,0.050000000000000044,0.08938002213835716,5.9671595096588135
ddqn,42,4293,84547,9.86,14,1,0,0.050000000000000044,0.07591727375984192,6.256845951080322
ddqn,42,4294,84559,-10.12,12,0,1,0.050000000000000044,0.07945184409618378,6.21737003326416
ddqn,42,4295,84581,9.78,22,1,0,0.050000000000000044,0.06732075475156307,5.963377793629964
ddqn,42,4296,84597,9.84,16,1,0,0.050000000000000044,0.0665219621732831,6.060832262039185
ddqn,42,4297,84617,9.8,20,1,0,0.050000000000000044,0.08648035898804665,6.2230627059936525
ddqn,42,4298,84633,9.84,16,1,0,0.050000000000000044,0.059681665152311325,6.3820154666900635
ddqn,42,4299,84675,9.58,42,1,0,0.050000000000000044,0.06026352867484093,6.179192972183228
ddqn,42,4300,84698,9.77,23,1,0,0.050000000000000044,0.07192087421814601,6.123832146326701
ddqn,42,4301,84718,9.8,20,1,0,0.050000000000000044,0.10410329923033715,5.703445053100586
ddqn,42,4302,84734,9.84,16,1,0,0.050000000000000044,0.06327031832188368,6.061508059501648
ddqn,42,4303,84739,-10.049999999999999,5,0,1,0.050000000000000044,0.03206866234540939,4.988460540771484
ddqn,42,4304,84779,9.6,40,1,0,0.050000000000000044,0.06499811112880707,6.153365421295166
ddqn,42,4305,84793,9.86,14,1,0,0.050000000000000044,0.060135817155241966,6.030925869941711
ddqn,42,4306,84816,9.77,23,1,0,0.050000000000000044,0.05449380725622177,6.089122215906779
ddqn,42,4307,84837,9.790000000000001,21,1,0,0.050000000000000044,0.05328298881649971,6.295211887359619
ddqn,42,4308,84851,9.86,14,1,0,0.050000000000000044,0.07068547109762828,6.319478988647461
ddqn,42,4309,84870,9.81,19,1,0,0.050000000000000044,0.09767283350229264,6.195429897308349
ddqn,42,4310,84900,9.7,30,1,0,0.050000000000000044,0.06618650676682591,6.179666519165039
ddqn,42,4311,84918,9.82,18,1,0,0.050000000000000044,0.049316441640257835,6.104151129722595
ddqn,42,4312,84936,9.82,18,1,0,0.050000000000000044,0.058657196909189226,5.935641860961914
ddqn,42,4313,84952,9.84,16,1,0,0.050000000000000044,0.0537193613126874,6.248525619506836
ddqn,42,4314,84973,9.790000000000001,21,1,0,0.050000000000000044,0.07067448869347573,6.096455478668213
ddqn,42,4315,84987,9.86,14,1,0,0.050000000000000044,0.04823405171434084,6.14625612894694
ddqn,42,4316,85020,9.67,33,1,0,0.050000000000000044,0.10907775743140115,6.456057177649604
ddqn,42,4317,85057,9.63,37,1,0,0.050000000000000044,0.09361157814661662,6.455594592624241
ddqn,42,4318,85081,9.76,24,1,0,0.050000000000000044,0.07902328545848529,6.632500648498535
ddqn,42,4319,85099,9.82,18,1,0,0.050000000000000044,0.09150645323097706,6.564587354660034
ddqn,42,4320,85117,9.82,18,1,0,0.050000000000000044,0.07007144242525101,6.262937355041504
ddqn,42,4321,85144,9.73,27,1,0,0.050000000000000044,0.08291912078857422,6.495314393724714
ddqn,42,4322,85156,9.88,12,1,0,0.050000000000000044,0.08340504268805186,6.236036936442058
ddqn,42,4323,85168,9.88,12,1,0,0.050000000000000044,0.09769328931967418,6.598902066548665
ddqn,42,4324,85192,9.76,24,1,0,0.050000000000000044,0.08125309646129608,6.123172998428345
ddqn,42,4325,85209,9.83,17,1,0,0.050000000000000044,0.09957610629498959,6.407610058784485
ddqn,42,4326,85228,9.81,19,1,0,0.050000000000000044,0.07262326627969742,6.1678258895874025
ddqn,42,4327,85250,9.78,22,1,0,0.050000000000000044,0.08294868171215057,6.58688268661499
ddqn,42,4328,85263,9.870000000000001,13,1,0,0.050000000000000044,0.07132273415724437,6.440059502919515
ddqn,42,4329,85282,9.81,19,1,0,0.050000000000000044,0.07334455475211143,6.579750347137451
ddqn,42,4330,85306,9.76,24,1,0,0.050000000000000044,0.07660007663071156,6.47575314839681
ddqn,42,4331,85318,9.88,12,1,0,0.050000000000000044,0.07210228095451991,6.284563382466634
ddqn,42,4332,85344,9.74,26,1,0,0.050000000000000044,0.07070883789232799,6.434645516531808
ddqn,42,4333,85370,9.74,26,1,0,0.050000000000000044,0.06722321112950642,6.56379230817159
ddqn,42,4334,85376,-10.06,6,0,1,0.050000000000000044,0.12658477947115898,6.723415851593018
ddqn,42,4335,85397,9.790000000000001,21,1,0,0.050000000000000044,0.07407241016626358,6.588628673553467
ddqn,42,4336,85409,9.88,12,1,0,0.050000000000000044,0.0994400220612685,6.8331367174784345
ddqn,42,4337,85421,9.88,12,1,0,0.050000000000000044,0.051391116032997765,6.411974589029948
ddqn,42,4338,85433,9.88,12,1,0,0.050000000000000044,0.06361665700872739,6.309661229451497
ddqn,42,4339,85451,9.82,18,1,0,0.050000000000000044,0.07834075298160315,6.594258546829224
ddqn,42,4340,85470,9.81,19,1,0,0.050000000000000044,0.05765189975500107,6.308479499816895
ddqn,42,4341,85482,9.88,12,1,0,0.050000000000000044,0.06544331461191177,6.550679842631022
ddqn,42,4342,85496,9.86,14,1,0,0.050000000000000044,0.05250284727662802,6.611754417419434
ddqn,42,4343,85513,9.83,17,1,0,0.050000000000000044,0.09003930352628231,6.200998783111572
ddqn,42,4344,85541,9.72,28,1,0,0.050000000000000044,0.09267019586903709,6.246227468763079
ddqn,42,4345,85568,9.73,27,1,0,0.050000000000000044,0.0880625109587397,6.336354187556675
ddqn,42,4346,85571,-10.03,3,0,1,0.050000000000000044,,
ddqn,42,4347,85583,9.88,12,1,0,0.050000000000000044,0.07439530144135158,6.6415510177612305
ddqn,42,4348,85610,9.73,27,1,0,0.050000000000000044,0.05271402799657413,6.229063987731934
ddqn,42,4349,85622,9.88,12,1,0,0.050000000000000044,0.09132065872351329,6.235797723134358
ddqn,42,4350,85650,9.72,28,1,0,0.050000000000000044,0.06546333432197571,6.455212661198208
ddqn,42,4351,85670,9.8,20,1,0,0.050000000000000044,0.06052464172244072,6.15469388961792
ddqn,42,4352,85684,9.86,14,1,0,0.050000000000000044,0.07217516750097275,6.736501336097717
ddqn,42,4353,85707,9.77,23,1,0,0.050000000000000044,0.0640587717294693,6.163463497161866
ddqn,42,4354,85724,9.83,17,1,0,0.050000000000000044,0.07287107482552528,6.3300196647644045
ddqn,42,4355,85759,9.65,35,1,0,0.050000000000000044,0.057498485781252384,6.4601094126701355
ddqn,42,4356,85776,9.83,17,1,0,0.050000000000000044,0.09157904163002968,6.406573009490967
ddqn,42,4357,85792,9.84,16,1,0,0.050000000000000044,0.06030075345188379,6.226917862892151
ddqn,42,4358,85822,9.7,30,1,0,0.050000000000000044,0.05325582889573915,6.495665413992746
ddqn,42,4359,85841,9.81,19,1,0,0.050000000000000044,0.0529800146818161,6.514782333374024
ddqn,42,4360,85855,9.86,14,1,0,0.050000000000000044,0.0639146485676368,6.527674198150635
ddqn,42,4361,85874,9.81,19,1,0,0.050000000000000044,0.07758926302194595,6.589803409576416
ddqn,42,4362,85886,9.88,12,1,0,0.050000000000000044,0.052180697520573936,6.454346815745036
ddqn,42,4363,85911,9.75,25,1,0,0.050000000000000044,0.062489841133356094,6.507493178049724
ddqn,42,4364,85934,-10.23,23,0,1,0.050000000000000044,0.05238113241891066,6.425471067428589
ddqn,42,4365,85968,9.66,34,1,0,0.050000000000000044,0.07364451554086474,6.728299458821614
ddqn,42,4366,85990,9.78,22,1,0,0.050000000000000044,0.068745469301939,6.65236530303955
ddqn,42,4367,86004,9.86,14,1,0,0.050000000000000044,0.08223227504640818,6.495429754257202
ddqn,42,4368,86016,9.88,12,1,0,0.050000000000000044,0.09728597849607468,6.7981923421223955
ddqn,42,4369,86028,9.88,12,1,0,0.050000000000000044,0.0740651860833168,6.6851959228515625
ddqn,42,4370,86050,9.78,22,1,0,0.050000000000000044,0.08205926045775414,6.735208415985108
ddqn,42,4371,86064,9.86,14,1,0,0.050000000000000044,0.0803797785192728,7.101929545402527
ddqn,42,4372,86087,9.77,23,1,0,0.050000000000000044,0.06256297826766968,6.621108531951904
ddqn,42,4373,86164,9.23,77,1,0,0.050000000000000044,0.08000732194632292,6.760013008117676
ddqn,42,4374,86198,9.66,34,1,0,0.050000000000000044,0.0807659961283207,6.592526495456696
ddqn,42,4375,86214,9.84,16,1,0,0.050000000000000044,0.0777222141623497,7.01958703994751
ddqn,42,4376,86272,9.42,58,1,0,0.050000000000000044,0.07004784022768339,6.655220699310303
ddqn,42,4377,86372,9.0,100,1,0,0.050000000000000044,0.06511335760354996,6.662907485961914
ddqn,42,4378,86390,9.82,18,1,0,0.050000000000000044,0.06076668109744787,6.645219683647156
ddqn,42,4379,86404,-10.14,14,0,1,0.050000000000000044,0.05195765383541584,6.882252097129822
ddqn,42,4380,86413,-10.09,9,0,1,0.050000000000000044,0.08015578612685204,6.83820915222168
ddqn,42,4381,86427,-10.14,14,0,1,0.050000000000000044,0.05768905828396479,6.630218982696533
ddqn,42,4382,86460,9.67,33,1,0,0.050000000000000044,0.05518543471892675,6.698470645480686
ddqn,42,4383,86522,9.379999999999999,62,1,0,0.050000000000000044,0.06178165599703789,6.6052848180135095
ddqn,42,4384,86561,-10.39,39,0,1,0.050000000000000044,0.06053063571453095,6.756274843215943
ddqn,42,4385,86615,9.46,54,1,0,0.050000000000000044,0.0665201200888707,6.6313042273888225
ddqn,42,4386,86706,-10.91,91,0,1,0.050000000000000044,0.06532458863828493,6.780382612477178
ddqn,42,4387,86748,-10.42,42,0,1,0.050000000000000044,0.05731122669848529,6.818322398445823
ddqn,42,4388,86853,-11.05,105,0,1,0.050000000000000044,0.07031403438976178,6.792897591224084
ddqn,42,4389,87004,-11.510000000000002,151,0,1,0.050000000000000044,0.07047132471282232,6.727535812478316
ddqn,42,4390,87036,-10.32,32,0,1,0.050000000000000044,0.07633426552638412,7.110424339771271
ddqn,42,4391,87072,9.64,36,1,0,0.050000000000000044,0.08848127639955944,7.014011647966173
ddqn,42,4392,87081,-10.09,9,0,1,0.050000000000000044,0.0508547518402338,7.001391410827637
ddqn,42,4393,87134,9.47,53,1,0,0.050000000000000044,0.06384001958828706,7.11792700107281
ddqn,42,4394,87156,9.78,22,1,0,0.050000000000000044,0.061508151392141976,7.182957649230957
ddqn,42,4395,87180,9.76,24,1,0,0.050000000000000044,0.050036804750561714,6.824431896209717
ddqn,42,4396,87260,9.2,80,1,0,0.050000000000000044,0.07157199177891016,7.031590819358826
ddqn,42,4397,87269,-10.09,9,0,1,0.050000000000000044,0.06745575368404388,6.639042139053345
ddqn,42,4398,87326,9.43,57,1,0,0.050000000000000044,0.0684366947306054,6.925522974559239
ddqn,42,4399,87354,9.72,28,1,0,0.050000000000000044,0.06556912192276546,6.9672073636736185
ddqn,42,4400,87389,9.65,35,1,0,0.050000000000000044,0.06830604829721981,6.88524071375529
ddqn,42,4401,87403,9.86,14,1,0,0.050000000000000044,0.06951066106557846,6.959672768910726
ddqn,42,4402,87413,-10.1,10,0,1,0.050000000000000044,0.06466302275657654,6.880511283874512
ddqn,42,4403,87432,9.81,19,1,0,0.050000000000000044,0.07093055248260498,7.218676376342773
ddqn,42,4404,87446,9.86,14,1,0,0.050000000000000044,0.0814899131655693,6.980779488881429
ddqn,42,4405,87476,9.7,30,1,0,0.050000000000000044,0.05607823212631047,7.110162317752838
ddqn,42,4406,87490,9.86,14,1,0,0.050000000000000044,0.0987480456630389,7.179874738057454
ddqn,42,4407,87496,-10.06,6,0,1,0.050000000000000044,0.06442176178097725,7.149872303009033
ddqn,42,4408,87534,9.62,38,1,0,0.050000000000000044,0.06213380768895149,7.1164619127909345
ddqn,42,4409,87554,9.8,20,1,0,0.050000000000000044,0.0694844402372837,7.137229156494141
ddqn,42,4410,87589,9.65,35,1,0,0.050000000000000044,0.05770694257484542,7.005232546064589
ddqn,42,4411,87627,9.62,38,1,0,0.050000000000000044,0.06577374248041047,7.147340456644694
ddqn,42,4412,87644,9.83,17,1,0,0.050000000000000044,0.0424065887928009,7.227330112457276
ddqn,42,4413,87663,9.81,19,1,0,0.050000000000000044,0.07016383856534958,7.032508850097656
ddqn,42,4414,87688,9.75,25,1,0,0.050000000000000044,0.049693408023033826,7.053023270198277
ddqn,42,4415,87702,9.86,14,1,0,0.050000000000000044,0.05984154591957728,7.033013502756755
ddqn,42,4416,87721,9.81,19,1,0,0.050000000000000044,0.057267402112483975,7.245988178253174
ddqn,42,4417,87738,9.83,17,1,0,0.050000000000000044,0.05799106042832136,6.9089707136154175
ddqn,42,4418,87762,9.76,24,1,0,0.050000000000000044,0.053362554560105004,7.046093225479126
ddqn,42,4419,87792,9.7,30,1,0,0.050000000000000044,0.057205294724553823,6.931891977787018
ddqn,42,4420,87824,9.68,32,1,0,0.050000000000000044,0.056428913958370686,6.96616929769516
ddqn,42,4421,87841,9.83,17,1,0,0.050000000000000044,0.04658046364784241,7.280782103538513
ddqn,42,4422,87875,-10.34,34,0,1,0.050000000000000044,0.06305699842050672,7.026091694831848
ddqn,42,4423,87909,9.66,34,1,0,0.050000000000000044,0.06562262814905909,7.108401404486762
ddqn,42,4424,87969,9.4,60,1,0,0.050000000000000044,0.05612039466698964,7.05679194132487
ddqn,42,4425,87985,9.84,16,1,0,0.050000000000000044,0.04289609380066395,6.988548278808594
ddqn,42,4426,87997,9.88,12,1,0,0.050000000000000044,0.04918187359968821,7.03648583094279
ddqn,42,4427,88012,9.85,15,1,0,0.050000000000000044,0.0671788714826107,7.222778558731079
ddqn,42,4428,88034,9.78,22,1,0,0.050000000000000044,0.057105398178100585,7.481101226806641
ddqn,42,4429,88073,9.61,39,1,0,0.050000000000000044,0.06644723266363144,7.31619086265564
ddqn,42,4430,88094,9.790000000000001,21,1,0,0.050000000000000044,0.06709949672222137,7.273250770568848
ddqn,42,4431,88118,9.76,24,1,0,0.050000000000000044,0.05108358307431141,7.324755271275838
ddqn,42,4432,88139,9.790000000000001,21,1,0,0.050000000000000044,0.04492960199713707,7.297792720794678
ddqn,42,4433,88173,9.66,34,1,0,0.050000000000000044,0.044617837915817894,7.376477559407552
ddqn,42,4434,88211,9.62,38,1,0,0.050000000000000044,0.04919405447112189,7.449216365814209
ddqn,42,4435,88239,9.72,28,1,0,0.050000000000000044,0.03658870953534331,7.317875794001988
ddqn,42,4436,88301,9.379999999999999,62,1,0,0.050000000000000044,0.039891523541882634,7.393081903457642
ddqn,42,4437,88342,9.59,41,1,0,0.050000000000000044,0.03495474103838205,7.3163190364837645
ddqn,42,4438,88358,9.84,16,1,0,0.050000000000000044,0.036042485386133194,7.170430541038513
ddqn,42,4439,88376,9.82,18,1,0,0.050000000000000044,0.03879224509000778,7.471334648132324
ddqn,42,4440,88426,-10.5,50,0,1,0.050000000000000044,0.05145752554138502,7.308152079582214
ddqn,42,4441,88465,9.61,39,1,0,0.050000000000000044,0.04547774251550436,7.385671997070313
ddqn,42,4442,88486,9.790000000000001,21,1,0,0.050000000000000044,0.03152082040905953,7.464178657531738
ddqn,42,4443,88526,9.6,40,1,0,0.050000000000000044,0.05321422629058361,7.329787349700927
ddqn,42,4444,88540,9.86,14,1,0,0.050000000000000044,0.045207325369119644,7.0659425258636475
ddqn,42,4445,88552,9.88,12,1,0,0.050000000000000044,0.05926681309938431,7.376027743021647
ddqn,42,4446,88568,-10.16,16,0,1,0.050000000000000044,0.04058492090553045,7.305770993232727
ddqn,42,4447,88580,9.88,12,1,0,0.050000000000000044,0.03880501538515091,7.443712075551351
ddqn,42,4448,88581,-10.01,1,0,1,0.050000000000000044,,
ddqn,42,4449,88595,9.86,14,1,0,0.050000000000000044,0.05553174018859863,7.148069699605306
ddqn,42,4450,88613,9.82,18,1,0,0.050000000000000044,0.031164446845650673,7.466206741333008
ddqn,42,4451,88630,9.83,17,1,0,0.050000000000000044,0.04404754936695099,7.450645208358765
ddqn,42,4452,88644,9.86,14,1,0,0.050000000000000044,0.04452713020145893,7.037474274635315
ddqn,42,4453,88656,9.88,12,1,0,0.050000000000000044,0.03409804217517376,7.55708122253418
ddqn,42,4454,88670,9.86,14,1,0,0.050000000000000044,0.027859230215350788,7.077020486195882
ddqn,42,4455,88693,9.77,23,1,0,0.050000000000000044,0.04570169995228449,7.30977217356364
ddqn,42,4456,88713,9.8,20,1,0,0.050000000000000044,0.03482011184096336,7.555990695953369
ddqn,42,4457,88735,9.78,22,1,0,0.050000000000000044,0.03198205009102821,7.406244373321533
ddqn,42,4458,88773,9.62,38,1,0,0.050000000000000044,0.03312827330082655,7.405814695358276
ddqn,42,4459,88798,9.75,25,1,0,0.050000000000000044,0.039643920647601284,7.3111599286397295
ddqn,42,4460,88807,-10.09,9,0,1,0.050000000000000044,0.03793201595544815,7.255337953567505
ddqn,42,4461,88826,9.81,19,1,0,0.050000000000000044,0.03177888803184033,7.360232925415039
ddqn,42,4462,88874,9.52,48,1,0,0.050000000000000044,0.039279979187995195,7.312943816184998
ddqn,42,4463,88886,9.88,12,1,0,0.050000000000000044,0.030004330600301426,7.083390076955159
ddqn,42,4464,88902,-10.16,16,0,1,0.050000000000000044,0.09323130641132593,7.280546545982361
ddqn,42,4465,88918,9.84,16,1,0,0.050000000000000044,0.028208295814692974,7.4210052490234375
ddqn,42,4466,88949,9.69,31,1,0,0.050000000000000044,0.03496015607379377,7.325087368488312
ddqn,42,4467,88967,9.82,18,1,0,0.050000000000000044,0.03942193556576967,7.432662129402161
ddqn,42,4468,89031,9.36,64,1,0,0.050000000000000044,0.03681662702001631,7.40756556391716
ddqn,42,4469,89058,9.73,27,1,0,0.050000000000000044,0.0338590070605278,7.552164282117571
ddqn,42,4470,89083,9.75,25,1,0,0.050000000000000044,0.03431253942350546,7.534865776697795
ddqn,42,4471,89090,-10.07,7,0,1,0.050000000000000044,0.025372153148055077,7.644269227981567
ddqn,42,4472,89109,9.81,19,1,0,0.050000000000000044,0.03813054263591766,7.375141048431397
ddqn,42,4473,89130,9.790000000000001,21,1,0,0.050000000000000044,0.027990668267011642,7.202223300933838
ddqn,42,4474,89149,9.81,19,1,0,0.050000000000000044,0.03248570747673511,7.3250319480896
ddqn,42,4475,89164,9.85,15,1,0,0.050000000000000044,0.03225810592994094,7.389691472053528
ddqn,42,4476,89185,9.790000000000001,21,1,0,0.050000000000000044,0.028432245552539825,7.472259140014648
ddqn,42,4477,89204,9.81,19,1,0,0.050000000000000044,0.03140988014638424,7.461616325378418
ddqn,42,4478,89221,9.83,17,1,0,0.050000000000000044,0.026867392472922802,7.522160172462463
ddqn,42,4479,89233,9.88,12,1,0,0.050000000000000044,0.022401290635267895,7.034801483154297
ddqn,42,4480,89252,9.81,19,1,0,0.050000000000000044,0.02898213714361191,7.295220565795899
ddqn,42,4481,89274,9.78,22,1,0,0.050000000000000044,0.029048973321914674,7.369103336334229
ddqn,42,4482,89293,9.81,19,1,0,0.050000000000000044,0.024672866240143775,7.401178359985352
ddqn,42,4483,89305,9.88,12,1,0,0.050000000000000044,0.02851070712010066,7.449973901112874
ddqn,42,4484,89317,9.88,12,1,0,0.050000000000000044,0.02860922118028005,7.360727310180664
ddqn,42,4485,89339,9.78,22,1,0,0.050000000000000044,0.0271348524838686,7.310378646850586
ddqn,42,4486,89354,9.85,15,1,0,0.050000000000000044,0.030499931890517473,7.496357083320618
ddqn,42,4487,89369,9.85,15,1,0,0.050000000000000044,0.03021077811717987,7.3926591873168945
ddqn,42,4488,89394,9.75,25,1,0,0.050000000000000044,0.025341952530046303,7.55344295501709
ddqn,42,4489,89411,9.83,17,1,0,0.050000000000000044,0.03170175012201071,7.467846989631653
ddqn,42,4490,89429,9.82,18,1,0,0.050000000000000044,0.03086000755429268,7.448171710968017
ddqn,42,4491,89447,9.82,18,1,0,0.050000000000000044,0.030434558168053627,7.781222224235535
ddqn,42,4492,89465,9.82,18,1,0,0.050000000000000044,0.03410003446042538,7.372132110595703
ddqn,42,4493,89477,9.88,12,1,0,0.050000000000000044,0.026939890036980312,7.448243141174316
ddqn,42,4494,89497,9.8,20,1,0,0.050000000000000044,0.02772526741027832,7.4958494186401365
ddqn,42,4495,89528,9.69,31,1,0,0.050000000000000044,0.02533477428369224,7.615652859210968
ddqn,42,4496,89545,-10.17,17,0,1,0.050000000000000044,0.023194170091301203,7.3452231884002686
ddqn,42,4497,89557,9.88,12,1,0,0.050000000000000044,0.022213478262225788,7.5239260991414385
ddqn,42,4498,89579,9.78,22,1,0,0.050000000000000044,0.0237444881349802,7.397078037261963
ddqn,42,4499,89597,9.82,18,1,0,0.050000000000000044,0.024431585893034936,7.488908100128174
ddqn,42,4500,89615,9.82,18,1,0,0.050000000000000044,0.026664421427994967,7.163130760192871
ddqn,42,4501,89632,-10.17,17,0,1,0.050000000000000044,0.0494108747690916,7.429970932006836
ddqn,42,4502,89681,9.51,49,1,0,0.050000000000000044,0.02371428449017306,7.490842620531718
ddqn,42,4503,89693,9.88,12,1,0,0.050000000000000044,0.03601405521233877,7.295164108276367
ddqn,42,4504,89705,9.88,12,1,0,0.050000000000000044,0.03332114219665527,7.28749402364095
ddqn,42,4505,89729,9.76,24,1,0,0.050000000000000044,0.02102089300751686,7.473309914271037
ddqn,42,4506,89775,9.54,46,1,0,0.050000000000000044,0.0627142416990616,7.428635683926669
ddqn,42,4507,89805,9.7,30,1,0,0.050000000000000044,0.031272626016288996,7.444964945316315
ddqn,42,4508,89819,9.86,14,1,0,0.050000000000000044,0.03209999638299147,7.503400166829427
ddqn,42,4509,89848,9.71,29,1,0,0.050000000000000044,0.023384182015433908,7.344940662384033
ddqn,42,4510,89862,9.86,14,1,0,0.050000000000000044,0.02562537540992101,7.470549424489339
ddqn,42,4511,89902,9.6,40,1,0,0.050000000000000044,0.04874147921800613,7.426999235153199
ddqn,42,4512,89914,9.88,12,1,0,0.050000000000000044,0.02774478184680144,7.325898806254069
ddqn,42,4513,89933,9.81,19,1,0,0.050000000000000044,0.019587161391973494,7.515479183197021
ddqn,42,4514,89947,9.86,14,1,0,0.050000000000000044,0.023428335785865784,7.294427076975505
ddqn,42,4515,89967,9.8,20,1,0,0.050000000000000044,0.05786841996014118,7.440810203552246
ddqn,42,4516,90025,9.42,58,1,0,0.050000000000000044,0.048398554945985474,7.527703984578451
ddqn,42,4517,90055,9.7,30,1,0,0.050000000000000044,0.032473857647606304,7.664633614676339
ddqn,42,4518,90091,9.64,36,1,0,0.050000000000000044,0.0285455584526062,7.684782558017307
ddqn,42,4519,90114,9.77,23,1,0,0.050000000000000044,0.023274225648492575,7.523188829421997
ddqn,42,4520,90135,9.790000000000001,21,1,0,0.050000000000000044,0.028469038754701616,7.855172157287598
ddqn,42,4521,90160,9.75,25,1,0,0.050000000000000044,0.025285129568406513,7.448069299970355
ddqn,42,4522,90176,9.84,16,1,0,0.050000000000000044,0.03863305924460292,7.594077467918396
ddqn,42,4523,90209,9.67,33,1,0,0.050000000000000044,0.028993028681725264,7.768225848674774
ddqn,42,4524,90223,9.86,14,1,0,0.050000000000000044,0.06701953460772832,7.676258563995361
ddqn,42,4525,90230,-10.07,7,0,1,0.050000000000000044,0.02771339938044548,7.701920986175537
ddqn,42,4526,90259,9.71,29,1,0,0.050000000000000044,0.02540839117552553,7.6288909912109375
ddqn,42,4527,90273,9.86,14,1,0,0.050000000000000044,0.028679316397756338,7.788811564445496
ddqn,42,4528,90287,9.86,14,1,0,0.050000000000000044,0.021840954820315044,7.656556924184163
ddqn,42,4529,90291,-10.04,4,0,1,0.050000000000000044,0.03637692332267761,7.622748374938965
ddqn,42,4530,90326,9.65,35,1,0,0.050000000000000044,0.027818411795629397,7.695122877756755
ddqn,42,4531,90344,9.82,18,1,0,0.050000000000000044,0.021796702593564986,7.813722229003906
ddqn,42,4532,90355,-10.11,11,0,1,0.050000000000000044,0.02141536772251129,7.799941539764404
ddqn,42,4533,90370,9.85,15,1,0,0.050000000000000044,0.02236525109037757,7.682515621185303
ddqn,42,4534,90391,9.790000000000001,21,1,0,0.050000000000000044,0.034797991067171095,7.736764907836914
ddqn,42,4535,90408,9.83,17,1,0,0.050000000000000044,0.030206232517957687,7.671125602722168
ddqn,42,4536,90430,9.78,22,1,0,0.050000000000000044,0.029179244115948678,7.533319473266602
ddqn,42,4537,90451,9.790000000000001,21,1,0,0.050000000000000044,0.032592879980802535,7.735139656066894
ddqn,42,4538,90473,9.78,22,1,0,0.050000000000000044,0.020908302006622154,7.541709343592326
ddqn,42,4539,90487,9.86,14,1,0,0.050000000000000044,0.02238028620680173,7.543108145395915
ddqn,42,4540,90501,9.86,14,1,0,0.050000000000000044,0.02095273183658719,7.598206400871277
ddqn,42,4541,90516,9.85,15,1,0,0.050000000000000044,0.02221315400674939,7.583265066146851
ddqn,42,4542,90530,9.86,14,1,0,0.050000000000000044,0.022670393188794453,7.5807868639628095
ddqn,42,4543,90576,9.54,46,1,0,0.050000000000000044,0.02304732388195892,7.702892541885376
ddqn,42,4544,90625,9.51,49,1,0,0.050000000000000044,0.03266428473095099,7.631306171417236
ddqn,42,4545,90652,9.73,27,1,0,0.050000000000000044,0.024450326072318212,7.701828684125628
ddqn,42,4546,90668,9.84,16,1,0,0.050000000000000044,0.023635440040379763,7.357466459274292
ddqn,42,4547,90688,9.8,20,1,0,0.050000000000000044,0.030614712834358217,7.5867094039917
ddqn,42,4548,90713,9.75,25,1,0,0.050000000000000044,0.02359711689253648,7.753599405288696
ddqn,42,4549,90737,9.76,24,1,0,0.050000000000000044,0.024543306945512693,7.529717048009236
ddqn,42,4550,90759,9.78,22,1,0,0.050000000000000044,0.027307869866490364,7.638673305511475
ddqn,42,4551,90774,9.85,15,1,0,0.050000000000000044,0.025641147047281265,7.474586606025696
ddqn,42,4552,90823,9.51,49,1,0,0.050000000000000044,0.02327160630375147,7.718788226445516
ddqn,42,4553,90835,9.88,12,1,0,0.050000000000000044,0.02824504052599271,7.687602519989014
ddqn,42,4554,90862,9.73,27,1,0,0.050000000000000044,0.023324453671063696,7.851928506578718
ddqn,42,4555,90876,9.86,14,1,0,0.050000000000000044,0.024371525272727013,7.7584837675094604
ddqn,42,4556,90892,9.84,16,1,0,0.050000000000000044,0.025201466865837574,7.86440110206604
ddqn,42,4557,90904,9.88,12,1,0,0.050000000000000044,0.02303769253194332,7.793092409769694
ddqn,42,4558,90919,9.85,15,1,0,0.050000000000000044,0.028207172950108845,7.765044053395589
ddqn,42,4559,90934,9.85,15,1,0,0.050000000000000044,0.0265474496409297,7.579353928565979
ddqn,42,4560,90948,9.86,14,1,0,0.050000000000000044,0.027218697126954794,7.61009156703949
ddqn,42,4561,90965,9.83,17,1,0,0.050000000000000044,0.02637011930346489,7.822067975997925
ddqn,42,4562,90977,9.88,12,1,0,0.050000000000000044,0.026793064549565315,7.693689664204915
ddqn,42,4563,91051,9.26,74,1,0,0.050000000000000044,0.02794378323273526,7.670974360571967
ddqn,42,4564,91077,9.74,26,1,0,0.050000000000000044,0.04412066989711353,7.87615306036813
ddqn,42,4565,91112,9.65,35,1,0,0.050000000000000044,0.024233361499177083,7.781843662261963
ddqn,42,4566,91124,9.88,12,1,0,0.050000000000000044,0.02429989166557789,7.6724198659261065
ddqn,42,4567,91147,9.77,23,1,0,0.050000000000000044,0.02487780898809433,7.827931690216064
ddqn,42,4568,91162,9.85,15,1,0,0.050000000000000044,0.028997646644711494,7.765246748924255
ddqn,42,4569,91192,9.7,30,1,0,0.050000000000000044,0.02226183842867613,7.7912567257881165
ddqn,42,4570,91206,9.86,14,1,0,0.050000000000000044,0.03943083621561527,7.701667785644531
ddqn,42,4571,91213,-10.07,7,0,1,0.050000000000000044,0.03180419281125069,7.738962173461914
ddqn,42,4572,91248,9.65,35,1,0,0.050000000000000044,0.026935290752185717,7.999314785003662
ddqn,42,4573,91296,9.52,48,1,0,0.050000000000000044,0.02631197248895963,7.802526076634725
ddqn,42,4574,91319,9.77,23,1,0,0.050000000000000044,0.019223438575863838,7.595501899719238
ddqn,42,4575,91351,9.68,32,1,0,0.050000000000000044,0.023473673732951283,7.846284925937653
ddqn,42,4576,91375,9.76,24,1,0,0.050000000000000044,0.024483608392377693,7.833118915557861
ddqn,42,4577,91389,9.86,14,1,0,0.050000000000000044,0.02177151571959257,7.758311986923218
ddqn,42,4578,91412,9.77,23,1,0,0.050000000000000044,0.020648248493671417,7.825650135676066
ddqn,42,4579,91428,9.84,16,1,0,0.050000000000000044,0.03786336490884423,7.566988468170166
ddqn,42,4580,91442,9.86,14,1,0,0.050000000000000044,0.024351488177975018,7.910116672515869
ddqn,42,4581,91469,9.73,27,1,0,0.050000000000000044,0.024494192296905175,7.61110394341605
ddqn,42,4582,91476,-10.07,7,0,1,0.050000000000000044,0.028552111238241196,8.14162540435791
ddqn,42,4583,91498,9.78,22,1,0,0.050000000000000044,0.031482191011309626,7.942771530151367
ddqn,42,4584,91512,9.86,14,1,0,0.050000000000000044,0.0390680655837059,7.8715740442276
ddqn,42,4585,91533,9.790000000000001,21,1,0,0.050000000000000044,0.02321324646472931,7.855128002166748
ddqn,42,4586,91552,9.81,19,1,0,0.050000000000000044,0.0352526243776083,7.834939193725586
ddqn,42,4587,91599,9.53,47,1,0,0.050000000000000044,0.026171356947584587,7.90753325549039
ddqn,42,4588,91634,9.65,35,1,0,0.050000000000000044,0.028495735799272854,7.8353645006815595
ddqn,42,4589,91639,-10.049999999999999,5,0,1,0.050000000000000044,0.017015404999256134,7.779869079589844
ddqn,42,4590,91653,9.86,14,1,0,0.050000000000000044,0.021538400556892157,7.7986180782318115
ddqn,42,4591,91665,9.88,12,1,0,0.050000000000000044,0.023563848808407784,7.913793881734212
ddqn,42,4592,91679,-10.14,14,0,1,0.050000000000000044,0.02037163885931174,8.053276220957438
ddqn,42,4593,91697,9.82,18,1,0,0.050000000000000044,0.017233083583414556,7.62824821472168
ddqn,42,4594,91717,9.8,20,1,0,0.050000000000000044,0.02876153253018856,7.877054023742676
ddqn,42,4595,91735,9.82,18,1,0,0.050000000000000044,0.022346945945173502,7.662078619003296
ddqn,42,4596,91744,-10.09,9,0,1,0.050000000000000044,0.021642426028847694,8.159606138865152
ddqn,42,4597,91763,9.81,19,1,0,0.050000000000000044,0.022412308026105165,7.901382207870483
ddqn,42,4598,91793,9.7,30,1,0,0.050000000000000044,0.03874940052628517,7.693580090999603
ddqn,42,4599,91849,9.44,56,1,0,0.050000000000000044,0.02133607817813754,7.827428136553083
ddqn,42,4600,91863,9.86,14,1,0,0.050000000000000044,0.02783532751103242,7.916000843048096
ddqn,42,4601,91881,9.82,18,1,0,0.050000000000000044,0.016841412149369718,7.877727222442627
ddqn,42,4602,91899,9.82,18,1,0,0.050000000000000044,0.0416415692307055,7.958783268928528
ddqn,42,4603,91919,9.8,20,1,0,0.050000000000000044,0.021160121075809002,7.9316102981567385
ddqn,42,4604,91931,9.88,12,1,0,0.050000000000000044,0.02108858215312163,7.965963363647461
ddqn,42,4605,91973,9.58,42,1,0,0.050000000000000044,0.026048797098073093,7.997193813323975
ddqn,42,4606,91987,9.86,14,1,0,0.050000000000000044,0.02134439783791701,7.666829903920491
ddqn,42,4607,92006,9.81,19,1,0,0.050000000000000044,0.02718683797866106,7.661510467529297
ddqn,42,4608,92026,9.8,20,1,0,0.050000000000000044,0.029997839033603667,8.172222900390626
ddqn,42,4609,92081,9.45,55,1,0,0.050000000000000044,0.04013602914554732,7.890789645058768
ddqn,42,4610,92105,9.76,24,1,0,0.050000000000000044,0.028759261903663475,7.962136268615723
ddqn,42,4611,92133,9.72,28,1,0,0.050000000000000044,0.02242535658712898,7.878561019897461
ddqn,42,4612,92167,9.66,34,1,0,0.050000000000000044,0.02182154858019203,7.783623456954956
ddqn,42,4613,92189,9.78,22,1,0,0.050000000000000044,0.019425056719531614,7.845584392547607
ddqn,42,4614,92213,9.76,24,1,0,0.050000000000000044,0.01694569519410531,7.961351315180461
ddqn,42,4615,92225,9.88,12,1,0,0.050000000000000044,0.018293192610144615,7.861174742380778
ddqn,42,4616,92246,9.790000000000001,21,1,0,0.050000000000000044,0.017373069189488888,7.991201972961425
ddqn,42,4617,92264,9.82,18,1,0,0.050000000000000044,0.022361041605472566,7.994016170501709
ddqn,42,4618,92289,9.75,25,1,0,0.050000000000000044,0.04811301454901695,8.02772323290507
ddqn,42,4619,92306,9.83,17,1,0,0.050000000000000044,0.019384481478482485,7.988916516304016
ddqn,42,4620,92326,9.8,20,1,0,0.050000000000000044,0.017533255741000175,7.715834903717041
ddqn,42,4621,92335,-10.09,9,0,1,0.050000000000000044,0.02431265078485012,8.090088844299316
ddqn,42,4622,92351,9.84,16,1,0,0.050000000000000044,0.023143130354583263,8.134212493896484
ddqn,42,4623,92367,9.84,16,1,0,0.050000000000000044,0.027579118497669697,7.866070747375488
ddqn,42,4624,92383,9.84,16,1,0,0.050000000000000044,0.02110925642773509,8.084649562835693
ddqn,42,4625,92385,-10.02,2,0,1,0.050000000000000044,0.019259246066212654,8.18313980102539
ddqn,42,4626,92388,-10.03,3,0,1,0.050000000000000044,0.025219492614269257,7.656571388244629
ddqn,42,4627,92406,9.82,18,1,0,0.050000000000000044,0.03239070391282439,8.014686703681946
ddqn,42,4628,92434,9.72,28,1,0,0.050000000000000044,0.01950077898800373,7.899278504507882
ddqn,42,4629,92453,9.81,19,1,0,0.050000000000000044,0.02155539467930794,7.904615497589111
ddqn,42,4630,92494,9.59,41,1,0,0.050000000000000044,0.040339453145861626,8.06910843849182
ddqn,42,4631,92513,9.81,19,1,0,0.050000000000000044,0.01797333061695099,7.8775221824646
ddqn,42,4632,92532,9.81,19,1,0,0.050000000000000044,0.021750940941274166,7.832582473754883
ddqn,42,4633,92558,9.74,26,1,0,0.050000000000000044,0.021519637821863096,8.007686614990234
ddqn,42,4634,92587,-10.29,29,0,1,0.050000000000000044,0.01838301321757691,8.084839139665876
ddqn,42,4635,92599,9.88,12,1,0,0.050000000000000044,0.02000737066070239,8.043052196502686
ddqn,42,4636,92622,9.77,23,1,0,0.050000000000000044,0.03721147278944651,7.974909543991089
ddqn,42,4637,92667,9.55,45,1,0,0.050000000000000044,0.01815223346718333,7.845612439242276
ddqn,42,4638,92716,9.51,49,1,0,0.050000000000000044,0.021681807075555507,7.989952087402344
ddqn,42,4639,92741,9.75,25,1,0,0.050000000000000044,0.02262409683316946,7.811139742533366
ddqn,42,4640,92757,9.84,16,1,0,0.050000000000000044,0.019282988738268614,8.093738794326782
ddqn,42,4641,92775,9.82,18,1,0,0.050000000000000044,0.018191165989264846,7.811911940574646
ddqn,42,4642,92800,9.75,25,1,0,0.050000000000000044,0.023275725543498993,8.039876052311488
ddqn,42,4643,92812,9.88,12,1,0,0.050000000000000044,0.02307312749326229,8.072247982025146
ddqn,42,4644,92826,9.86,14,1,0,0.050000000000000044,0.021748074019948643,7.8172957102457685
ddqn,42,4645,92845,9.81,19,1,0,0.050000000000000044,0.01743931546807289,8.09535484313965
ddqn,42,4646,92861,9.84,16,1,0,0.050000000000000044,0.02489037299528718,7.785252690315247
ddqn,42,4647,92883,9.78,22,1,0,0.050000000000000044,0.0212383009493351,7.792784786224365
ddqn,42,4648,92897,9.86,14,1,0,0.050000000000000044,0.021181488875299692,8.061165809631348
ddqn,42,4649,92924,9.73,27,1,0,0.050000000000000044,0.024225451983511448,7.7084148951939175
ddqn,42,4650,92954,9.7,30,1,0,0.050000000000000044,0.02457240011010851,7.824241842542376
ddqn,42,4651,92957,-10.03,3,0,1,0.050000000000000044,0.022695671766996384,7.784592151641846
ddqn,42,4652,92985,9.72,28,1,0,0.050000000000000044,0.0210523498909814,7.916923591068813
ddqn,42,4653,92999,9.86,14,1,0,0.050000000000000044,0.031771608317891754,7.870548725128174
ddqn,42,4654,93013,9.86,14,1,0,0.050000000000000044,0.048017791006714106,8.09962248802185
ddqn,42,4655,93054,9.59,41,1,0,0.050000000000000044,0.024597633443772794,8.026542568206787
ddqn,42,4656,93068,9.86,14,1,0,0.050000000000000044,0.030043673235923052,7.994007706642151
ddqn,42,4657,93092,9.76,24,1,0,0.050000000000000044,0.025183054618537426,8.128221035003662
ddqn,42,4658,93111,9.81,19,1,0,0.050000000000000044,0.021497639827430248,8.09885060787201
ddqn,42,4659,93129,9.82,18,1,0,0.050000000000000044,0.025073511898517607,8.191176795959473
ddqn,42,4660,93145,9.84,16,1,0,0.050000000000000044,0.018274653237313032,7.983442306518555
ddqn,42,4661,93157,9.88,12,1,0,0.050000000000000044,0.020894209543863933,8.118898391723633
ddqn,42,4662,93174,9.83,17,1,0,0.050000000000000044,0.018680020701140165,8.016827821731567
ddqn,42,4663,93186,9.88,12,1,0,0.050000000000000044,0.027225220575928688,8.068408648173014
ddqn,42,4664,93205,9.81,19,1,0,0.050000000000000044,0.01851003002375364,8.259394264221191
ddqn,42,4665,93230,9.75,25,1,0,0.050000000000000044,0.02322469651699066,8.109508911768595
ddqn,42,4666,93246,9.84,16,1,0,0.050000000000000044,0.020506455563008785,8.25995659828186
ddqn,42,4667,93271,9.75,25,1,0,0.050000000000000044,0.01664208124081294,8.114534378051758
ddqn,42,4668,93292,9.790000000000001,21,1,0,0.050000000000000044,0.021243253412346046,7.951513369878133
ddqn,42,4669,93308,9.84,16,1,0,0.050000000000000044,0.016038609202951193,8.077967762947083
ddqn,42,4670,93326,9.82,18,1,0,0.050000000000000044,0.018207781482487917,8.25318956375122
ddqn,42,4671,93344,9.82,18,1,0,0.050000000000000044,0.046528514847159384,8.094640827178955
ddqn,42,4672,93360,9.84,16,1,0,0.050000000000000044,0.04963898938149214,7.851827502250671
ddqn,42,4673,93378,9.82,18,1,0,0.050000000000000044,0.020644077099859715,8.258633375167847
ddqn,42,4674,93396,9.82,18,1,0,0.050000000000000044,0.028941867500543596,8.013139247894287
ddqn,42,4675,93410,9.86,14,1,0,0.050000000000000044,0.01732019893825054,8.241541226704916
ddqn,42,4676,93426,9.84,16,1,0,0.050000000000000044,0.0212061635684222,8.05178713798523
ddqn,42,4677,93450,9.76,24,1,0,0.050000000000000044,0.020707638934254646,8.164464791615805
ddqn,42,4678,93464,9.86,14,1,0,0.050000000000000044,0.04346434958279133,8.107559084892273
ddqn,42,4679,93483,9.81,19,1,0,0.050000000000000044,0.02184966392815113,7.918038725852966
ddqn,42,4680,93506,9.77,23,1,0,0.050000000000000044,0.043092685751616955,8.273569583892822
ddqn,42,4681,93551,9.55,45,1,0,0.050000000000000044,0.03136875260282646,8.08431408622048
ddqn,42,4682,93566,9.85,15,1,0,0.050000000000000044,0.061070668045431376,8.113703727722168
ddqn,42,4683,93589,9.77,23,1,0,0.050000000000000044,0.03967975700894991,7.944029966990153
ddqn,42,4684,93609,9.8,20,1,0,0.050000000000000044,0.045734702795743945,7.924549674987793
ddqn,42,4685,93634,9.75,25,1,0,0.050000000000000044,0.04654087902357181,8.029819250106812
ddqn,42,4686,93659,9.75,25,1,0,0.050000000000000044,0.025458301417529583,8.330530802408854
ddqn,42,4687,93682,9.77,23,1,0,0.050000000000000044,0.024985033087432384,8.223429997762045
ddqn,42,4688,93694,9.88,12,1,0,0.050000000000000044,0.05087329757710298,7.803956985473633
ddqn,42,4689,93710,9.84,16,1,0,0.050000000000000044,0.02246484812349081,8.108726739883423
ddqn,42,4690,93735,9.75,25,1,0,0.050000000000000044,0.0264749542499582,8.060593207677206
ddqn,42,4691,93760,9.75,25,1,0,0.050000000000000044,0.04193322387124811,8.211058071681432
ddqn,42,4692,93780,9.8,20,1,0,0.050000000000000044,0.04727944247424602,7.8680112838745115
ddqn,42,4693,93789,-10.09,9,0,1,0.050000000000000044,0.01779249496757984,7.83059024810791
ddqn,42,4694,93822,9.67,33,1,0,0.050000000000000044,0.023240051697939634,7.907278001308441
ddqn,42,4695,93838,9.84,16,1,0,0.050000000000000044,0.022753313183784485,8.237606644630432
ddqn,42,4696,93857,9.81,19,1,0,0.050000000000000044,0.01713439039885998,8.031293869018555
ddqn,42,4697,93874,9.83,17,1,0,0.050000000000000044,0.01991766830906272,8.108628273010254
ddqn,42,4698,93899,9.75,25,1,0,0.050000000000000044,0.014875172326962153,8.12267255783081
ddqn,42,4699,93917,9.82,18,1,0,0.050000000000000044,0.014520291797816753,8.053937625885009
ddqn,42,4700,93932,9.85,15,1,0,0.050000000000000044,0.01645114249549806,7.950899004936218
ddqn,42,4701,93950,9.82,18,1,0,0.050000000000000044,0.014786361251026392,8.242363691329956
ddqn,42,4702,93968,9.82,18,1,0,0.050000000000000044,0.017750881239771844,8.12909393310547
ddqn,42,4703,93986,9.82,18,1,0,0.050000000000000044,0.019673508126288652,8.294479608535767
ddqn,42,4704,94000,9.86,14,1,0,0.050000000000000044,0.023044212721288204,8.07491910457611
ddqn,42,4705,94018,9.82,18,1,0,0.050000000000000044,0.025982285849750042,7.966588258743286
ddqn,42,4706,94039,9.790000000000001,21,1,0,0.050000000000000044,0.022239141166210175,8.35395336151123
ddqn,42,4707,94059,9.8,20,1,0,0.050000000000000044,0.01880595162510872,8.293583583831786
ddqn,42,4708,94074,9.85,15,1,0,0.050000000000000044,0.016818721778690815,8.17501974105835
ddqn,42,4709,94098,9.76,24,1,0,0.050000000000000044,0.022647996433079243,8.047500928243002
ddqn,42,4710,94126,9.72,28,1,0,0.050000000000000044,0.017855167521962097,8.071658270699638
ddqn,42,4711,94138,9.88,12,1,0,0.050000000000000044,0.015459383527437845,7.755158424377441
ddqn,42,4712,94152,9.86,14,1,0,0.050000000000000044,0.0142814707942307,8.052923202514648
ddqn,42,4713,94172,9.8,20,1,0,0.050000000000000044,0.018905605748295785,8.140986442565918
ddqn,42,4714,94191,9.81,19,1,0,0.050000000000000044,0.01611905312165618,8.0276380777359
ddqn,42,4715,94203,9.88,12,1,0,0.050000000000000044,0.015660526230931282,8.14673932393392
ddqn,42,4716,94229,9.74,26,1,0,0.050000000000000044,0.014393173956445285,8.278184482029506
ddqn,42,4717,94247,9.82,18,1,0,0.050000000000000044,0.01356891030445695,8.14001202583313
ddqn,42,4718,94259,9.88,12,1,0,0.050000000000000044,0.013172756570080916,8.275445620218912
ddqn,42,4719,94276,9.83,17,1,0,0.050000000000000044,0.017505525425076485,8.124372673034667
ddqn,42,4720,94291,9.85,15,1,0,0.050000000000000044,0.013157617921630541,8.452291170756022
ddqn,42,4721,94332,-10.41,41,0,1,0.050000000000000044,0.019976288249546833,8.14213700727983
ddqn,42,4722,94351,9.81,19,1,0,0.050000000000000044,0.025918705854564905,7.962963104248047
ddqn,42,4723,94393,9.58,42,1,0,0.050000000000000044,0.019066545519639145,8.134975910186768
ddqn,42,4724,94407,9.86,14,1,0,0.050000000000000044,0.020769479994972546,8.36427116394043
ddqn,42,4725,94476,9.31,69,1,0,0.050000000000000044,0.025737016203088894,8.108363575405544
ddqn,42,4726,94495,-10.19,19,0,1,0.050000000000000044,0.035253483802080154,8.017958045005798
ddqn,42,4727,94505,-10.1,10,0,1,0.050000000000000044,0.02152275542418162,7.980735619862874
ddqn,42,4728,94517,9.88,12,1,0,0.050000000000000044,0.015977083705365658,8.180940945943197
ddqn,42,4729,94540,9.77,23,1,0,0.050000000000000044,0.034830724665274225,7.9833254019419355
ddqn,42,4730,94564,9.76,24,1,0,0.050000000000000044,0.01578007296969493,8.233693281809488
ddqn,42,4731,94576,9.88,12,1,0,0.050000000000000044,0.01848256029188633,8.172455787658691
ddqn,42,4732,94592,9.84,16,1,0,0.050000000000000044,0.017633705865591764,8.213048696517944
ddqn,42,4733,94613,9.790000000000001,21,1,0,0.050000000000000044,0.015669060312211512,8.281619453430176
ddqn,42,4734,94632,9.81,19,1,0,0.050000000000000044,0.018118093349039556,7.9338606834411625
ddqn,42,4735,94648,9.84,16,1,0,0.050000000000000044,0.013433958869427443,8.074755430221558
ddqn,42,4736,94665,9.83,17,1,0,0.050000000000000044,0.011020458303391933,8.123307466506958
ddqn,42,4737,94684,-10.19,19,0,1,0.050000000000000044,0.012327724322676658,8.409959030151366
ddqn,42,4738,94707,9.77,23,1,0,0.050000000000000044,0.0350103709846735,8.044180774688721
ddqn,42,4739,94726,9.81,19,1,0,0.050000000000000044,0.016010490618646143,8.189104270935058
ddqn,42,4740,94742,9.84,16,1,0,0.050000000000000044,0.018121156375855207,8.13468074798584
ddqn,42,4741,94771,9.71,29,1,0,0.050000000000000044,0.01629050089312451,8.117349828992571
ddqn,42,4742,94781,-10.1,10,0,1,0.050000000000000044,0.010488708193103472,8.025278886159262
ddqn,42,4743,94802,9.790000000000001,21,1,0,0.050000000000000044,0.01689760908484459,8.19139747619629
ddqn,42,4744,94816,9.86,14,1,0,0.050000000000000044,0.01269981893710792,8.03278398513794
ddqn,42,4745,94830,9.86,14,1,0,0.050000000000000044,0.013931294903159142,7.990180492401123
ddqn,42,4746,94842,9.88,12,1,0,0.050000000000000044,0.014757804262141386,8.279864311218262
ddqn,42,4747,94859,9.83,17,1,0,0.050000000000000044,0.017292018281295896,8.159270286560059
ddqn,42,4748,94874,-10.15,15,0,1,0.050000000000000044,0.051520036067813635,7.787757635116577
ddqn,42,4749,94902,9.72,28,1,0,0.050000000000000044,0.014527539323483194,8.203514848436628
ddqn,42,4750,94926,9.76,24,1,0,0.050000000000000044,0.038009935369094215,8.253069241841635
ddqn,42,4751,94958,9.68,32,1,0,0.050000000000000044,0.015365783707238734,8.313439130783081
ddqn,42,4752,94980,9.78,22,1,0,0.050000000000000044,0.01607475057244301,8.247519175211588
ddqn,42,4753,95003,9.77,23,1,0,0.050000000000000044,0.01807281784713268,8.141948127746582
ddqn,42,4754,95022,9.81,19,1,0,0.050000000000000044,0.01586332470178604,8.174864578247071
ddqn,42,4755,95039,9.83,17,1,0,0.050000000000000044,0.01451915386132896,8.140993356704712
ddqn,42,4756,95051,9.88,12,1,0,0.050000000000000044,0.05072734194497267,8.289698282877604
ddqn,42,4757,95067,9.84,16,1,0,0.050000000000000044,0.014158336445689201,8.237754940986633
ddqn,42,4758,95073,-10.06,6,0,1,0.050000000000000044,0.012729014735668898,8.287532329559326
ddqn,42,4759,95088,-10.15,15,0,1,0.050000000000000044,0.01325084874406457,8.345153331756592
ddqn,42,4760,95116,9.72,28,1,0,0.050000000000000044,0.034970885674868314,8.327696187155587
ddqn,42,4761,95132,9.84,16,1,0,0.050000000000000044,0.014894918771460652,8.142058610916138
ddqn,42,4762,95156,9.76,24,1,0,0.050000000000000044,0.01573516909653942,8.323610146840414
ddqn,42,4763,95169,9.870000000000001,13,1,0,0.050000000000000044,0.012925767339766026,8.277774016062418
ddqn,42,4764,95193,9.76,24,1,0,0.050000000000000044,0.012262943976869186,8.362980365753174
ddqn,42,4765,95211,9.82,18,1,0,0.050000000000000044,0.014164791442453861,8.196142196655273
ddqn,42,4766,95228,9.83,17,1,0,0.050000000000000044,0.01455414853990078,8.242038154602051
ddqn,42,4767,95249,9.790000000000001,21,1,0,0.050000000000000044,0.012744390405714512,8.392157363891602
ddqn,42,4768,95261,9.88,12,1,0,0.050000000000000044,0.016323147031168144,8.397093772888184
ddqn,42,4769,95278,9.83,17,1,0,0.050000000000000044,0.015298343729227781,8.347212076187134
ddqn,42,4770,95294,9.84,16,1,0,0.050000000000000044,0.01400140835903585,8.379958391189575
ddqn,42,4771,95317,9.77,23,1,0,0.050000000000000044,0.039812498105069004,7.989151954650879
ddqn,42,4772,95331,9.86,14,1,0,0.050000000000000044,0.013786460893849531,8.273826917012533
ddqn,42,4773,95348,9.83,17,1,0,0.050000000000000044,0.018172911554574966,8.33954553604126
ddqn,42,4774,95365,9.83,17,1,0,0.050000000000000044,0.011552090756595135,8.280294418334961
ddqn,42,4775,95380,9.85,15,1,0,0.050000000000000044,0.011332866735756397,8.259493350982666
ddqn,42,4776,95402,9.78,22,1,0,0.050000000000000044,0.013646112754940987,8.077273178100587
ddqn,42,4777,95414,9.88,12,1,0,0.050000000000000044,0.01701115258038044,8.102625211079916
ddqn,42,4778,95419,-10.049999999999999,5,0,1,0.050000000000000044,0.014066511765122414,8.150711059570312
ddqn,42,4779,95442,9.77,23,1,0,0.050000000000000044,0.016246958014865715,8.255193630854288
ddqn,42,4780,95457,9.85,15,1,0,0.050000000000000044,0.013798785861581564,8.362938165664673
ddqn,42,4781,95475,9.82,18,1,0,0.050000000000000044,0.013919241027906537,8.347795486450195
ddqn,42,4782,95498,9.77,23,1,0,0.050000000000000044,0.013744142061720291,8.008047262827555
ddqn,42,4783,95531,9.67,33,1,0,0.050000000000000044,0.011573446216061711,8.251230001449585
ddqn,42,4784,95548,9.83,17,1,0,0.050000000000000044,0.020091699436306953,8.036255645751954
ddqn,42,4785,95573,9.75,25,1,0,0.050000000000000044,0.01747719602038463,8.237091620763143
ddqn,42,4786,95591,9.82,18,1,0,0.050000000000000044,0.013866565888747573,8.431894779205322
ddqn,42,4787,95598,-10.07,7,0,1,0.050000000000000044,0.011938493698835373,8.245845317840576
ddqn,42,4788,95624,9.74,26,1,0,0.050000000000000044,0.012712241682623113,8.31838321685791
ddqn,42,4789,95650,9.74,26,1,0,0.050000000000000044,0.012460343151663741,8.319937070210775
ddqn,42,4790,95662,9.88,12,1,0,0.050000000000000044,0.012991219448546568,8.47573439280192
ddqn,42,4791,95674,9.88,12,1,0,0.050000000000000044,0.011913755598167578,8.280205408732096
ddqn,42,4792,95693,9.81,19,1,0,0.050000000000000044,0.013145549409091472,8.307827568054199
ddqn,42,4793,95708,9.85,15,1,0,0.050000000000000044,0.011838709469884634,8.341958165168762
ddqn,42,4794,95720,9.88,12,1,0,0.050000000000000044,0.012054283482333025,8.25132942199707
ddqn,42,4795,95734,9.86,14,1,0,0.050000000000000044,0.04749860024700562,8.262877146402994
ddqn,42,4796,95746,9.88,12,1,0,0.050000000000000044,0.012202816704909006,8.279635429382324
ddqn,42,4797,95771,9.75,25,1,0,0.050000000000000044,0.01328505389392376,8.372733275095621
ddqn,42,4798,95788,9.83,17,1,0,0.050000000000000044,0.012794170528650284,8.170557594299316
ddqn,42,4799,95814,9.74,26,1,0,0.050000000000000044,0.01588179326305787,8.386072238286337
ddqn,42,4800,95821,-10.07,7,0,1,0.050000000000000044,0.00900295190513134,8.168676376342773
ddqn,42,4801,95835,9.86,14,1,0,0.050000000000000044,0.012334540486335754,8.09990119934082
ddqn,42,4802,95859,9.76,24,1,0,0.050000000000000044,0.011857931191722551,8.42979129155477
ddqn,42,4803,95871,9.88,12,1,0,0.050000000000000044,0.011565189498166243,8.052520434061686
ddqn,42,4804,95891,9.8,20,1,0,0.050000000000000044,0.011821851786226033,7.993533134460449
ddqn,42,4805,95896,-10.049999999999999,5,0,1,0.050000000000000044,0.008343668188899755,8.508450508117676
ddqn,42,4806,95923,9.73,27,1,0,0.050000000000000044,0.013080584661414226,8.196273803710938
ddqn,42,4807,95937,9.86,14,1,0,0.050000000000000044,0.010869775200262666,8.168657898902893
ddqn,42,4808,95951,9.86,14,1,0,0.050000000000000044,0.01090982649475336,8.118501345316568
ddqn,42,4809,95967,9.84,16,1,0,0.050000000000000044,0.010946446564048529,8.404723644256592
ddqn,42,4810,95981,9.86,14,1,0,0.050000000000000044,0.012267570476979017,8.333758354187012
ddqn,42,4811,95995,9.86,14,1,0,0.050000000000000044,0.011654449937244257,8.349470456441244
ddqn,42,4812,96032,9.63,37,1,0,0.050000000000000044,0.028512965701520444,8.332424783706665
ddqn,42,4813,96045,-10.129999999999999,13,0,1,0.050000000000000044,0.016130730509757996,8.27785094579061
ddqn,42,4814,96072,9.73,27,1,0,0.050000000000000044,0.01570565240191562,8.362262180873326
ddqn,42,4815,96087,9.85,15,1,0,0.050000000000000044,0.015125125646591187,8.214240709940592
ddqn,42,4816,96104,9.83,17,1,0,0.050000000000000044,0.017971828766167163,8.347764587402343
ddqn,42,4817,96128,9.76,24,1,0,0.050000000000000044,0.011915680331488451,8.42909034093221
ddqn,42,4818,96140,9.88,12,1,0,0.050000000000000044,0.011971908000608286,8.182759602864584
ddqn,42,4819,96166,9.74,26,1,0,0.050000000000000044,0.01591212411100666,8.390920956929525
ddqn,42,4820,96178,9.88,12,1,0,0.050000000000000044,0.013132952153682709,8.393616994222006
ddqn,42,4821,96194,9.84,16,1,0,0.050000000000000044,0.017312278505414724,8.325387954711914
ddqn,42,4822,96206,9.88,12,1,0,0.050000000000000044,0.014360097236931324,8.218551635742188
ddqn,42,4823,96233,9.73,27,1,0,0.050000000000000044,0.018955234039042677,8.28032534463065
ddqn,42,4824,96244,-10.11,11,0,1,0.050000000000000044,0.014267686133583387,8.498079617818197
ddqn,42,4825,96265,9.790000000000001,21,1,0,0.050000000000000044,0.017154708690941333,8.405061340332031
ddqn,42,4826,96280,9.85,15,1,0,0.050000000000000044,0.01277573429979384,8.316240310668945
ddqn,42,4827,96297,9.83,17,1,0,0.050000000000000044,0.012686849338933825,8.358566522598267
ddqn,42,4828,96309,9.88,12,1,0,0.050000000000000044,0.014218663796782494,8.28432528177897
ddqn,42,4829,96329,9.8,20,1,0,0.050000000000000044,0.013566990569233894,8.319624710083009
ddqn,42,4830,96347,9.82,18,1,0,0.050000000000000044,0.013092209585011005,8.313167572021484
ddqn,42,4831,96369,9.78,22,1,0,0.050000000000000044,0.012649409007281065,8.355704148610434
ddqn,42,4832,96376,-10.07,7,0,1,0.050000000000000044,0.0218722652643919,8.496169090270996
ddqn,42,4833,96393,9.83,17,1,0,0.050000000000000044,0.019793997751548886,8.492286682128906
ddqn,42,4834,96408,9.85,15,1,0,0.050000000000000044,0.01468442240729928,8.3443443775177
ddqn,42,4835,96446,9.62,38,1,0,0.050000000000000044,0.01439347816631198,8.414492713080513
ddqn,42,4836,96458,9.88,12,1,0,0.050000000000000044,0.014133068112035593,8.411349932352701
ddqn,42,4837,96482,9.76,24,1,0,0.050000000000000044,0.010822634367893139,8.460578600565592
ddqn,42,4838,96504,9.78,22,1,0,0.050000000000000044,0.019049701280891895,8.530718803405762
ddqn,42,4839,96516,9.88,12,1,0,0.050000000000000044,0.013814478181302547,8.315472602844238
ddqn,42,4840,96536,9.8,20,1,0,0.050000000000000044,0.019131946749985217,8.39128303527832
ddqn,42,4841,96552,9.84,16,1,0,0.050000000000000044,0.012662167893722653,8.562301397323608
ddqn,42,4842,96568,9.84,16,1,0,0.050000000000000044,0.01915774424560368,8.19415819644928
ddqn,42,4843,96580,9.88,12,1,0,0.050000000000000044,0.02844938263297081,8.345954577128092
ddqn,42,4844,96594,9.86,14,1,0,0.050000000000000044,0.016567466780543327,8.334557056427002
ddqn,42,4845,96608,9.86,14,1,0,0.050000000000000044,0.025058021768927574,8.280579090118408
ddqn,42,4846,96622,9.86,14,1,0,0.050000000000000044,0.026598208273450535,8.10401693979899
ddqn,42,4847,96640,-10.18,18,0,1,0.050000000000000044,0.0251455694437027,8.282646179199219
ddqn,42,4848,96658,9.82,18,1,0,0.050000000000000044,0.02319582784548402,8.425983905792236
ddqn,42,4849,96689,9.69,31,1,0,0.050000000000000044,0.016649844590574503,8.353265881538391
ddqn,42,4850,96704,9.85,15,1,0,0.050000000000000044,0.01674355729483068,8.505639791488647
ddqn,42,4851,96715,-10.11,11,0,1,0.050000000000000044,0.021227646619081497,8.3546142578125
ddqn,42,4852,96745,9.7,30,1,0,0.050000000000000044,0.01767321035731584,8.426467657089233
ddqn,42,4853,96777,9.68,32,1,0,0.050000000000000044,0.014328395714983344,8.37352740764618
ddqn,42,4854,96797,9.8,20,1,0,0.050000000000000044,0.03146042488515377,8.268211555480956
ddqn,42,4855,96815,9.82,18,1,0,0.050000000000000044,0.012764360988512635,8.203102111816406
ddqn,42,4856,96828,-10.129999999999999,13,0,1,0.050000000000000044,0.021631576120853424,8.497208595275879
ddqn,42,4857,96843,9.85,15,1,0,0.050000000000000044,0.018570067981878918,8.387630780537924
ddqn,42,4858,96861,9.82,18,1,0,0.050000000000000044,0.02135698813945055,8.37632474899292
ddqn,42,4859,96876,9.85,15,1,0,0.050000000000000044,0.014835371170192957,8.475603818893433
ddqn,42,4860,96891,9.85,15,1,0,0.050000000000000044,0.018818485240141552,8.42990811665853
ddqn,42,4861,96893,-10.02,2,0,1,0.050000000000000044,0.01706462725996971,8.11546516418457
ddqn,42,4862,96913,9.8,20,1,0,0.050000000000000044,0.014558656699955463,8.371674537658691
ddqn,42,4863,96929,9.84,16,1,0,0.050000000000000044,0.009721762966364622,8.361896514892578
ddqn,42,4864,96943,9.86,14,1,0,0.050000000000000044,0.026121817529201508,8.328322728474935
ddqn,42,4865,96971,-10.28,28,0,1,0.050000000000000044,0.013418301939964294,8.281356743403844
ddqn,42,4866,96985,9.86,14,1,0,0.050000000000000044,0.010877030435949564,8.279664635658264
ddqn,42,4867,97004,9.81,19,1,0,0.050000000000000044,0.010234433971345425,8.423356628417968
ddqn,42,4868,97016,9.88,12,1,0,0.050000000000000044,0.013928940519690514,8.666659355163574
ddqn,42,4869,97040,9.76,24,1,0,0.050000000000000044,0.03311961547782024,8.45190159479777
ddqn,42,4870,97062,9.78,22,1,0,0.050000000000000044,0.014503649622201919,8.24530906677246
ddqn,42,4871,97074,9.88,12,1,0,0.050000000000000044,0.016177034936845303,8.387460390726725
ddqn,42,4872,97094,9.8,20,1,0,0.050000000000000044,0.04194134119898081,8.522575950622558
ddqn,42,4873,97125,-10.31,31,0,1,0.050000000000000044,0.015293536358512938,8.2831472158432
ddqn,42,4874,97143,9.82,18,1,0,0.050000000000000044,0.013765660114586353,8.573601245880127
ddqn,42,4875,97159,9.84,16,1,0,0.050000000000000044,0.014876869972795248,8.375848293304443
ddqn,42,4876,97187,-10.28,28,0,1,0.050000000000000044,0.016785797263894762,8.525987488882881
ddqn,42,4877,97204,9.83,17,1,0,0.050000000000000044,0.012690339609980584,8.358723449707032
ddqn,42,4878,97219,9.85,15,1,0,0.050000000000000044,0.012324918682376543,8.546662966410318
ddqn,42,4879,97235,9.84,16,1,0,0.050000000000000044,0.016418817220255733,8.598997592926025
ddqn,42,4880,97254,9.81,19,1,0,0.050000000000000044,0.015032171830534935,8.391171073913574
ddqn,42,4881,97263,-10.09,9,0,1,0.050000000000000044,0.07751310616731644,8.513039112091064
ddqn,42,4882,97275,9.88,12,1,0,0.050000000000000044,0.011819863691926003,8.507524808247885
ddqn,42,4883,97290,9.85,15,1,0,0.050000000000000044,0.012227604165673256,8.542563915252686
ddqn,42,4884,97295,-10.049999999999999,5,0,1,0.050000000000000044,0.0129574378952384,8.539261817932129
ddqn,42,4885,97315,9.8,20,1,0,0.050000000000000044,0.014231088198721408,8.356762886047363
ddqn,42,4886,97329,9.86,14,1,0,0.050000000000000044,0.04677607980556786,8.351502895355225
ddqn,42,4887,97349,9.8,20,1,0,0.050000000000000044,0.011687185615301132,8.427182579040528
ddqn,42,4888,97382,9.67,33,1,0,0.050000000000000044,0.01481930201407522,8.441515564918518
ddqn,42,4889,97404,9.78,22,1,0,0.050000000000000044,0.013720760587602854,8.447590192159018
ddqn,42,4890,97424,9.8,20,1,0,0.050000000000000044,0.012479315139353275,8.566193771362304
ddqn,42,4891,97441,9.83,17,1,0,0.050000000000000044,0.013343975646421313,8.517632722854614
ddqn,42,4892,97475,9.66,34,1,0,0.050000000000000044,0.025680874125100672,8.440781593322754
ddqn,42,4893,97497,9.78,22,1,0,0.050000000000000044,0.014826887287199497,8.340432167053223
ddqn,42,4894,97514,9.83,17,1,0,0.050000000000000044,0.042129396460950375,8.617831707000732
ddqn,42,4895,97526,9.88,12,1,0,0.050000000000000044,0.013984638887147108,8.318709373474121
ddqn,42,4896,97556,9.7,30,1,0,0.050000000000000044,0.01047029159963131,8.559292793273926
ddqn,42,4897,97578,9.78,22,1,0,0.050000000000000044,0.04193207360804081,8.524560928344727
ddqn,42,4898,97590,9.88,12,1,0,0.050000000000000044,0.012007976571718851,8.541278203328451
ddqn,42,4899,97604,9.86,14,1,0,0.050000000000000044,0.014047935605049133,8.599876880645752
ddqn,42,4900,97618,9.86,14,1,0,0.050000000000000044,0.013506154840191206,8.52014414469401
ddqn,42,4901,97630,9.88,12,1,0,0.050000000000000044,0.012520008720457554,8.26880677541097
ddqn,42,4902,97655,9.75,25,1,0,0.050000000000000044,0.030385018481562536,8.51259994506836
ddqn,42,4903,97689,9.66,34,1,0,0.050000000000000044,0.012248283045159446,8.575065612792969
ddqn,42,4904,97705,9.84,16,1,0,0.050000000000000044,0.014878190588206053,8.477972030639648
ddqn,42,4905,97723,9.82,18,1,0,0.050000000000000044,0.011533646611496806,8.574073076248169
ddqn,42,4906,97747,9.76,24,1,0,0.050000000000000044,0.013280070386826992,8.502740542093912
ddqn,42,4907,97765,9.82,18,1,0,0.050000000000000044,0.01500293631106615,8.40506534576416
ddqn,42,4908,97781,9.84,16,1,0,0.050000000000000044,0.014755020383745432,8.401140451431274
ddqn,42,4909,97796,9.85,15,1,0,0.050000000000000044,0.01338095753453672,8.656804323196411
ddqn,42,4910,97815,9.81,19,1,0,0.050000000000000044,0.016098830150440335,8.216581463813782
ddqn,42,4911,97827,9.88,12,1,0,0.050000000000000044,0.011618589206288258,8.59610684712728
ddqn,42,4912,97839,9.88,12,1,0,0.050000000000000044,0.054679014099140964,8.31882095336914
ddqn,42,4913,97853,9.86,14,1,0,0.050000000000000044,0.017316728364676237,8.468530893325806
ddqn,42,4914,97872,9.81,19,1,0,0.050000000000000044,0.018797675520181654,8.284131240844726
ddqn,42,4915,97887,9.85,15,1,0,0.050000000000000044,0.013245266241331896,8.501313209533691
ddqn,42,4916,97902,9.85,15,1,0,0.050000000000000044,0.011865333886817098,8.385654211044312
ddqn,42,4917,97918,9.84,16,1,0,0.050000000000000044,0.012939241249114275,8.704004526138306
ddqn,42,4918,97934,9.84,16,1,0,0.050000000000000044,0.01255673891864717,8.53232741355896
ddqn,42,4919,97952,9.82,18,1,0,0.050000000000000044,0.01947684772312641,8.456683540344239
ddqn,42,4920,97968,9.84,16,1,0,0.050000000000000044,0.016219978919252753,8.506930828094482
ddqn,42,4921,97984,9.84,16,1,0,0.050000000000000044,0.013955073431134224,8.51005744934082
ddqn,42,4922,97998,9.86,14,1,0,0.050000000000000044,0.013929974908630053,8.340714772542318
ddqn,42,4923,98065,9.33,67,1,0,0.050000000000000044,0.025096118614515838,8.496295311871696
ddqn,42,4924,98088,9.77,23,1,0,0.050000000000000044,0.015434476236502329,8.635012944539389
ddqn,42,4925,98111,9.77,23,1,0,0.050000000000000044,0.01589141394942999,8.620993423461915
ddqn,42,4926,98125,9.86,14,1,0,0.050000000000000044,0.01518312282860279,8.52557635307312
ddqn,42,4927,98135,-10.1,10,0,1,0.050000000000000044,0.013961427845060825,8.672587394714355
ddqn,42,4928,98162,9.73,27,1,0,0.050000000000000044,0.015704430240605558,8.586606570652553
ddqn,42,4929,98179,9.83,17,1,0,0.050000000000000044,0.015304436441510916,8.628008604049683
ddqn,42,4930,98202,9.77,23,1,0,0.050000000000000044,0.016584572847932577,8.62308645248413
ddqn,42,4931,98217,9.85,15,1,0,0.050000000000000044,0.01469551888294518,8.580926895141602
ddqn,42,4932,98236,9.81,19,1,0,0.050000000000000044,0.027367992512881755,8.449106597900391
ddqn,42,4933,98248,9.88,12,1,0,0.050000000000000044,0.060173703357577324,8.615411440531412
ddqn,42,4934,98278,9.7,30,1,0,0.050000000000000044,0.024092394592506543,8.660116740635463
ddqn,42,4935,98321,9.57,43,1,0,0.050000000000000044,0.030798920260911637,8.548613634976475
ddqn,42,4936,98338,9.83,17,1,0,0.050000000000000044,0.057188394479453564,8.650223016738892
ddqn,42,4937,98362,9.76,24,1,0,0.050000000000000044,0.03575849843521913,8.47251272201538
ddqn,42,4938,98374,9.88,12,1,0,0.050000000000000044,0.027570313463608425,8.489081382751465
ddqn,42,4939,98393,9.81,19,1,0,0.050000000000000044,0.01751331388950348,8.599326705932617
ddqn,42,4940,98402,-10.09,9,0,1,0.050000000000000044,0.02116103284060955,8.548265933990479
ddqn,42,4941,98420,9.82,18,1,0,0.050000000000000044,0.026079483702778815,8.523653984069824
ddqn,42,4942,98436,9.84,16,1,0,0.050000000000000044,0.03507017926312983,8.567402839660645
ddqn,42,4943,98456,-10.2,20,0,1,0.050000000000000044,0.01622901055961847,8.706252288818359
ddqn,42,4944,98474,9.82,18,1,0,0.050000000000000044,0.01533512119203806,8.693030595779419
ddqn,42,4945,98480,-10.06,6,0,1,0.050000000000000044,0.02966330014169216,8.540247440338135
ddqn,42,4946,98492,9.88,12,1,0,0.050000000000000044,0.011899771789709726,8.640490849812826
ddqn,42,4947,98504,9.88,12,1,0,0.050000000000000044,0.019435442984104156,8.536324183146158
ddqn,42,4948,98516,9.88,12,1,0,0.050000000000000044,0.023295278040071327,8.453179041544596
ddqn,42,4949,98531,-10.15,15,0,1,0.050000000000000044,0.014870742956797281,8.606801350911459
ddqn,42,4950,98551,9.8,20,1,0,0.050000000000000044,0.01587072405964136,8.706391716003418
ddqn,42,4951,98569,9.82,18,1,0,0.050000000000000044,0.015470365807414056,8.434436988830566
ddqn,42,4952,98594,9.75,25,1,0,0.050000000000000044,0.020586046235014994,8.580966313680014
ddqn,42,4953,98609,-10.15,15,0,1,0.050000000000000044,0.021567678544670343,8.598825454711914
ddqn,42,4954,98633,9.76,24,1,0,0.050000000000000044,0.01704886353885134,8.683019955952963
ddqn,42,4955,98645,9.88,12,1,0,0.050000000000000044,0.014207871941228708,8.508909861246744
ddqn,42,4956,98660,9.85,15,1,0,0.050000000000000044,0.044287607073783875,8.400698900222778
ddqn,42,4957,98676,9.84,16,1,0,0.050000000000000044,0.014692007564008236,8.47264838218689
ddqn,42,4958,98696,9.8,20,1,0,0.050000000000000044,0.017587419040501116,8.47154197692871
ddqn,42,4959,98723,9.73,27,1,0,0.050000000000000044,0.014633191594233116,8.700587431589762
ddqn,42,4960,98735,9.88,12,1,0,0.050000000000000044,0.02121134102344513,8.625864664713541
ddqn,42,4961,98749,9.86,14,1,0,0.050000000000000044,0.02050372865051031,8.4467134475708
ddqn,42,4962,98764,9.85,15,1,0,0.050000000000000044,0.011665523867122829,8.637208461761475
ddqn,42,4963,98787,9.77,23,1,0,0.050000000000000044,0.018693772330880164,8.530547332763671
ddqn,42,4964,98809,9.78,22,1,0,0.050000000000000044,0.01467973863085111,8.57248862584432
ddqn,42,4965,98835,9.74,26,1,0,0.050000000000000044,0.014528227814783653,8.59622319539388
ddqn,42,4966,98856,9.790000000000001,21,1,0,0.050000000000000044,0.08980580512434244,8.507869561513266
ddqn,42,4967,98874,9.82,18,1,0,0.050000000000000044,0.024010828230530024,8.659112691879272
ddqn,42,4968,98886,9.88,12,1,0,0.050000000000000044,0.020445558552940685,8.673542022705078
ddqn,42,4969,98920,9.66,34,1,0,0.050000000000000044,0.017687200258175533,8.707016944885254
ddqn,42,4970,98936,9.84,16,1,0,0.050000000000000044,0.01559508009813726,8.74290132522583
ddqn,42,4971,98956,9.8,20,1,0,0.050000000000000044,0.025134671293199063,8.475543785095216
ddqn,42,4972,98990,9.66,34,1,0,0.050000000000000044,0.02316895266994834,8.528919696807861
ddqn,42,4973,99007,9.83,17,1,0,0.050000000000000044,0.024720921646803617,8.552124261856079
ddqn,42,4974,99030,9.77,23,1,0,0.050000000000000044,0.044879768043756485,8.623831431070963
ddqn,42,4975,99042,9.88,12,1,0,0.050000000000000044,0.06366121799995501,8.500885009765625
ddqn,42,4976,99060,9.82,18,1,0,0.050000000000000044,0.020413813553750514,8.492367935180663
ddqn,42,4977,99072,9.88,12,1,0,0.050000000000000044,0.02077821021278699,8.52122433980306
ddqn,42,4978,99084,9.88,12,1,0,0.050000000000000044,0.014373197841147581,8.599472045898438
ddqn,42,4979,99096,9.88,12,1,0,0.050000000000000044,0.0190496447806557,8.59228483835856
ddqn,42,4980,99110,9.86,14,1,0,0.050000000000000044,0.02728513814508915,8.587795893351236
ddqn,42,4981,99130,9.8,20,1,0,0.050000000000000044,0.04393525421619415,8.600996780395509
ddqn,42,4982,99146,9.84,16,1,0,0.050000000000000044,0.021369305904954672,8.67442774772644
ddqn,42,4983,99176,9.7,30,1,0,0.050000000000000044,0.020886786514893174,8.582791090011597
ddqn,42,4984,99190,9.86,14,1,0,0.050000000000000044,0.02929699296752612,8.659720420837402
ddqn,42,4985,99205,9.85,15,1,0,0.050000000000000044,0.023432101123034954,8.583523273468018
ddqn,42,4986,99218,-10.129999999999999,13,0,1,0.050000000000000044,0.017824263622363407,8.659100850423178
ddqn,42,4987,99232,9.86,14,1,0,0.050000000000000044,0.01843970362097025,8.561874628067017
ddqn,42,4988,99246,9.86,14,1,0,0.050000000000000044,0.018017394468188286,8.550901095072428
ddqn,42,4989,99263,-10.17,17,0,1,0.050000000000000044,0.02158012450672686,8.666361570358276
ddqn,42,4990,99301,9.62,38,1,0,0.050000000000000044,0.018816270958632232,8.603435707092284
ddqn,42,4991,99315,9.86,14,1,0,0.050000000000000044,0.01921669766306877,8.680578231811523
ddqn,42,4992,99344,9.71,29,1,0,0.050000000000000044,0.01721704169176519,8.607181787490845
ddqn,42,4993,99359,9.85,15,1,0,0.050000000000000044,0.01608168271680673,8.762292861938477
ddqn,42,4994,99377,9.82,18,1,0,0.050000000000000044,0.016099289804697037,8.699825096130372
ddqn,42,4995,99391,9.86,14,1,0,0.050000000000000044,0.01456175527224938,8.5002072652181
ddqn,42,4996,99411,9.8,20,1,0,0.050000000000000044,0.01182498512789607,8.624555778503417
ddqn,42,4997,99423,9.88,12,1,0,0.050000000000000044,0.015736896234254043,8.566757520039877
ddqn,42,4998,99435,9.88,12,1,0,0.050000000000000044,0.020387202501296997,8.75222365061442
ddqn,42,4999,99458,9.77,23,1,0,0.050000000000000044,0.017219573725014925,8.63550329208374
ddqn,42,5000,99475,9.83,17,1,0,0.050000000000000044,0.015444575576111674,8.513312816619873
ddqn,42,5001,99492,9.83,17,1,0,0.050000000000000044,0.013403414189815522,8.620156860351562
ddqn,42,5002,99524,9.68,32,1,0,0.050000000000000044,0.015819084248505533,8.66994571685791
ddqn,42,5003,99550,9.74,26,1,0,0.050000000000000044,0.012572935161491236,8.699882507324219
ddqn,42,5004,99577,9.73,27,1,0,0.050000000000000044,0.020130648543792113,8.46906566619873
ddqn,42,5005,99594,9.83,17,1,0,0.050000000000000044,0.014333534287288785,8.570991277694702
ddqn,42,5006,99616,9.78,22,1,0,0.050000000000000044,0.0156792257912457,8.518551508585611
ddqn,42,5007,99630,9.86,14,1,0,0.050000000000000044,0.055741576167444386,8.486339251200357
ddqn,42,5008,99642,9.88,12,1,0,0.050000000000000044,0.018648878981669743,8.60846741994222
ddqn,42,5009,99660,9.82,18,1,0,0.050000000000000044,0.02548055462539196,8.583579063415527
ddqn,42,5010,99677,9.83,17,1,0,0.050000000000000044,0.019075513118878007,8.599356174468994
ddqn,42,5011,99691,9.86,14,1,0,0.050000000000000044,0.017441370834906895,8.759326934814453
ddqn,42,5012,99707,9.84,16,1,0,0.050000000000000044,0.01973407668992877,8.665563583374023
ddqn,42,5013,99721,9.86,14,1,0,0.050000000000000044,0.012684636749327183,8.439947128295898
ddqn,42,5014,99735,9.86,14,1,0,0.050000000000000044,0.01575246515373389,8.518781979878744
ddqn,42,5015,99747,9.88,12,1,0,0.050000000000000044,0.01910312908391158,8.818460464477539
ddqn,42,5016,99761,9.86,14,1,0,0.050000000000000044,0.014882393879815936,8.719633340835571
ddqn,42,5017,99778,9.83,17,1,0,0.050000000000000044,0.016648056218400598,8.381426811218262
ddqn,42,5018,99794,9.84,16,1,0,0.050000000000000044,0.01725425897166133,8.762235403060913
ddqn,42,5019,99808,9.86,14,1,0,0.050000000000000044,0.014411472948268056,8.654823780059814
ddqn,42,5020,99820,9.88,12,1,0,0.050000000000000044,0.01511759248872598,8.783716837565104
ddqn,42,5021,99846,9.74,26,1,0,0.050000000000000044,0.023493409312019747,8.568047205607096
ddqn,42,5022,99858,9.88,12,1,0,0.050000000000000044,0.012843696710964045,8.602482159932455
ddqn,42,5023,99874,9.84,16,1,0,0.050000000000000044,0.015166574623435736,8.697218179702759
ddqn,42,5024,99889,9.85,15,1,0,0.050000000000000044,0.05050522740930319,8.675949096679688
ddqn,42,5025,99904,9.85,15,1,0,0.050000000000000044,0.017167817801237106,8.74705195426941
ddqn,42,5026,99916,9.88,12,1,0,0.050000000000000044,0.016717702771226566,8.50676186879476
ddqn,42,5027,99936,9.8,20,1,0,0.050000000000000044,0.016308957524597645,8.676188659667968
ddqn,42,5028,99962,9.74,26,1,0,0.050000000000000044,0.01632872751603524,8.73592201868693
ddqn,42,5029,99976,9.86,14,1,0,0.050000000000000044,0.01885673776268959,8.761923789978027
ddqn,42,5030,99988,9.88,12,1,0,0.050000000000000044,0.015502387657761574,8.450651168823242
ddqn,42,5031,100000,9.88,12,1,0,0.050000000000000044,0.014128122478723526,8.722089767456055
