algorithm,seed,episode,global_step,episode_return,episode_steps,success,collision,epsilon,mean_loss,mean_q
ddqn,123,1,4,-10.04,4,0,1,0.9999366666666667,,
ddqn,123,2,21,-10.17,17,0,1,0.9996675,,
ddqn,123,3,26,-10.049999999999999,5,0,1,0.9995883333333333,,
ddqn,123,4,36,-10.1,10,0,1,0.99943,,
ddqn,123,5,71,-10.35,35,0,1,0.9988758333333333,,
ddqn,123,6,77,-10.06,6,0,1,0.9987808333333333,,
ddqn,123,7,93,-10.16,16,0,1,0.9985275,,
ddqn,123,8,97,-10.04,4,0,1,0.9984641666666667,,
ddqn,123,9,99,-10.02,2,0,1,0.9984325,,
ddqn,123,10,107,-10.08,8,0,1,0.9983058333333333,,
ddqn,123,11,112,-10.049999999999999,5,0,1,0.9982266666666667,,
ddqn,123,12,132,-10.2,20,0,1,0.99791,,
ddqn,123,13,137,-10.049999999999999,5,0,1,0.9978308333333333,,
ddqn,123,14,159,-10.22,22,0,1,0.9974825,,
ddqn,123,15,164,-10.049999999999999,5,0,1,0.9974033333333333,,
ddqn,123,16,187,-10.23,23,0,1,0.9970391666666667,,
ddqn,123,17,192,-10.049999999999999,5,0,1,0.99696,,
ddqn,123,18,202,-10.1,10,0,1,0.9968016666666667,,
ddqn,123,19,225,-10.23,23,0,1,0.9964375,,
ddqn,123,20,227,-10.02,2,0,1,0.9964058333333333,,
ddqn,123,21,236,-10.09,9,0,1,0.9962633333333333,,
ddqn,123,22,244,-10.08,8,0,1,0.9961366666666667,,
ddqn,123,23,261,-10.17,17,0,1,0.9958675,,
ddqn,123,24,292,-10.31,31,0,1,0.9953766666666667,,
ddqn,123,25,300,-10.08,8,0,1,0.99525,,
ddqn,123,26,305,-10.049999999999999,5,0,1,0.9951708333333333,,
ddqn,123,27,309,-10.04,4,0,1,0.9951075,,
ddqn,123,28,320,-10.11,11,0,1,0.9949333333333333,,
ddqn,123,29,327,-10.07,7,0,1,0.9948225,,
ddqn,123,30,341,-10.14,14,0,1,0.9946008333333334,,
ddqn,123,31,353,-10.12,12,0,1,0.9944108333333334,,
ddqn,123,32,356,-10.03,3,0,1,0.9943633333333334,,
ddqn,123,33,373,-10.17,17,0,1,0.9940941666666667,,
ddqn,123,34,392,-10.19,19,0,1,0.9937933333333333,,
ddqn,123,35,394,-10.02,2,0,1,0.9937616666666667,,
ddqn,123,36,400,-10.06,6,0,1,0.9936666666666667,,
ddqn,123,37,462,-10.620000000000001,62,0,1,0.992685,,
ddqn,123,38,466,-10.04,4,0,1,0.9926216666666666,,
ddqn,123,39,472,-10.06,6,0,1,0.9925266666666667,,
ddqn,123,40,477,-10.049999999999999,5,0,1,0.9924475,,
ddqn,123,41,506,-10.29,29,0,1,0.9919883333333334,,
ddqn,123,42,508,-10.02,2,0,1,0.9919566666666667,,
ddqn,123,43,515,-10.07,7,0,1,0.9918458333333333,,
ddqn,123,44,525,-10.1,10,0,1,0.9916875,,
ddqn,123,45,552,-10.27,27,0,1,0.99126,,
ddqn,123,46,557,-10.049999999999999,5,0,1,0.9911808333333333,,
ddqn,123,47,577,-10.2,20,0,1,0.9908641666666667,,
ddqn,123,48,588,-10.11,11,0,1,0.99069,,
ddqn,123,49,591,-10.03,3,0,1,0.9906425,,
ddqn,123,50,610,-10.19,19,0,1,0.9903416666666667,,
ddqn,123,51,616,-10.06,6,0,1,0.9902466666666667,,
ddqn,123,52,619,-10.03,3,0,1,0.9901991666666666,,
ddqn,123,53,621,-10.02,2,0,1,0.9901675,,
ddqn,123,54,625,-10.04,4,0,1,0.9901041666666667,,
ddqn,123,55,628,-10.03,3,0,1,0.9900566666666667,,
ddqn,123,56,633,-10.049999999999999,5,0,1,0.9899775,,
ddqn,123,57,656,-10.23,23,0,1,0.9896133333333333,,
ddqn,123,58,667,-10.11,11,0,1,0.9894391666666666,,
ddqn,123,59,670,-10.03,3,0,1,0.9893916666666667,,
ddqn,123,60,672,-10.02,2,0,1,0.98936,,
ddqn,123,61,685,-10.129999999999999,13,0,1,0.9891541666666667,,
ddqn,123,62,687,-10.02,2,0,1,0.9891225,,
ddqn,123,63,699,-10.12,12,0,1,0.9889325,,
ddqn,123,64,714,-10.15,15,0,1,0.988695,,
ddqn,123,65,744,-10.3,30,0,1,0.98822,,
ddqn,123,66,749,-10.049999999999999,5,0,1,0.9881408333333334,,
ddqn,123,67,754,-10.049999999999999,5,0,1,0.9880616666666666,,
ddqn,123,68,765,-10.11,11,0,1,0.9878875,,
ddqn,123,69,781,-10.16,16,0,1,0.9876341666666667,,
ddqn,123,70,790,-10.09,9,0,1,0.9874916666666667,,
ddqn,123,71,795,-10.049999999999999,5,0,1,0.9874125,,
ddqn,123,72,797,-10.02,2,0,1,0.9873808333333334,,
ddqn,123,73,803,-10.06,6,0,1,0.9872858333333333,,
ddqn,123,74,806,-10.03,3,0,1,0.9872383333333333,,
ddqn,123,75,815,-10.09,9,0,1,0.9870958333333333,,
ddqn,123,76,820,-10.049999999999999,5,0,1,0.9870166666666667,,
ddqn,123,77,827,-10.07,7,0,1,0.9869058333333334,,
ddqn,123,78,831,-10.04,4,0,1,0.9868425,,
ddqn,123,79,834,-10.03,3,0,1,0.986795,,
ddqn,123,80,835,-10.01,1,0,1,0.9867791666666667,,
ddqn,123,81,841,-10.06,6,0,1,0.9866841666666667,,
ddqn,123,82,857,-10.16,16,0,1,0.9864308333333334,,
ddqn,123,83,863,-10.06,6,0,1,0.9863358333333333,,
ddqn,123,84,904,-10.41,41,0,1,0.9856866666666667,,
ddqn,123,85,918,-10.14,14,0,1,0.985465,,
ddqn,123,86,966,-10.48,48,0,1,0.984705,,
ddqn,123,87,969,-10.03,3,0,1,0.9846575,,
ddqn,123,88,976,-10.07,7,0,1,0.9845466666666667,,
ddqn,123,89,978,-10.02,2,0,1,0.984515,,
ddqn,123,90,993,-10.15,15,0,1,0.9842775,,
ddqn,123,91,997,-10.04,4,0,1,0.9842141666666666,,
ddqn,123,92,1006,-10.09,9,0,1,0.9840716666666667,,
ddqn,123,93,1024,-10.18,18,0,1,0.9837866666666667,,
ddqn,123,94,1027,-10.03,3,0,1,0.9837391666666667,,
ddqn,123,95,1036,-10.09,9,0,1,0.9835966666666667,,
ddqn,123,96,1049,-10.129999999999999,13,0,1,0.9833908333333333,,
ddqn,123,97,1053,-10.04,4,0,1,0.9833275,,
ddqn,123,98,1081,-10.28,28,0,1,0.9828841666666667,,
ddqn,123,99,1085,-10.04,4,0,1,0.9828208333333334,,
ddqn,123,100,1088,-10.03,3,0,1,0.9827733333333333,,
ddqn,123,101,1090,-10.02,2,0,1,0.9827416666666666,,
ddqn,123,102,1102,-10.12,12,0,1,0.9825516666666667,,
ddqn,123,103,1121,-10.19,19,0,1,0.9822508333333333,,
ddqn,123,104,1126,-10.049999999999999,5,0,1,0.9821716666666667,,
ddqn,123,105,1141,-10.15,15,0,1,0.9819341666666667,,
ddqn,123,106,1142,-10.01,1,0,1,0.9819183333333333,,
ddqn,123,107,1159,-10.17,17,0,1,0.9816491666666667,,
ddqn,123,108,1167,-10.08,8,0,1,0.9815225,,
ddqn,123,109,1177,-10.1,10,0,1,0.9813641666666667,,
ddqn,123,110,1179,-10.02,2,0,1,0.9813325,,
ddqn,123,111,1187,-10.08,8,0,1,0.9812058333333333,,
ddqn,123,112,1194,-10.07,7,0,1,0.981095,,
ddqn,123,113,1241,-10.47,47,0,1,0.9803508333333333,,
ddqn,123,114,1257,-10.16,16,0,1,0.9800975,,
ddqn,123,115,1266,-10.09,9,0,1,0.979955,,
ddqn,123,116,1269,-10.03,3,0,1,0.9799075,,
ddqn,123,117,1275,-10.06,6,0,1,0.9798125,,
ddqn,123,118,1292,-10.17,17,0,1,0.9795433333333333,,
ddqn,123,119,1297,-10.049999999999999,5,0,1,0.9794641666666667,,
ddqn,123,120,1298,-10.01,1,0,1,0.9794483333333334,,
ddqn,123,121,1306,-10.08,8,0,1,0.9793216666666666,,
ddqn,123,122,1308,-10.02,2,0,1,0.97929,,
ddqn,123,123,1311,-10.03,3,0,1,0.9792425,,
ddqn,123,124,1324,-10.129999999999999,13,0,1,0.9790366666666667,,
ddqn,123,125,1328,-10.04,4,0,1,0.9789733333333334,,
ddqn,123,126,1355,-10.27,27,0,1,0.9785458333333333,,
ddqn,123,127,1357,-10.02,2,0,1,0.9785141666666667,,
ddqn,123,128,1360,-10.03,3,0,1,0.9784666666666667,,
ddqn,123,129,1375,-10.15,15,0,1,0.9782291666666667,,
ddqn,123,130,1386,-10.11,11,0,1,0.978055,,
ddqn,123,131,1393,-10.07,7,0,1,0.9779441666666666,,
ddqn,123,132,1396,-10.03,3,0,1,0.9778966666666666,,
ddqn,123,133,1399,-10.03,3,0,1,0.9778491666666667,,
ddqn,123,134,1404,-10.049999999999999,5,0,1,0.97777,,
ddqn,123,135,1427,-10.23,23,0,1,0.9774058333333333,,
ddqn,123,136,1436,-10.09,9,0,1,0.9772633333333334,,
ddqn,123,137,1445,-10.09,9,0,1,0.9771208333333333,,
ddqn,123,138,1470,-10.25,25,0,1,0.976725,,
ddqn,123,139,1472,-10.02,2,0,1,0.9766933333333333,,
ddqn,123,140,1526,-10.54,54,0,1,0.9758383333333334,,
ddqn,123,141,1530,-10.04,4,0,1,0.9757750000000001,,
ddqn,123,142,1533,-10.03,3,0,1,0.9757275,,
ddqn,123,143,1535,-10.02,2,0,1,0.9756958333333333,,
ddqn,123,144,1555,-10.2,20,0,1,0.9753791666666667,,
ddqn,123,145,1562,-10.07,7,0,1,0.9752683333333333,,
ddqn,123,146,1577,-10.15,15,0,1,0.9750308333333333,,
ddqn,123,147,1584,-10.07,7,0,1,0.97492,,
ddqn,123,148,1593,-10.09,9,0,1,0.9747775,,
ddqn,123,149,1604,-10.11,11,0,1,0.9746033333333334,,
ddqn,123,150,1610,-10.06,6,0,1,0.9745083333333333,,
ddqn,123,151,1613,-10.03,3,0,1,0.9744608333333333,,
ddqn,123,152,1616,-10.03,3,0,1,0.9744133333333334,,
ddqn,123,153,1620,-10.04,4,0,1,0.97435,,
ddqn,123,154,1626,-10.06,6,0,1,0.974255,,
ddqn,123,155,1627,-10.01,1,0,1,0.9742391666666667,,
ddqn,123,156,1632,-10.049999999999999,5,0,1,0.97416,,
ddqn,123,157,1633,-10.01,1,0,1,0.9741441666666667,,
ddqn,123,158,1637,-10.04,4,0,1,0.9740808333333333,,
ddqn,123,159,1643,-10.06,6,0,1,0.9739858333333333,,
ddqn,123,160,1656,-10.129999999999999,13,0,1,0.97378,,
ddqn,123,161,1657,-10.01,1,0,1,0.9737641666666667,,
ddqn,123,162,1670,-10.129999999999999,13,0,1,0.9735583333333333,,
ddqn,123,163,1672,-10.02,2,0,1,0.9735266666666667,,
ddqn,123,164,1677,-10.049999999999999,5,0,1,0.9734475,,
ddqn,123,165,1714,-10.37,37,0,1,0.9728616666666666,,
ddqn,123,166,1724,-10.1,10,0,1,0.9727033333333334,,
ddqn,123,167,1727,-10.03,3,0,1,0.9726558333333334,,
ddqn,123,168,1730,-10.03,3,0,1,0.9726083333333333,,
ddqn,123,169,1733,-10.03,3,0,1,0.9725608333333333,,
ddqn,123,170,1735,-10.02,2,0,1,0.9725291666666667,,
ddqn,123,171,1738,-10.03,3,0,1,0.9724816666666667,,
ddqn,123,172,1739,-10.01,1,0,1,0.9724658333333334,,
ddqn,123,173,1772,-10.33,33,0,1,0.9719433333333334,,
ddqn,123,174,1788,-10.16,16,0,1,0.97169,,
ddqn,123,175,1812,-10.24,24,0,1,0.97131,,
ddqn,123,176,1818,-10.06,6,0,1,0.971215,,
ddqn,123,177,1822,-10.04,4,0,1,0.9711516666666666,,
ddqn,123,178,1865,-10.43,43,0,1,0.9704708333333333,,
ddqn,123,179,1871,-10.06,6,0,1,0.9703758333333333,,
ddqn,123,180,1881,-10.1,10,0,1,0.9702175,,
ddqn,123,181,1885,-10.04,4,0,1,0.9701541666666667,,
ddqn,123,182,1892,-10.07,7,0,1,0.9700433333333334,,
ddqn,123,183,1909,-10.17,17,0,1,0.9697741666666667,,
ddqn,123,184,1925,-10.16,16,0,1,0.9695208333333334,,
ddqn,123,185,1930,-10.049999999999999,5,0,1,0.9694416666666666,,
ddqn,123,186,1947,-10.17,17,0,1,0.9691725,,
ddqn,123,187,1957,-10.1,10,0,1,0.9690141666666666,,
ddqn,123,188,1962,-10.049999999999999,5,0,1,0.968935,,
ddqn,123,189,1979,-10.17,17,0,1,0.9686658333333333,,
ddqn,123,190,1987,-10.08,8,0,1,0.9685391666666666,,
ddqn,123,191,1990,-10.03,3,0,1,0.9684916666666666,,
ddqn,123,192,2012,-10.22,22,0,1,0.9681433333333334,1.2069610357284546,-0.07271917606703937
ddqn,123,193,2014,-10.02,2,0,1,0.9681116666666667,,
ddqn,123,194,2016,-10.02,2,0,1,0.96808,0.7344204187393188,-0.15756617486476898
ddqn,123,195,2019,-10.03,3,0,1,0.9680325,,
ddqn,123,196,2021,-10.02,2,0,1,0.9680008333333333,0.745903730392456,-0.1906985640525818
ddqn,123,197,2033,-10.12,12,0,1,0.9678108333333333,1.0508129596710205,-0.1418959597746531
ddqn,123,198,2062,-10.29,29,0,1,0.9673516666666667,0.7878457435539791,-0.10156663826533727
ddqn,123,199,2065,-10.03,3,0,1,0.9673041666666666,1.0071213245391846,-0.03438173234462738
ddqn,123,200,2078,-10.129999999999999,13,0,1,0.9670983333333333,0.8605295419692993,-0.11738700171311696
ddqn,123,201,2082,-10.04,4,0,1,0.967035,0.9911918044090271,-0.18112169206142426
ddqn,123,202,2085,-10.03,3,0,1,0.9669875,1.5466530323028564,-0.2780212461948395
ddqn,123,203,2097,-10.12,12,0,1,0.9667975,0.9119926691055298,-0.2033285399278005
ddqn,123,204,2102,-10.049999999999999,5,0,1,0.9667183333333333,0.853563666343689,-0.20989906787872314
ddqn,123,205,2117,-10.15,15,0,1,0.9664808333333333,0.9095921292901039,-0.1476361956447363
ddqn,123,206,2138,-10.209999999999999,21,0,1,0.9661483333333334,0.8580317258834839,-0.1380140781402588
ddqn,123,207,2148,-10.1,10,0,1,0.96599,0.8725350300470988,-0.22610267996788025
ddqn,123,208,2150,-10.02,2,0,1,0.9659583333333334,,
ddqn,123,209,2153,-10.03,3,0,1,0.9659108333333333,0.7944185733795166,-0.19899924099445343
ddqn,123,210,2155,-10.02,2,0,1,0.9658791666666666,,
ddqn,123,211,2167,-10.12,12,0,1,0.9656891666666667,0.9151788552602133,-0.3010624647140503
ddqn,123,212,2191,-10.24,24,0,1,0.9653091666666667,0.7515356888373693,-0.20045857752362886
ddqn,123,213,2194,-10.03,3,0,1,0.9652616666666667,1.0245518684387207,-0.3288303315639496
ddqn,123,214,2250,-10.56,56,0,1,0.964375,0.7447696306875774,-0.4303776557956423
ddqn,123,215,2252,-10.02,2,0,1,0.9643433333333333,0.6730595827102661,-0.6018722653388977
ddqn,123,216,2257,-10.049999999999999,5,0,1,0.9642641666666667,0.6105514764785767,-0.5411854982376099
ddqn,123,217,2271,-10.14,14,0,1,0.9640425,0.6983248988787333,-0.5532547235488892
ddqn,123,218,2281,-10.1,10,0,1,0.9638841666666667,0.612449566523234,-0.6672963897387186
ddqn,123,219,2289,-10.08,8,0,1,0.9637575,1.0011215507984161,-1.048273652791977
ddqn,123,220,2292,-10.03,3,0,1,0.96371,0.5392123460769653,-1.2877051830291748
ddqn,123,221,2298,-10.06,6,0,1,0.963615,0.6411060094833374,-1.461252212524414
ddqn,123,222,2313,-10.15,15,0,1,0.9633775,0.6831305623054504,-1.2526743710041046
ddqn,123,223,2318,-10.049999999999999,5,0,1,0.9632983333333334,0.17495226860046387,-0.23973539471626282
ddqn,123,224,2320,-10.02,2,0,1,0.9632666666666667,0.42233404517173767,-1.0945948362350464
ddqn,123,225,2332,-10.12,12,0,1,0.9630766666666667,0.5206287602583567,-1.0081121325492859
ddqn,123,226,2335,-10.03,3,0,1,0.9630291666666667,,
ddqn,123,227,2338,-10.03,3,0,1,0.9629816666666666,0.5042999386787415,-1.2309513092041016
ddqn,123,228,2344,-10.06,6,0,1,0.9628866666666667,0.4792606830596924,-1.32802152633667
ddqn,123,229,2345,-10.01,1,0,1,0.9628708333333333,,
ddqn,123,230,2360,-10.15,15,0,1,0.9626333333333333,0.31968649476766586,-0.560005497187376
ddqn,123,231,2363,-10.03,3,0,1,0.9625858333333334,,
ddqn,123,232,2366,-10.03,3,0,1,0.9625383333333334,0.38327014446258545,-0.6815778017044067
ddqn,123,233,2368,-10.02,2,0,1,0.9625066666666666,0.4676881432533264,-0.40896135568618774
ddqn,123,234,2372,-10.04,4,0,1,0.9624433333333333,0.45668452978134155,-0.983841061592102
ddqn,123,235,2375,-10.03,3,0,1,0.9623958333333333,,
ddqn,123,236,2389,-10.14,14,0,1,0.9621741666666667,0.376742884516716,-0.7054927796125412
ddqn,123,237,2395,-10.06,6,0,1,0.9620791666666667,0.2006998211145401,-0.18782465159893036
ddqn,123,238,2401,-10.06,6,0,1,0.9619841666666666,0.32686947286129,-0.7421345710754395
ddqn,123,239,2412,-10.11,11,0,1,0.96181,0.2354326844215393,-0.7540473937988281
ddqn,123,240,2416,-10.04,4,0,1,0.9617466666666666,0.5836464762687683,-1.044330358505249
ddqn,123,241,2420,-10.04,4,0,1,0.9616833333333333,0.5057579874992371,-1.3718531131744385
ddqn,123,242,2424,-10.04,4,0,1,0.96162,0.5069066286087036,-0.822731614112854
ddqn,123,243,2443,-10.19,19,0,1,0.9613191666666667,0.39083828777074814,-0.63445895165205
ddqn,123,244,2445,-10.02,2,0,1,0.9612875,0.08765065670013428,-0.9613119959831238
ddqn,123,245,2449,-10.04,4,0,1,0.9612241666666667,0.26075056195259094,-0.661316990852356
ddqn,123,246,2460,-10.11,11,0,1,0.96105,0.5664561291535696,-1.2164162794748943
ddqn,123,247,2461,-10.01,1,0,1,0.9610341666666666,,
ddqn,123,248,2479,-10.18,18,0,1,0.9607491666666667,0.25358615070581436,-1.044841393828392
ddqn,123,249,2492,-10.129999999999999,13,0,1,0.9605433333333333,0.22311198711395264,-0.7557818591594696
ddqn,123,250,2500,-10.08,8,0,1,0.9604166666666667,0.36062632501125336,-1.3537623286247253
ddqn,123,251,2502,-10.02,2,0,1,0.960385,,
ddqn,123,252,2504,-10.02,2,0,1,0.9603533333333334,0.1155489832162857,-0.45809367299079895
ddqn,123,253,2509,-10.049999999999999,5,0,1,0.9602741666666667,0.4379153549671173,-1.1826202869415283
ddqn,123,254,2516,-10.07,7,0,1,0.9601633333333334,0.5748639851808548,-0.7495689690113068
ddqn,123,255,2536,-10.2,20,0,1,0.9598466666666666,0.25942739099264145,-0.8389237403869629
ddqn,123,256,2544,-10.08,8,0,1,0.95972,0.5329981744289398,-0.5831833481788635
ddqn,123,257,2547,-10.03,3,0,1,0.9596725,,
ddqn,123,258,2548,-10.01,1,0,1,0.9596566666666667,0.2888277769088745,-0.7272928953170776
ddqn,123,259,2550,-10.02,2,0,1,0.959625,,
ddqn,123,260,2557,-10.07,7,0,1,0.9595141666666667,0.4641180634498596,-1.1071495413780212
ddqn,123,261,2560,-10.03,3,0,1,0.9594666666666667,0.34978246688842773,-0.7212018966674805
ddqn,123,262,2578,-10.18,18,0,1,0.9591816666666667,0.27192286401987076,-0.8960671499371529
ddqn,123,263,2583,-10.049999999999999,5,0,1,0.9591025,0.44736790657043457,-1.0399150848388672
ddqn,123,264,2625,-10.42,42,0,1,0.9584375,0.29890073954381724,-0.7704819224097512
ddqn,123,265,2631,-10.06,6,0,1,0.9583425,0.16507771611213684,-0.7486194372177124
ddqn,123,266,2655,-10.24,24,0,1,0.9579625,0.2418290382872025,-1.1139160692691803
ddqn,123,267,2657,-10.02,2,0,1,0.9579308333333333,0.4029373526573181,-0.5460588932037354
ddqn,123,268,2660,-10.03,3,0,1,0.9578833333333333,0.06427562981843948,-0.2516840994358063
ddqn,123,269,2665,-10.049999999999999,5,0,1,0.9578041666666667,0.5862199068069458,-0.46708017587661743
ddqn,123,270,2680,-10.15,15,0,1,0.9575666666666667,0.30868737399578094,-1.0827795937657356
ddqn,123,271,2686,-10.06,6,0,1,0.9574716666666667,0.10277502983808517,-0.5121088027954102
ddqn,123,272,2687,-10.01,1,0,1,0.9574558333333333,,
ddqn,123,273,2696,-10.09,9,0,1,0.9573133333333333,0.18383955458799997,-0.9474558234214783
ddqn,123,274,2700,-10.04,4,0,1,0.95725,0.1802612543106079,-0.5466718673706055
ddqn,123,275,2760,-10.6,60,0,1,0.9563,0.2191843669861555,-0.9288799166679382
ddqn,123,276,2766,-10.06,6,0,1,0.956205,0.6092733144760132,-0.9718422889709473
ddqn,123,277,2768,-10.02,2,0,1,0.9561733333333333,0.4087289571762085,-0.6888607740402222
ddqn,123,278,2770,-10.02,2,0,1,0.9561416666666667,,
ddqn,123,279,2815,-10.45,45,0,1,0.9554291666666667,0.267752445218238,-1.0533581972122192
ddqn,123,280,2820,-10.049999999999999,5,0,1,0.95535,0.40598346292972565,-0.7301217317581177
ddqn,123,281,2823,-10.03,3,0,1,0.9553024999999999,,
ddqn,123,282,2826,-10.03,3,0,1,0.955255,0.3066614270210266,-0.8939657211303711
ddqn,123,283,2833,-10.07,7,0,1,0.9551441666666667,0.21793828904628754,-0.5375500619411469
ddqn,123,284,2840,-10.07,7,0,1,0.9550333333333333,0.3349429666996002,-0.9994926452636719
ddqn,123,285,2846,-10.06,6,0,1,0.9549383333333333,0.05857778713107109,-1.3891355991363525
ddqn,123,286,2852,-10.06,6,0,1,0.9548433333333334,0.4571698009967804,-0.5471658110618591
ddqn,123,287,2871,-10.19,19,0,1,0.9545425,0.2624662034213543,-0.6465392410755157
ddqn,123,288,2874,-10.03,3,0,1,0.954495,0.08550771325826645,-0.9587870836257935
ddqn,123,289,2876,-10.02,2,0,1,0.9544633333333333,0.22723141312599182,-0.9467602968215942
ddqn,123,290,2878,-10.02,2,0,1,0.9544316666666667,,
ddqn,123,291,2887,-10.09,9,0,1,0.9542891666666666,0.30921168625354767,-0.6220604777336121
ddqn,123,292,2893,-10.06,6,0,1,0.9541941666666667,0.11736217141151428,-0.7428898215293884
ddqn,123,293,2904,-10.11,11,0,1,0.95402,0.14844483261307082,-0.8461582461992899
ddqn,123,294,2915,-10.11,11,0,1,0.9538458333333333,0.1314208060503006,-0.38217443227767944
ddqn,123,295,2919,-10.04,4,0,1,0.9537825,0.28156471252441406,-0.6684591770172119
ddqn,123,296,2921,-10.02,2,0,1,0.9537508333333333,0.02582009881734848,-0.6278920769691467
ddqn,123,297,2922,-10.01,1,0,1,0.953735,,
ddqn,123,298,2925,-10.03,3,0,1,0.9536875,0.48529893159866333,-0.9378879070281982
ddqn,123,299,2933,-10.08,8,0,1,0.9535608333333333,0.162523889914155,-0.40293949097394943
ddqn,123,300,2938,-10.049999999999999,5,0,1,0.9534816666666667,0.15941844880580902,-0.8910449147224426
ddqn,123,301,2947,-10.09,9,0,1,0.9533391666666666,0.34403765201568604,-0.7602985799312592
ddqn,123,302,2949,-10.02,2,0,1,0.9533075,0.21207068860530853,-1.434915542602539
ddqn,123,303,2952,-10.03,3,0,1,0.95326,0.30097696185112,-1.2876349687576294
ddqn,123,304,2955,-10.03,3,0,1,0.9532125,,
ddqn,123,305,2958,-10.03,3,0,1,0.953165,0.1084301546216011,-0.28465306758880615
ddqn,123,306,2961,-10.03,3,0,1,0.9531175000000001,0.39175817370414734,-0.7015556693077087
ddqn,123,307,2962,-10.01,1,0,1,0.9531016666666666,,
ddqn,123,308,2966,-10.04,4,0,1,0.9530383333333333,0.15657272934913635,-1.1737357378005981
ddqn,123,309,2968,-10.02,2,0,1,0.9530066666666667,0.25753968954086304,-1.2328779697418213
ddqn,123,310,2971,-10.03,3,0,1,0.9529591666666667,,
ddqn,123,311,2974,-10.03,3,0,1,0.9529116666666667,0.023907754570245743,-0.6850417852401733
ddqn,123,312,2990,-10.16,16,0,1,0.9526583333333334,0.1105854818597436,-1.1421871483325958
ddqn,123,313,3012,-10.22,22,0,1,0.95231,0.2488777463634809,-0.9416516919930776
ddqn,123,314,3016,-10.04,4,0,1,0.9522466666666667,0.4025658965110779,-0.5682550668716431
ddqn,123,315,3020,-10.04,4,0,1,0.9521833333333334,0.1895676553249359,-1.5994665622711182
ddqn,123,316,3022,-10.02,2,0,1,0.9521516666666667,,
ddqn,123,317,3029,-10.07,7,0,1,0.9520408333333333,0.10523124225437641,-1.0584896802902222
ddqn,123,318,3036,-10.07,7,0,1,0.95193,0.24225328862667084,-0.9186466634273529
ddqn,123,319,3063,-10.27,27,0,1,0.9515025,0.1965457902600368,-0.8089447965224584
ddqn,123,320,3075,-10.12,12,0,1,0.9513125,0.23121864100297293,-1.3508747418721516
ddqn,123,321,3081,-10.06,6,0,1,0.9512175,0.3177100643515587,-0.7102034687995911
ddqn,123,322,3094,-10.129999999999999,13,0,1,0.9510116666666667,0.10394784063100815,-0.8688924709955851
ddqn,123,323,3107,-10.129999999999999,13,0,1,0.9508058333333334,0.18870136141777039,-0.5256775841116905
ddqn,123,324,3118,-10.11,11,0,1,0.9506316666666667,0.14308730512857437,-1.2581811745961506
ddqn,123,325,3123,-10.049999999999999,5,0,1,0.9505525,0.4109734296798706,-1.773057222366333
ddqn,123,326,3128,-10.049999999999999,5,0,1,0.9504733333333333,0.27568209916353226,-0.9604374468326569
ddqn,123,327,3141,-10.129999999999999,13,0,1,0.9502675,0.24744507670402527,-1.1692943970362346
ddqn,123,328,3147,-10.06,6,0,1,0.9501725,0.4062386155128479,-0.5326979160308838
ddqn,123,329,3159,-10.12,12,0,1,0.9499825,0.28108469645182294,-0.9275495409965515
ddqn,123,330,3163,-10.04,4,0,1,0.9499191666666666,0.0768008679151535,-1.4481462240219116
ddqn,123,331,3167,-10.04,4,0,1,0.9498558333333333,0.4710308611392975,-1.3879599571228027
ddqn,123,332,3173,-10.06,6,0,1,0.9497608333333334,0.2837999314069748,-1.0246011018753052
ddqn,123,333,3174,-10.01,1,0,1,0.949745,,
ddqn,123,334,3177,-10.03,3,0,1,0.9496975,0.17239336669445038,-0.6374973058700562
ddqn,123,335,3181,-10.04,4,0,1,0.9496341666666667,0.1275617778301239,-1.0529062747955322
ddqn,123,336,3213,-10.32,32,0,1,0.9491275,0.23700245760846883,-0.9393891766667366
ddqn,123,337,3219,-10.06,6,0,1,0.9490325,0.03960516303777695,-1.0618903636932373
ddqn,123,338,3221,-10.02,2,0,1,0.9490008333333333,0.12152845412492752,-1.5336897373199463
ddqn,123,339,3224,-10.03,3,0,1,0.9489533333333333,0.2168387770652771,-1.2493289709091187
ddqn,123,340,3229,-10.049999999999999,5,0,1,0.9488741666666667,0.11072640866041183,-0.2990465462207794
ddqn,123,341,3240,-10.11,11,0,1,0.9487,0.30325543880462646,-1.373193621635437
ddqn,123,342,3255,-10.15,15,0,1,0.9484625,0.3743344247341156,-1.0640802383422852
ddqn,123,343,3271,-10.16,16,0,1,0.9482091666666667,0.14163986034691334,-0.9316853880882263
ddqn,123,344,3278,-10.07,7,0,1,0.9480983333333334,0.1946122720837593,-0.987116664648056
ddqn,123,345,3303,-10.25,25,0,1,0.9477025,0.2484642012665669,-1.1636067827542622
ddqn,123,346,3309,-10.06,6,0,1,0.9476075,0.25749603658914566,-1.0051100254058838
ddqn,123,347,3316,-10.07,7,0,1,0.9474966666666667,0.27603279799222946,-1.1091995239257812
ddqn,123,348,3329,-10.129999999999999,13,0,1,0.9472908333333333,0.1733758014937242,-0.6873221000035604
ddqn,123,349,3334,-10.049999999999999,5,0,1,0.9472116666666667,0.12430097162723541,-1.0859344005584717
ddqn,123,350,3337,-10.03,3,0,1,0.9471641666666667,0.24085736274719238,-0.5893700122833252
ddqn,123,351,3343,-10.06,6,0,1,0.9470691666666666,0.16714903712272644,-1.1969950199127197
ddqn,123,352,3350,-10.07,7,0,1,0.9469583333333333,0.29781997203826904,-0.7560226619243622
ddqn,123,353,3351,-10.01,1,0,1,0.9469425,,
ddqn,123,354,3352,-10.01,1,0,1,0.9469266666666667,0.14379137754440308,-1.3826814889907837
ddqn,123,355,3356,-10.04,4,0,1,0.9468633333333334,0.38912317156791687,-0.9487839341163635
ddqn,123,356,3382,-10.26,26,0,1,0.9464516666666667,0.2398496437817812,-0.7182981123526891
ddqn,123,357,3388,-10.06,6,0,1,0.9463566666666666,0.1025652140378952,-1.1368349194526672
ddqn,123,358,3389,-10.01,1,0,1,0.9463408333333333,,
ddqn,123,359,3393,-10.04,4,0,1,0.9462775,0.39610546827316284,-1.05289626121521
ddqn,123,360,3397,-10.04,4,0,1,0.9462141666666667,0.30158135294914246,-0.8775836825370789
ddqn,123,361,3401,-10.04,4,0,1,0.9461508333333334,0.2202029824256897,-1.2693501710891724
ddqn,123,362,3424,-10.23,23,0,1,0.9457866666666667,0.22085873037576675,-1.1862608989079793
ddqn,123,363,3425,-10.01,1,0,1,0.9457708333333333,,
ddqn,123,364,3444,-10.19,19,0,1,0.94547,0.2532134190201759,-0.8220132231712342
ddqn,123,365,3471,-10.27,27,0,1,0.9450425,0.27123019844293594,-0.8305825690428416
ddqn,123,366,3481,-10.1,10,0,1,0.9448841666666666,0.09109032154083252,-1.1170101563135784
ddqn,123,367,3486,-10.049999999999999,5,0,1,0.944805,0.20431570708751678,-0.7718178033828735
ddqn,123,368,3490,-10.04,4,0,1,0.9447416666666667,0.45991435647010803,-1.4547855854034424
ddqn,123,369,3491,-10.01,1,0,1,0.9447258333333334,,
ddqn,123,370,3523,-10.32,32,0,1,0.9442191666666667,0.1848355196416378,-0.9111717715859413
ddqn,123,371,3535,-10.12,12,0,1,0.9440291666666667,0.09649478892485301,-0.8345971504847208
ddqn,123,372,3549,-10.14,14,0,1,0.9438075,0.16438845358788967,-0.8509368598461151
ddqn,123,373,3552,-10.03,3,0,1,0.94376,0.262508362531662,-0.8266639113426208
ddqn,123,374,3561,-10.09,9,0,1,0.9436175,0.08362936228513718,-1.339879333972931
ddqn,123,375,3565,-10.04,4,0,1,0.9435541666666667,0.11209158599376678,-0.8370705246925354
ddqn,123,376,3576,-10.11,11,0,1,0.94338,0.13433015470703444,-1.1183374325434368
ddqn,123,377,3581,-10.049999999999999,5,0,1,0.9433008333333334,0.11483053863048553,-0.8436840772628784
ddqn,123,378,3585,-10.04,4,0,1,0.9432375,0.07592515647411346,-1.186466097831726
ddqn,123,379,3617,-10.32,32,0,1,0.9427308333333333,0.21621451433748007,-1.1754634380340576
ddqn,123,380,3622,-10.049999999999999,5,0,1,0.9426516666666667,0.3405742347240448,-1.1395957469940186
ddqn,123,381,3632,-10.1,10,0,1,0.9424933333333333,0.18640979627768198,-1.316422959168752
ddqn,123,382,3635,-10.03,3,0,1,0.9424458333333333,,
ddqn,123,383,3637,-10.02,2,0,1,0.9424141666666667,0.3302815854549408,-1.2785849571228027
ddqn,123,384,3642,-10.049999999999999,5,0,1,0.942335,0.2840596139431,-1.5161892175674438
ddqn,123,385,3649,-10.07,7,0,1,0.9422241666666666,0.21278437227010727,-0.9069651365280151
ddqn,123,386,3653,-10.04,4,0,1,0.9421608333333333,0.10371022671461105,-1.512587308883667
ddqn,123,387,3661,-10.08,8,0,1,0.9420341666666667,0.1415347158908844,-0.9505695998668671
ddqn,123,388,3664,-10.03,3,0,1,0.9419866666666666,0.3767477571964264,-1.5385208129882812
ddqn,123,389,3668,-10.04,4,0,1,0.9419233333333333,0.19517618417739868,-1.548302173614502
ddqn,123,390,3671,-10.03,3,0,1,0.9418758333333334,,
ddqn,123,391,3686,-10.15,15,0,1,0.9416383333333334,0.20910944789648056,-1.434548258781433
ddqn,123,392,3705,-10.19,19,0,1,0.9413375,0.2147332563996315,-1.3868396282196045
ddqn,123,393,3721,-10.16,16,0,1,0.9410841666666667,0.1272501004859805,-1.1311072558164597
ddqn,123,394,3730,-10.09,9,0,1,0.9409416666666667,0.13174420967698097,-1.1872319281101227
ddqn,123,395,3740,-10.1,10,0,1,0.9407833333333333,0.2810529867808024,-1.1387213865915935
ddqn,123,396,3750,-10.1,10,0,1,0.940625,0.1465977020561695,-1.2020620107650757
ddqn,123,397,3754,-10.04,4,0,1,0.9405616666666666,0.31939783692359924,-1.1903235912322998
ddqn,123,398,3763,-10.09,9,0,1,0.9404191666666667,0.19275230914354324,-1.1834099888801575
ddqn,123,399,3766,-10.03,3,0,1,0.9403716666666667,0.22849035263061523,-1.2721092700958252
ddqn,123,400,3769,-10.03,3,0,1,0.9403241666666666,0.16371144354343414,-1.4623546600341797
ddqn,123,401,3778,-10.09,9,0,1,0.9401816666666667,0.2123538851737976,-1.276533603668213
ddqn,123,402,3781,-10.03,3,0,1,0.9401341666666667,0.19057737290859222,-1.4029152393341064
ddqn,123,403,3784,-10.03,3,0,1,0.9400866666666666,0.13950783014297485,-1.4549674987792969
ddqn,123,404,3788,-10.04,4,0,1,0.9400233333333333,0.12576332688331604,-0.5247796177864075
ddqn,123,405,3790,-10.02,2,0,1,0.9399916666666667,,
ddqn,123,406,3796,-10.06,6,0,1,0.9398966666666667,0.15262488275766373,-1.1798284649848938
ddqn,123,407,3820,-10.24,24,0,1,0.9395166666666667,0.23807618270317712,-1.124054104089737
ddqn,123,408,3828,-10.08,8,0,1,0.9393900000000001,0.14941828697919846,-1.2159992456436157
ddqn,123,409,3835,-10.07,7,0,1,0.9392791666666667,0.15703091025352478,-0.6052193641662598
ddqn,123,410,3839,-10.04,4,0,1,0.9392158333333334,0.06395839899778366,-1.0059409141540527
ddqn,123,411,3850,-10.11,11,0,1,0.9390416666666667,0.17893530428409576,-1.1575498580932617
ddqn,123,412,3855,-10.049999999999999,5,0,1,0.9389625,0.08406451344490051,-1.3701770305633545
ddqn,123,413,3875,-10.2,20,0,1,0.9386458333333333,0.1071648046374321,-1.108113420009613
ddqn,123,414,3877,-10.02,2,0,1,0.9386141666666666,0.13892120122909546,-0.8334774971008301
ddqn,123,415,3878,-10.01,1,0,1,0.9385983333333333,,
ddqn,123,416,3881,-10.03,3,0,1,0.9385508333333333,0.25365185737609863,-1.1259154081344604
ddqn,123,417,3884,-10.03,3,0,1,0.9385033333333334,0.18637239933013916,-1.393409013748169
ddqn,123,418,3888,-10.04,4,0,1,0.93844,0.12507203221321106,-1.077589988708496
ddqn,123,419,3896,-10.08,8,0,1,0.9383133333333333,0.08074094727635384,-0.9921834170818329
ddqn,123,420,3910,-10.14,14,0,1,0.9380916666666667,0.26126474142074585,-0.972830057144165
ddqn,123,421,3922,-10.12,12,0,1,0.9379016666666666,0.10264121989409129,-0.9826985001564026
ddqn,123,422,3923,-10.01,1,0,1,0.9378858333333333,,
ddqn,123,423,3936,-10.129999999999999,13,0,1,0.93768,0.19528341107070446,-0.9242979884147644
ddqn,123,424,3948,-10.12,12,0,1,0.93749,0.14415437231461206,-1.1575669050216675
ddqn,123,425,3956,-10.08,8,0,1,0.9373633333333333,0.23831242322921753,-0.9776705503463745
ddqn,123,426,3961,-10.049999999999999,5,0,1,0.9372841666666667,0.2944824695587158,-0.609950602054596
ddqn,123,427,3972,-10.11,11,0,1,0.93711,0.09505004187424977,-1.3181001742680867
ddqn,123,428,3979,-10.07,7,0,1,0.9369991666666667,0.1279296875,-1.8399946689605713
ddqn,123,429,3981,-10.02,2,0,1,0.9369675,0.0583338588476181,-1.1982204914093018
ddqn,123,430,3984,-10.03,3,0,1,0.93692,0.16076752543449402,-0.740568995475769
ddqn,123,431,3989,-10.049999999999999,5,0,1,0.9368408333333333,0.07398013770580292,-0.8690507411956787
ddqn,123,432,3992,-10.03,3,0,1,0.9367933333333334,0.07404087483882904,-0.8180674910545349
ddqn,123,433,3993,-10.01,1,0,1,0.9367775,,
ddqn,123,434,3998,-10.049999999999999,5,0,1,0.9366983333333333,0.20451480150222778,-0.8052354454994202
ddqn,123,435,4002,-10.04,4,0,1,0.936635,0.0957307517528534,-1.1503269672393799
ddqn,123,436,4007,-10.049999999999999,5,0,1,0.9365558333333334,0.11449788510799408,-1.6118813753128052
ddqn,123,437,4015,-10.08,8,0,1,0.9364291666666666,0.13588846987113357,-1.3259661793708801
ddqn,123,438,4016,-10.01,1,0,1,0.9364133333333333,0.07728087902069092,-1.6441203355789185
ddqn,123,439,4022,-10.06,6,0,1,0.9363183333333334,0.19296321272850037,-1.0174940824508667
ddqn,123,440,4027,-10.049999999999999,5,0,1,0.9362391666666666,0.0910622850060463,-1.1823923587799072
ddqn,123,441,4030,-10.03,3,0,1,0.9361916666666666,0.029888063669204712,-1.4498769044876099
ddqn,123,442,4046,-10.16,16,0,1,0.9359383333333333,0.12502337247133255,-1.305068925023079
ddqn,123,443,4059,-10.129999999999999,13,0,1,0.9357325,0.12213644882043202,-1.1200635433197021
ddqn,123,444,4063,-10.04,4,0,1,0.9356691666666667,0.12946082651615143,-1.0001591444015503
ddqn,123,445,4078,-10.15,15,0,1,0.9354316666666667,0.07097468804568052,-0.9958130568265915
ddqn,123,446,4087,-10.09,9,0,1,0.9352891666666666,0.0534549355506897,-1.3861746191978455
ddqn,123,447,4089,-10.02,2,0,1,0.9352575,0.16426503658294678,-1.1470330953598022
ddqn,123,448,4091,-10.02,2,0,1,0.9352258333333333,,
ddqn,123,449,4093,-10.02,2,0,1,0.9351941666666667,0.08849914371967316,-1.7425224781036377
ddqn,123,450,4098,-10.049999999999999,5,0,1,0.935115,0.06470946967601776,-1.4474759101867676
ddqn,123,451,4100,-10.02,2,0,1,0.9350833333333334,0.0699303150177002,-1.4172970056533813
ddqn,123,452,4111,-10.11,11,0,1,0.9349091666666667,0.0934741236269474,-0.8671787977218628
ddqn,123,453,4142,-10.31,31,0,1,0.9344183333333334,0.10665902541950345,-1.057941973209381
ddqn,123,454,4167,-10.25,25,0,1,0.9340225,0.11534426671763261,-1.2034333844979603
ddqn,123,455,4170,-10.03,3,0,1,0.933975,0.019473711028695107,-0.5413368940353394
ddqn,123,456,4172,-10.02,2,0,1,0.9339433333333333,0.15712884068489075,-1.4893929958343506
ddqn,123,457,4176,-10.04,4,0,1,0.93388,0.07842734456062317,-0.71474289894104
ddqn,123,458,4180,-10.04,4,0,1,0.9338166666666666,0.05218145251274109,-1.3072079420089722
ddqn,123,459,4201,-10.209999999999999,21,0,1,0.9334841666666667,0.08938684910535813,-1.4653263688087463
ddqn,123,460,4207,-10.06,6,0,1,0.9333891666666667,0.05084052309393883,-1.0115689039230347
ddqn,123,461,4209,-10.02,2,0,1,0.9333575,0.05917874723672867,-0.895115852355957
ddqn,123,462,4217,-10.08,8,0,1,0.9332308333333333,0.0510597787797451,-1.1918363869190216
ddqn,123,463,4239,-10.22,22,0,1,0.9328825000000001,0.1025884784758091,-1.4512889623641967
ddqn,123,464,4273,-10.34,34,0,1,0.9323441666666666,0.09358155851562817,-1.0291210346751742
ddqn,123,465,4275,-10.02,2,0,1,0.9323125,,
ddqn,123,466,4288,-10.129999999999999,13,0,1,0.9321066666666666,0.08446271251887083,-1.5575376152992249
ddqn,123,467,4293,-10.049999999999999,5,0,1,0.9320275,0.06084192544221878,-1.1127146482467651
ddqn,123,468,4296,-10.03,3,0,1,0.93198,0.052101634442806244,-1.7794313430786133
ddqn,123,469,4297,-10.01,1,0,1,0.9319641666666667,,
ddqn,123,470,4300,-10.03,3,0,1,0.9319166666666667,0.05487961322069168,-0.9274807572364807
ddqn,123,471,4309,-10.09,9,0,1,0.9317741666666667,0.0681602917611599,-1.4009510278701782
ddqn,123,472,4313,-10.04,4,0,1,0.9317108333333334,0.055626280605793,-0.7337459325790405
ddqn,123,473,4319,-10.06,6,0,1,0.9316158333333333,0.02724243700504303,-1.1955769062042236
ddqn,123,474,4331,-10.12,12,0,1,0.9314258333333333,0.07642560948928197,-0.9234988292058309
ddqn,123,475,4341,-10.1,10,0,1,0.9312675,0.061653681099414825,-1.1240507364273071
ddqn,123,476,4346,-10.049999999999999,5,0,1,0.9311883333333333,0.023394329473376274,-1.0901439189910889
ddqn,123,477,4349,-10.03,3,0,1,0.9311408333333333,0.03302024304866791,-0.5981479287147522
ddqn,123,478,4353,-10.04,4,0,1,0.9310775,0.05610809102654457,-0.8081706762313843
ddqn,123,479,4370,-10.17,17,0,1,0.9308083333333333,0.040345873683691025,-0.9821922779083252
ddqn,123,480,4383,-10.129999999999999,13,0,1,0.9306025,0.06745620692769687,-1.4813562234242756
ddqn,123,481,4386,-10.03,3,0,1,0.930555,0.04237334430217743,-1.360084056854248
ddqn,123,482,4388,-10.02,2,0,1,0.9305233333333334,0.01968691498041153,-1.1499265432357788
ddqn,123,483,4395,-10.07,7,0,1,0.9304125,0.06610195338726044,-1.0530693531036377
ddqn,123,484,4422,-10.27,27,0,1,0.9299850000000001,0.0780287938458579,-1.0156628489494324
ddqn,123,485,4427,-10.049999999999999,5,0,1,0.9299058333333333,0.10730740427970886,-0.778816819190979
ddqn,123,486,4431,-10.04,4,0,1,0.9298425,0.14926227927207947,-0.9127012491226196
ddqn,123,487,4439,-10.08,8,0,1,0.9297158333333333,0.05009204521775246,-1.4267204403877258
ddqn,123,488,4444,-10.049999999999999,5,0,1,0.9296366666666667,0.03991910442709923,-1.8684437274932861
ddqn,123,489,4450,-10.06,6,0,1,0.9295416666666667,0.03001037985086441,-1.076944351196289
ddqn,123,490,4452,-10.02,2,0,1,0.9295100000000001,0.033158235251903534,-1.5167893171310425
ddqn,123,491,4471,-10.19,19,0,1,0.9292091666666666,0.035415124613791704,-1.2302452474832535
ddqn,123,492,4473,-10.02,2,0,1,0.9291775,0.020816035568714142,-0.8422777652740479
ddqn,123,493,4485,-10.12,12,0,1,0.9289875,0.03689426618317763,-1.0257281462351482
ddqn,123,494,4495,-10.1,10,0,1,0.9288291666666667,0.04343537427484989,-0.7764321565628052
ddqn,123,495,4502,-10.07,7,0,1,0.9287183333333333,0.06156637519598007,-1.2088531255722046
ddqn,123,496,4504,-10.02,2,0,1,0.9286866666666667,0.02956119179725647,-1.8717153072357178
ddqn,123,497,4512,-10.08,8,0,1,0.92856,0.05541044846177101,-1.02058145403862
ddqn,123,498,4515,-10.03,3,0,1,0.9285125,,
ddqn,123,499,4524,-10.09,9,0,1,0.92837,0.03528261246780554,-1.2819135586420696
ddqn,123,500,4529,-10.049999999999999,5,0,1,0.9282908333333333,0.0517398901283741,-1.523642897605896
ddqn,123,501,4576,-10.47,47,0,1,0.9275466666666666,0.055226493859663606,-1.1911379545927048
ddqn,123,502,4584,-10.08,8,0,1,0.92742,0.0936497412621975,-1.077055662870407
ddqn,123,503,4587,-10.03,3,0,1,0.9273725,,
ddqn,123,504,4594,-10.07,7,0,1,0.9272616666666667,0.06707758456468582,-1.3931421041488647
ddqn,123,505,4623,-10.29,29,0,1,0.9268025,0.04110175584043775,-1.3096375039645605
ddqn,123,506,4644,-10.209999999999999,21,0,1,0.92647,0.034463890828192234,-1.4814162353674571
ddqn,123,507,4651,-10.07,7,0,1,0.9263591666666666,0.01471870206296444,-1.6439640522003174
ddqn,123,508,4664,-10.129999999999999,13,0,1,0.9261533333333334,0.03410664713010192,-1.0451650470495224
ddqn,123,509,4706,-10.42,42,0,1,0.9254883333333334,0.043345081992447375,-1.2034932196140289
ddqn,123,510,4709,-10.03,3,0,1,0.9254408333333334,0.031304001808166504,-0.6202231049537659
ddqn,123,511,4735,-10.26,26,0,1,0.9250291666666667,0.052250696967045464,-1.440550704797109
ddqn,123,512,4740,-10.049999999999999,5,0,1,0.92495,0.03076194692403078,-0.9875032007694244
ddqn,123,513,4743,-10.03,3,0,1,0.9249025,,
ddqn,123,514,4756,-10.129999999999999,13,0,1,0.9246966666666667,0.05128872487694025,-1.3062942773103714
ddqn,123,515,4768,-10.12,12,0,1,0.9245066666666667,0.03537388580540816,-1.180004318555196
ddqn,123,516,4771,-10.03,3,0,1,0.9244591666666666,,
ddqn,123,517,4772,-10.01,1,0,1,0.9244433333333333,0.0624576136469841,-1.1257448196411133
ddqn,123,518,4784,-10.12,12,0,1,0.9242533333333334,0.051495602975289025,-1.0341638525327046
ddqn,123,519,4787,-10.03,3,0,1,0.9242058333333334,,
ddqn,123,520,4821,-10.34,34,0,1,0.9236675,0.05964011761049429,-1.2041098442342546
ddqn,123,521,4830,-10.09,9,0,1,0.923525,0.05359851103276014,-1.1844216585159302
ddqn,123,522,4832,-10.02,2,0,1,0.9234933333333333,0.09167714416980743,-1.4320728778839111
ddqn,123,523,4837,-10.049999999999999,5,0,1,0.9234141666666666,0.0984780341386795,-1.1570171117782593
ddqn,123,524,4840,-10.03,3,0,1,0.9233666666666667,0.018892984837293625,-0.6845337152481079
ddqn,123,525,4864,-10.24,24,0,1,0.9229866666666666,0.07234461170931657,-1.0853086511294048
ddqn,123,526,4870,-10.06,6,0,1,0.9228916666666667,0.03560065105557442,-0.9394914507865906
ddqn,123,527,4879,-10.09,9,0,1,0.9227491666666667,0.04820403642952442,-1.645227074623108
ddqn,123,528,4888,-10.09,9,0,1,0.9226066666666667,0.08120677868525188,-1.2311565677324932
ddqn,123,529,4892,-10.04,4,0,1,0.9225433333333334,0.0332254096865654,-1.6812254190444946
ddqn,123,530,4895,-10.03,3,0,1,0.9224958333333333,,
ddqn,123,531,4908,-10.129999999999999,13,0,1,0.92229,0.04998452216386795,-1.049458459019661
ddqn,123,532,4926,-10.18,18,0,1,0.922005,0.04676891677081585,-1.06763556599617
ddqn,123,533,4928,-10.02,2,0,1,0.9219733333333333,0.030628595501184464,-1.0721216201782227
ddqn,123,534,4932,-10.04,4,0,1,0.92191,0.01582212746143341,-1.4187297821044922
ddqn,123,535,4985,-10.53,53,0,1,0.9210708333333333,0.04115109532498396,-1.2743462049044096
ddqn,123,536,4992,-10.07,7,0,1,0.92096,0.03230486437678337,-1.3077051639556885
ddqn,123,537,4998,-10.06,6,0,1,0.920865,0.01707882061600685,-1.2640111446380615
ddqn,123,538,5018,-10.2,20,0,1,0.9205483333333333,0.02274874411523342,-1.1978439927101134
ddqn,123,539,5022,-10.04,4,0,1,0.920485,0.06987787783145905,-1.1471396684646606
ddqn,123,540,5030,-10.08,8,0,1,0.9203583333333334,0.0315558947622776,-0.9131750166416168
ddqn,123,541,5063,-10.33,33,0,1,0.9198358333333333,0.04237633850425482,-1.3626480251550674
ddqn,123,542,5068,-10.049999999999999,5,0,1,0.9197566666666667,0.054542627185583115,-1.5389487743377686
ddqn,123,543,5072,-10.04,4,0,1,0.9196933333333334,0.027942949905991554,-1.283390998840332
ddqn,123,544,5081,-10.09,9,0,1,0.9195508333333333,0.03538170363754034,-1.7580263018608093
ddqn,123,545,5083,-10.02,2,0,1,0.9195191666666667,,
ddqn,123,546,5088,-10.049999999999999,5,0,1,0.91944,0.027643339708447456,-0.9826064109802246
ddqn,123,547,5110,-10.22,22,0,1,0.9190916666666666,0.03433978520333767,-1.2946754932403564
ddqn,123,548,5118,-10.08,8,0,1,0.918965,0.0395540539175272,-1.2381611168384552
ddqn,123,549,5120,-10.02,2,0,1,0.9189333333333334,0.058064475655555725,-2.2614595890045166
ddqn,123,550,5122,-10.02,2,0,1,0.9189016666666667,,
ddqn,123,551,5125,-10.03,3,0,1,0.9188541666666666,0.013754742220044136,-1.2092558145523071
ddqn,123,552,5130,-10.049999999999999,5,0,1,0.918775,0.04028373211622238,-1.4558742046356201
ddqn,123,553,5133,-10.03,3,0,1,0.9187275,0.026821071282029152,-1.1117513179779053
ddqn,123,554,5145,-10.12,12,0,1,0.9185375,0.03205735981464386,-1.6312570969263713
ddqn,123,555,5154,-10.09,9,0,1,0.918395,0.023499878589063883,-1.0967283248901367
ddqn,123,556,5156,-10.02,2,0,1,0.9183633333333333,0.031558673828840256,-0.9978068470954895
ddqn,123,557,5163,-10.07,7,0,1,0.9182525,0.023141013458371162,-1.4915456771850586
ddqn,123,558,5193,-10.3,30,0,1,0.9177775,0.017737110960297287,-1.2555880546569824
ddqn,123,559,5205,-10.12,12,0,1,0.9175875,0.030329609289765358,-1.6882727940877278
ddqn,123,560,5215,-10.1,10,0,1,0.9174291666666666,0.020434734411537647,-1.1694618165493011
ddqn,123,561,5225,-10.1,10,0,1,0.9172708333333334,0.03387370891869068,-1.3646920919418335
ddqn,123,562,5229,-10.04,4,0,1,0.9172075,0.01736070215702057,-1.3148424625396729
ddqn,123,563,5236,-10.07,7,0,1,0.9170966666666667,0.01771343033760786,-1.3994938731193542
ddqn,123,564,5240,-10.04,4,0,1,0.9170333333333334,0.017591314390301704,-1.2215903997421265
ddqn,123,565,5246,-10.06,6,0,1,0.9169383333333333,0.03957471251487732,-1.994581937789917
ddqn,123,566,5249,-10.03,3,0,1,0.9168908333333333,0.013502193614840508,-1.4910836219787598
ddqn,123,567,5256,-10.07,7,0,1,0.91678,0.03426748141646385,-0.8692401945590973
ddqn,123,568,5276,-10.2,20,0,1,0.9164633333333333,0.021759199164807796,-1.3205448865890503
ddqn,123,569,5283,-10.07,7,0,1,0.9163525,0.011890060268342495,-1.4531075954437256
ddqn,123,570,5306,-10.23,23,0,1,0.9159883333333333,0.03030512761324644,-1.568643033504486
ddqn,123,571,5312,-10.06,6,0,1,0.9158933333333333,0.042369965463876724,-1.1249529719352722
ddqn,123,572,5341,-10.29,29,0,1,0.9154341666666667,0.018593445952449526,-1.3825324773788452
ddqn,123,573,5350,-10.09,9,0,1,0.9152916666666666,0.013048864435404539,-0.7965920865535736
ddqn,123,574,5365,-10.15,15,0,1,0.9150541666666667,0.047828799579292536,-1.3274513483047485
ddqn,123,575,5390,-10.25,25,0,1,0.9146583333333334,0.025939861312508583,-1.4768407146135967
ddqn,123,576,5399,-10.09,9,0,1,0.9145158333333333,0.027520623058080673,-1.2242470383644104
ddqn,123,577,5401,-10.02,2,0,1,0.9144841666666667,0.008798995986580849,-0.44085121154785156
ddqn,123,578,5404,-10.03,3,0,1,0.9144366666666667,0.015868108719587326,-1.4938077926635742
ddqn,123,579,5409,-10.049999999999999,5,0,1,0.9143575,0.01143687404692173,-1.3328502178192139
ddqn,123,580,5423,-10.14,14,0,1,0.9141358333333334,0.01593512048323949,-1.0832974712053935
ddqn,123,581,5427,-10.04,4,0,1,0.9140725,0.026219792664051056,-1.295656681060791
ddqn,123,582,5442,-10.15,15,0,1,0.913835,0.019264057278633118,-1.5133799612522125
ddqn,123,583,5473,-10.31,31,0,1,0.9133441666666666,0.015412137960083783,-1.3176869302988052
ddqn,123,584,5484,-10.11,11,0,1,0.91317,0.009514228285600742,-1.0625619490941365
ddqn,123,585,5486,-10.02,2,0,1,0.9131383333333334,,
ddqn,123,586,5492,-10.06,6,0,1,0.9130433333333333,0.008596417494118214,-1.180279403924942
ddqn,123,587,5528,-10.36,36,0,1,0.9124733333333334,0.019583623131944075,-1.1337648795710669
ddqn,123,588,5530,-10.02,2,0,1,0.9124416666666667,,
ddqn,123,589,5535,-10.049999999999999,5,0,1,0.9123625,0.015287712216377258,-0.9849669933319092
ddqn,123,590,5553,-10.18,18,0,1,0.9120775,0.015795285534113645,-1.5630883693695068
ddqn,123,591,5556,-10.03,3,0,1,0.91203,0.0483488105237484,-1.5248674154281616
ddqn,123,592,5561,-10.049999999999999,5,0,1,0.9119508333333334,0.013458128087222576,-1.0242786407470703
ddqn,123,593,5566,-10.049999999999999,5,0,1,0.9118716666666666,0.008821330964565277,-1.19785737991333
ddqn,123,594,5590,-10.24,24,0,1,0.9114916666666667,0.021909437607973814,-1.3952005704243977
ddqn,123,595,5598,-10.08,8,0,1,0.911365,0.03130783513188362,-1.739858627319336
ddqn,123,596,5616,-10.18,18,0,1,0.91108,0.028718935791403055,-1.1547824025154114
ddqn,123,597,5629,-10.129999999999999,13,0,1,0.9108741666666667,0.022165120268861454,-1.4469475746154785
ddqn,123,598,5652,-10.23,23,0,1,0.91051,0.01733688552243014,-0.9717444280783335
ddqn,123,599,5655,-10.03,3,0,1,0.9104625,,
ddqn,123,600,5659,-10.04,4,0,1,0.9103991666666666,0.018213758245110512,-2.239152431488037
ddqn,123,601,5663,-10.04,4,0,1,0.9103358333333333,0.01837989315390587,-1.1848260164260864
ddqn,123,602,5668,-10.049999999999999,5,0,1,0.9102566666666667,0.00954977935180068,-1.2715513706207275
ddqn,123,603,5674,-10.06,6,0,1,0.9101616666666666,0.013434717431664467,-1.0843212604522705
ddqn,123,604,5690,-10.16,16,0,1,0.9099083333333333,0.011752320220693946,-1.6124311685562134
ddqn,123,605,5696,-10.06,6,0,1,0.9098133333333334,0.015030418522655964,-1.242258071899414
ddqn,123,606,5699,-10.03,3,0,1,0.9097658333333334,,
ddqn,123,607,5702,-10.03,3,0,1,0.9097183333333333,0.0394199937582016,-1.278547763824463
ddqn,123,608,5708,-10.06,6,0,1,0.9096233333333333,0.019288929644972086,-1.0826085209846497
ddqn,123,609,5711,-10.03,3,0,1,0.9095758333333334,,
ddqn,123,610,5721,-10.1,10,0,1,0.9094175,0.022651908298333485,-1.2903607090314229
ddqn,123,611,5729,-10.08,8,0,1,0.9092908333333334,0.01854565041139722,-0.9636236727237701
ddqn,123,612,5751,-10.22,22,0,1,0.9089425,0.029032582975924016,-1.620068335533142
ddqn,123,613,5757,-10.06,6,0,1,0.9088475,0.023761244490742683,-1.6723754405975342
ddqn,123,614,5789,-10.32,32,0,1,0.9083408333333334,0.02507350710220635,-1.047779805958271
ddqn,123,615,5796,-10.07,7,0,1,0.90823,0.0252775140106678,-1.3667930364608765
ddqn,123,616,5798,-10.02,2,0,1,0.9081983333333333,,
ddqn,123,617,5801,-10.03,3,0,1,0.9081508333333334,0.01609301194548607,-1.143973469734192
ddqn,123,618,5805,-10.04,4,0,1,0.9080875,0.01967189460992813,-1.484046220779419
ddqn,123,619,5808,-10.03,3,0,1,0.90804,0.011512381955981255,-1.2272944450378418
ddqn,123,620,5815,-10.07,7,0,1,0.9079291666666667,0.016036711633205414,-1.383227825164795
ddqn,123,621,5820,-10.049999999999999,5,0,1,0.90785,0.007549037225544453,-1.1010587811470032
ddqn,123,622,5835,-10.15,15,0,1,0.9076125,0.015639211361606915,-1.2062053680419922
ddqn,123,623,5844,-10.09,9,0,1,0.90747,0.013254348499079546,-1.275606671969096
ddqn,123,624,5851,-10.07,7,0,1,0.9073591666666667,0.01126200519502163,-0.7156481742858887
ddqn,123,625,5864,-10.129999999999999,13,0,1,0.9071533333333334,0.015267504844814539,-0.9989160820841789
ddqn,123,626,5875,-10.11,11,0,1,0.9069791666666667,0.016580143943428993,-1.1883609890937805
ddqn,123,627,5885,-10.1,10,0,1,0.9068208333333333,0.013856337095300356,-1.4551807244618733
ddqn,123,628,5888,-10.03,3,0,1,0.9067733333333333,0.019067974761128426,-1.5066120624542236
ddqn,123,629,5892,-10.04,4,0,1,0.90671,0.02123298868536949,-1.2910534143447876
ddqn,123,630,5909,-10.17,17,0,1,0.9064408333333334,0.012448410270735621,-1.306625872850418
ddqn,123,631,5925,-10.16,16,0,1,0.9061875,0.011094566201791167,-1.1151714026927948
ddqn,123,632,5929,-10.04,4,0,1,0.9061241666666666,0.008503245189785957,-0.7003287076950073
ddqn,123,633,5934,-10.049999999999999,5,0,1,0.906045,0.024287842214107513,-2.0440659523010254
ddqn,123,634,5936,-10.02,2,0,1,0.9060133333333333,0.023976529017090797,-0.9972406029701233
ddqn,123,635,5948,-10.12,12,0,1,0.9058233333333333,0.00610771868377924,-1.1332186063130696
ddqn,123,636,5953,-10.049999999999999,5,0,1,0.9057441666666667,0.014687747694551945,-1.8375587463378906
ddqn,123,637,5955,-10.02,2,0,1,0.9057125,,
ddqn,123,638,5969,-10.14,14,0,1,0.9054908333333334,0.010440995218232274,-1.3237458169460297
ddqn,123,639,5970,-10.01,1,0,1,0.905475,,
ddqn,123,640,5979,-10.09,9,0,1,0.9053325,0.009929202264174819,-1.039551556110382
ddqn,123,641,5990,-10.11,11,0,1,0.9051583333333333,0.016836797818541527,-1.5474958419799805
ddqn,123,642,5998,-10.08,8,0,1,0.9050316666666667,0.015554537530988455,-1.445063054561615
ddqn,123,643,5999,-10.01,1,0,1,0.9050158333333334,,
ddqn,123,644,6010,-10.11,11,0,1,0.9048416666666667,0.015577370921770731,-0.9369811415672302
ddqn,123,645,6014,-10.04,4,0,1,0.9047783333333334,0.006682940758764744,-1.3417855501174927
ddqn,123,646,6022,-10.08,8,0,1,0.9046516666666666,0.006832316517829895,-0.9203956723213196
ddqn,123,647,6026,-10.04,4,0,1,0.9045883333333333,0.015730665996670723,-1.094833254814148
ddqn,123,648,6032,-10.06,6,0,1,0.9044933333333334,0.018988857977092266,-1.6330597400665283
ddqn,123,649,6033,-10.01,1,0,1,0.9044775,,
ddqn,123,650,6038,-10.049999999999999,5,0,1,0.9043983333333333,0.013813361525535583,-1.8378196954727173
ddqn,123,651,6041,-10.03,3,0,1,0.9043508333333333,0.004947880282998085,-1.4586869478225708
ddqn,123,652,6064,-10.23,23,0,1,0.9039866666666667,0.01025430392473936,-1.206163118282954
ddqn,123,653,6068,-10.04,4,0,1,0.9039233333333333,0.0040688300505280495,-1.4834564924240112
ddqn,123,654,6072,-10.04,4,0,1,0.90386,0.008100788109004498,-1.2112996578216553
ddqn,123,655,6077,-10.049999999999999,5,0,1,0.9037808333333334,0.005826101638376713,-1.76470148563385
ddqn,123,656,6080,-10.03,3,0,1,0.9037333333333334,0.005640937015414238,-1.7437665462493896
ddqn,123,657,6084,-10.04,4,0,1,0.90367,0.005040439311414957,-0.8351889848709106
ddqn,123,658,6086,-10.02,2,0,1,0.9036383333333333,,
ddqn,123,659,6091,-10.049999999999999,5,0,1,0.9035591666666667,0.004988463595509529,-1.1496273279190063
ddqn,123,660,6098,-10.07,7,0,1,0.9034483333333333,0.005826842272654176,-0.9440252184867859
ddqn,123,661,6100,-10.02,2,0,1,0.9034166666666666,0.00258638896048069,-0.71245276927948
ddqn,123,662,6112,-10.12,12,0,1,0.9032266666666666,0.00882997844989101,-1.6965118249257405
ddqn,123,663,6115,-10.03,3,0,1,0.9031791666666666,,
ddqn,123,664,6141,-10.26,26,0,1,0.9027675000000001,0.01222967472858727,-1.4406465121677943
ddqn,123,665,6144,-10.03,3,0,1,0.90272,0.004702203907072544,-1.65604567527771
ddqn,123,666,6149,-10.049999999999999,5,0,1,0.9026408333333333,0.014076285064220428,-0.9661085605621338
ddqn,123,667,6156,-10.07,7,0,1,0.90253,0.012307924218475819,-1.057254582643509
ddqn,123,668,6158,-10.02,2,0,1,0.9024983333333334,,
ddqn,123,669,6176,-10.18,18,0,1,0.9022133333333333,0.007254624087363481,-1.2763485193252564
ddqn,123,670,6182,-10.06,6,0,1,0.9021183333333334,0.009552103467285633,-0.8310533165931702
ddqn,123,671,6184,-10.02,2,0,1,0.9020866666666667,0.010140491649508476,-1.5692930221557617
ddqn,123,672,6191,-10.07,7,0,1,0.9019758333333333,0.0035698930732905865,-1.6511120796203613
ddqn,123,673,6204,-10.129999999999999,13,0,1,0.90177,0.010806309059262276,-1.186215192079544
ddqn,123,674,6212,-10.08,8,0,1,0.9016433333333334,0.019706216175109148,-1.5139544010162354
ddqn,123,675,6218,-10.06,6,0,1,0.9015483333333334,0.026581138372421265,-1.3041564226150513
ddqn,123,676,6225,-10.07,7,0,1,0.9014375,0.007779652718454599,-1.353822410106659
ddqn,123,677,6242,-10.17,17,0,1,0.9011683333333333,0.009099297341890633,-0.9822309017181396
ddqn,123,678,6258,-10.16,16,0,1,0.900915,0.006706859567202628,-1.3676197230815887
ddqn,123,679,6289,-10.31,31,0,1,0.9004241666666667,0.01361965443356894,-1.247489795088768
ddqn,123,680,6293,-10.04,4,0,1,0.9003608333333334,0.0062577691860497,-1.5064074993133545
ddqn,123,681,6294,-10.01,1,0,1,0.900345,,
ddqn,123,682,6303,-10.09,9,0,1,0.9002025,0.012665877118706703,-1.0836430191993713
ddqn,123,683,6314,-10.11,11,0,1,0.9000283333333333,0.009685424156486988,-1.4987510442733765
ddqn,123,684,6318,-10.04,4,0,1,0.899965,0.004931539297103882,-0.742287278175354
ddqn,123,685,6320,-10.02,2,0,1,0.8999333333333334,0.002939719706773758,-0.8941707611083984
ddqn,123,686,6323,-10.03,3,0,1,0.8998858333333334,,
ddqn,123,687,6328,-10.049999999999999,5,0,1,0.8998066666666666,0.008126976666972041,-1.0459799766540527
ddqn,123,688,6332,-10.04,4,0,1,0.8997433333333333,0.006893714889883995,-1.467597246170044
ddqn,123,689,6335,-10.03,3,0,1,0.8996958333333334,,
ddqn,123,690,6340,-10.049999999999999,5,0,1,0.8996166666666666,0.016580730676651,-0.7470866590738297
ddqn,123,691,6348,-10.08,8,0,1,0.89949,0.004602137487381697,-0.9590193927288055
ddqn,123,692,6350,-10.02,2,0,1,0.8994583333333334,,
ddqn,123,693,6356,-10.06,6,0,1,0.8993633333333333,0.005494139855727553,-1.111825942993164
ddqn,123,694,6359,-10.03,3,0,1,0.8993158333333333,,
ddqn,123,695,6364,-10.049999999999999,5,0,1,0.8992366666666667,0.006401116261258721,-1.1401723623275757
ddqn,123,696,6377,-10.129999999999999,13,0,1,0.8990308333333333,0.005467111865679423,-1.2529451449712117
ddqn,123,697,6400,-10.23,23,0,1,0.8986666666666667,0.009677463987221321,-1.2665417591730754
ddqn,123,698,6401,-10.01,1,0,1,0.8986508333333333,,
ddqn,123,699,6425,-10.24,24,0,1,0.8982708333333334,0.007921317514653007,-1.37267671028773
ddqn,123,700,6441,-10.16,16,0,1,0.8980175,0.004961462167557329,-1.255657136440277
ddqn,123,701,6449,-10.08,8,0,1,0.8978908333333333,0.004453801200725138,-1.1501107215881348
ddqn,123,702,6460,-10.11,11,0,1,0.8977166666666667,0.004773344844579697,-1.6286875009536743
ddqn,123,703,6465,-10.049999999999999,5,0,1,0.8976375,0.00381865119561553,-1.7545517683029175
ddqn,123,704,6466,-10.01,1,0,1,0.8976216666666667,,
ddqn,123,705,6469,-10.03,3,0,1,0.8975741666666667,0.0035980073735117912,-0.7141582369804382
ddqn,123,706,6471,-10.02,2,0,1,0.8975425,,
ddqn,123,707,6480,-10.09,9,0,1,0.8974,0.005490013863891363,-1.5396167834599812
ddqn,123,708,6482,-10.02,2,0,1,0.8973683333333333,,
ddqn,123,709,6526,-10.44,44,0,1,0.8966716666666666,0.008796836926855824,-1.3515016924251209
ddqn,123,710,6541,-10.15,15,0,1,0.8964341666666666,0.008605027687735856,-1.4700931906700134
ddqn,123,711,6548,-10.07,7,0,1,0.8963233333333334,0.005646899109706283,-1.3113172054290771
ddqn,123,712,6555,-10.07,7,0,1,0.8962125,0.007957207038998604,-1.448393702507019
ddqn,123,713,6560,-10.049999999999999,5,0,1,0.8961333333333333,0.00445712823420763,-1.6365119814872742
ddqn,123,714,6567,-10.07,7,0,1,0.8960224999999999,0.005401996895670891,-1.2042088508605957
ddqn,123,715,6574,-10.07,7,0,1,0.8959116666666667,0.005736645660363138,-1.0945425629615784
ddqn,123,716,6584,-10.1,10,0,1,0.8957533333333333,0.00353418686427176,-1.673254132270813
ddqn,123,717,6587,-10.03,3,0,1,0.8957058333333333,,
ddqn,123,718,6600,-10.129999999999999,13,0,1,0.8955,0.006868494325317442,-1.2492944151163101
ddqn,123,719,6606,-10.06,6,0,1,0.895405,0.00508423987776041,-1.6480954885482788
ddqn,123,720,6613,-10.07,7,0,1,0.8952941666666667,0.019095731433480978,-1.5139464139938354
ddqn,123,721,6626,-10.129999999999999,13,0,1,0.8950883333333334,0.0040315857622772455,-0.8892877499262491
ddqn,123,722,6645,-10.19,19,0,1,0.8947875,0.005439247516915202,-1.5078639268875123
ddqn,123,723,6649,-10.04,4,0,1,0.8947241666666667,0.026306096464395523,-1.7354137897491455
ddqn,123,724,6650,-10.01,1,0,1,0.8947083333333333,,
ddqn,123,725,6662,-10.12,12,0,1,0.8945183333333333,0.004407234334697326,-0.969178835550944
ddqn,123,726,6669,-10.07,7,0,1,0.8944075,0.003418420790694654,-1.412589192390442
ddqn,123,727,6700,-10.31,31,0,1,0.8939166666666667,0.009010348527226597,-1.4061457812786102
ddqn,123,728,6703,-10.03,3,0,1,0.8938691666666667,,
ddqn,123,729,6720,-10.17,17,0,1,0.8936,0.010050077922642231,-1.15910062789917
ddqn,123,730,6742,-10.22,22,0,1,0.8932516666666667,0.00670540714636445,-1.3432607173919677
ddqn,123,731,6765,-10.23,23,0,1,0.8928875000000001,0.005690266999105613,-1.3449248969554901
ddqn,123,732,6773,-10.08,8,0,1,0.8927608333333333,0.005772752687335014,-1.3069478273391724
ddqn,123,733,6780,-10.07,7,0,1,0.8926499999999999,0.010996720753610134,-1.049401879310608
ddqn,123,734,6782,-10.02,2,0,1,0.8926183333333333,,
ddqn,123,735,6798,-10.16,16,0,1,0.892365,0.005457144055981189,-1.419579952955246
ddqn,123,736,6803,-10.049999999999999,5,0,1,0.8922858333333333,0.0029808187391608953,-0.7324792742729187
ddqn,123,737,6806,-10.03,3,0,1,0.8922383333333334,0.00630304915830493,-1.1562353372573853
ddqn,123,738,6807,-10.01,1,0,1,0.8922225,,
ddqn,123,739,6810,-10.03,3,0,1,0.8921749999999999,0.005607004277408123,-0.5595229268074036
ddqn,123,740,6812,-10.02,2,0,1,0.8921433333333333,0.012938445433974266,-1.6009066104888916
ddqn,123,741,6849,-10.37,37,0,1,0.8915575,0.013051094642529884,-1.263656669192844
ddqn,123,742,6861,-10.12,12,0,1,0.8913675,0.009957743420576056,-1.1170485814412434
ddqn,123,743,6864,-10.03,3,0,1,0.89132,0.009436780586838722,-1.911338448524475
ddqn,123,744,6887,-10.23,23,0,1,0.8909558333333334,0.009044242836534978,-1.1288842797279357
ddqn,123,745,6888,-10.01,1,0,1,0.8909400000000001,0.008378188125789165,-1.1459012031555176
ddqn,123,746,6893,-10.049999999999999,5,0,1,0.8908608333333333,0.014355894178152084,-1.5423741340637207
ddqn,123,747,6901,-10.08,8,0,1,0.8907341666666667,0.007585329934954643,-1.3530452251434326
ddqn,123,748,6915,-10.14,14,0,1,0.8905125,0.011786235341181358,-1.077654520670573
ddqn,123,749,6925,-10.1,10,0,1,0.8903541666666667,0.011756853510936102,-1.2761272589365642
ddqn,123,750,6927,-10.02,2,0,1,0.8903225,,
ddqn,123,751,6928,-10.01,1,0,1,0.8903066666666667,0.0034354785457253456,-1.4838435649871826
ddqn,123,752,6954,-10.26,26,0,1,0.889895,0.00809226258813093,-1.3895026644070942
ddqn,123,753,6964,-10.1,10,0,1,0.8897366666666666,0.013872815916935602,-1.2914134661356609
ddqn,123,754,6973,-10.09,9,0,1,0.8895941666666667,0.0062303218292072415,-1.286108911037445
ddqn,123,755,6981,-10.08,8,0,1,0.8894675,0.005959097761660814,-1.355917513370514
ddqn,123,756,7003,-10.22,22,0,1,0.8891191666666667,0.009496388677507638,-1.1240841150283813
ddqn,123,757,7008,-10.049999999999999,5,0,1,0.88904,0.006222091848030686,-1.6386816501617432
ddqn,123,758,7027,-10.19,19,0,1,0.8887391666666666,0.005776152131147683,-1.2164366096258163
ddqn,123,759,7034,-10.07,7,0,1,0.8886283333333334,0.01029725419357419,-1.1381196975708008
ddqn,123,760,7046,-10.12,12,0,1,0.8884383333333333,0.008404387471576532,-1.3999694188435872
ddqn,123,761,7062,-10.16,16,0,1,0.888185,0.009915262926369905,-1.7439307272434235
ddqn,123,762,7071,-10.09,9,0,1,0.8880425000000001,0.007935794768854976,-1.4303362965583801
ddqn,123,763,7076,-10.049999999999999,5,0,1,0.8879633333333333,0.007345494348555803,-1.0105114579200745
ddqn,123,764,7094,-10.18,18,0,1,0.8876783333333333,0.007849166286177933,-1.0640330016613007
ddqn,123,765,7095,-10.01,1,0,1,0.8876625,,
ddqn,123,766,7102,-10.07,7,0,1,0.8875516666666667,0.00415752618573606,-1.504498541355133
ddqn,123,767,7112,-10.1,10,0,1,0.8873933333333334,0.0043916179953763885,-1.417669693628947
ddqn,123,768,7149,-10.37,37,0,1,0.8868075,0.006231747490043442,-1.353753536939621
ddqn,123,769,7178,-10.29,29,0,1,0.8863483333333333,0.008399555659187692,-1.4365439585277013
ddqn,123,770,7182,-10.04,4,0,1,0.886285,0.0040117548778653145,-1.6469320058822632
ddqn,123,771,7189,-10.07,7,0,1,0.8861741666666667,0.006560869165696204,-1.069249451160431
ddqn,123,772,7207,-10.18,18,0,1,0.8858891666666666,0.010315463528968394,-1.5325875580310822
ddqn,123,773,7221,-10.14,14,0,1,0.8856675,0.005344594945199788,-1.1988479793071747
ddqn,123,774,7228,-10.07,7,0,1,0.8855566666666667,0.01515089813619852,-1.4074135422706604
ddqn,123,775,7232,-10.04,4,0,1,0.8854933333333334,0.004055177792906761,-1.9347456693649292
ddqn,123,776,7246,-10.14,14,0,1,0.8852716666666667,0.007048529029513399,-1.2438956499099731
ddqn,123,777,7249,-10.03,3,0,1,0.8852241666666667,0.008440686389803886,-1.6086997985839844
ddqn,123,778,7254,-10.049999999999999,5,0,1,0.8851450000000001,0.005183999426662922,-1.3686890602111816
ddqn,123,779,7259,-10.049999999999999,5,0,1,0.8850658333333333,0.004045410547405481,-1.0469627380371094
ddqn,123,780,7279,-10.2,20,0,1,0.8847491666666667,0.0060286462306976315,-1.560362946987152
ddqn,123,781,7283,-10.04,4,0,1,0.8846858333333334,0.007258047349750996,-1.3303747177124023
ddqn,123,782,7287,-10.04,4,0,1,0.8846225,0.003955858293920755,-1.3586831092834473
ddqn,123,783,7293,-10.06,6,0,1,0.8845275,0.0076150912791490555,-1.4698192477226257
ddqn,123,784,7298,-10.049999999999999,5,0,1,0.8844483333333333,0.005460207350552082,-1.331053376197815
ddqn,123,785,7300,-10.02,2,0,1,0.8844166666666666,0.011475516483187675,-0.6810634136199951
ddqn,123,786,7305,-10.049999999999999,5,0,1,0.8843375,0.014595620334148407,-1.4159178733825684
ddqn,123,787,7309,-10.04,4,0,1,0.8842741666666667,0.004051544703543186,-1.9347660541534424
ddqn,123,788,7311,-10.02,2,0,1,0.8842425,,
ddqn,123,789,7314,-10.03,3,0,1,0.8841950000000001,0.01056506484746933,-1.0946917533874512
ddqn,123,790,7320,-10.06,6,0,1,0.8841,0.00869584595784545,-1.0694564878940582
ddqn,123,791,7322,-10.02,2,0,1,0.8840683333333333,,
ddqn,123,792,7333,-10.11,11,0,1,0.8838941666666666,0.012744222457210222,-1.2317709922790527
ddqn,123,793,7337,-10.04,4,0,1,0.8838308333333333,0.004821873269975185,-1.0698169469833374
ddqn,123,794,7339,-10.02,2,0,1,0.8837991666666667,,
ddqn,123,795,7343,-10.04,4,0,1,0.8837358333333334,0.017885815352201462,-1.269311547279358
ddqn,123,796,7347,-10.04,4,0,1,0.8836725,0.009125443175435066,-2.0109710693359375
ddqn,123,797,7349,-10.02,2,0,1,0.8836408333333333,0.00892238412052393,-1.1545565128326416
ddqn,123,798,7351,-10.02,2,0,1,0.8836091666666667,,
ddqn,123,799,7354,-10.03,3,0,1,0.8835616666666667,0.02244134061038494,-1.2541245222091675
ddqn,123,800,7370,-10.16,16,0,1,0.8833083333333334,0.00555039441678673,-0.933995321393013
ddqn,123,801,7373,-10.03,3,0,1,0.8832608333333334,0.00555255776271224,-1.4662845134735107
ddqn,123,802,7376,-10.03,3,0,1,0.8832133333333333,0.011887485161423683,-1.7062095403671265
ddqn,123,803,7398,-10.22,22,0,1,0.882865,0.005934584327042103,-1.227349853515625
ddqn,123,804,7414,-10.16,16,0,1,0.8826116666666667,0.0058678684290498495,-1.227065235376358
ddqn,123,805,7427,-10.129999999999999,13,0,1,0.8824058333333333,0.005535790541519721,-1.3368457555770874
ddqn,123,806,7428,-10.01,1,0,1,0.88239,0.005552095826715231,-1.6255805492401123
ddqn,123,807,7431,-10.03,3,0,1,0.8823425,,
ddqn,123,808,7447,-10.16,16,0,1,0.8820891666666667,0.005926363752223551,-1.5637506246566772
ddqn,123,809,7481,-10.34,34,0,1,0.8815508333333333,0.004981194286503726,-1.4960010184182062
ddqn,123,810,7487,-10.06,6,0,1,0.8814558333333333,0.005056117661297321,-1.3057678937911987
ddqn,123,811,7498,-10.11,11,0,1,0.8812816666666666,0.0032446245507647595,-1.3095287879308064
ddqn,123,812,7506,-10.08,8,0,1,0.881155,0.0038248859345912933,-0.6897987723350525
ddqn,123,813,7542,-10.36,36,0,1,0.880585,0.006014650946276056,-1.654023355907864
ddqn,123,814,7547,-10.049999999999999,5,0,1,0.8805058333333333,0.015241866931319237,-1.6771059036254883
ddqn,123,815,7550,-10.03,3,0,1,0.8804583333333333,0.006249285768717527,-1.1014151573181152
ddqn,123,816,7557,-10.07,7,0,1,0.8803475000000001,0.004653451731428504,-1.5993347764015198
ddqn,123,817,7559,-10.02,2,0,1,0.8803158333333333,,
ddqn,123,818,7563,-10.04,4,0,1,0.8802525,0.0026844930835068226,-0.8809625506401062
ddqn,123,819,7565,-10.02,2,0,1,0.8802208333333333,0.00372323882766068,-0.9947696924209595
ddqn,123,820,7572,-10.07,7,0,1,0.88011,0.0041461242362856865,-0.9050295054912567
ddqn,123,821,7575,-10.03,3,0,1,0.8800625,,
ddqn,123,822,7578,-10.03,3,0,1,0.880015,0.0052666692063212395,-1.3272771835327148
ddqn,123,823,7587,-10.09,9,0,1,0.8798725000000001,0.004065552609972656,-1.28935706615448
ddqn,123,824,7588,-10.01,1,0,1,0.8798566666666666,0.004024149850010872,-1.0041477680206299
ddqn,123,825,7597,-10.09,9,0,1,0.8797141666666667,0.007470610551536083,-1.4684215188026428
ddqn,123,826,7606,-10.09,9,0,1,0.8795716666666666,0.0031384225003421307,-1.7267109155654907
ddqn,123,827,7611,-10.049999999999999,5,0,1,0.8794925,0.0032779513858258724,-0.89958655834198
ddqn,123,828,7617,-10.06,6,0,1,0.8793975,0.005933599080890417,-1.4990886449813843
ddqn,123,829,7626,-10.09,9,0,1,0.879255,0.00632297364063561,-1.2451549768447876
ddqn,123,830,7632,-10.06,6,0,1,0.8791599999999999,0.014268203638494015,-1.7962740063667297
ddqn,123,831,7633,-10.01,1,0,1,0.8791441666666666,,
ddqn,123,832,7635,-10.02,2,0,1,0.8791125,,
ddqn,123,833,7638,-10.03,3,0,1,0.879065,0.003572576679289341,-0.734174370765686
ddqn,123,834,7641,-10.03,3,0,1,0.8790175,0.009680433198809624,-1.2291767597198486
ddqn,123,835,7648,-10.07,7,0,1,0.8789066666666667,0.008797104703262448,-1.46079820394516
ddqn,123,836,7650,-10.02,2,0,1,0.878875,,
ddqn,123,837,7665,-10.15,15,0,1,0.8786375,0.008314611157402396,-1.390909194946289
ddqn,123,838,7678,-10.129999999999999,13,0,1,0.8784316666666667,0.005190372389430801,-1.4469497601191204
ddqn,123,839,7680,-10.02,2,0,1,0.8784,0.004188251681625843,-1.4881315231323242
ddqn,123,840,7684,-10.04,4,0,1,0.8783366666666667,0.0036833707708865404,-1.5216480493545532
ddqn,123,841,7714,-10.3,30,0,1,0.8778616666666667,0.00538779010197946,-1.3828822033745902
ddqn,123,842,7723,-10.09,9,0,1,0.8777191666666666,0.0035982695408165455,-1.2672460079193115
ddqn,123,843,7725,-10.02,2,0,1,0.8776875,0.00265588634647429,-1.7707146406173706
ddqn,123,844,7734,-10.09,9,0,1,0.877545,0.002370643778704107,-0.9324293434619904
ddqn,123,845,7743,-10.09,9,0,1,0.8774025,0.00304436101578176,-1.1551004648208618
ddqn,123,846,7753,-10.1,10,0,1,0.8772441666666667,0.003336510465790828,-1.3234557509422302
ddqn,123,847,7762,-10.09,9,0,1,0.8771016666666667,0.004725388018414378,-1.0058083534240723
ddqn,123,848,7781,-10.19,19,0,1,0.8768008333333334,0.005189214972779155,-1.421547818183899
ddqn,123,849,7789,-10.08,8,0,1,0.8766741666666666,0.0067181510385125875,-1.3483708500862122
ddqn,123,850,7816,-10.27,27,0,1,0.8762466666666666,0.0058961376281721255,-1.385419794491359
ddqn,123,851,7829,-10.129999999999999,13,0,1,0.8760408333333334,0.006356246070936322,-1.5944478511810303
ddqn,123,852,7853,-10.24,24,0,1,0.8756608333333333,0.004651835459905366,-1.0427529712518055
ddqn,123,853,7855,-10.02,2,0,1,0.8756291666666667,,
ddqn,123,854,7857,-10.02,2,0,1,0.8755975,0.0019740010611712933,-0.7139086127281189
ddqn,123,855,7861,-10.04,4,0,1,0.8755341666666667,0.003357258625328541,-0.8974344730377197
ddqn,123,856,7868,-10.07,7,0,1,0.8754233333333333,0.0038122860714793205,-1.1249119639396667
ddqn,123,857,7869,-10.01,1,0,1,0.8754075,,
ddqn,123,858,7909,-10.4,40,0,1,0.8747741666666666,0.0071611801162362095,-1.3498782753944396
ddqn,123,859,7917,-10.08,8,0,1,0.8746475,0.008403985295444727,-1.220406711101532
ddqn,123,860,7921,-10.04,4,0,1,0.8745841666666667,0.015382358804345131,-1.5498216152191162
ddqn,123,861,7929,-10.08,8,0,1,0.8744575,0.00907550728879869,-0.9862382709980011
ddqn,123,862,7931,-10.02,2,0,1,0.8744258333333333,,
ddqn,123,863,7933,-10.02,2,0,1,0.8743941666666667,0.0035827644169330597,-0.4054053723812103
ddqn,123,864,7937,-10.04,4,0,1,0.8743308333333333,0.005653945729136467,-1.4985415935516357
ddqn,123,865,7938,-10.01,1,0,1,0.874315,,
ddqn,123,866,7940,-10.02,2,0,1,0.8742833333333333,0.0028439373709261417,-1.0458245277404785
ddqn,123,867,7958,-10.18,18,0,1,0.8739983333333333,0.006140775280073285,-1.3576806038618088
ddqn,123,868,7979,-10.209999999999999,21,0,1,0.8736658333333334,0.005545229837298393,-1.4447259545326232
ddqn,123,869,7990,-10.11,11,0,1,0.8734916666666667,0.0050650959213574724,-1.6189192533493042
ddqn,123,870,7998,-10.08,8,0,1,0.873365,0.005517960758879781,-1.4761983752250671
ddqn,123,871,8002,-10.04,4,0,1,0.8733016666666666,0.005196421407163143,-1.648308277130127
ddqn,123,872,8007,-10.049999999999999,5,0,1,0.8732225,0.0013825945788994431,-1.0392616987228394
ddqn,123,873,8014,-10.07,7,0,1,0.8731116666666667,0.003246031003072858,-0.9796066284179688
ddqn,123,874,8020,-10.06,6,0,1,0.8730166666666667,0.005327996797859669,-1.6270177960395813
ddqn,123,875,8036,-10.16,16,0,1,0.8727633333333333,0.003906271740561351,-1.261794239282608
ddqn,123,876,8041,-10.049999999999999,5,0,1,0.8726841666666667,0.00830141268670559,-1.2818894386291504
ddqn,123,877,8050,-10.09,9,0,1,0.8725416666666667,0.00409722188487649,-1.1974754333496094
ddqn,123,878,8054,-10.04,4,0,1,0.8724783333333334,0.008503858000040054,-1.7174053192138672
ddqn,123,879,8060,-10.06,6,0,1,0.8723833333333333,0.004534553736448288,-1.7256511449813843
ddqn,123,880,8093,-10.33,33,0,1,0.8718608333333333,0.004676811455283314,-1.361935332417488
ddqn,123,881,8104,-10.11,11,0,1,0.8716866666666667,0.002902926178649068,-1.046269992987315
ddqn,123,882,8118,-10.14,14,0,1,0.8714649999999999,0.0054710797655085725,-1.6615391969680786
ddqn,123,883,8132,-10.14,14,0,1,0.8712433333333334,0.006388298992533237,-1.2076877355575562
ddqn,123,884,8133,-10.01,1,0,1,0.8712275,,
ddqn,123,885,8145,-10.12,12,0,1,0.8710375,0.003726908781876167,-1.480863372484843
ddqn,123,886,8159,-10.14,14,0,1,0.8708158333333333,0.0027256202107916274,-1.7172942956288655
ddqn,123,887,8172,-10.129999999999999,13,0,1,0.87061,0.00424230593489483,-1.5833196341991425
ddqn,123,888,8175,-10.03,3,0,1,0.8705625,,
ddqn,123,889,8176,-10.01,1,0,1,0.8705466666666667,0.0012432698858901858,-1.0336315631866455
ddqn,123,890,8180,-10.04,4,0,1,0.8704833333333333,0.013021336868405342,-2.0525944232940674
ddqn,123,891,8197,-10.17,17,0,1,0.8702141666666667,0.0031990467105060816,-1.3990300297737122
ddqn,123,892,8222,-10.25,25,0,1,0.8698183333333334,0.004224754210251073,-1.1161372462908428
ddqn,123,893,8224,-10.02,2,0,1,0.8697866666666667,0.005301022902131081,-2.368159294128418
ddqn,123,894,8227,-10.03,3,0,1,0.8697391666666667,,
ddqn,123,895,8238,-10.11,11,0,1,0.869565,0.0021405054721981287,-0.9435003201166788
ddqn,123,896,8261,-10.23,23,0,1,0.8692008333333333,0.0044123698413992924,-1.542016088962555
ddqn,123,897,8269,-10.08,8,0,1,0.8690741666666667,0.003298453986644745,-1.207956075668335
ddqn,123,898,8273,-10.04,4,0,1,0.8690108333333333,0.0056884740479290485,-1.989104986190796
ddqn,123,899,8275,-10.02,2,0,1,0.8689791666666666,,
ddqn,123,900,8295,-10.2,20,0,1,0.8686625,0.0033088706666603686,-1.365362524986267
ddqn,123,901,8304,-10.09,9,0,1,0.86852,0.002246722268561522,-1.1628099083900452
ddqn,123,902,8313,-10.09,9,0,1,0.8683775,0.005190509371459484,-1.313670814037323
ddqn,123,903,8316,-10.03,3,0,1,0.86833,0.011078636161983013,-1.8271148204803467
ddqn,123,904,8319,-10.03,3,0,1,0.8682825000000001,,
ddqn,123,905,8324,-10.049999999999999,5,0,1,0.8682033333333333,0.003717047395184636,-1.1364426016807556
ddqn,123,906,8337,-10.129999999999999,13,0,1,0.8679975,0.0044742480386048555,-1.1505971749623616
ddqn,123,907,8347,-10.1,10,0,1,0.8678391666666667,0.004308775416575372,-1.065746247768402
ddqn,123,908,8352,-10.049999999999999,5,0,1,0.86776,0.001929064397700131,-1.181258201599121
ddqn,123,909,8358,-10.06,6,0,1,0.867665,0.005567031912505627,-1.6024277210235596
ddqn,123,910,8361,-10.03,3,0,1,0.8676175,0.0023972410708665848,-1.0272561311721802
ddqn,123,911,8374,-10.129999999999999,13,0,1,0.8674116666666667,0.002443895364801089,-1.364707112312317
ddqn,123,912,8428,-10.54,54,0,1,0.8665566666666666,0.003110247048815446,-1.4601968271391732
ddqn,123,913,8457,-10.29,29,0,1,0.8660975,0.002579285147865968,-1.4521473816462926
ddqn,123,914,8484,-10.27,27,0,1,0.8656699999999999,0.0030771340243518353,-1.192951466356005
ddqn,123,915,8490,-10.06,6,0,1,0.865575,0.0035634704399853945,-1.2159645557403564
ddqn,123,916,8493,-10.03,3,0,1,0.8655275,0.0027218342293053865,-1.0387152433395386
ddqn,123,917,8496,-10.03,3,0,1,0.86548,0.00867382250726223,-1.630378007888794
ddqn,123,918,8504,-10.08,8,0,1,0.8653533333333334,0.002794683095999062,-1.4869974851608276
ddqn,123,919,8507,-10.03,3,0,1,0.8653058333333333,,
ddqn,123,920,8530,-10.23,23,0,1,0.8649416666666667,0.00269402249250561,-1.1861279805501301
ddqn,123,921,8534,-10.04,4,0,1,0.8648783333333334,0.0026123635470867157,-1.6474413871765137
ddqn,123,922,8558,-10.24,24,0,1,0.8644983333333334,0.0034594893998776874,-1.40052729845047
ddqn,123,923,8567,-10.09,9,0,1,0.8643558333333333,0.002673064242117107,-1.5617393851280212
ddqn,123,924,8614,-10.47,47,0,1,0.8636116666666667,0.002026074653258547,-1.2464668055375416
ddqn,123,925,8639,-10.25,25,0,1,0.8632158333333333,0.0031584813841618598,-1.2495952248573303
ddqn,123,926,8675,-10.36,36,0,1,0.8626458333333333,0.00563369815548261,-1.2092426485485501
ddqn,123,927,8678,-10.03,3,0,1,0.8625983333333334,0.002941412851214409,-1.2391438484191895
ddqn,123,928,8697,-10.19,19,0,1,0.8622975,0.005359361181035638,-1.1971728205680847
ddqn,123,929,8703,-10.06,6,0,1,0.8622025,0.003561347024515271,-1.3754596710205078
ddqn,123,930,8716,-10.129999999999999,13,0,1,0.8619966666666667,0.0036366601998452097,-1.3803673684597015
ddqn,123,931,8732,-10.16,16,0,1,0.8617433333333333,0.0022498176840599626,-1.301411509513855
ddqn,123,932,8735,-10.03,3,0,1,0.8616958333333333,,
ddqn,123,933,8738,-10.03,3,0,1,0.8616483333333333,0.003676678752526641,-1.6513482332229614
ddqn,123,934,8765,-10.27,27,0,1,0.8612208333333333,0.0032875859511217903,-1.395341626235417
ddqn,123,935,8769,-10.04,4,0,1,0.8611575,0.0018499044235795736,-1.5009034872055054
ddqn,123,936,8777,-10.08,8,0,1,0.8610308333333334,0.00320609612390399,-1.168467789888382
ddqn,123,937,8790,-10.129999999999999,13,0,1,0.860825,0.0018617167758444946,-1.1852355400721233
ddqn,123,938,8791,-10.01,1,0,1,0.8608091666666666,,
ddqn,123,939,8793,-10.02,2,0,1,0.8607775,0.0031911081168800592,-0.8989749550819397
ddqn,123,940,8800,-10.07,7,0,1,0.8606666666666667,0.003211791336070746,-1.459907054901123
ddqn,123,941,8820,-10.2,20,0,1,0.86035,0.0027846202719956636,-1.4628286600112914
ddqn,123,942,8823,-10.03,3,0,1,0.8603025,,
ddqn,123,943,8825,-10.02,2,0,1,0.8602708333333333,0.002311874181032181,-0.8952025175094604
ddqn,123,944,8840,-10.15,15,0,1,0.8600333333333333,0.002175803267164156,-1.1643960922956467
ddqn,123,945,8852,-10.12,12,0,1,0.8598433333333333,0.0021410714058826366,-1.3797617355982463
ddqn,123,946,8875,-10.23,23,0,1,0.8594791666666667,0.0014519547577947379,-1.1464826226234437
ddqn,123,947,8880,-10.049999999999999,5,0,1,0.8594,0.005809611291624606,-1.5733100771903992
ddqn,123,948,8894,-10.14,14,0,1,0.8591783333333334,0.0032590697907532253,-1.255545735359192
ddqn,123,949,8899,-10.049999999999999,5,0,1,0.8590991666666666,0.008087529800832272,-1.458139181137085
ddqn,123,950,8912,-10.129999999999999,13,0,1,0.8588933333333333,0.0031700439285486937,-1.4790767133235931
ddqn,123,951,8921,-10.09,9,0,1,0.8587508333333334,0.004103762796148658,-1.243770271539688
ddqn,123,952,8924,-10.03,3,0,1,0.8587033333333334,0.0025529926642775536,-1.4956722259521484
ddqn,123,953,8928,-10.04,4,0,1,0.8586400000000001,0.0024298601783812046,-1.2099254131317139
ddqn,123,954,8949,-10.209999999999999,21,0,1,0.8583075,0.003981742262840271,-1.2467008352279663
ddqn,123,955,8951,-10.02,2,0,1,0.8582758333333333,,
ddqn,123,956,8964,-10.129999999999999,13,0,1,0.85807,0.002924435946624726,-1.3234050273895264
ddqn,123,957,8980,-10.16,16,0,1,0.8578166666666667,0.0028848706861026585,-1.5989928841590881
ddqn,123,958,8985,-10.049999999999999,5,0,1,0.8577375,0.0021816683001816273,-1.0545382499694824
ddqn,123,959,8991,-10.06,6,0,1,0.8576425,0.0018729267176240683,-1.796553373336792
ddqn,123,960,9017,-10.26,26,0,1,0.8572308333333334,0.0020766615219015095,-1.384047542299543
ddqn,123,961,9024,-10.07,7,0,1,0.85712,0.0019310708157718182,-1.3328758478164673
ddqn,123,962,9036,-10.12,12,0,1,0.85693,0.0022153023164719343,-1.1193312406539917
ddqn,123,963,9039,-10.03,3,0,1,0.8568825,,
ddqn,123,964,9047,-10.08,8,0,1,0.8567558333333334,0.0024745167465880513,-1.256931722164154
ddqn,123,965,9067,-10.2,20,0,1,0.8564391666666666,0.002267887187190354,-1.2060610055923462
ddqn,123,966,9073,-10.06,6,0,1,0.8563441666666667,0.003980441950261593,-1.558651328086853
ddqn,123,967,9083,-10.1,10,0,1,0.8561858333333333,0.0023809204576537013,-1.2153189182281494
ddqn,123,968,9084,-10.01,1,0,1,0.85617,0.0037690529134124517,-1.983874797821045
ddqn,123,969,9091,-10.07,7,0,1,0.8560591666666667,0.00478340033441782,-1.0191764831542969
ddqn,123,970,9096,-10.049999999999999,5,0,1,0.85598,0.0020255616400390863,-1.333803415298462
ddqn,123,971,9100,-10.04,4,0,1,0.8559166666666667,0.002146468497812748,-1.6337645053863525
ddqn,123,972,9110,-10.1,10,0,1,0.8557583333333334,0.0016696337843313813,-1.2871915102005005
ddqn,123,973,9122,-10.12,12,0,1,0.8555683333333334,0.0031054423889145255,-1.1365694006284077
ddqn,123,974,9155,-10.33,33,0,1,0.8550458333333333,0.0031250851607182994,-1.367353692650795
ddqn,123,975,9157,-10.02,2,0,1,0.8550141666666666,0.004310057498514652,-0.7811936140060425
ddqn,123,976,9166,-10.09,9,0,1,0.8548716666666667,0.0017366937827318907,-1.0513217449188232
ddqn,123,977,9170,-10.04,4,0,1,0.8548083333333334,0.0031496244482696056,-1.7842921018600464
ddqn,123,978,9176,-10.06,6,0,1,0.8547133333333333,0.0013630616303998977,-1.201927125453949
ddqn,123,979,9186,-10.1,10,0,1,0.854555,0.0015907895285636187,-1.363758772611618
ddqn,123,980,9197,-10.11,11,0,1,0.8543808333333334,0.0017366502434015274,-1.2313656409581502
ddqn,123,981,9216,-10.19,19,0,1,0.85408,0.0031869116704910994,-1.5785420656204223
ddqn,123,982,9224,-10.08,8,0,1,0.8539533333333333,0.0023439377546310425,-1.728559136390686
ddqn,123,983,9229,-10.049999999999999,5,0,1,0.8538741666666667,0.0007701015565544367,-0.5950952768325806
ddqn,123,984,9238,-10.09,9,0,1,0.8537316666666667,0.0014896021457388997,-1.1338982582092285
ddqn,123,985,9245,-10.07,7,0,1,0.8536208333333334,0.0013897502212785184,-1.2010223269462585
ddqn,123,986,9267,-10.22,22,0,1,0.8532725,0.0013582936255261302,-1.0704935312271118
ddqn,123,987,9270,-10.03,3,0,1,0.853225,0.002290823496878147,-1.3577568531036377
ddqn,123,988,9279,-10.09,9,0,1,0.8530825,0.0008686786459293216,-0.9609118103981018
ddqn,123,989,9281,-10.02,2,0,1,0.8530508333333333,0.0015915993135422468,-1.3345049619674683
ddqn,123,990,9300,-10.19,19,0,1,0.85275,0.002061000280082226,-1.0189822673797608
ddqn,123,991,9345,-10.45,45,0,1,0.8520375,0.0026770598435012453,-1.3213521458885886
ddqn,123,992,9349,-10.04,4,0,1,0.8519741666666667,0.0009341618278995156,-1.2085890769958496
ddqn,123,993,9357,-10.08,8,0,1,0.8518475,0.0014987834729254246,-1.4192551970481873
ddqn,123,994,9361,-10.04,4,0,1,0.8517841666666667,0.0007884723600000143,-0.9029355049133301
ddqn,123,995,9368,-10.07,7,0,1,0.8516733333333333,0.0018520837766118348,-1.5796383023262024
ddqn,123,996,9374,-10.06,6,0,1,0.8515783333333333,0.00237204204313457,-1.1831061840057373
ddqn,123,997,9382,-10.08,8,0,1,0.8514516666666667,0.0028849542140960693,-1.2655364573001862
ddqn,123,998,9395,-10.129999999999999,13,0,1,0.8512458333333334,0.0017998208835100133,-1.1653865178426106
ddqn,123,999,9398,-10.03,3,0,1,0.8511983333333333,0.0011115726083517075,-0.906315267086029
ddqn,123,1000,9402,-10.04,4,0,1,0.851135,0.00258919270709157,-1.6400588750839233
ddqn,123,1001,9416,-10.14,14,0,1,0.8509133333333333,0.0015312324685510248,-1.2030009180307388
ddqn,123,1002,9433,-10.17,17,0,1,0.8506441666666666,0.002268883108627051,-1.2920168936252594
ddqn,123,1003,9444,-10.11,11,0,1,0.8504700000000001,0.0013173505431041121,-0.9956682324409485
ddqn,123,1004,9447,-10.03,3,0,1,0.8504225,,
ddqn,123,1005,9451,-10.04,4,0,1,0.8503591666666667,0.0036024856381118298,-1.4769260883331299
ddqn,123,1006,9474,-10.23,23,0,1,0.8499950000000001,0.004156683280598372,-1.482342501481374
ddqn,123,1007,9492,-10.18,18,0,1,0.84971,0.004193990910425782,-1.1370962381362915
ddqn,123,1008,9494,-10.02,2,0,1,0.8496783333333333,,
ddqn,123,1009,9496,-10.02,2,0,1,0.8496466666666667,0.00134579511359334,-0.5849827527999878
ddqn,123,1010,9522,-10.26,26,0,1,0.849235,0.004377343459054828,-1.3584631482760112
ddqn,123,1011,9536,-10.14,14,0,1,0.8490133333333334,0.0018792679766193032,-1.0434472262859344
ddqn,123,1012,9545,-10.09,9,0,1,0.8488708333333334,0.0014666662318632007,-1.0519159734249115
ddqn,123,1013,9547,-10.02,2,0,1,0.8488391666666667,,
ddqn,123,1014,9557,-10.1,10,0,1,0.8486808333333333,0.00395972157518069,-1.4949463208516438
ddqn,123,1015,9592,-10.35,35,0,1,0.8481266666666667,0.0021158860504834186,-1.3719528449906244
ddqn,123,1016,9603,-10.11,11,0,1,0.8479525,0.0024463970912620425,-1.1898510456085205
ddqn,123,1017,9612,-10.09,9,0,1,0.84781,0.0012195248079175751,-1.3025847276051838
ddqn,123,1018,9640,9.72,28,1,0,0.8473666666666666,0.001686626163843487,-1.2744542786053248
ddqn,123,1019,9650,-10.1,10,0,1,0.8472083333333333,0.0017752053099684417,-1.0576114058494568
ddqn,123,1020,9664,-10.14,14,0,1,0.8469866666666667,0.0014441949606407434,-1.2278878092765808
ddqn,123,1021,9668,-10.04,4,0,1,0.8469233333333334,0.0012157453456893563,-0.8988201022148132
ddqn,123,1022,9670,-10.02,2,0,1,0.8468916666666666,,
ddqn,123,1023,9672,-10.02,2,0,1,0.84686,0.0007133316830731928,-1.041602373123169
ddqn,123,1024,9701,-10.29,29,0,1,0.8464008333333333,0.0017724413275053458,-1.308945655822754
ddqn,123,1025,9725,-10.24,24,0,1,0.8460208333333333,0.0021755783236585557,-1.1740055084228516
ddqn,123,1026,9730,-10.049999999999999,5,0,1,0.8459416666666667,0.004309154115617275,-1.0192819833755493
ddqn,123,1027,9738,-10.08,8,0,1,0.845815,0.003060032380744815,-1.0179758071899414
ddqn,123,1028,9740,-10.02,2,0,1,0.8457833333333333,0.0033708522096276283,-1.6908040046691895
ddqn,123,1029,9742,-10.02,2,0,1,0.8457516666666667,,
ddqn,123,1030,9747,-10.049999999999999,5,0,1,0.8456725,0.0024534999392926693,-1.5354235172271729
ddqn,123,1031,9751,-10.04,4,0,1,0.8456091666666666,0.0006817108951508999,-0.5919167995452881
ddqn,123,1032,9760,-10.09,9,0,1,0.8454666666666667,0.0038164081051945686,-1.3489585717519124
ddqn,123,1033,9767,-10.07,7,0,1,0.8453558333333333,0.0040383534505963326,-1.6783884763717651
ddqn,123,1034,9769,-10.02,2,0,1,0.8453241666666667,0.0018921138253062963,-2.10776686668396
ddqn,123,1035,9785,-10.16,16,0,1,0.8450708333333333,0.002360305021284148,-1.378315269947052
ddqn,123,1036,9788,-10.03,3,0,1,0.8450233333333333,0.0008236896246671677,-1.7993768453598022
ddqn,123,1037,9810,-10.22,22,0,1,0.8446750000000001,0.0014379671076312662,-1.2838700532913208
ddqn,123,1038,9821,-10.11,11,0,1,0.8445008333333334,0.0014153637069587905,-1.193615992863973
ddqn,123,1039,9826,-10.049999999999999,5,0,1,0.8444216666666666,0.001578161958605051,-1.3624253273010254
ddqn,123,1040,9857,-10.31,31,0,1,0.8439308333333333,0.0014126878741080873,-1.3272465988993645
ddqn,123,1041,9900,-10.43,43,0,1,0.84325,0.0012246925563720818,-1.3364953344518489
ddqn,123,1042,9925,-10.25,25,0,1,0.8428541666666667,0.0013595752243418247,-1.2454283038775127
ddqn,123,1043,9929,-10.04,4,0,1,0.8427908333333334,0.001221547368913889,-1.3492512702941895
ddqn,123,1044,9930,-10.01,1,0,1,0.842775,,
ddqn,123,1045,9962,-10.32,32,0,1,0.8422683333333334,0.0015123594930628315,-1.0464375838637352
ddqn,123,1046,9971,-10.09,9,0,1,0.8421258333333334,0.0026311250985600054,-1.2526865005493164
ddqn,123,1047,9981,-10.1,10,0,1,0.8419675,0.0015506776593004663,-1.3695764541625977
ddqn,123,1048,10001,-10.2,20,0,1,0.8416508333333333,0.0017616829718463123,-1.6215833663940429
ddqn,123,1049,10019,-10.18,18,0,1,0.8413658333333334,0.004414571187226102,-1.7342608869075775
ddqn,123,1050,10039,-10.2,20,0,1,0.8410491666666666,0.006742240022867918,-1.263301396369934
ddqn,123,1051,10042,-10.03,3,0,1,0.8410016666666666,0.0024276545736938715,-0.7059664726257324
ddqn,123,1052,10046,-10.04,4,0,1,0.8409383333333333,0.0068892184644937515,-1.1486976146697998
ddqn,123,1053,10051,-10.049999999999999,5,0,1,0.8408591666666667,0.0056995246559381485,-1.6030710935592651
ddqn,123,1054,10055,-10.04,4,0,1,0.8407958333333334,0.004034609999507666,-1.076526403427124
ddqn,123,1055,10062,-10.07,7,0,1,0.840685,0.007208299124613404,-1.0093389451503754
ddqn,123,1056,10087,-10.25,25,0,1,0.8402891666666666,0.005509064144765337,-1.2791525423526764
ddqn,123,1057,10114,-10.27,27,0,1,0.8398616666666667,0.0026952468158145037,-1.1165609785488673
ddqn,123,1058,10116,-10.02,2,0,1,0.8398300000000001,0.002721833996474743,-1.4911277294158936
ddqn,123,1059,10128,-10.12,12,0,1,0.8396399999999999,0.0016506915174735088,-1.2500537236531575
ddqn,123,1060,10141,-10.129999999999999,13,0,1,0.8394341666666667,0.0032226023419449725,-1.224534014860789
ddqn,123,1061,10164,-10.23,23,0,1,0.83907,0.003816040853659312,-1.3654019435246785
ddqn,123,1062,10172,-10.08,8,0,1,0.8389433333333334,0.0025012718979269266,-1.1974230408668518
ddqn,123,1063,10174,-10.02,2,0,1,0.8389116666666667,,
ddqn,123,1064,10176,-10.02,2,0,1,0.8388800000000001,0.002812151098623872,-1.303633451461792
ddqn,123,1065,10185,-10.09,9,0,1,0.8387375,0.00280214031226933,-1.4014351963996887
ddqn,123,1066,10187,-10.02,2,0,1,0.8387058333333334,,
ddqn,123,1067,10211,-10.24,24,0,1,0.8383258333333333,0.0017892642451139789,-1.3870678146680195
ddqn,123,1068,10214,-10.03,3,0,1,0.8382783333333333,0.0018204740481451154,-1.0500532388687134
ddqn,123,1069,10216,-10.02,2,0,1,0.8382466666666667,0.0016134094912558794,-1.3351943492889404
ddqn,123,1070,10225,-10.09,9,0,1,0.8381041666666667,0.0015494085382670164,-0.9476878643035889
ddqn,123,1071,10232,-10.07,7,0,1,0.8379933333333334,0.0017206320771947503,-1.1915215849876404
ddqn,123,1072,10259,-10.27,27,0,1,0.8375658333333333,0.0024658641389881573,-1.3632505933443706
ddqn,123,1073,10298,-10.39,39,0,1,0.8369483333333334,0.0018036777968518437,-1.347847616672516
ddqn,123,1074,10300,-10.02,2,0,1,0.8369166666666666,0.0018197002355009317,-0.8981612920761108
ddqn,123,1075,10317,-10.17,17,0,1,0.8366475,0.0010643564019119367,-0.8780197501182556
ddqn,123,1076,10327,-10.1,10,0,1,0.8364891666666667,0.002964021870866418,-1.268316626548767
ddqn,123,1077,10331,-10.04,4,0,1,0.8364258333333333,0.0025877482257783413,-1.2208765745162964
ddqn,123,1078,10333,-10.02,2,0,1,0.8363941666666667,0.00165514275431633,-1.5002648830413818
ddqn,123,1079,10355,-10.22,22,0,1,0.8360458333333334,0.00221230355091393,-1.1209930062294007
ddqn,123,1080,10357,-10.02,2,0,1,0.8360141666666667,0.0010043494403362274,-0.5778193473815918
ddqn,123,1081,10365,-10.08,8,0,1,0.8358875,0.0036618371959775686,-1.3864410519599915
ddqn,123,1082,10376,-10.11,11,0,1,0.8357133333333333,0.0032132428993160525,-1.520556092262268
ddqn,123,1083,10381,-10.049999999999999,5,0,1,0.8356341666666667,0.0025945501402020454,-0.8598854541778564
ddqn,123,1084,10384,-10.03,3,0,1,0.8355866666666667,0.0077574546448886395,-1.2795052528381348
ddqn,123,1085,10396,-10.12,12,0,1,0.8353966666666667,0.003290086363752683,-1.663419206937154
ddqn,123,1086,10407,-10.11,11,0,1,0.8352225,0.003271975670941174,-1.0036426484584808
ddqn,123,1087,10414,-10.07,7,0,1,0.8351116666666667,0.0031493829446844757,-1.1303749084472656
ddqn,123,1088,10423,-10.09,9,0,1,0.8349691666666667,0.0011549638584256172,-1.049210786819458
ddqn,123,1089,10427,-10.04,4,0,1,0.8349058333333333,0.0021632774733006954,-1.4694002866744995
ddqn,123,1090,10449,-10.22,22,0,1,0.8345575000000001,0.0018852549934914957,-1.2287003695964813
ddqn,123,1091,10503,-10.54,54,0,1,0.8337025,0.0017125357408076525,-1.3021273292027986
ddqn,123,1092,10508,-10.049999999999999,5,0,1,0.8336233333333334,0.0013400085445027798,-0.8861673474311829
ddqn,123,1093,10510,-10.02,2,0,1,0.8335916666666667,,
ddqn,123,1094,10519,-10.09,9,0,1,0.8334491666666667,0.0017791282152757049,-1.0912518501281738
ddqn,123,1095,10528,-10.09,9,0,1,0.8333066666666666,0.0012317913545606036,-1.1328784028689067
ddqn,123,1096,10534,-10.06,6,0,1,0.8332116666666667,0.0015082939062267542,-1.4952892065048218
ddqn,123,1097,10544,-10.1,10,0,1,0.8330533333333333,0.0007564097371262809,-1.0862046877543132
ddqn,123,1098,10567,-10.23,23,0,1,0.8326891666666667,0.0021597326500341295,-1.3023113489151001
ddqn,123,1099,10570,-10.03,3,0,1,0.8326416666666667,0.001428685849532485,-1.7908741235733032
ddqn,123,1100,10595,-10.25,25,0,1,0.8322458333333334,0.0015821622412962217,-1.2865330179532368
ddqn,123,1101,10603,-10.08,8,0,1,0.8321191666666667,0.0020049457089044154,-1.3576762676239014
ddqn,123,1102,10607,-10.04,4,0,1,0.8320558333333333,0.0014234434347599745,-1.1767401695251465
ddqn,123,1103,10610,-10.03,3,0,1,0.8320083333333333,0.0033852539490908384,-1.1466017961502075
ddqn,123,1104,10615,-10.049999999999999,5,0,1,0.8319291666666666,0.0006793684442527592,-0.87108314037323
ddqn,123,1105,10652,-10.37,37,0,1,0.8313433333333333,0.0018915181106422096,-1.2272329390048982
ddqn,123,1106,10666,-10.14,14,0,1,0.8311216666666666,0.0017681904525185625,-0.999772717555364
ddqn,123,1107,10683,-10.17,17,0,1,0.8308525,0.002209279889939353,-1.1863036453723907
ddqn,123,1108,10698,-10.15,15,0,1,0.830615,0.001684752176515758,-1.2252545654773712
ddqn,123,1109,10701,-10.03,3,0,1,0.8305675,0.0009331683395430446,-1.3442456722259521
ddqn,123,1110,10706,-10.049999999999999,5,0,1,0.8304883333333333,0.0015186723321676254,-1.3161534070968628
ddqn,123,1111,10713,-10.07,7,0,1,0.8303775,0.0005583229358308017,-1.1784678101539612
ddqn,123,1112,10723,-10.1,10,0,1,0.8302191666666667,0.0013303610030561686,-1.7206433415412903
ddqn,123,1113,10728,-10.049999999999999,5,0,1,0.83014,0.0024420726113021374,-1.7125200629234314
ddqn,123,1114,10739,-10.11,11,0,1,0.8299658333333333,0.0011891862959600985,-1.0917127132415771
ddqn,123,1115,10742,-10.03,3,0,1,0.8299183333333333,0.0007204146240837872,-0.8707664012908936
ddqn,123,1116,10744,-10.02,2,0,1,0.8298866666666667,0.0006160234333947301,-0.879519522190094
ddqn,123,1117,10754,-10.1,10,0,1,0.8297283333333334,0.0008673833217471838,-0.8815224468708038
ddqn,123,1118,10785,-10.31,31,0,1,0.8292375000000001,0.0012943095971422736,-1.2402542978525162
ddqn,123,1119,10792,-10.07,7,0,1,0.8291266666666667,0.0013367714709602296,-1.7107096314430237
ddqn,123,1120,10796,-10.04,4,0,1,0.8290633333333334,0.007680553011596203,-1.542924404144287
ddqn,123,1121,10818,-10.22,22,0,1,0.828715,0.0025480112759396433,-1.424567461013794
ddqn,123,1122,10838,-10.2,20,0,1,0.8283983333333333,0.001784046832472086,-1.3067200779914856
ddqn,123,1123,10861,-10.23,23,0,1,0.8280341666666666,0.0021736796867723265,-1.6928405563036601
ddqn,123,1124,10878,-10.17,17,0,1,0.8277650000000001,0.0020604720048140734,-1.1687135696411133
ddqn,123,1125,10880,-10.02,2,0,1,0.8277333333333333,0.0025993776507675648,-1.672407865524292
ddqn,123,1126,10895,-10.15,15,0,1,0.8274958333333333,0.0013542907157291968,-1.2838143507639568
ddqn,123,1127,10904,-10.09,9,0,1,0.8273533333333334,0.003220364839459459,-1.6012730995814006
ddqn,123,1128,10910,-10.06,6,0,1,0.8272583333333333,0.0021977140568196774,-1.314105749130249
ddqn,123,1129,10918,-10.08,8,0,1,0.8271316666666667,0.0009389960032422096,-1.4119488596916199
ddqn,123,1130,10933,-10.15,15,0,1,0.8268941666666667,0.0013787647476419806,-1.131746806204319
ddqn,123,1131,10947,-10.14,14,0,1,0.8266725,0.0010165162772561114,-1.0834212104479473
ddqn,123,1132,10952,-10.049999999999999,5,0,1,0.8265933333333333,0.0020205808395985514,-1.4301860332489014
ddqn,123,1133,10962,-10.1,10,0,1,0.826435,0.002540947694797069,-1.6394635438919067
ddqn,123,1134,10977,-10.15,15,0,1,0.8261975,0.0007850632391637191,-0.8819050490856171
ddqn,123,1135,11027,-10.5,50,0,1,0.8254058333333334,0.0014313312276499346,-1.0623027682304382
ddqn,123,1136,11031,-10.04,4,0,1,0.8253425,0.002530599944293499,-1.621800184249878
ddqn,123,1137,11038,-10.07,7,0,1,0.8252316666666667,0.0012155933072790504,-1.0886086821556091
ddqn,123,1138,11042,-10.04,4,0,1,0.8251683333333333,0.0010266953613609076,-1.1670200824737549
ddqn,123,1139,11046,-10.04,4,0,1,0.825105,0.0006050268420949578,-0.41299471259117126
ddqn,123,1140,11074,-10.28,28,0,1,0.8246616666666666,0.0012098869275567786,-0.9468287995883397
ddqn,123,1141,11079,-10.049999999999999,5,0,1,0.8245825,0.001144730020314455,-1.7685415744781494
ddqn,123,1142,11081,-10.02,2,0,1,0.8245508333333333,0.001071712002158165,-1.928122639656067
ddqn,123,1143,11083,-10.02,2,0,1,0.8245191666666667,,
ddqn,123,1144,11089,-10.06,6,0,1,0.8244241666666667,0.0012156879529356956,-1.032120406627655
ddqn,123,1145,11092,-10.03,3,0,1,0.8243766666666666,0.0014024378033354878,-1.8030643463134766
ddqn,123,1146,11103,-10.11,11,0,1,0.8242025,0.0020547466119751334,-1.0972464978694916
ddqn,123,1147,11205,-11.02,102,0,1,0.8225875,0.0028780977031251844,-1.297353086563257
ddqn,123,1148,11216,-10.11,11,0,1,0.8224133333333333,0.00471180584281683,-1.1031993826230366
ddqn,123,1149,11225,-10.09,9,0,1,0.8222708333333333,0.0037385658361017704,-1.522437036037445
ddqn,123,1150,11241,-10.16,16,0,1,0.8220175000000001,0.003350756102008745,-0.9315648078918457
ddqn,123,1151,11245,-10.04,4,0,1,0.8219541666666667,0.003758511273190379,-0.5939512848854065
ddqn,123,1152,11248,-10.03,3,0,1,0.8219066666666667,0.006059654988348484,-1.9798839092254639
ddqn,123,1153,11251,-10.03,3,0,1,0.8218591666666667,,
ddqn,123,1154,11268,-10.17,17,0,1,0.82159,0.004694394324906171,-1.1895365715026855
ddqn,123,1155,11292,-10.24,24,0,1,0.82121,0.005232800477339576,-1.3089401523272197
ddqn,123,1156,11296,-10.04,4,0,1,0.8211466666666667,0.004177814815193415,-1.4605339765548706
ddqn,123,1157,11346,-10.5,50,0,1,0.8203550000000001,0.005707059744357442,-1.1115697969992955
ddqn,123,1158,11350,-10.04,4,0,1,0.8202916666666666,0.009874057956039906,-0.5118524432182312
ddqn,123,1159,11378,-10.28,28,0,1,0.8198483333333333,0.01012174179777503,-1.491833814552852
ddqn,123,1160,11388,-10.1,10,0,1,0.81969,0.006108611356467009,-1.177290399869283
ddqn,123,1161,11410,-10.22,22,0,1,0.8193416666666666,0.005842731939628721,-1.2880302667617798
ddqn,123,1162,11416,-10.06,6,0,1,0.8192466666666667,0.00490278034703806,-1.1608387231826782
ddqn,123,1163,11418,-10.02,2,0,1,0.819215,,
ddqn,123,1164,11421,-10.03,3,0,1,0.8191675,0.002211315557360649,-1.0493806600570679
ddqn,123,1165,11427,-10.06,6,0,1,0.8190725,0.0027115645352751017,-1.2193609476089478
ddqn,123,1166,11448,-10.209999999999999,21,0,1,0.81874,0.0035726375062949955,-1.0695266127586365
ddqn,123,1167,11474,-10.26,26,0,1,0.8183283333333333,0.0038808189371290305,-1.210983047882716
ddqn,123,1168,11487,-10.129999999999999,13,0,1,0.8181225,0.005077639672284325,-0.9073894023895264
ddqn,123,1169,11497,-10.1,10,0,1,0.8179641666666667,0.0022965637423718968,-1.5478482246398926
ddqn,123,1170,11501,-10.04,4,0,1,0.8179008333333333,0.0031428562942892313,-1.452061653137207
ddqn,123,1171,11524,-10.23,23,0,1,0.8175366666666667,0.002739460236625746,-1.152071605126063
ddqn,123,1172,11527,-10.03,3,0,1,0.8174891666666667,,
ddqn,123,1173,11533,-10.06,6,0,1,0.8173941666666666,0.004487847443670034,-1.3208274841308594
ddqn,123,1174,11545,-10.12,12,0,1,0.8172041666666667,0.002116789808496833,-1.5872896909713745
ddqn,123,1175,11551,-10.06,6,0,1,0.8171091666666667,0.0028716688975691795,-1.5961494445800781
ddqn,123,1176,11567,-10.16,16,0,1,0.8168558333333333,0.002368823654251173,-1.318301409482956
ddqn,123,1177,11615,-10.48,48,0,1,0.8160958333333334,0.0018249288744603593,-1.182802677154541
ddqn,123,1178,11623,-10.08,8,0,1,0.8159691666666666,0.0022484028013423085,-1.2191185653209686
ddqn,123,1179,11651,-10.28,28,0,1,0.8155258333333333,0.0033268874477861182,-1.0376908438546317
ddqn,123,1180,11666,-10.15,15,0,1,0.8152883333333334,0.080552420578897,-0.9701606929302216
ddqn,123,1181,11672,-10.06,6,0,1,0.8151933333333333,0.016234835609793663,-1.3195444345474243
ddqn,123,1182,11697,-10.25,25,0,1,0.8147975000000001,0.022719731787219644,-1.2527085741360982
ddqn,123,1183,11699,-10.02,2,0,1,0.8147658333333333,,
ddqn,123,1184,11708,-10.09,9,0,1,0.8146233333333334,0.03551188080261151,-1.3416015307108562
ddqn,123,1185,11715,-10.07,7,0,1,0.8145125,0.01701504737138748,-1.5543975830078125
ddqn,123,1186,11721,-10.06,6,0,1,0.8144175,0.02065347833558917,-1.3476639986038208
ddqn,123,1187,11746,-10.25,25,0,1,0.8140216666666666,0.013963145126278201,-1.2819400032361348
ddqn,123,1188,11780,-10.34,34,0,1,0.8134833333333333,0.0032173206434688633,-1.1965011755625408
ddqn,123,1189,11787,-10.07,7,0,1,0.8133725,0.005547349341213703,-1.4304263591766357
ddqn,123,1190,11793,-10.06,6,0,1,0.8132775,0.00645174493547529,-1.3708763718605042
ddqn,123,1191,11798,-10.049999999999999,5,0,1,0.8131983333333334,0.0047973887994885445,-1.8348907232284546
ddqn,123,1192,11801,-10.03,3,0,1,0.8131508333333334,0.0028382143937051296,-1.0104401111602783
ddqn,123,1193,11807,-10.06,6,0,1,0.8130558333333333,0.01263154111802578,-0.9639036655426025
ddqn,123,1194,11828,-10.209999999999999,21,0,1,0.8127233333333334,0.05772409671529507,-0.9548447628815969
ddqn,123,1195,11849,-10.209999999999999,21,0,1,0.8123908333333334,0.01383792357519269,-1.6342453241348267
ddqn,123,1196,11861,-10.12,12,0,1,0.8122008333333334,0.009131786103049913,-1.5532981554667156
ddqn,123,1197,11864,-10.03,3,0,1,0.8121533333333333,0.060984741896390915,-1.4998290538787842
ddqn,123,1198,11867,-10.03,3,0,1,0.8121058333333333,,
ddqn,123,1199,11886,-10.19,19,0,1,0.811805,0.02980952989310026,-1.4081156969070434
ddqn,123,1200,11888,-10.02,2,0,1,0.8117733333333333,0.00879531167447567,-1.080659031867981
ddqn,123,1201,11901,-10.129999999999999,13,0,1,0.8115675,0.02492501524587472,-1.1170349617799122
ddqn,123,1202,11923,-10.22,22,0,1,0.8112191666666666,0.018035039119422436,-1.3051722288131713
ddqn,123,1203,11929,-10.06,6,0,1,0.8111241666666666,0.00542909512296319,-1.1135167479515076
ddqn,123,1204,11934,-10.049999999999999,5,0,1,0.811045,0.03670256584882736,-1.486196517944336
ddqn,123,1205,11937,-10.03,3,0,1,0.8109975,0.012966318055987358,-0.8070073127746582
ddqn,123,1206,11941,-10.04,4,0,1,0.8109341666666667,0.07380452752113342,-1.294791579246521
ddqn,123,1207,11948,-10.07,7,0,1,0.8108233333333333,0.010575688444077969,-0.8529884815216064
ddqn,123,1208,11951,-10.03,3,0,1,0.8107758333333334,,
ddqn,123,1209,11967,-10.16,16,0,1,0.8105225,0.03483430400956422,-1.2750395983457565
ddqn,123,1210,11979,-10.12,12,0,1,0.8103325,0.009407115324089924,-1.1808035175005596
ddqn,123,1211,11983,-10.04,4,0,1,0.8102691666666667,0.004518641158938408,-1.3687736988067627
ddqn,123,1212,11985,-10.02,2,0,1,0.8102374999999999,0.006358540151268244,-1.1817736625671387
ddqn,123,1213,11992,-10.07,7,0,1,0.8101266666666667,0.009580120677128434,-1.3676227033138275
ddqn,123,1214,11996,-10.04,4,0,1,0.8100633333333334,0.006520112976431847,-1.2050071954727173
ddqn,123,1215,12009,-10.129999999999999,13,0,1,0.8098575,0.013049461257954439,-0.9878823757171631
ddqn,123,1216,12061,-10.52,52,0,1,0.8090341666666667,0.011625576638974823,-1.1243942242402296
ddqn,123,1217,12082,-10.209999999999999,21,0,1,0.8087016666666667,0.025132200866937637,-1.198609757423401
ddqn,123,1218,12090,-10.08,8,0,1,0.808575,0.03419477213174105,-1.5998658537864685
ddqn,123,1219,12122,-10.32,32,0,1,0.8080683333333334,0.02026747609488666,-1.2111626267433167
ddqn,123,1220,12127,-10.049999999999999,5,0,1,0.8079891666666666,0.027058612555265427,-1.3009095191955566
ddqn,123,1221,12147,-10.2,20,0,1,0.8076725,0.015557102113962173,-1.3659720182418824
ddqn,123,1222,12153,-10.06,6,0,1,0.8075775000000001,0.021676623262465,-1.5671846270561218
ddqn,123,1223,12160,-10.07,7,0,1,0.8074666666666667,0.019285569433122873,-1.1863390803337097
ddqn,123,1224,12187,-10.27,27,0,1,0.8070391666666666,0.02726781616608302,-1.5038198431332905
ddqn,123,1225,12244,-10.57,57,0,1,0.8061366666666667,0.04104478334387143,-1.3040661891301473
ddqn,123,1226,12247,-10.03,3,0,1,0.8060891666666666,,
ddqn,123,1227,12261,-10.14,14,0,1,0.8058675,0.014039260102435946,-1.0266053974628448
ddqn,123,1228,12266,-10.049999999999999,5,0,1,0.8057883333333333,0.007247723639011383,-1.4661071300506592
ddqn,123,1229,12268,-10.02,2,0,1,0.8057566666666667,0.012290695682168007,-1.319765329360962
ddqn,123,1230,12270,-10.02,2,0,1,0.805725,,
ddqn,123,1231,12271,-10.01,1,0,1,0.8057091666666667,,
ddqn,123,1232,12291,-10.2,20,0,1,0.8053925,0.007893855497241021,-0.9557720780372619
ddqn,123,1233,12297,-10.06,6,0,1,0.8052975,0.012648014817386866,-1.467548131942749
ddqn,123,1234,12313,-10.16,16,0,1,0.8050441666666667,0.010483335005119443,-1.2920166701078415
ddqn,123,1235,12329,-10.16,16,0,1,0.8047908333333333,0.012699223589152098,-1.21768356859684
ddqn,123,1236,12345,-10.16,16,0,1,0.8045375,0.018649345263838768,-1.3036085218191147
ddqn,123,1237,12354,-10.09,9,0,1,0.804395,0.011803038185462356,-1.4713566303253174
ddqn,123,1238,12366,-10.12,12,0,1,0.8042050000000001,0.006369524635374546,-1.0641934275627136
ddqn,123,1239,12415,-10.49,49,0,1,0.8034291666666666,0.010267979969891409,-1.301780824859937
ddqn,123,1240,12442,-10.27,27,0,1,0.8030016666666666,0.0064770498179963654,-1.196798494883946
ddqn,123,1241,12452,-10.1,10,0,1,0.8028433333333334,0.004305452574044466,-1.390239159266154
ddqn,123,1242,12455,-10.03,3,0,1,0.8027958333333334,,
ddqn,123,1243,12497,-10.42,42,0,1,0.8021308333333333,0.002912807214835828,-1.2936241572553462
ddqn,123,1244,12500,-10.03,3,0,1,0.8020833333333334,0.004693219438195229,-1.3295528888702393
ddqn,123,1245,12527,-10.27,27,0,1,0.8016558333333333,0.004507902078330517,-1.537000874678294
ddqn,123,1246,12531,-10.04,4,0,1,0.8015925,0.00491628423333168,-2.0508346557617188
ddqn,123,1247,12548,-10.17,17,0,1,0.8013233333333334,0.0030648950021713974,-1.5428581357002258
ddqn,123,1248,12565,-10.17,17,0,1,0.8010541666666666,0.0037144660018384457,-1.338411271572113
ddqn,123,1249,12610,-10.45,45,0,1,0.8003416666666667,0.003207265748642385,-1.145551627332514
ddqn,123,1250,12622,-10.12,12,0,1,0.8001516666666667,0.004581767600029707,-1.2145203749338787
ddqn,123,1251,12626,-10.04,4,0,1,0.8000883333333333,0.005997803993523121,-1.1399600505828857
ddqn,123,1252,12635,-10.09,9,0,1,0.7999458333333334,0.0031307594617828727,-1.2546565532684326
ddqn,123,1253,12644,-10.09,9,0,1,0.7998033333333333,0.003483324544504285,-1.3106393416722615
ddqn,123,1254,12647,-10.03,3,0,1,0.7997558333333333,,
ddqn,123,1255,12650,-10.03,3,0,1,0.7997083333333334,0.0039984723553061485,-0.8817859888076782
ddqn,123,1256,12652,-10.02,2,0,1,0.7996766666666667,0.003455120837315917,-1.1938457489013672
ddqn,123,1257,12677,-10.25,25,0,1,0.7992808333333333,0.0030169685875686505,-1.1106768349806468
ddqn,123,1258,12688,-10.11,11,0,1,0.7991066666666666,0.0033928824899097285,-1.4924595554669697
ddqn,123,1259,12690,-10.02,2,0,1,0.799075,,
ddqn,123,1260,12697,-10.07,7,0,1,0.7989641666666667,0.004632418509572744,-1.2400761246681213
ddqn,123,1261,12700,-10.03,3,0,1,0.7989166666666667,0.0014867226127535105,-0.9032491445541382
ddqn,123,1262,12749,-10.49,49,0,1,0.7981408333333333,0.003445561625994742,-1.3160022497177124
ddqn,123,1263,12776,-10.27,27,0,1,0.7977133333333333,0.002455718715542129,-1.2297979763575964
ddqn,123,1264,12820,-10.44,44,0,1,0.7970166666666667,0.002521753670986403,-1.2790424607016824
ddqn,123,1265,12821,-10.01,1,0,1,0.7970008333333334,,
ddqn,123,1266,12829,-10.08,8,0,1,0.7968741666666667,0.002591384807601571,-1.2048481106758118
ddqn,123,1267,12833,-10.04,4,0,1,0.7968108333333334,0.0022883855272084475,-1.0160574913024902
ddqn,123,1268,12841,-10.08,8,0,1,0.7966841666666666,0.0045620352029800415,-1.6946198344230652
ddqn,123,1269,12843,-10.02,2,0,1,0.7966525,,
ddqn,123,1270,12847,-10.04,4,0,1,0.7965891666666667,0.0028147539123892784,-0.8931833505630493
ddqn,123,1271,12849,-10.02,2,0,1,0.7965575,0.0035854545421898365,-1.3620988130569458
ddqn,123,1272,12861,-10.12,12,0,1,0.7963675,0.10495896881911904,-0.9146124521891276
ddqn,123,1273,12871,-10.1,10,0,1,0.7962091666666666,0.005923356860876083,-1.0051048696041107
ddqn,123,1274,12873,-10.02,2,0,1,0.7961775,0.002513839863240719,-1.2083518505096436
ddqn,123,1275,12904,-10.31,31,0,1,0.7956866666666667,0.003375003216206096,-1.1168508008122444
ddqn,123,1276,12907,-10.03,3,0,1,0.7956391666666667,,
ddqn,123,1277,12914,-10.07,7,0,1,0.7955283333333334,0.0022916317102499306,-0.8661722242832184
ddqn,123,1278,12916,-10.02,2,0,1,0.7954966666666667,0.005821199156343937,-1.5935434103012085
ddqn,123,1279,12922,-10.06,6,0,1,0.7954016666666667,0.0050391145050525665,-1.7620623111724854
ddqn,123,1280,12934,-10.12,12,0,1,0.7952116666666667,0.0025156803894788027,-1.1465718348821003
ddqn,123,1281,12960,-10.26,26,0,1,0.7948,0.002870006869280977,-1.2498739872659956
ddqn,123,1282,12972,-10.12,12,0,1,0.79461,0.0025140998574594655,-0.9679737091064453
ddqn,123,1283,13009,-10.37,37,0,1,0.7940241666666668,0.0026634129462763667,-1.28566888305876
ddqn,123,1284,13016,-10.07,7,0,1,0.7939133333333334,0.002831661142408848,-1.8593014478683472
ddqn,123,1285,13024,-10.08,8,0,1,0.7937866666666666,0.001356748165562749,-1.0894763320684433
ddqn,123,1286,13080,-10.56,56,0,1,0.7929,0.0016300990329390125,-1.2046442925930023
ddqn,123,1287,13081,-10.01,1,0,1,0.7928841666666666,,
ddqn,123,1288,13100,-10.19,19,0,1,0.7925833333333334,0.0012684676446951925,-1.3150143265724181
ddqn,123,1289,13116,-10.16,16,0,1,0.79233,0.00164537932141684,-1.3619810342788696
ddqn,123,1290,13124,-10.08,8,0,1,0.7922033333333334,0.0010841955663636327,-0.8768463134765625
ddqn,123,1291,13127,-10.03,3,0,1,0.7921558333333334,,
ddqn,123,1292,13143,-10.16,16,0,1,0.7919025,0.001819008932216093,-1.1779756844043732
ddqn,123,1293,13145,-10.02,2,0,1,0.7918708333333333,0.0006551120313815773,-0.7324943542480469
ddqn,123,1294,13167,-10.22,22,0,1,0.7915225,0.0024825777392834423,-1.156761360168457
ddqn,123,1295,13174,-10.07,7,0,1,0.7914116666666666,0.15807908662827685,-1.1280872225761414
ddqn,123,1296,13180,-10.06,6,0,1,0.7913166666666667,0.005422881746198982,-1.368979126214981
ddqn,123,1297,13182,-10.02,2,0,1,0.791285,,
ddqn,123,1298,13183,-10.01,1,0,1,0.7912691666666667,,
ddqn,123,1299,13188,-10.049999999999999,5,0,1,0.7911900000000001,0.002342731168027967,-1.126053273677826
ddqn,123,1300,13192,-10.04,4,0,1,0.7911266666666668,0.007650804240256548,-1.4002494812011719
ddqn,123,1301,13209,-10.17,17,0,1,0.7908575,0.003782648767810315,-0.9733679890632629
ddqn,123,1302,13232,-10.23,23,0,1,0.7904933333333334,0.007244186359457672,-1.2446976900100708
ddqn,123,1303,13236,-10.04,4,0,1,0.79043,0.0009531931136734784,-0.2726166546344757
ddqn,123,1304,13237,-10.01,1,0,1,0.7904141666666666,,
ddqn,123,1305,13263,-10.26,26,0,1,0.7900025,0.006601263283907126,-1.1322472492853801
ddqn,123,1306,13271,-10.08,8,0,1,0.7898758333333333,0.006613040342926979,-1.3180838227272034
ddqn,123,1307,13277,-10.06,6,0,1,0.7897808333333334,0.003483664011582732,-1.2554184794425964
ddqn,123,1308,13283,-10.06,6,0,1,0.7896858333333334,0.007507380098104477,-1.2909168004989624
ddqn,123,1309,13285,-10.02,2,0,1,0.7896541666666667,0.0015023360028862953,-1.316957712173462
ddqn,123,1310,13322,-10.37,37,0,1,0.7890683333333334,0.003958897574597763,-1.0629644460148282
ddqn,123,1311,13326,-10.04,4,0,1,0.789005,0.002045846777036786,-0.8720409870147705
ddqn,123,1312,13352,-10.26,26,0,1,0.7885933333333334,0.0019499239611572453,-1.1478827851159232
ddqn,123,1313,13361,-10.09,9,0,1,0.7884508333333333,0.0011171522201038897,-1.0241965055465698
ddqn,123,1314,13380,-10.19,19,0,1,0.78815,0.001731190038844943,-0.9470954537391663
ddqn,123,1315,13383,-10.03,3,0,1,0.7881025,,
ddqn,123,1316,13387,-10.04,4,0,1,0.7880391666666666,0.0031733857467770576,-1.1616227626800537
ddqn,123,1317,13397,-10.1,10,0,1,0.7878808333333334,0.0014746034479079146,-0.8412392139434814
ddqn,123,1318,13399,-10.02,2,0,1,0.7878491666666667,,
ddqn,123,1319,13401,-10.02,2,0,1,0.7878175000000001,0.0023129864130169153,-1.6343207359313965
ddqn,123,1320,13403,-10.02,2,0,1,0.7877858333333334,,
ddqn,123,1321,13408,-10.049999999999999,5,0,1,0.7877066666666667,0.0018663076334632933,-0.9195883274078369
ddqn,123,1322,13410,-10.02,2,0,1,0.787675,,
ddqn,123,1323,13416,-10.06,6,0,1,0.7875800000000001,0.001479398226365447,-1.0893102288246155
ddqn,123,1324,13422,-10.06,6,0,1,0.787485,0.0022407383657991886,-1.0450208187103271
ddqn,123,1325,13441,-10.19,19,0,1,0.7871841666666667,0.0017495833802968264,-1.396070671081543
ddqn,123,1326,13446,-10.049999999999999,5,0,1,0.787105,0.001033703563734889,-0.8881416320800781
ddqn,123,1327,13463,-10.17,17,0,1,0.7868358333333334,0.0016243446443695575,-1.2136501967906952
ddqn,123,1328,13465,-10.02,2,0,1,0.7868041666666667,0.0008727599633857608,-1.0085184574127197
ddqn,123,1329,13483,-10.18,18,0,1,0.7865191666666667,0.0015191501006484032,-1.4834503531455994
ddqn,123,1330,13491,-10.08,8,0,1,0.7863925,0.0017469978192821145,-1.1557803750038147
ddqn,123,1331,13518,-10.27,27,0,1,0.785965,0.002384058848422553,-1.2297029495239258
ddqn,123,1332,13522,-10.04,4,0,1,0.7859016666666667,0.002904988592490554,-1.765670895576477
ddqn,123,1333,13523,-10.01,1,0,1,0.7858858333333334,,
ddqn,123,1334,13527,-10.04,4,0,1,0.7858225,0.002565517323091626,-1.1950368881225586
ddqn,123,1335,13546,-10.19,19,0,1,0.7855216666666667,0.0013314117561094463,-1.20576251745224
ddqn,123,1336,13551,-10.049999999999999,5,0,1,0.7854425,0.0027198423631489277,-1.1748446226119995
ddqn,123,1337,13567,-10.16,16,0,1,0.7851891666666667,0.0020668210927397013,-1.4934243559837341
ddqn,123,1338,13585,-10.18,18,0,1,0.7849041666666667,0.0017698492854833602,-0.781721693277359
ddqn,123,1339,13596,-10.11,11,0,1,0.78473,0.0015228473348543048,-1.679816206296285
ddqn,123,1340,13607,-10.11,11,0,1,0.7845558333333333,0.0012779658427461982,-1.4951266646385193
ddqn,123,1341,13611,-10.04,4,0,1,0.7844925,0.3109760880470276,-1.512944221496582
ddqn,123,1342,13615,-10.04,4,0,1,0.7844291666666667,0.0024058802518993616,-0.857340931892395
ddqn,123,1343,13616,-10.01,1,0,1,0.7844133333333334,0.0034863403998315334,-1.1433663368225098
ddqn,123,1344,13621,-10.049999999999999,5,0,1,0.7843341666666667,0.0015045128529891372,-1.014037847518921
ddqn,123,1345,13623,-10.02,2,0,1,0.7843025,,
ddqn,123,1346,13629,-10.06,6,0,1,0.7842075000000001,0.0029554562643170357,-1.352311134338379
ddqn,123,1347,13641,-10.12,12,0,1,0.7840175,0.004318404826335609,-1.294671098391215
ddqn,123,1348,13654,-10.129999999999999,13,0,1,0.7838116666666667,0.0045916928599278135,-1.4346312681833904
ddqn,123,1349,13657,-10.03,3,0,1,0.7837641666666667,0.0016625591088086367,-0.9046374559402466
ddqn,123,1350,13684,-10.27,27,0,1,0.7833366666666667,0.0031153082381933928,-1.0070571643965585
ddqn,123,1351,13710,-10.26,26,0,1,0.782925,0.006969839877759417,-1.1488416492938995
ddqn,123,1352,13737,-10.27,27,0,1,0.7824975000000001,0.004148545957702611,-1.2605383055550712
ddqn,123,1353,13751,-10.14,14,0,1,0.7822758333333334,0.0016621843678876758,-0.9653013944625854
ddqn,123,1354,13759,-10.08,8,0,1,0.7821491666666667,0.00313777313567698,-1.4660207033157349
ddqn,123,1355,13764,-10.049999999999999,5,0,1,0.78207,0.0014179752906784415,-0.9533506631851196
ddqn,123,1356,13774,-10.1,10,0,1,0.7819116666666667,0.0008822385862004012,-1.1081668138504028
ddqn,123,1357,13779,-10.049999999999999,5,0,1,0.7818325,0.0019804323092103004,-1.334212303161621
ddqn,123,1358,13785,-10.06,6,0,1,0.7817375,0.0017008115537464619,-1.7212871313095093
ddqn,123,1359,13790,-10.049999999999999,5,0,1,0.7816583333333333,0.003385675372555852,-0.7638341784477234
ddqn,123,1360,13797,-10.07,7,0,1,0.7815475000000001,0.0018993106205016375,-1.4140969514846802
ddqn,123,1361,13820,9.77,23,1,0,0.7811833333333333,0.0016517315331536035,-1.223917047182719
ddqn,123,1362,13829,-10.09,9,0,1,0.7810408333333333,0.002697192132472992,-1.3184910416603088
ddqn,123,1363,13835,-10.06,6,0,1,0.7809458333333333,0.00146529043558985,-0.8779188394546509
ddqn,123,1364,13852,-10.17,17,0,1,0.7806766666666667,0.001238812634255737,-1.1529236316680909
ddqn,123,1365,13886,-10.34,34,0,1,0.7801383333333334,0.0011064465361414477,-1.142453670501709
ddqn,123,1366,13902,-10.16,16,0,1,0.779885,0.002257913933135569,-1.1319780945777893
ddqn,123,1367,13910,-10.08,8,0,1,0.7797583333333333,0.001054940657922998,-1.284933626651764
ddqn,123,1368,13912,-10.02,2,0,1,0.7797266666666667,0.0021599598694592714,-1.221002459526062
ddqn,123,1369,13920,-10.08,8,0,1,0.7796,0.0013201636320445687,-1.0251395106315613
ddqn,123,1370,13937,-10.17,17,0,1,0.7793308333333333,0.001321851130342111,-1.3276990056037903
ddqn,123,1371,13949,-10.12,12,0,1,0.7791408333333334,0.001436178262035052,-1.4701975584030151
ddqn,123,1372,13952,-10.03,3,0,1,0.7790933333333333,0.0005255409050732851,-1.0289344787597656
ddqn,123,1373,13954,-10.02,2,0,1,0.7790616666666667,,
ddqn,123,1374,13995,-10.41,41,0,1,0.7784125,0.0019545705406926574,-1.4733986139297486
ddqn,123,1375,14000,-10.049999999999999,5,0,1,0.7783333333333333,0.0009270785085391253,-1.0987716913223267
ddqn,123,1376,14008,-10.08,8,0,1,0.7782066666666667,0.00159688969142735,-1.102096974849701
ddqn,123,1377,14012,-10.04,4,0,1,0.7781433333333333,0.0007651646155864,-1.1556501388549805
ddqn,123,1378,14031,-10.19,19,0,1,0.7778425,0.001197752368170768,-1.0487925857305527
ddqn,123,1379,14035,-10.04,4,0,1,0.7777791666666667,0.0023621325381100178,-1.1850593090057373
ddqn,123,1380,14039,-10.04,4,0,1,0.7777158333333334,0.0007511607254855335,-1.4735687971115112
ddqn,123,1381,14053,-10.14,14,0,1,0.7774941666666667,0.0011757784814108163,-1.0233222246170044
ddqn,123,1382,14073,-10.2,20,0,1,0.7771775,0.0016042034840211272,-1.4126641511917115
ddqn,123,1383,14084,-10.11,11,0,1,0.7770033333333334,0.0016825717175379395,-1.4471485217412312
ddqn,123,1384,14087,-10.03,3,0,1,0.7769558333333333,,
ddqn,123,1385,14092,-10.049999999999999,5,0,1,0.7768766666666667,0.001716773142106831,-1.1561499238014221
ddqn,123,1386,14104,-10.12,12,0,1,0.7766866666666666,0.0012038791125329833,-1.534472942352295
ddqn,123,1387,14114,-10.1,10,0,1,0.7765283333333334,0.0010285116150043905,-1.3969333171844482
ddqn,123,1388,14123,-10.09,9,0,1,0.7763858333333333,0.0007887221581768245,-1.2471030354499817
ddqn,123,1389,14136,-10.129999999999999,13,0,1,0.77618,0.0008276920416392386,-1.331218034029007
ddqn,123,1390,14141,-10.049999999999999,5,0,1,0.7761008333333334,0.0012546723010018468,-1.4725017547607422
ddqn,123,1391,14143,-10.02,2,0,1,0.7760691666666667,,
ddqn,123,1392,14166,-10.23,23,0,1,0.775705,0.0007549665072777619,-1.246438165505727
ddqn,123,1393,14176,-10.1,10,0,1,0.7755466666666666,0.0012303009085978072,-1.3720566034317017
ddqn,123,1394,14194,-10.18,18,0,1,0.7752616666666667,0.0007765552145428956,-1.1797990202903748
ddqn,123,1395,14196,-10.02,2,0,1,0.77523,0.0009110025130212307,-1.3266011476516724
ddqn,123,1396,14203,-10.07,7,0,1,0.7751191666666667,0.0004142023390159011,-1.3259320259094238
ddqn,123,1397,14214,-10.11,11,0,1,0.774945,0.0008623043346839646,-1.2119308312733967
ddqn,123,1398,14216,-10.02,2,0,1,0.7749133333333333,0.0007081307121552527,-0.8722785711288452
ddqn,123,1399,14240,-10.24,24,0,1,0.7745333333333333,0.0008198296515426288,-1.3510813812414806
ddqn,123,1400,14245,-10.049999999999999,5,0,1,0.7744541666666667,0.0009469665819779038,-1.4939792156219482
ddqn,123,1401,14271,-10.26,26,0,1,0.7740425,0.054427534152637236,-1.4008756081263225
ddqn,123,1402,14295,-10.24,24,0,1,0.7736625,0.0016964357540321846,-0.9996283849080404
ddqn,123,1403,14310,-10.15,15,0,1,0.773425,0.0017628819477977231,-1.2091177701950073
ddqn,123,1404,14315,-10.049999999999999,5,0,1,0.7733458333333334,0.0016064587980508804,-1.309816837310791
ddqn,123,1405,14327,-10.12,12,0,1,0.7731558333333334,0.00238032181126376,-1.6979424158732097
ddqn,123,1406,14346,-10.19,19,0,1,0.7728550000000001,0.002028964308556169,-1.3960108280181884
ddqn,123,1407,14350,-10.04,4,0,1,0.7727916666666667,0.0025922057684510946,-1.4491122961044312
ddqn,123,1408,14386,-10.36,36,0,1,0.7722216666666667,0.00106993582772298,-1.1711121267742581
ddqn,123,1409,14397,-10.11,11,0,1,0.7720475,0.0014931739812406402,-1.1387450496355693
ddqn,123,1410,14408,-10.11,11,0,1,0.7718733333333333,0.0013625522648605208,-1.0171487927436829
ddqn,123,1411,14435,-10.27,27,0,1,0.7714458333333334,0.00130379808251746,-1.1433157523473103
ddqn,123,1412,14454,-10.19,19,0,1,0.771145,0.0012700003571808338,-1.1718875408172607
ddqn,123,1413,14457,-10.03,3,0,1,0.7710975,0.0015084213810041547,-1.4874588251113892
ddqn,123,1414,14460,-10.03,3,0,1,0.77105,0.0008118326077237725,-1.0415984392166138
ddqn,123,1415,14476,-10.16,16,0,1,0.7707966666666667,0.0008031724210013635,-0.9837794601917267
ddqn,123,1416,14478,-10.02,2,0,1,0.770765,,
ddqn,123,1417,14480,-10.02,2,0,1,0.7707333333333333,0.001021226984448731,-1.0167299509048462
ddqn,123,1418,14489,-10.09,9,0,1,0.7705908333333333,0.15696996764745563,-1.9547598361968994
ddqn,123,1419,14497,-10.08,8,0,1,0.7704641666666667,0.006593697238713503,-1.3569899797439575
ddqn,123,1420,14501,-10.04,4,0,1,0.7704008333333333,0.0012228176929056644,-1.1890320777893066
ddqn,123,1421,14520,-10.19,19,0,1,0.7701,0.0043081582058221105,-1.2721800565719605
ddqn,123,1422,14527,-10.07,7,0,1,0.7699891666666667,0.001927693490870297,-1.5093905925750732
ddqn,123,1423,14540,-10.129999999999999,13,0,1,0.7697833333333333,0.002358722689677961,-1.249018281698227
ddqn,123,1424,14556,-10.16,16,0,1,0.76953,0.001064112555468455,-1.2227320969104767
ddqn,123,1425,14571,-10.15,15,0,1,0.7692924999999999,0.0022776670521125197,-1.1686485012372334
ddqn,123,1426,14577,-10.06,6,0,1,0.7691975,0.0022947569377720356,-1.7338157892227173
ddqn,123,1427,14578,-10.01,1,0,1,0.7691816666666667,,
ddqn,123,1428,14586,-10.08,8,0,1,0.769055,0.0027986704371869564,-1.385373830795288
ddqn,123,1429,14588,-10.02,2,0,1,0.7690233333333334,0.0008827959536574781,-1.7896168231964111
ddqn,123,1430,14591,-10.03,3,0,1,0.7689758333333333,,
ddqn,123,1431,14623,-10.32,32,0,1,0.7684691666666666,0.0017087591513700318,-1.2741879522800446
ddqn,123,1432,14633,-10.1,10,0,1,0.7683108333333333,0.001377393666189164,-1.5804531971613567
ddqn,123,1433,14635,-10.02,2,0,1,0.7682791666666666,,
ddqn,123,1434,14648,-10.129999999999999,13,0,1,0.7680733333333334,0.0007666174569749273,-1.25008025765419
ddqn,123,1435,14659,-10.11,11,0,1,0.7678991666666667,0.001657256856560707,-1.1067940592765808
ddqn,123,1436,14664,-10.049999999999999,5,0,1,0.76782,0.0008720672922208905,-1.0956623554229736
ddqn,123,1437,14665,-10.01,1,0,1,0.7678041666666666,,
ddqn,123,1438,14745,-10.8,80,0,1,0.7665375,0.0009761893990798854,-1.0738794222474097
ddqn,123,1439,14761,-10.16,16,0,1,0.7662841666666667,0.001155031772213988,-1.0633832663297653
ddqn,123,1440,14765,-10.04,4,0,1,0.7662208333333334,0.0003975757281295955,-0.8733527660369873
ddqn,123,1441,14768,-10.03,3,0,1,0.7661733333333334,0.0009932620450854301,-1.4881176948547363
ddqn,123,1442,14771,-10.03,3,0,1,0.7661258333333334,,
ddqn,123,1443,14776,-10.049999999999999,5,0,1,0.7660466666666667,0.0008039390086196363,-1.4721263647079468
ddqn,123,1444,14800,-10.24,24,0,1,0.7656666666666667,0.05451257236806365,-1.3289604485034943
ddqn,123,1445,14818,-10.18,18,0,1,0.7653816666666666,0.0017384872189722955,-1.1960687041282654
ddqn,123,1446,14838,-10.2,20,0,1,0.765065,0.002281963638961315,-1.0333603262901305
ddqn,123,1447,14853,-10.15,15,0,1,0.7648275,0.07913185958750546,-1.4581392258405685
ddqn,123,1448,14877,-10.24,24,0,1,0.7644475,0.004147361828169475,-1.1303441921869914
ddqn,123,1449,14902,-10.25,25,0,1,0.7640516666666667,0.0028439200250431895,-1.2958501776059468
ddqn,123,1450,14937,-10.35,35,0,1,0.7634974999999999,0.002812834488900585,-1.5010456773969862
ddqn,123,1451,14939,-10.02,2,0,1,0.7634658333333333,,
ddqn,123,1452,14961,-10.22,22,0,1,0.7631175,0.0016037413928036888,-1.1987533966700237
ddqn,123,1453,14980,-10.19,19,0,1,0.7628166666666667,0.06219204422086477,-1.3437954187393188
ddqn,123,1454,14996,-10.16,16,0,1,0.7625633333333334,0.0020401464571477845,-1.4086378812789917
ddqn,123,1455,15018,-10.22,22,0,1,0.762215,0.0009217139391694218,-1.108175230026245
ddqn,123,1456,15022,-10.04,4,0,1,0.7621516666666667,0.0006328399758785963,-0.5464282035827637
ddqn,123,1457,15043,-10.209999999999999,21,0,1,0.7618191666666667,0.002012583881150931,-1.4387360334396362
ddqn,123,1458,15046,-10.03,3,0,1,0.7617716666666666,0.0016796658746898174,-0.582999587059021
ddqn,123,1459,15057,-10.11,11,0,1,0.7615975,0.002001941824952761,-1.345881422360738
ddqn,123,1460,15063,-10.06,6,0,1,0.7615025,0.002858379390090704,-1.6105146408081055
ddqn,123,1461,15070,-10.07,7,0,1,0.7613916666666667,0.0026134680956602097,-1.255764126777649
ddqn,123,1462,15090,-10.2,20,0,1,0.761075,0.0017015454941429198,-1.28159339427948
ddqn,123,1463,15099,-10.09,9,0,1,0.7609325,0.002268637123052031,-1.1743761897087097
ddqn,123,1464,15110,-10.11,11,0,1,0.7607583333333333,0.001737150091988345,-1.331918756167094
ddqn,123,1465,15119,-10.09,9,0,1,0.7606158333333334,0.0014927515294402838,-1.3285090327262878
ddqn,123,1466,15139,-10.2,20,0,1,0.7602991666666666,0.0025298229418694975,-1.2890131592750549
ddqn,123,1467,15141,-10.02,2,0,1,0.7602675,0.002280900487676263,-1.3495283126831055
ddqn,123,1468,15170,-10.29,29,0,1,0.7598083333333333,0.0021313500723668505,-1.3312753779547555
ddqn,123,1469,15173,-10.03,3,0,1,0.7597608333333333,0.0016793394461274147,-1.6175734996795654
ddqn,123,1470,15183,-10.1,10,0,1,0.7596025,0.004878139356151223,-0.9786469042301178
ddqn,123,1471,15228,-10.45,45,0,1,0.75889,0.0049697822105372325,-1.2219861621658008
ddqn,123,1472,15240,-10.12,12,0,1,0.7587,0.005763699611028035,-1.481061577796936
ddqn,123,1473,15250,-10.1,10,0,1,0.7585416666666667,0.005836596188601106,-0.9854928255081177
ddqn,123,1474,15253,-10.03,3,0,1,0.7584941666666667,0.005666669923812151,-1.128676414489746
ddqn,123,1475,15258,-10.049999999999999,5,0,1,0.758415,0.001308283070102334,-1.3522851467132568
ddqn,123,1476,15261,-10.03,3,0,1,0.7583675,0.006763911806046963,-0.9178438186645508
ddqn,123,1477,15267,-10.06,6,0,1,0.7582725,0.009501151740550995,-1.2402675151824951
ddqn,123,1478,15274,-10.07,7,0,1,0.7581616666666666,0.007182713132351637,-1.351071536540985
ddqn,123,1479,15296,-10.22,22,0,1,0.7578133333333333,0.0020696244318969548,-1.2288882633050282
ddqn,123,1480,15313,-10.17,17,0,1,0.7575441666666667,0.0014077403757255524,-1.1048923134803772
ddqn,123,1481,15370,-10.57,57,0,1,0.7566416666666667,0.023964887256235152,-1.0499296188354492
ddqn,123,1482,15388,-10.18,18,0,1,0.7563566666666667,0.00376315931789577,-1.3665141940116883
ddqn,123,1483,15392,-10.04,4,0,1,0.7562933333333334,0.006205118726938963,-1.2874250411987305
ddqn,123,1484,15395,-10.03,3,0,1,0.7562458333333333,,
ddqn,123,1485,15397,-10.02,2,0,1,0.7562141666666666,0.004573790356516838,-1.295534610748291
ddqn,123,1486,15409,-10.12,12,0,1,0.7560241666666667,0.0021703709207940847,-1.0887421369552612
ddqn,123,1487,15416,-10.07,7,0,1,0.7559133333333333,0.003129479708150029,-1.763628900051117
ddqn,123,1488,15421,-10.049999999999999,5,0,1,0.7558341666666667,0.0015392217319458723,-1.3157844543457031
ddqn,123,1489,15425,-10.04,4,0,1,0.7557708333333333,0.0016892978455871344,-1.8031115531921387
ddqn,123,1490,15429,-10.04,4,0,1,0.7557075,0.0013124165125191212,-1.4944918155670166
ddqn,123,1491,15439,-10.1,10,0,1,0.7555491666666667,0.0016738363774493337,-1.0835090279579163
ddqn,123,1492,15467,-10.28,28,0,1,0.7551058333333334,0.001272218393361462,-1.1336999535560608
ddqn,123,1493,15478,-10.11,11,0,1,0.7549316666666667,0.0017796802955369155,-1.575458586215973
ddqn,123,1494,15487,-10.09,9,0,1,0.7547891666666666,0.0009430917561985552,-0.9350354075431824
ddqn,123,1495,15490,-10.03,3,0,1,0.7547416666666666,0.002028014976531267,-1.5052449703216553
ddqn,123,1496,15495,-10.049999999999999,5,0,1,0.7546625,0.0006983214407227933,-0.7333611845970154
ddqn,123,1497,15554,-10.59,59,0,1,0.7537283333333333,0.0017849903088063002,-1.1494117418924967
ddqn,123,1498,15569,-10.15,15,0,1,0.7534908333333333,0.0020574927766574547,-1.0498197823762894
ddqn,123,1499,15586,-10.17,17,0,1,0.7532216666666667,0.002536011190386489,-1.385928988456726
ddqn,123,1500,15589,-10.03,3,0,1,0.7531741666666667,0.0010749800130724907,-0.7119938731193542
ddqn,123,1501,15611,-10.22,22,0,1,0.7528258333333333,0.0010357763268984855,-1.1985567331314086
ddqn,123,1502,15615,-10.04,4,0,1,0.7527625,0.002737359143793583,-1.0660661458969116
ddqn,123,1503,15645,-10.3,30,0,1,0.7522875,0.0009647938495618291,-1.1536984890699387
ddqn,123,1504,15652,-10.07,7,0,1,0.7521766666666667,0.0024579681921750307,-0.9926705956459045
ddqn,123,1505,15655,-10.03,3,0,1,0.7521291666666666,,
ddqn,123,1506,15668,-10.129999999999999,13,0,1,0.7519233333333334,0.001402541747665964,-1.343846783041954
ddqn,123,1507,15673,-10.049999999999999,5,0,1,0.7518441666666666,0.0014746538363397121,-1.1622076034545898
ddqn,123,1508,15680,-10.07,7,0,1,0.7517333333333334,0.0004996556672267616,-1.0958414673805237
ddqn,123,1509,15684,-10.04,4,0,1,0.7516700000000001,0.00131474738009274,-0.8784355521202087
ddqn,123,1510,15688,-10.04,4,0,1,0.7516066666666666,0.0012909191427752376,-1.4924309253692627
ddqn,123,1511,15690,-10.02,2,0,1,0.751575,,
ddqn,123,1512,15691,-10.01,1,0,1,0.7515591666666667,,
ddqn,123,1513,15739,-10.48,48,0,1,0.7507991666666667,0.0009533478538893784,-0.9476876556873322
ddqn,123,1514,15748,-10.09,9,0,1,0.7506566666666666,0.001697150873951614,-1.3675902684529622
ddqn,123,1515,15751,-10.03,3,0,1,0.7506091666666667,,
ddqn,123,1516,15763,-10.12,12,0,1,0.7504191666666666,0.0018116923553558688,-1.512344519297282
ddqn,123,1517,15766,-10.03,3,0,1,0.7503716666666667,0.0031291332561522722,-1.361236572265625
ddqn,123,1518,15768,-10.02,2,0,1,0.75034,0.0009092098334804177,-1.1924854516983032
ddqn,123,1519,15783,-10.15,15,0,1,0.7501025,0.001714967715088278,-1.1220110257466633
ddqn,123,1520,15812,-10.29,29,0,1,0.7496433333333333,0.0007528093228756916,-1.0350814685225487
ddqn,123,1521,15823,-10.11,11,0,1,0.7494691666666666,0.0007704731688136235,-1.4003708958625793
ddqn,123,1522,15840,-10.17,17,0,1,0.7492,0.0008581056958064437,-1.296772837638855
ddqn,123,1523,15869,9.71,29,1,0,0.7487408333333334,0.04629671883802595,-1.233584233692714
ddqn,123,1524,15910,-10.41,41,0,1,0.7480916666666667,0.005991805950179696,-1.1462535083293914
ddqn,123,1525,15919,-10.09,9,0,1,0.7479491666666667,0.0014753909199498594,-1.2571118474006653
ddqn,123,1526,15946,-10.27,27,0,1,0.7475216666666666,0.00418268791067281,-1.2016892177718026
ddqn,123,1527,16004,-10.58,58,0,1,0.7466033333333333,0.006607042501370112,-1.2130366166432698
ddqn,123,1528,16008,-10.04,4,0,1,0.74654,0.00850319117307663,-0.9738966226577759
ddqn,123,1529,16056,-10.48,48,0,1,0.74578,0.006339693636012574,-1.1695522715648015
ddqn,123,1530,16058,-10.02,2,0,1,0.7457483333333333,,
ddqn,123,1531,16066,-10.08,8,0,1,0.7456216666666666,0.00651275715790689,-1.2459864020347595
ddqn,123,1532,16088,9.78,22,1,0,0.7452733333333333,0.008468983229249716,-1.1428533395131428
ddqn,123,1533,16092,-10.04,4,0,1,0.74521,0.004553637932986021,-0.7964597344398499
ddqn,123,1534,16096,-10.04,4,0,1,0.7451466666666666,0.009773913770914078,-1.633256196975708
ddqn,123,1535,16102,-10.06,6,0,1,0.7450516666666667,0.004782429896295071,-1.1842759847640991
ddqn,123,1536,16109,-10.07,7,0,1,0.7449408333333334,0.005312476074323058,-0.6169857084751129
ddqn,123,1537,16118,-10.09,9,0,1,0.7447983333333333,0.01316772005520761,-1.275896966457367
ddqn,123,1538,16131,-10.129999999999999,13,0,1,0.7445925,0.006552443839609623,-1.068227469921112
ddqn,123,1539,16136,-10.049999999999999,5,0,1,0.7445133333333334,0.01208737213164568,-1.1178995966911316
ddqn,123,1540,16149,-10.129999999999999,13,0,1,0.7443075,0.012016424909234047,-1.1621524890263875
ddqn,123,1541,16170,-10.209999999999999,21,0,1,0.743975,0.06507490011863411,-1.3898998022079467
ddqn,123,1542,16177,-10.07,7,0,1,0.7438641666666667,0.007193111814558506,-1.296155035495758
ddqn,123,1543,16181,-10.04,4,0,1,0.7438008333333334,0.005382190924137831,-0.7618158459663391
ddqn,123,1544,16183,-10.02,2,0,1,0.7437691666666667,,
ddqn,123,1545,16188,-10.049999999999999,5,0,1,0.74369,0.011390073224902153,-1.0782575011253357
ddqn,123,1546,16191,-10.03,3,0,1,0.7436425,,
ddqn,123,1547,16210,-10.19,19,0,1,0.7433416666666667,0.010319357458502054,-1.2158790349960327
ddqn,123,1548,16223,-10.129999999999999,13,0,1,0.7431358333333333,0.008773832116276026,-1.1432129343350728
ddqn,123,1549,16231,-10.08,8,0,1,0.7430091666666667,0.007330039981752634,-0.9005155563354492
ddqn,123,1550,16240,-10.09,9,0,1,0.7428666666666667,0.016298061547180016,-1.159680445988973
ddqn,123,1551,16243,-10.03,3,0,1,0.7428191666666667,,
ddqn,123,1552,16271,-10.28,28,0,1,0.7423758333333333,0.01356967438810638,-1.4624800341469901
ddqn,123,1553,16286,-10.15,15,0,1,0.7421383333333333,0.009498236235231161,-1.29282945394516
ddqn,123,1554,16329,-10.43,43,0,1,0.7414575,0.008028599264269526,-1.0702329196713187
ddqn,123,1555,16366,-10.37,37,0,1,0.7408716666666667,0.008752072540422281,-1.1892055471738179
ddqn,123,1556,16370,-10.04,4,0,1,0.7408083333333333,0.005375725217163563,-1.2418373823165894
ddqn,123,1557,16372,-10.02,2,0,1,0.7407766666666666,0.003905783873051405,-0.8062912821769714
ddqn,123,1558,16384,-10.12,12,0,1,0.7405866666666667,0.0028597140529503426,-1.3316616614659627
ddqn,123,1559,16418,-10.34,34,0,1,0.7400483333333334,0.009943387063685805,-1.1470440700650215
ddqn,123,1560,16430,-10.12,12,0,1,0.7398583333333333,0.017757151896754902,-1.2462228139241536
ddqn,123,1561,16443,-10.129999999999999,13,0,1,0.7396525,0.008915559388697147,-0.8009381492932638
ddqn,123,1562,16461,-10.18,18,0,1,0.7393675,0.011367332842200994,-1.0206352472305298
ddqn,123,1563,16465,-10.04,4,0,1,0.7393041666666667,0.019300151616334915,-0.8139210939407349
ddqn,123,1564,16521,-10.56,56,0,1,0.7384175,0.013846407677712185,-1.0556408720357078
ddqn,123,1565,16525,-10.04,4,0,1,0.7383541666666666,0.008130572736263275,-1.2966482639312744
ddqn,123,1566,16533,-10.08,8,0,1,0.7382275,0.006036397069692612,-0.8526152968406677
ddqn,123,1567,16538,-10.049999999999999,5,0,1,0.7381483333333334,0.007356489542871714,-0.6743571758270264
ddqn,123,1568,16544,-10.06,6,0,1,0.7380533333333333,0.004800204886123538,-1.0908077359199524
ddqn,123,1569,16566,-10.22,22,0,1,0.737705,0.006969380658119917,-1.361989402770996
ddqn,123,1570,16595,-10.29,29,0,1,0.7372458333333334,0.009373989621443408,-1.1277367728097099
ddqn,123,1571,16600,-10.049999999999999,5,0,1,0.7371666666666667,0.014190003741532564,-0.8645525872707367
ddqn,123,1572,16606,-10.06,6,0,1,0.7370716666666667,0.012456039898097515,-0.9086794853210449
ddqn,123,1573,16609,-10.03,3,0,1,0.7370241666666667,0.009023664519190788,-1.1175769567489624
ddqn,123,1574,16614,-10.049999999999999,5,0,1,0.736945,0.00804790947586298,-1.005346655845642
ddqn,123,1575,16616,-10.02,2,0,1,0.7369133333333333,0.0030686473473906517,-0.9954334497451782
ddqn,123,1576,16622,-10.06,6,0,1,0.7368183333333334,0.003550478955730796,-1.316053867340088
ddqn,123,1577,16661,-10.39,39,0,1,0.7362008333333334,0.011881719203665852,-1.0400350749492646
ddqn,123,1578,16679,-10.18,18,0,1,0.7359158333333333,0.010622151661664248,-1.1240627616643906
ddqn,123,1579,16688,-10.09,9,0,1,0.7357733333333334,0.00326172960922122,-1.0898135503133137
ddqn,123,1580,16698,-10.1,10,0,1,0.735615,0.016176980920135975,-1.3541054725646973
ddqn,123,1581,16701,-10.03,3,0,1,0.7355675,0.015623768791556358,-0.8675461411476135
ddqn,123,1582,16705,-10.04,4,0,1,0.7355041666666666,0.008546295575797558,-1.7623696327209473
ddqn,123,1583,16708,-10.03,3,0,1,0.7354566666666666,0.011656951159238815,-1.013206124305725
ddqn,123,1584,16752,-10.44,44,0,1,0.7347600000000001,0.009612360376526009,-1.1172135851599954
ddqn,123,1585,16792,-10.4,40,0,1,0.7341266666666667,0.011443602526560426,-1.3435419023036956
ddqn,123,1586,16807,-10.15,15,0,1,0.7338891666666667,0.008294700179249048,-0.8672581712404887
ddqn,123,1587,16815,-10.08,8,0,1,0.7337625000000001,0.009072114014998078,-1.390296310186386
ddqn,123,1588,16825,-10.1,10,0,1,0.7336041666666667,0.008172369251648584,-1.076754887898763
ddqn,123,1589,16829,-10.04,4,0,1,0.7335408333333333,0.014015077613294125,-1.566920280456543
ddqn,123,1590,16840,-10.11,11,0,1,0.7333666666666667,0.009997544499735037,-1.402397632598877
ddqn,123,1591,16846,-10.06,6,0,1,0.7332716666666667,0.008025064133107662,-1.7601344585418701
ddqn,123,1592,16849,-10.03,3,0,1,0.7332241666666667,0.005132829770445824,-1.2434065341949463
ddqn,123,1593,16869,-10.2,20,0,1,0.7329075,0.00927931796759367,-1.1730003952980042
ddqn,123,1594,16893,-10.24,24,0,1,0.7325275,0.009019377214523653,-1.2283866902192433
ddqn,123,1595,16895,-10.02,2,0,1,0.7324958333333333,,
ddqn,123,1596,16913,-10.18,18,0,1,0.7322108333333334,0.009010398294776678,-1.019399631023407
ddqn,123,1597,16939,-10.26,26,0,1,0.7317991666666667,0.004432431150538226,-1.2737680077552795
ddqn,123,1598,16957,-10.18,18,0,1,0.7315141666666667,0.005284820543602109,-1.343619978427887
ddqn,123,1599,16971,-10.14,14,0,1,0.7312925,0.006097067768375079,-1.2721888621648152
ddqn,123,1600,16973,-10.02,2,0,1,0.7312608333333334,0.004023582208901644,-0.7936316132545471
ddqn,123,1601,16998,-10.25,25,0,1,0.7308650000000001,0.01239268109202385,-1.233955403168996
ddqn,123,1602,17034,-10.36,36,0,1,0.730295,0.009017739755411943,-0.9537717435095046
ddqn,123,1603,17041,-10.07,7,0,1,0.7301841666666666,0.16181768476963043,-1.2697666883468628
ddqn,123,1604,17058,-10.17,17,0,1,0.7299150000000001,0.017743170959874988,-1.294719785451889
ddqn,123,1605,17060,-10.02,2,0,1,0.7298833333333333,0.007125689648091793,-1.5171427726745605
ddqn,123,1606,17063,-10.03,3,0,1,0.7298358333333334,,
ddqn,123,1607,17068,-10.049999999999999,5,0,1,0.7297566666666667,0.01807759515941143,-1.3319039940834045
ddqn,123,1608,17105,-10.37,37,0,1,0.7291708333333333,0.03782004203336934,-1.2028565406799316
ddqn,123,1609,17119,-10.14,14,0,1,0.7289491666666668,0.005620232938478391,-1.2965408166249592
ddqn,123,1610,17138,-10.19,19,0,1,0.7286483333333333,0.008140814956277609,-1.1738022089004516
ddqn,123,1611,17140,-10.02,2,0,1,0.7286166666666667,0.002956422744318843,-1.1705092191696167
ddqn,123,1612,17152,-10.12,12,0,1,0.7284266666666667,0.0067694295818607015,-0.9671792586644491
ddqn,123,1613,17159,-10.07,7,0,1,0.7283158333333334,0.010068859905004501,-0.9765601754188538
ddqn,123,1614,17164,-10.049999999999999,5,0,1,0.7282366666666666,0.00503970414865762,-0.862676203250885
ddqn,123,1615,17167,-10.03,3,0,1,0.7281891666666667,,
ddqn,123,1616,17171,-10.04,4,0,1,0.7281258333333334,0.004172441549599171,-1.3463563919067383
ddqn,123,1617,17228,-10.57,57,0,1,0.7272233333333333,0.025118770931536954,-1.0655860344568888
ddqn,123,1618,17234,-10.06,6,0,1,0.7271283333333334,0.0033765595871955156,-1.0131256580352783
ddqn,123,1619,17237,-10.03,3,0,1,0.7270808333333334,0.009580101817846298,-1.2083170413970947
ddqn,123,1620,17244,-10.07,7,0,1,0.72697,0.00734673673287034,-0.8385520577430725
ddqn,123,1621,17249,-10.049999999999999,5,0,1,0.7268908333333334,0.00640924833714962,-0.9758498668670654
ddqn,123,1622,17253,-10.04,4,0,1,0.7268275,0.006284995004534721,-1.4697465896606445
ddqn,123,1623,17255,-10.02,2,0,1,0.7267958333333333,,
ddqn,123,1624,17258,-10.03,3,0,1,0.7267483333333333,0.005211829673498869,-1.187870979309082
ddqn,123,1625,17260,-10.02,2,0,1,0.7267166666666667,0.00290980888530612,-0.710094690322876
ddqn,123,1626,17264,-10.04,4,0,1,0.7266533333333334,0.0038702161982655525,-1.1188147068023682
ddqn,123,1627,17267,-10.03,3,0,1,0.7266058333333334,,
ddqn,123,1628,17274,-10.07,7,0,1,0.726495,0.004710746463388205,-1.1183801293373108
ddqn,123,1629,17279,-10.049999999999999,5,0,1,0.7264158333333334,0.006596999242901802,-1.3263447284698486
ddqn,123,1630,17299,-10.2,20,0,1,0.7260991666666667,0.004552911408245564,-0.9633864283561706
ddqn,123,1631,17300,-10.01,1,0,1,0.7260833333333334,0.004415863659232855,-1.1861495971679688
ddqn,123,1632,17304,-10.04,4,0,1,0.72602,0.004407786764204502,-1.7533302307128906
ddqn,123,1633,17313,-10.09,9,0,1,0.7258775000000001,0.003595806425437331,-1.6129801273345947
ddqn,123,1634,17327,-10.14,14,0,1,0.7256558333333334,0.0032125512758890786,-0.9629263480504354
ddqn,123,1635,17368,-10.41,41,0,1,0.7250066666666667,0.0042738532012497835,-1.2294461185281926
ddqn,123,1636,17385,-10.17,17,0,1,0.7247375,0.0053935699397698045,-1.5876941084861755
ddqn,123,1637,17395,-10.1,10,0,1,0.7245791666666667,0.002351226983591914,-1.0684869289398193
ddqn,123,1638,17400,-10.049999999999999,5,0,1,0.7245,0.0024367293808609247,-1.2384973764419556
ddqn,123,1639,17411,-10.11,11,0,1,0.7243258333333333,0.002519024768844247,-1.4575323164463043
ddqn,123,1640,17428,-10.17,17,0,1,0.7240566666666667,0.0035961702931672336,-1.0653833389282226
ddqn,123,1641,17446,-10.18,18,0,1,0.7237716666666667,0.003870291984640062,-1.3280259370803833
ddqn,123,1642,17464,-10.18,18,0,1,0.7234866666666667,0.0031688758637756108,-1.3638936161994935
ddqn,123,1643,17474,-10.1,10,0,1,0.7233283333333334,0.003505371743813157,-0.8450912535190582
ddqn,123,1644,17480,-10.06,6,0,1,0.7232333333333334,0.0030010638292878866,-0.9879069924354553
ddqn,123,1645,17483,-10.03,3,0,1,0.7231858333333334,,
ddqn,123,1646,17489,-10.06,6,0,1,0.7230908333333333,0.0027844071155413985,-1.3837199211120605
ddqn,123,1647,17496,-10.07,7,0,1,0.72298,0.0048873997293412685,-1.5035080313682556
ddqn,123,1648,17503,-10.07,7,0,1,0.7228691666666667,0.002553487429395318,-1.0076720714569092
ddqn,123,1649,17505,-10.02,2,0,1,0.7228375,0.0050581470131874084,-1.1832367181777954
ddqn,123,1650,17511,-10.06,6,0,1,0.7227425000000001,0.002391253598034382,-1.6012459993362427
ddqn,123,1651,17520,-10.09,9,0,1,0.7226,0.1098902178928256,-1.0852559804916382
ddqn,123,1652,17542,-10.22,22,0,1,0.7222516666666667,0.0035646097268909214,-1.2815909385681152
ddqn,123,1653,17551,-10.09,9,0,1,0.7221091666666667,0.0025844345800578594,-1.3652966022491455
ddqn,123,1654,17579,-10.28,28,0,1,0.7216658333333333,0.00573494059166738,-1.1039337175233024
ddqn,123,1655,17592,-10.129999999999999,13,0,1,0.72146,0.004451410553883761,-1.2575855255126953
ddqn,123,1656,17605,-10.129999999999999,13,0,1,0.7212541666666668,0.0023988550528883934,-1.3116899728775024
ddqn,123,1657,17618,-10.129999999999999,13,0,1,0.7210483333333333,0.0032587042078375816,-1.248054027557373
ddqn,123,1658,17620,-10.02,2,0,1,0.7210166666666666,0.002345975721254945,-0.8592033386230469
ddqn,123,1659,17639,-10.19,19,0,1,0.7207158333333333,0.0032828545663505793,-1.215965673327446
ddqn,123,1660,17644,-10.049999999999999,5,0,1,0.7206366666666667,0.0026548613095656037,-1.162980556488037
ddqn,123,1661,17667,-10.23,23,0,1,0.7202725000000001,0.00304475212469697,-0.9689934134483338
ddqn,123,1662,17670,-10.03,3,0,1,0.720225,0.0032887873239815235,-0.5673996806144714
ddqn,123,1663,17673,-10.03,3,0,1,0.7201775,0.0033210674300789833,-1.173736810684204
ddqn,123,1664,17676,-10.03,3,0,1,0.72013,0.004885914735496044,-1.1456408500671387
ddqn,123,1665,17689,-10.129999999999999,13,0,1,0.7199241666666667,0.0032382213976234198,-0.9588817854722341
ddqn,123,1666,17716,-10.27,27,0,1,0.7194966666666667,0.0025335717613675763,-1.0634492635726929
ddqn,123,1667,17723,-10.07,7,0,1,0.7193858333333334,0.0018166645895689726,-0.5390146374702454
ddqn,123,1668,17730,-10.07,7,0,1,0.7192750000000001,0.0038546788273379207,-1.2474467754364014
ddqn,123,1669,17734,-10.04,4,0,1,0.7192116666666667,0.0040940409526228905,-0.838363766670227
ddqn,123,1670,17738,-10.04,4,0,1,0.7191483333333333,0.0027185697108507156,-1.1435375213623047
ddqn,123,1671,17745,-10.07,7,0,1,0.7190375,0.0021932951640337706,-1.2421647906303406
ddqn,123,1672,17767,-10.22,22,0,1,0.7186891666666667,0.0026472523575648667,-1.0043964385986328
ddqn,123,1673,17777,-10.1,10,0,1,0.7185308333333333,0.0023470177548006177,-0.8307419617970785
ddqn,123,1674,17805,-10.28,28,0,1,0.7180875,0.002475682646036148,-1.2415100506373815
ddqn,123,1675,17819,-10.14,14,0,1,0.7178658333333334,0.0036300524758795896,-0.8353739579518636
ddqn,123,1676,17821,-10.02,2,0,1,0.7178341666666668,0.0019671854097396135,-1.157071828842163
ddqn,123,1677,17833,-10.12,12,0,1,0.7176441666666666,0.002704108211522301,-1.4718073606491089
ddqn,123,1678,17837,-10.04,4,0,1,0.7175808333333333,0.0023387898690998554,-0.8579963445663452
ddqn,123,1679,17856,-10.19,19,0,1,0.71728,0.002824948821216822,-1.2293640613555907
ddqn,123,1680,17861,-10.049999999999999,5,0,1,0.7172008333333333,0.003069666214287281,-1.4869368076324463
ddqn,123,1681,17874,-10.129999999999999,13,0,1,0.716995,0.1078157074128588,-1.3295152187347412
ddqn,123,1682,17876,-10.02,2,0,1,0.7169633333333334,0.003578896401450038,-1.161954641342163
ddqn,123,1683,17879,-10.03,3,0,1,0.7169158333333334,,
ddqn,123,1684,17887,-10.08,8,0,1,0.7167891666666667,0.004343094537034631,-0.7632355391979218
ddqn,123,1685,17895,-10.08,8,0,1,0.7166625,0.005805977853015065,-1.0220293402671814
ddqn,123,1686,17897,-10.02,2,0,1,0.7166308333333333,0.01299695298075676,-0.9236478805541992
ddqn,123,1687,17903,-10.06,6,0,1,0.7165358333333334,0.004571524448692799,-0.8039059638977051
ddqn,123,1688,17910,-10.07,7,0,1,0.7164250000000001,0.003727345378138125,-1.3279755115509033
ddqn,123,1689,17913,-10.03,3,0,1,0.7163775000000001,0.00292563671246171,-0.7107380628585815
ddqn,123,1690,17914,-10.01,1,0,1,0.7163616666666667,,
ddqn,123,1691,17917,-10.03,3,0,1,0.7163141666666667,0.00735494215041399,-1.3004720211029053
ddqn,123,1692,17929,-10.12,12,0,1,0.7161241666666667,0.0048126291173199815,-1.1921610434850056
ddqn,123,1693,17984,-10.55,55,0,1,0.7152533333333333,0.003931012678159667,-1.2701201949800764
ddqn,123,1694,17986,-10.02,2,0,1,0.7152216666666666,,
ddqn,123,1695,17996,-10.1,10,0,1,0.7150633333333334,0.004309933710222443,-1.0498414039611816
ddqn,123,1696,18004,-10.08,8,0,1,0.7149366666666668,0.001991057477425784,-1.2478643655776978
ddqn,123,1697,18007,-10.03,3,0,1,0.7148891666666667,,
ddqn,123,1698,18014,-10.07,7,0,1,0.7147783333333333,0.002187420439440757,-1.3709028363227844
ddqn,123,1699,18027,-10.129999999999999,13,0,1,0.7145725,0.002333275352915128,-1.210452715555827
ddqn,123,1700,18037,-10.1,10,0,1,0.7144141666666667,0.001463637997706731,-1.05027437210083
ddqn,123,1701,18047,-10.1,10,0,1,0.7142558333333333,0.001672659011092037,-1.0012846291065216
ddqn,123,1702,18051,-10.04,4,0,1,0.7141925,0.001311006024479866,-0.8755525946617126
ddqn,123,1703,18069,-10.18,18,0,1,0.7139075,0.001809526840224862,-1.3524525880813598
ddqn,123,1704,18120,-10.51,51,0,1,0.7131000000000001,0.0016088359765350246,-1.1456009608048658
ddqn,123,1705,18155,-10.35,35,0,1,0.7125458333333334,0.0033869416365632787,-1.2640350908041
ddqn,123,1706,18182,-10.27,27,0,1,0.7121183333333334,0.003975505674523967,-1.1645345517567225
ddqn,123,1707,18204,-10.22,22,0,1,0.71177,0.002169790658323715,-1.3025285005569458
ddqn,123,1708,18208,-10.04,4,0,1,0.7117066666666667,0.0009782863780856133,-1.6121294498443604
ddqn,123,1709,18213,-10.049999999999999,5,0,1,0.7116275000000001,0.0008536293753422797,-1.163578748703003
ddqn,123,1710,18216,-10.03,3,0,1,0.7115800000000001,0.001068606972694397,-0.866940975189209
ddqn,123,1711,18227,-10.11,11,0,1,0.7114058333333333,0.0009572438430041075,-1.6255380511283875
ddqn,123,1712,18229,-10.02,2,0,1,0.7113741666666666,0.0007141702226363122,-1.3083796501159668
ddqn,123,1713,18231,-10.02,2,0,1,0.7113425,,
ddqn,123,1714,18238,-10.07,7,0,1,0.7112316666666667,0.0011678948649205267,-1.3903394937515259
ddqn,123,1715,18247,-10.09,9,0,1,0.7110891666666668,0.0010028601973317564,-0.9287455081939697
ddqn,123,1716,18262,-10.15,15,0,1,0.7108516666666667,0.000868927629198879,-1.1300039887428284
ddqn,123,1717,18266,-10.04,4,0,1,0.7107883333333334,0.0009533596457913518,-1.00606107711792
ddqn,123,1718,18289,-10.23,23,0,1,0.7104241666666666,0.0008721516254202774,-1.2409373720486958
ddqn,123,1719,18293,-10.04,4,0,1,0.7103608333333333,0.0009637445327825844,-0.7050333619117737
ddqn,123,1720,18299,-10.06,6,0,1,0.7102658333333334,0.0008128299377858639,-1.1746629476547241
ddqn,123,1721,18304,-10.049999999999999,5,0,1,0.7101866666666667,0.000889772898517549,-1.3998047709465027
ddqn,123,1722,18378,-10.74,74,0,1,0.709015,0.001048400018286581,-1.1244921253787146
ddqn,123,1723,18384,-10.06,6,0,1,0.70892,0.0008815797045826912,-1.2411810755729675
ddqn,123,1724,18387,-10.03,3,0,1,0.7088725,,
ddqn,123,1725,18394,-10.07,7,0,1,0.7087616666666667,0.0006058751605451107,-1.6217504143714905
ddqn,123,1726,18403,-10.09,9,0,1,0.7086191666666666,0.00084442671504803,-0.6303484737873077
ddqn,123,1727,18416,-10.129999999999999,13,0,1,0.7084133333333333,0.0007622030025231652,-1.2017082571983337
ddqn,123,1728,18439,-10.23,23,0,1,0.7080491666666666,0.0011263379361480474,-1.1415756464004516
ddqn,123,1729,18448,-10.09,9,0,1,0.7079066666666667,0.0008180908237894376,-1.0235903064409893
ddqn,123,1730,18455,-10.07,7,0,1,0.7077958333333334,0.0009644299279898405,-0.7081634998321533
ddqn,123,1731,18496,-10.41,41,0,1,0.7071466666666666,0.0016424689039757307,-1.239960177378221
ddqn,123,1732,18526,-10.3,30,0,1,0.7066716666666666,0.0016830084579331534,-1.0816993968827384
ddqn,123,1733,18543,-10.17,17,0,1,0.7064025,0.0012537715956568718,-0.9781826436519623
ddqn,123,1734,18584,-10.41,41,0,1,0.7057533333333333,0.0015710666802161459,-1.1562640450217507
ddqn,123,1735,18587,-10.03,3,0,1,0.7057058333333333,,
ddqn,123,1736,18598,-10.11,11,0,1,0.7055316666666667,0.0006081078900024295,-1.0211574236551921
ddqn,123,1737,18606,-10.08,8,0,1,0.7054050000000001,0.0008213408291339874,-0.9332378804683685
ddqn,123,1738,18609,-10.03,3,0,1,0.7053575000000001,0.001398885273374617,-0.9985388517379761
ddqn,123,1739,18630,-10.209999999999999,21,0,1,0.705025,0.0020672492682933807,-1.0240801692008972
ddqn,123,1740,18675,-10.45,45,0,1,0.7043125,0.0013502837497402322,-1.3570970730348066
ddqn,123,1741,18682,-10.07,7,0,1,0.7042016666666666,0.0008369726128876209,-1.018587350845337
ddqn,123,1742,18716,-10.34,34,0,1,0.7036633333333333,0.0010096990024774438,-1.053209490246243
ddqn,123,1743,18722,-10.06,6,0,1,0.7035683333333334,0.0009444374591112137,-1.027042031288147
ddqn,123,1744,18725,-10.03,3,0,1,0.7035208333333334,0.0009952166583389044,-0.5702677965164185
ddqn,123,1745,18739,-10.14,14,0,1,0.7032991666666666,0.0015142113746454318,-1.2618345022201538
ddqn,123,1746,18753,-10.14,14,0,1,0.7030775,0.0009533824922982603,-0.9384716376662254
ddqn,123,1747,18778,-10.25,25,0,1,0.7026816666666666,0.0008407454685463259,-1.041796584924062
ddqn,123,1748,18798,-10.2,20,0,1,0.702365,0.0008863082737661898,-1.014381718635559
ddqn,123,1749,18804,-10.06,6,0,1,0.70227,0.0006720899837091565,-1.2530134916305542
ddqn,123,1750,18852,-10.48,48,0,1,0.7015100000000001,0.026962177519938752,-0.9252650265892347
ddqn,123,1751,18867,-10.15,15,0,1,0.7012725,0.003734152608861526,-1.4228217601776123
ddqn,123,1752,18879,-10.12,12,0,1,0.7010825,0.0028218095346043506,-1.013578196366628
ddqn,123,1753,18896,-10.17,17,0,1,0.7008133333333333,0.002358049456961453,-1.026186889410019
ddqn,123,1754,18904,-10.08,8,0,1,0.7006866666666667,0.004292647587135434,-0.7451919615268707
ddqn,123,1755,18915,-10.11,11,0,1,0.7005125000000001,0.005505937850102782,-1.2237271070480347
ddqn,123,1756,18933,-10.18,18,0,1,0.7002275,0.009970608516596258,-1.1099928140640258
ddqn,123,1757,18937,-10.04,4,0,1,0.7001641666666667,0.004041034262627363,-1.3693510293960571
ddqn,123,1758,18961,-10.24,24,0,1,0.6997841666666667,0.05459690342346827,-1.1164242029190063
ddqn,123,1759,18966,-10.049999999999999,5,0,1,0.699705,0.003589906496927142,-1.0342364311218262
ddqn,123,1760,18972,-10.06,6,0,1,0.6996100000000001,0.0019313603406772017,-1.3316578269004822
ddqn,123,1761,18977,-10.049999999999999,5,0,1,0.6995308333333333,0.0039717815816402435,-0.835466742515564
ddqn,123,1762,18983,-10.06,6,0,1,0.6994358333333333,0.003943049348890781,-0.9862951040267944
ddqn,123,1763,18988,-10.049999999999999,5,0,1,0.6993566666666666,0.0029840789502486587,-1.4015096426010132
ddqn,123,1764,19004,-10.16,16,0,1,0.6991033333333334,0.006519796326756477,-1.156468003988266
ddqn,123,1765,19050,-10.46,46,0,1,0.698375,0.005647424312139099,-1.0507614720951428
ddqn,123,1766,19062,-10.12,12,0,1,0.6981850000000001,0.006537149815509717,-1.1735482215881348
ddqn,123,1767,19089,-10.27,27,0,1,0.6977575,0.007790518725024802,-1.226894634110587
ddqn,123,1768,19097,-10.08,8,0,1,0.6976308333333334,0.005452790297567844,-1.270914912223816
ddqn,123,1769,19105,-10.08,8,0,1,0.6975041666666666,0.010785379447042942,-1.2176253199577332
ddqn,123,1770,19109,-10.04,4,0,1,0.6974408333333333,0.0032755769789218903,-0.864450216293335
ddqn,123,1771,19133,-10.24,24,0,1,0.6970608333333334,0.02054950932506472,-1.4347347219785054
ddqn,123,1772,19135,-10.02,2,0,1,0.6970291666666666,,
ddqn,123,1773,19157,-10.22,22,0,1,0.6966808333333334,0.01754579320549965,-1.240122566620509
ddqn,123,1774,19162,-10.049999999999999,5,0,1,0.6966016666666667,0.0026939124800264835,-1.10884428024292
ddqn,123,1775,19180,-10.18,18,0,1,0.6963166666666667,0.024069223366677762,-1.2660566926002503
ddqn,123,1776,19188,-10.08,8,0,1,0.6961900000000001,0.010228065308183432,-1.0148489773273468
ddqn,123,1777,19190,-10.02,2,0,1,0.6961583333333333,,
ddqn,123,1778,19252,-10.620000000000001,62,0,1,0.6951766666666667,0.03808388952165842,-1.157392956316471
ddqn,123,1779,19284,-10.32,32,0,1,0.69467,0.018099382403306663,-1.1094886735081673
ddqn,123,1780,19347,-10.63,63,0,1,0.6936725,0.011812137455369036,-1.0340795199076334
ddqn,123,1781,19351,-10.04,4,0,1,0.6936091666666666,0.0066449749283492565,-0.9911432266235352
ddqn,123,1782,19378,-10.27,27,0,1,0.6931816666666667,0.014715693691479308,-1.344749050480979
ddqn,123,1783,19395,-10.17,17,0,1,0.6929125,0.0037742193089798093,-0.8572938144207001
ddqn,123,1784,19403,-10.08,8,0,1,0.6927858333333333,0.010490772314369678,-1.4012745022773743
ddqn,123,1785,19430,-10.27,27,0,1,0.6923583333333334,0.004955661882247243,-1.1389658621379308
ddqn,123,1786,19441,-10.11,11,0,1,0.6921841666666666,0.004282920543725292,-1.0928333401679993
ddqn,123,1787,19445,-10.04,4,0,1,0.6921208333333333,0.0032274392433464527,-0.351082980632782
ddqn,123,1788,19526,-10.81,81,0,1,0.6908383333333333,0.005412088934099302,-1.2334257870912553
ddqn,123,1789,19540,-10.14,14,0,1,0.6906166666666667,0.008075222838670015,-1.1304904967546463
ddqn,123,1790,19582,-10.42,42,0,1,0.6899516666666666,0.03614640514133498,-1.0441943466663361
ddqn,123,1791,19586,-10.04,4,0,1,0.6898883333333333,0.003381381742656231,-0.19498185813426971
ddqn,123,1792,19590,-10.04,4,0,1,0.689825,0.006155293434858322,-1.1639065742492676
ddqn,123,1793,19592,-10.02,2,0,1,0.6897933333333333,0.0014776736497879028,-0.5438774824142456
ddqn,123,1794,19598,-10.06,6,0,1,0.6896983333333333,0.001679006963968277,-0.7217502593994141
ddqn,123,1795,19610,-10.12,12,0,1,0.6895083333333334,0.00913293876995643,-1.0666040976842244
ddqn,123,1796,19669,-10.59,59,0,1,0.6885741666666667,0.004821888295312723,-1.0320577343304953
ddqn,123,1797,19684,-10.15,15,0,1,0.6883366666666666,0.00483571260701865,-1.0609654933214188
ddqn,123,1798,19721,-10.37,37,0,1,0.6877508333333333,0.003884961427603331,-1.147847851117452
ddqn,123,1799,19744,-10.23,23,0,1,0.6873866666666667,0.0059022605419158936,-1.3159995675086975
ddqn,123,1800,19799,-10.55,55,0,1,0.6865158333333333,0.003972608587131477,-1.1520974131730886
ddqn,123,1801,19804,-10.049999999999999,5,0,1,0.6864366666666667,0.003216336714103818,-1.2613876461982727
ddqn,123,1802,19822,-10.18,18,0,1,0.6861516666666667,0.008814972010441124,-1.4999578297138214
ddqn,123,1803,19864,-10.42,42,0,1,0.6854866666666667,0.006355003781870685,-1.0224721973592585
ddqn,123,1804,19883,-10.19,19,0,1,0.6851858333333334,0.08803167357109487,-1.2229334264993668
ddqn,123,1805,19897,-10.14,14,0,1,0.6849641666666666,0.01007055031368509,-0.9899969398975372
ddqn,123,1806,19903,-10.06,6,0,1,0.6848691666666666,0.008342327550053596,-0.9293159246444702
ddqn,123,1807,19907,-10.04,4,0,1,0.6848058333333333,0.03440425544977188,-1.7554583549499512
ddqn,123,1808,19959,-10.52,52,0,1,0.6839824999999999,0.06494487795190743,-1.076596622283642
ddqn,123,1809,19974,-10.15,15,0,1,0.683745,0.013574752490967512,-1.454908326268196
ddqn,123,1810,19979,-10.049999999999999,5,0,1,0.6836658333333333,0.008703893050551414,-1.3644678592681885
ddqn,123,1811,19990,-10.11,11,0,1,0.6834916666666666,0.006467340746894479,-1.1976305445035298
ddqn,123,1812,19993,-10.03,3,0,1,0.6834441666666666,0.006169710773974657,-0.7052404880523682
ddqn,123,1813,20020,-10.27,27,0,1,0.6830166666666666,0.006030770484358072,-1.2504869954926627
ddqn,123,1814,20029,-10.09,9,0,1,0.6828741666666667,0.004183560493402183,-0.8181697428226471
ddqn,123,1815,20033,-10.04,4,0,1,0.6828108333333334,0.004179239738732576,-0.661695122718811
ddqn,123,1816,20044,-10.11,11,0,1,0.6826366666666667,0.004090513956422607,-0.8935600916544596
ddqn,123,1817,20053,-10.09,9,0,1,0.6824941666666666,0.0036012157797813416,-1.139179140329361
ddqn,123,1818,20055,-10.02,2,0,1,0.6824625,,
ddqn,123,1819,20083,-10.28,28,0,1,0.6820191666666666,0.006656237478767123,-1.102212360927037
ddqn,123,1820,20101,-10.18,18,0,1,0.6817341666666666,0.004517935146577656,-1.3163067936897277
ddqn,123,1821,20106,-10.049999999999999,5,0,1,0.681655,0.0025900001637637615,-1.1276490688323975
ddqn,123,1822,20118,-10.12,12,0,1,0.681465,0.002628914158170422,-0.8937202095985413
ddqn,123,1823,20120,-10.02,2,0,1,0.6814333333333333,0.0009205586975440383,-0.5116541385650635
ddqn,123,1824,20154,-10.34,34,0,1,0.680895,0.0019104502425761893,-1.230940967798233
ddqn,123,1825,20164,-10.1,10,0,1,0.6807366666666667,0.003052247998615106,-1.2069681286811829
ddqn,123,1826,20178,-10.14,14,0,1,0.680515,0.0011498420305239658,-0.9389715592066447
ddqn,123,1827,20186,-10.08,8,0,1,0.6803883333333334,0.002083003579173237,-1.145792156457901
ddqn,123,1828,20189,-10.03,3,0,1,0.6803408333333334,0.0035194172523915768,-0.4884365200996399
ddqn,123,1829,20192,-10.03,3,0,1,0.6802933333333333,0.0027418965473771095,-0.9418744444847107
ddqn,123,1830,20227,-10.35,35,0,1,0.6797391666666667,0.0020814956369576976,-1.1059289276599884
ddqn,123,1831,20239,-10.12,12,0,1,0.6795491666666666,0.002646319509949535,-0.9469297726949056
ddqn,123,1832,20242,-10.03,3,0,1,0.6795016666666667,0.000955871888436377,-0.678181529045105
ddqn,123,1833,20244,-10.02,2,0,1,0.67947,0.0021756947971880436,-0.6495915651321411
ddqn,123,1834,20300,-10.56,56,0,1,0.6785833333333333,0.006431619561876037,-1.1282844713756017
ddqn,123,1835,20310,-10.1,10,0,1,0.6784250000000001,0.003861395874992013,-1.2441109418869019
ddqn,123,1836,20315,-10.049999999999999,5,0,1,0.6783458333333333,0.006801249925047159,-1.0367542505264282
ddqn,123,1837,20356,-10.41,41,0,1,0.6776966666666666,0.06293085496872663,-1.0349032824689692
ddqn,123,1838,20363,-10.07,7,0,1,0.6775858333333333,0.013700678944587708,-1.0494519472122192
ddqn,123,1839,20402,-10.39,39,0,1,0.6769683333333334,0.01011573125142604,-1.0703059017658234
ddqn,123,1840,20407,-10.049999999999999,5,0,1,0.6768891666666667,0.007976608350872993,-1.466655969619751
ddqn,123,1841,20420,-10.129999999999999,13,0,1,0.6766833333333333,0.013521657907404006,-1.2005809843540192
ddqn,123,1842,20485,9.35,65,1,0,0.6756541666666667,0.003623540651460644,-0.954037643969059
ddqn,123,1843,20554,-10.69,69,0,1,0.6745616666666667,0.002618121531079797,-1.1611263997414534
ddqn,123,1844,20575,-10.209999999999999,21,0,1,0.6742291666666667,0.00188665387686342,-0.8190736413002014
ddqn,123,1845,20576,-10.01,1,0,1,0.6742133333333333,0.0008992780349217355,-0.5279738306999207
ddqn,123,1846,20602,-10.26,26,0,1,0.6738016666666666,0.0013108438385340075,-1.166772186756134
ddqn,123,1847,20607,-10.049999999999999,5,0,1,0.6737225,0.0011206413619220257,-1.286279559135437
ddqn,123,1848,20616,-10.09,9,0,1,0.6735800000000001,0.0008668582983470211,-0.8748341004053751
ddqn,123,1849,20665,-10.49,49,0,1,0.6728041666666666,0.001577646978451715,-1.1319087892770767
ddqn,123,1850,20666,-10.01,1,0,1,0.6727883333333333,,
ddqn,123,1851,20680,-10.14,14,0,1,0.6725666666666666,0.0015894953103270382,-0.803987093269825
ddqn,123,1852,20696,-10.16,16,0,1,0.6723133333333333,0.002121193363564089,-1.1717064529657364
ddqn,123,1853,20750,-10.54,54,0,1,0.6714583333333334,0.024068092264664862,-1.1089352919505193
ddqn,123,1854,20777,-10.27,27,0,1,0.6710308333333334,0.004540605112976793,-1.131400729928698
ddqn,123,1855,20792,-10.15,15,0,1,0.6707933333333334,0.002165324622183107,-0.8398027569055557
ddqn,123,1856,20813,-10.209999999999999,21,0,1,0.6704608333333333,0.06073163491673768,-1.1740080177783967
ddqn,123,1857,20816,-10.03,3,0,1,0.6704133333333333,0.0027379316743463278,-0.6705756187438965
ddqn,123,1858,20819,-10.03,3,0,1,0.6703658333333333,,
ddqn,123,1859,20824,-10.049999999999999,5,0,1,0.6702866666666667,0.011199470609426498,-1.0747751295566559
ddqn,123,1860,20829,-10.049999999999999,5,0,1,0.6702075000000001,0.002414833987131715,-0.7000322937965393
ddqn,123,1861,20831,-10.02,2,0,1,0.6701758333333334,,
ddqn,123,1862,20835,-10.04,4,0,1,0.6701125,0.008776018396019936,-1.202736496925354
ddqn,123,1863,20855,-10.2,20,0,1,0.6697958333333334,0.0046051422134041784,-1.2227555990219117
ddqn,123,1864,20871,-10.16,16,0,1,0.6695425,0.0027060466818511486,-0.9114988446235657
ddqn,123,1865,20906,-10.35,35,0,1,0.6689883333333333,0.0032468825423469148,-0.8760668469799889
ddqn,123,1866,20926,-10.2,20,0,1,0.6686716666666667,0.0022379923728294672,-0.7962291598320007
ddqn,123,1867,20928,-10.02,2,0,1,0.66864,0.0011213608086109161,-1.1403086185455322
ddqn,123,1868,20935,-10.07,7,0,1,0.6685291666666666,0.003740656189620495,-1.0106465816497803
ddqn,123,1869,20939,-10.04,4,0,1,0.6684658333333333,0.006473665125668049,-1.0228639841079712
ddqn,123,1870,20981,-10.42,42,0,1,0.6678008333333334,0.002383577796122567,-1.1128308718854731
ddqn,123,1871,20987,-10.06,6,0,1,0.6677058333333333,0.0020853793248534203,-1.2697527408599854
ddqn,123,1872,20998,-10.11,11,0,1,0.6675316666666666,0.002048488628740112,-1.2313907146453857
ddqn,123,1873,21005,-10.07,7,0,1,0.6674208333333334,0.0024745961418375373,-1.0346319377422333
ddqn,123,1874,21007,-10.02,2,0,1,0.6673891666666667,,
ddqn,123,1875,21012,-10.049999999999999,5,0,1,0.6673100000000001,0.0016337233828380704,-1.2509330809116364
ddqn,123,1876,21097,-10.85,85,0,1,0.6659641666666667,0.0017600629778046692,-1.057649926060722
ddqn,123,1877,21122,-10.25,25,0,1,0.6655683333333333,0.0021535237513793013,-1.073131690422694
ddqn,123,1878,21128,-10.06,6,0,1,0.6654733333333334,0.0013596329372376204,-1.1746365427970886
ddqn,123,1879,21129,-10.01,1,0,1,0.6654575,,
ddqn,123,1880,21139,-10.1,10,0,1,0.6652991666666667,0.002101319085340947,-0.5675115287303925
ddqn,123,1881,21154,-10.15,15,0,1,0.6650616666666667,0.0014729917020304129,-0.9481996297836304
ddqn,123,1882,21178,-10.24,24,0,1,0.6646816666666666,0.0026994190411642194,-1.038559804360072
ddqn,123,1883,21195,-10.17,17,0,1,0.6644125000000001,0.002282179077155888,-1.0571526288986206
ddqn,123,1884,21198,-10.03,3,0,1,0.6643650000000001,0.004958127625286579,-1.1399219036102295
ddqn,123,1885,21211,-10.129999999999999,13,0,1,0.6641591666666666,0.003362437904191514,-0.8984795610109965
ddqn,123,1886,21262,-10.51,51,0,1,0.6633516666666667,0.024031166287246518,-0.9290695878175589
ddqn,123,1887,21269,-10.07,7,0,1,0.6632408333333334,0.0023741738696116954,-0.975246250629425
ddqn,123,1888,21291,-10.22,22,0,1,0.6628925,0.0035072658967692403,-1.0299980282783507
ddqn,123,1889,21299,-10.08,8,0,1,0.6627658333333334,0.001858048897702247,-0.9007784724235535
ddqn,123,1890,21306,-10.07,7,0,1,0.662655,0.006581676192581654,-1.0031696259975433
ddqn,123,1891,21308,-10.02,2,0,1,0.6626233333333333,0.0008195542031899095,-0.7953749895095825
ddqn,123,1892,21337,-10.29,29,0,1,0.6621641666666667,0.0039050819718145897,-0.9525337644985744
ddqn,123,1893,21348,-10.11,11,0,1,0.6619900000000001,0.0007749381669176122,-1.0200773080190022
ddqn,123,1894,21355,-10.07,7,0,1,0.6618791666666667,0.0008708105888217688,-0.9862782955169678
ddqn,123,1895,21357,-10.02,2,0,1,0.6618475,0.0006209178827702999,-0.5296433568000793
ddqn,123,1896,21384,-10.27,27,0,1,0.66142,0.0021351472408111605,-0.9583596672330584
ddqn,123,1897,21435,-10.51,51,0,1,0.6606125,0.029295298232076068,-0.9333070715268453
ddqn,123,1898,21440,-10.049999999999999,5,0,1,0.6605333333333334,0.005440320004709065,-1.2350254654884338
ddqn,123,1899,21445,-10.049999999999999,5,0,1,0.6604541666666667,0.006701051723212004,-0.7563742995262146
ddqn,123,1900,21447,-10.02,2,0,1,0.6604225,,
ddqn,123,1901,21451,-10.04,4,0,1,0.6603591666666667,0.0011783760273829103,-0.3388631343841553
ddqn,123,1902,21464,-10.129999999999999,13,0,1,0.6601533333333334,0.005727207055315375,-1.3023949563503265
ddqn,123,1903,21487,-10.23,23,0,1,0.6597891666666666,0.008461560215801,-1.4344754695892334
ddqn,123,1904,21548,-10.61,61,0,1,0.6588233333333333,0.005762953329394804,-0.9801689982414246
ddqn,123,1905,21573,-10.25,25,0,1,0.6584275,0.0053137980091075105,-0.9895020027955373
ddqn,123,1906,21581,-10.08,8,0,1,0.6583008333333333,0.0035179982660338283,-1.1918160915374756
ddqn,123,1907,21606,-10.25,25,0,1,0.657905,0.00760194022829334,-1.3575301965077717
ddqn,123,1908,21622,-10.16,16,0,1,0.6576516666666667,0.008136820659274235,-0.9727403521537781
ddqn,123,1909,21645,-10.23,23,0,1,0.6572875,0.003767578338738531,-1.004560520251592
ddqn,123,1910,21657,-10.12,12,0,1,0.6570975,0.003554130904376507,-0.7227932115395864
ddqn,123,1911,21694,-10.37,37,0,1,0.6565116666666667,0.0031492438930500713,-1.041967800921864
ddqn,123,1912,21704,-10.1,10,0,1,0.6563533333333333,0.002222073031589389,-0.740156352519989
ddqn,123,1913,21706,-10.02,2,0,1,0.6563216666666667,,
ddqn,123,1914,21719,-10.129999999999999,13,0,1,0.6561158333333333,0.002008890345071753,-1.3199700911839802
ddqn,123,1915,21721,-10.02,2,0,1,0.6560841666666667,0.0008901928085833788,-1.1031233072280884
ddqn,123,1916,21734,-10.129999999999999,13,0,1,0.6558783333333333,0.0014112605713307858,-1.1515798171361287
ddqn,123,1917,21750,-10.16,16,0,1,0.655625,0.002162261342164129,-1.1653233766555786
ddqn,123,1918,21753,-10.03,3,0,1,0.6555775,0.0014422558015212417,-0.6607077717781067
ddqn,123,1919,21832,-10.790000000000001,79,0,1,0.6543266666666667,0.0016145890287589282,-1.128008985519409
ddqn,123,1920,21841,-10.09,9,0,1,0.6541841666666667,0.001689600758254528,-1.0375769436359406
ddqn,123,1921,21843,-10.02,2,0,1,0.6541525,,
ddqn,123,1922,21851,-10.08,8,0,1,0.6540258333333333,0.0009390964405611157,-0.7115127444267273
ddqn,123,1923,21876,-10.25,25,0,1,0.65363,0.002015574577464057,-1.0779809355735779
ddqn,123,1924,21885,-10.09,9,0,1,0.6534875,0.0023850889410823584,-1.117590069770813
ddqn,123,1925,21912,-10.27,27,0,1,0.65306,0.0016909801135105746,-1.138397114617484
ddqn,123,1926,21954,-10.42,42,0,1,0.6523950000000001,0.0014949227217584849,-1.1547058165073394
ddqn,123,1927,21965,-10.11,11,0,1,0.6522208333333334,0.0011055150146906574,-1.160270353158315
ddqn,123,1928,21974,-10.09,9,0,1,0.6520783333333333,0.0009601180790923536,-0.939646303653717
ddqn,123,1929,21983,-10.09,9,0,1,0.6519358333333334,0.0014054592465981841,-1.318698227405548
ddqn,123,1930,21986,-10.03,3,0,1,0.6518883333333334,0.0016647067386657,-1.2604010105133057
ddqn,123,1931,22025,-10.39,39,0,1,0.6512708333333334,0.00170501681859605,-1.146900123357773
ddqn,123,1932,22032,-10.07,7,0,1,0.65116,0.0034632437163963914,-1.1734347343444824
ddqn,123,1933,22065,-10.33,33,0,1,0.6506375,0.0017570838535903022,-1.0317061245441437
ddqn,123,1934,22080,-10.15,15,0,1,0.6504000000000001,0.0014271935797296464,-0.977917417883873
ddqn,123,1935,22085,-10.049999999999999,5,0,1,0.6503208333333333,0.001711743650957942,-1.1043514013290405
ddqn,123,1936,22102,-10.17,17,0,1,0.6500516666666667,0.0021171507833059877,-1.3483548611402512
ddqn,123,1937,22121,-10.19,19,0,1,0.6497508333333334,0.000902299233712256,-1.1280959367752075
ddqn,123,1938,22122,-10.01,1,0,1,0.649735,,
ddqn,123,1939,22127,-10.049999999999999,5,0,1,0.6496558333333333,0.0012720196973532438,-1.1342833042144775
ddqn,123,1940,22152,-10.25,25,0,1,0.6492600000000001,0.0012155389579545175,-1.1234306863376073
ddqn,123,1941,22180,-10.28,28,0,1,0.6488166666666667,0.0009630712780303188,-0.7884681437696729
ddqn,123,1942,22194,-10.14,14,0,1,0.648595,0.000791127560660243,-1.3909330368041992
ddqn,123,1943,22203,-10.09,9,0,1,0.6484525000000001,0.0007571289024781436,-0.9690004587173462
ddqn,123,1944,22218,-10.15,15,0,1,0.648215,0.001593415334355086,-0.9831099063158035
ddqn,123,1945,22221,-10.03,3,0,1,0.6481675,0.0005730971461161971,-0.8146998882293701
ddqn,123,1946,22245,-10.24,24,0,1,0.6477875,0.0015889819090565045,-0.9885223110516866
ddqn,123,1947,22296,-10.51,51,0,1,0.6469800000000001,0.0013850177011380976,-1.2799514853037322
ddqn,123,1948,22309,-10.129999999999999,13,0,1,0.6467741666666667,0.0006771653812999526,-0.9645955165227255
ddqn,123,1949,22327,-10.18,18,0,1,0.6464891666666667,0.0007998952933121473,-1.1229653060436249
ddqn,123,1950,22335,-10.08,8,0,1,0.6463625,0.0009324160637333989,-1.4295943975448608
ddqn,123,1951,22355,-10.2,20,0,1,0.6460458333333334,0.0008261654409579932,-0.8237038671970367
ddqn,123,1952,22361,-10.06,6,0,1,0.6459508333333334,0.0008615044644102454,-1.2681642770767212
ddqn,123,1953,22366,-10.049999999999999,5,0,1,0.6458716666666666,0.0008950498304329813,-1.1015262603759766
ddqn,123,1954,22374,-10.08,8,0,1,0.645745,0.0007178094238042831,-1.1168538331985474
ddqn,123,1955,22416,9.58,42,1,0,0.6450800000000001,0.000978668892375109,-0.9755330817265944
ddqn,123,1956,22425,-10.09,9,0,1,0.6449374999999999,0.001183409767691046,-1.1781198978424072
ddqn,123,1957,22429,-10.04,4,0,1,0.6448741666666666,0.0005493987700901926,-1.2768336534500122
ddqn,123,1958,22446,-10.17,17,0,1,0.6446050000000001,0.0010789016960188746,-1.2036602944135666
ddqn,123,1959,22466,-10.2,20,0,1,0.6442883333333334,0.0012167590903118253,-1.0424712300300598
ddqn,123,1960,22478,-10.12,12,0,1,0.6440983333333334,0.0015919426611314218,-1.273655652999878
ddqn,123,1961,22503,-10.25,25,0,1,0.6437025000000001,0.0013293201530662675,-1.0664976239204407
ddqn,123,1962,22518,-10.15,15,0,1,0.643465,0.002244135772343725,-0.9339928179979324
ddqn,123,1963,22620,-11.02,102,0,1,0.64185,0.013026835348752614,-1.0860102039117079
ddqn,123,1964,22708,-10.88,88,0,1,0.6404566666666667,0.018129910649308426,-1.0067807761105625
ddqn,123,1965,22714,-10.06,6,0,1,0.6403616666666667,0.00303354999050498,-0.8449852466583252
ddqn,123,1966,22726,-10.12,12,0,1,0.6401716666666667,0.0035940463033815226,-0.847028503815333
ddqn,123,1967,22745,-10.19,19,0,1,0.6398708333333334,0.0027757974807173015,-0.8966030359268189
ddqn,123,1968,22749,-10.04,4,0,1,0.6398075000000001,0.0018030040664598346,-1.299335241317749
ddqn,123,1969,22759,-10.1,10,0,1,0.6396491666666666,0.0029501646640710533,-1.2118257880210876
ddqn,123,1970,22766,-10.07,7,0,1,0.6395383333333333,0.0038368491223081946,-1.5622482299804688
ddqn,123,1971,22768,-10.02,2,0,1,0.6395066666666667,0.0011704859789460897,-1.1474710702896118
ddqn,123,1972,22777,-10.09,9,0,1,0.6393641666666667,0.0033442627172917128,-1.1564960479736328
ddqn,123,1973,22780,-10.03,3,0,1,0.6393166666666668,0.0008835406042635441,-0.8264913558959961
ddqn,123,1974,22806,-10.26,26,0,1,0.6389050000000001,0.001913541049968141,-0.7567548155784607
ddqn,123,1975,22813,-10.07,7,0,1,0.6387941666666668,0.002382623148150742,-0.8957389295101166
ddqn,123,1976,22850,-10.37,37,0,1,0.6382083333333333,0.03562376435406299,-1.1401570969157748
ddqn,123,1977,22855,-10.049999999999999,5,0,1,0.6381291666666666,0.0007395516731776297,-1.4229849576950073
ddqn,123,1978,22897,-10.42,42,0,1,0.6374641666666667,0.0021510008584961974,-0.9565704681656577
ddqn,123,1979,22943,-10.46,46,0,1,0.6367358333333333,0.002322026480793614,-1.0690793665972622
ddqn,123,1980,22960,-10.17,17,0,1,0.6364666666666667,0.00081041005323641,-1.2081171512603759
ddqn,123,1981,22981,-10.209999999999999,21,0,1,0.6361341666666667,0.0011023892788216473,-1.0694859147071838
ddqn,123,1982,22984,-10.03,3,0,1,0.6360866666666667,0.00105363002512604,-0.6732320189476013
ddqn,123,1983,23012,-10.28,28,0,1,0.6356433333333333,0.0011923662428411522,-1.0982330228601183
ddqn,123,1984,23014,-10.02,2,0,1,0.6356116666666667,,
ddqn,123,1985,23063,-10.49,49,0,1,0.6348358333333333,0.0014750376576557755,-0.9447135577599207
ddqn,123,1986,23103,-10.4,40,0,1,0.6342025,0.032421171717578544,-1.0591824769973754
ddqn,123,1987,23127,-10.24,24,0,1,0.6338225,0.005667023593559861,-1.090386192003886
ddqn,123,1988,23130,-10.03,3,0,1,0.633775,0.0019470383413136005,-0.9996755123138428
ddqn,123,1989,23164,-10.34,34,0,1,0.6332366666666667,0.0031052271369844675,-1.1249443623754714
ddqn,123,1990,23172,-10.08,8,0,1,0.6331100000000001,0.0047543400432914495,-1.3025463223457336
ddqn,123,1991,23190,-10.18,18,0,1,0.632825,0.0018053402891382575,-0.933777242898941
ddqn,123,1992,23256,-10.66,66,0,1,0.63178,0.00164657027926296,-1.0620564608012928
ddqn,123,1993,23282,-10.26,26,0,1,0.6313683333333333,0.0011314115739272286,-0.8344098428885142
ddqn,123,1994,23293,-10.11,11,0,1,0.6311941666666667,0.0005543591687455773,-0.6413070857524872
ddqn,123,1995,23295,-10.02,2,0,1,0.6311625000000001,,
ddqn,123,1996,23300,-10.049999999999999,5,0,1,0.6310833333333334,0.0008797559421509504,-0.8906918168067932
ddqn,123,1997,23311,-10.11,11,0,1,0.6309091666666666,0.002849330543540418,-0.8165841698646545
ddqn,123,1998,23328,-10.17,17,0,1,0.6306400000000001,0.0008668105991091579,-1.0835951745510102
ddqn,123,1999,23340,-10.12,12,0,1,0.63045,0.0008267152491801729,-1.2254767815272014
ddqn,123,2000,23374,-10.34,34,0,1,0.6299116666666666,0.0018594731955090538,-1.0206630676984787
ddqn,123,2001,23395,-10.209999999999999,21,0,1,0.6295791666666667,0.0017439826333429664,-1.0172995805740357
ddqn,123,2002,23396,-10.01,1,0,1,0.6295633333333333,0.0008402058156207204,-0.5244982242584229
ddqn,123,2003,23399,-10.03,3,0,1,0.6295158333333333,,
ddqn,123,2004,23403,-10.04,4,0,1,0.6294525,0.001226193504408002,-0.8346661329269409
ddqn,123,2005,23421,-10.18,18,0,1,0.6291675000000001,0.003396378050092608,-1.0872703552246095
ddqn,123,2006,23435,-10.14,14,0,1,0.6289458333333333,0.1066204970702529,-1.3285157680511475
ddqn,123,2007,23446,-10.11,11,0,1,0.6287716666666667,0.0053780277182037635,-0.8891263802846273
ddqn,123,2008,23449,-10.03,3,0,1,0.6287241666666668,0.004228632431477308,-1.3027527332305908
ddqn,123,2009,23481,-10.32,32,0,1,0.6282175000000001,0.01025506219593808,-1.0388136096298695
ddqn,123,2010,23502,-10.209999999999999,21,0,1,0.627885,0.02087596757337451,-0.8792501568794251
ddqn,123,2011,23533,-10.31,31,0,1,0.6273941666666667,0.009793727011128794,-0.895589143037796
ddqn,123,2012,23537,-10.04,4,0,1,0.6273308333333334,0.0030542491003870964,-1.1059006452560425
ddqn,123,2013,23541,-10.04,4,0,1,0.6272675000000001,0.004049637354910374,-0.8360088467597961
ddqn,123,2014,23545,-10.04,4,0,1,0.6272041666666667,0.002158909570425749,-0.9819686412811279
ddqn,123,2015,23549,-10.04,4,0,1,0.6271408333333333,0.001409440184943378,-1.112553358078003
ddqn,123,2016,23578,-10.29,29,0,1,0.6266816666666667,0.0036665397762720075,-1.0291966795921326
ddqn,123,2017,23594,-10.16,16,0,1,0.6264283333333334,0.002659918332938105,-0.7595270723104477
ddqn,123,2018,23612,-10.18,18,0,1,0.6261433333333333,0.004037407215218991,-0.9415717482566833
ddqn,123,2019,23634,-10.22,22,0,1,0.6257950000000001,0.002439120667986572,-0.99530531167984
ddqn,123,2020,23642,-10.08,8,0,1,0.6256683333333333,0.0010087713308166713,-0.8936666250228882
ddqn,123,2021,23648,-10.06,6,0,1,0.6255733333333333,0.003009510226547718,-1.0375863313674927
ddqn,123,2022,23683,-10.35,35,0,1,0.6250191666666667,0.0017036991448549088,-0.983717530965805
ddqn,123,2023,23693,-10.1,10,0,1,0.6248608333333334,0.0016326999563413362,-0.9441887140274048
ddqn,123,2024,23699,-10.06,6,0,1,0.6247658333333334,0.0018179244361817837,-1.132967472076416
ddqn,123,2025,23712,-10.129999999999999,13,0,1,0.62456,0.0010110024886671454,-0.8890282958745956
ddqn,123,2026,23717,-10.049999999999999,5,0,1,0.6244808333333334,0.0003549356770236045,-0.9595065116882324
ddqn,123,2027,23728,-10.11,11,0,1,0.6243066666666667,0.0009219279648580899,-0.9125082890192667
ddqn,123,2028,23732,-10.04,4,0,1,0.6242433333333333,0.0009073868859559298,-0.9533632397651672
ddqn,123,2029,23733,-10.01,1,0,1,0.6242274999999999,,
ddqn,123,2030,23810,-10.77,77,0,1,0.6230083333333334,0.01762558348587175,-1.1486021656739085
ddqn,123,2031,23825,-10.15,15,0,1,0.6227708333333333,0.0007995564228622243,-0.8829830288887024
ddqn,123,2032,23873,-10.48,48,0,1,0.6220108333333334,0.0009174409715342335,-0.8736998910705248
ddqn,123,2033,23893,-10.2,20,0,1,0.6216941666666667,0.0019206171971745789,-0.9848514556884765
ddqn,123,2034,23940,-10.47,47,0,1,0.62095,0.0013140970186213963,-1.028706928094228
ddqn,123,2035,23978,-10.38,38,0,1,0.6203483333333333,0.0008755376135619978,-1.035055160522461
ddqn,123,2036,24020,-10.42,42,0,1,0.6196833333333334,0.0006743078675671396,-1.0982233719392256
ddqn,123,2037,24023,-10.03,3,0,1,0.6196358333333334,,
ddqn,123,2038,24030,-10.07,7,0,1,0.619525,0.0007422521011903882,-1.117929607629776
ddqn,123,2039,24090,-10.6,60,0,1,0.618575,0.0009806430335932723,-1.0229085465272267
ddqn,123,2040,24107,-10.17,17,0,1,0.6183058333333333,0.0006751785913365893,-1.0353217124938965
ddqn,123,2041,24114,-10.07,7,0,1,0.618195,0.0003939527814509347,-1.0482381880283356
ddqn,123,2042,24123,-10.09,9,0,1,0.6180525,0.0007015429728198797,-1.261694073677063
ddqn,123,2043,24144,-10.209999999999999,21,0,1,0.61772,0.0011020628614157129,-0.9914051642020544
ddqn,123,2044,24153,-10.09,9,0,1,0.6175775,0.0013124055694788694,-1.2489133477210999
ddqn,123,2045,24156,-10.03,3,0,1,0.61753,0.0003897479036822915,-0.9615650177001953
ddqn,123,2046,24198,-10.42,42,0,1,0.616865,0.000971895940892864,-0.9959780126810074
ddqn,123,2047,24200,-10.02,2,0,1,0.6168333333333333,0.0004145507118664682,-1.4312258958816528
ddqn,123,2048,24223,-10.23,23,0,1,0.6164691666666666,0.0010047978488728405,-1.2321184754371644
ddqn,123,2049,24241,-10.18,18,0,1,0.6161841666666666,0.001097679801750928,-1.242555832862854
ddqn,123,2050,24248,-10.07,7,0,1,0.6160733333333334,0.0004727276536868885,-0.6622662246227264
ddqn,123,2051,24250,-10.02,2,0,1,0.6160416666666666,,
ddqn,123,2052,24258,-10.08,8,0,1,0.615915,0.0010599654633551836,-1.2772888541221619
ddqn,123,2053,24259,-10.01,1,0,1,0.6158991666666667,,
ddqn,123,2054,24287,-10.28,28,0,1,0.6154558333333333,0.0010029667152723829,-0.9137225661958966
ddqn,123,2055,24328,-10.41,41,0,1,0.6148066666666667,0.0007848614265888252,-1.032156827774915
ddqn,123,2056,24339,-10.11,11,0,1,0.6146325,0.0004895644960924983,-0.9673339128494263
ddqn,123,2057,24342,-10.03,3,0,1,0.6145849999999999,0.0006366925081238151,-0.6724112629890442
ddqn,123,2058,24356,-10.14,14,0,1,0.6143633333333334,0.0010243645665468648,-0.9986067712306976
ddqn,123,2059,24385,-10.29,29,0,1,0.6139041666666667,0.0009385110669037593,-0.9414346643856594
ddqn,123,2060,24394,-10.09,9,0,1,0.6137616666666666,0.0005066058220108971,-1.415542483329773
ddqn,123,2061,24403,-10.09,9,0,1,0.6136191666666666,0.0007288296474143863,-0.7458047866821289
ddqn,123,2062,24411,-10.08,8,0,1,0.6134925,0.0006873779639136046,-0.7418825626373291
ddqn,123,2063,24421,-10.1,10,0,1,0.6133341666666667,0.0005517031483274574,-0.9556952317555746
ddqn,123,2064,24450,-10.29,29,0,1,0.6128750000000001,0.0004569600527507386,-1.0728215490068709
ddqn,123,2065,24468,-10.18,18,0,1,0.61259,0.0004554594459477812,-1.112096095085144
ddqn,123,2066,24481,-10.129999999999999,13,0,1,0.6123841666666667,0.00040011150122154504,-1.121399164199829
ddqn,123,2067,24509,-10.28,28,0,1,0.6119408333333334,0.00041289373101400476,-1.1395761796406336
ddqn,123,2068,24521,-10.12,12,0,1,0.6117508333333334,0.0002982990408781916,-1.0598604679107666
ddqn,123,2069,24535,-10.14,14,0,1,0.6115291666666667,0.00028147863001019385,-0.7555844585100809
ddqn,123,2070,24537,-10.02,2,0,1,0.6114975,0.0009016683325171471,-1.277651071548462
ddqn,123,2071,24538,-10.01,1,0,1,0.6114816666666667,,
ddqn,123,2072,24549,-10.11,11,0,1,0.6113075,0.0006913058265733222,-1.1623034675916035
ddqn,123,2073,24561,-10.12,12,0,1,0.6111175,0.000523457226033012,-0.7696939706802368
ddqn,123,2074,24589,-10.28,28,0,1,0.6106741666666666,0.00033872085623443127,-0.8509999683925084
ddqn,123,2075,24592,-10.03,3,0,1,0.6106266666666667,0.0006047835340723395,-1.2841529846191406
ddqn,123,2076,24605,-10.129999999999999,13,0,1,0.6104208333333334,0.0008296015245529512,-0.8553790251413981
ddqn,123,2077,24638,-10.33,33,0,1,0.6098983333333333,0.0009303491751779802,-1.1108070015907288
ddqn,123,2078,24670,-10.32,32,0,1,0.6093916666666667,0.0011519373365445063,-0.9873545542359352
ddqn,123,2079,24693,-10.23,23,0,1,0.6090275,0.0005820489095640369,-0.9646806617577871
ddqn,123,2080,24704,-10.11,11,0,1,0.6088533333333334,0.0008469803627425184,-1.1705858707427979
ddqn,123,2081,24707,-10.03,3,0,1,0.6088058333333333,,
ddqn,123,2082,24710,-10.03,3,0,1,0.6087583333333333,0.00038371028495021164,-0.952033281326294
ddqn,123,2083,24726,-10.16,16,0,1,0.6085050000000001,0.0020720726242871024,-1.2029789239168167
ddqn,123,2084,24754,-10.28,28,0,1,0.6080616666666667,0.0016507888586992131,-0.9405975001198905
ddqn,123,2085,24774,-10.2,20,0,1,0.607745,0.0008544627664377913,-0.9913392901420593
ddqn,123,2086,24778,-10.04,4,0,1,0.6076816666666667,0.0010910178534686565,-1.4322304725646973
ddqn,123,2087,24793,-10.15,15,0,1,0.6074441666666667,0.0011570663627935573,-0.9100139513611794
ddqn,123,2088,24798,-10.049999999999999,5,0,1,0.607365,0.0003638022462837398,-1.1284431219100952
ddqn,123,2089,24831,-10.33,33,0,1,0.6068425,0.0008782934819464572,-1.0614600256085396
ddqn,123,2090,24844,-10.129999999999999,13,0,1,0.6066366666666667,0.00045442254122463055,-0.9303318709135056
ddqn,123,2091,24877,-10.33,33,0,1,0.6061141666666667,0.0007306933985091746,-0.9076040834188461
ddqn,123,2092,24884,-10.07,7,0,1,0.6060033333333333,0.0004271446814527735,-1.190080165863037
ddqn,123,2093,24933,-10.49,49,0,1,0.6052275,0.0009570971039162638,-0.8743059635162354
ddqn,123,2094,24941,-10.08,8,0,1,0.6051008333333333,0.0007221564301289618,-1.2759729623794556
ddqn,123,2095,24961,-10.2,20,0,1,0.6047841666666667,0.0005282715806970373,-1.176509141921997
ddqn,123,2096,24966,-10.049999999999999,5,0,1,0.604705,0.0008961406419984996,-0.9625452756881714
ddqn,123,2097,24976,-10.1,10,0,1,0.6045466666666667,0.0007125112848977248,-1.0522249142328899
ddqn,123,2098,25014,-10.38,38,0,1,0.603945,0.0006602837303135958,-1.0840264360109966
ddqn,123,2099,25019,-10.049999999999999,5,0,1,0.6038658333333333,0.0010473716538399458,-0.9330543279647827
ddqn,123,2100,25039,-10.2,20,0,1,0.6035491666666667,0.0004622456734068692,-0.8058387577533722
ddqn,123,2101,25061,-10.22,22,0,1,0.6032008333333334,0.0012819676097327222,-1.0462417701880138
ddqn,123,2102,25077,-10.16,16,0,1,0.6029475,0.0018323851691093296,-1.3261219561100006
ddqn,123,2103,25081,-10.04,4,0,1,0.6028841666666667,0.0007506252732127905,-0.48835134506225586
ddqn,123,2104,25085,-10.04,4,0,1,0.6028208333333334,0.0018458946142345667,-0.9773468375205994
ddqn,123,2105,25122,-10.37,37,0,1,0.6022350000000001,0.0011189749542002876,-1.0020689765612285
ddqn,123,2106,25148,-10.26,26,0,1,0.6018233333333334,0.0008529263473714568,-1.0496011972427368
ddqn,123,2107,25172,-10.24,24,0,1,0.6014433333333333,0.0007870138215366751,-0.8512294838825861
ddqn,123,2108,25178,-10.06,6,0,1,0.6013483333333334,0.002631472423672676,-1.1389158964157104
ddqn,123,2109,25183,-10.049999999999999,5,0,1,0.6012691666666667,0.0004546379204839468,-0.9678730368614197
ddqn,123,2110,25201,-10.18,18,0,1,0.6009841666666667,0.0601536063128151,-1.0157932758331298
ddqn,123,2111,25220,-10.19,19,0,1,0.6006833333333333,0.0006526166456751525,-0.8312901735305787
ddqn,123,2112,25232,-10.12,12,0,1,0.6004933333333333,0.0006221512837025026,-0.9028340180714926
ddqn,123,2113,25281,-10.49,49,0,1,0.5997175,0.0019110440334770828,-1.0031868815422058
ddqn,123,2114,25285,-10.04,4,0,1,0.5996541666666667,0.010523924604058266,-1.504286289215088
ddqn,123,2115,25287,-10.02,2,0,1,0.5996225,,
ddqn,123,2116,25297,-10.1,10,0,1,0.5994641666666667,0.10438615130260587,-1.1301479736963909
ddqn,123,2117,25309,-10.12,12,0,1,0.5992741666666667,0.0018555952701717615,-0.8028758466243744
ddqn,123,2118,25324,-10.15,15,0,1,0.5990366666666667,0.002820156922098249,-1.1650660932064056
ddqn,123,2119,25380,-10.56,56,0,1,0.59815,0.0013990703342382663,-0.9454285417284284
ddqn,123,2120,25394,-10.14,14,0,1,0.5979283333333334,0.0004262690878628443,-0.5952843228975931
ddqn,123,2121,25406,-10.12,12,0,1,0.5977383333333334,0.000795374100562185,-0.9663392305374146
ddqn,123,2122,25426,-10.2,20,0,1,0.5974216666666667,0.0013505589799024166,-1.0279369592666625
ddqn,123,2123,25466,-10.4,40,0,1,0.5967883333333334,0.0007532077084761113,-1.0068816721439362
ddqn,123,2124,25501,-10.35,35,0,1,0.5962341666666666,0.001110553424546702,-1.2098955512046814
ddqn,123,2125,25503,-10.02,2,0,1,0.5962025,,
ddqn,123,2126,25520,-10.17,17,0,1,0.5959333333333334,0.001047489995835349,-0.8533734321594239
ddqn,123,2127,25540,-10.2,20,0,1,0.5956166666666667,0.0011499490647111088,-1.0417402029037475
ddqn,123,2128,25611,-10.71,71,0,1,0.5944925000000001,0.0007394201923435664,-0.9865088252460256
ddqn,123,2129,25634,-10.23,23,0,1,0.5941283333333334,0.000740819921096166,-1.0199179152647655
ddqn,123,2130,25641,-10.07,7,0,1,0.5940175000000001,0.0015730109298601747,-1.32099050283432
ddqn,123,2131,25664,-10.23,23,0,1,0.5936533333333334,0.0013209162571001798,-1.0585740307966869
ddqn,123,2132,25671,-10.07,7,0,1,0.5935425000000001,0.0013240197440609336,-0.9857605695724487
ddqn,123,2133,25677,-10.06,6,0,1,0.5934475,0.0012026556069031358,-0.9822348654270172
ddqn,123,2134,25680,-10.03,3,0,1,0.5934,0.002177993766963482,-1.2500131130218506
ddqn,123,2135,25688,-10.08,8,0,1,0.5932733333333333,0.00046844764437992126,-1.0306891798973083
ddqn,123,2136,25690,-10.02,2,0,1,0.5932416666666667,,
ddqn,123,2137,25723,-10.33,33,0,1,0.5927191666666667,0.0007150963137974031,-0.9790478385984898
ddqn,123,2138,25724,-10.01,1,0,1,0.5927033333333334,0.0005707048112526536,-0.5250468850135803
ddqn,123,2139,25736,-10.12,12,0,1,0.5925133333333333,0.0013413197205712397,-0.9744784235954285
ddqn,123,2140,25753,-10.17,17,0,1,0.5922441666666667,0.001864379650214687,-1.058534175157547
ddqn,123,2141,25761,-10.08,8,0,1,0.5921175000000001,0.0010709610942285508,-0.88900026679039
ddqn,123,2142,25784,-10.23,23,0,1,0.5917533333333334,0.0007323503183821837,-1.1717123687267303
ddqn,123,2143,25799,-10.15,15,0,1,0.5915158333333334,0.0008621431867747257,-0.9532252351442972
ddqn,123,2144,25836,-10.37,37,0,1,0.59093,0.000908508081920445,-1.0686159968376159
ddqn,123,2145,25842,-10.06,6,0,1,0.590835,0.0006676841294392943,-1.2816276550292969
ddqn,123,2146,25845,-10.03,3,0,1,0.5907875,0.001236940617673099,-0.669939398765564
ddqn,123,2147,25849,-10.04,4,0,1,0.5907241666666667,0.0012094434350728989,-0.9708521366119385
ddqn,123,2148,25879,-10.3,30,0,1,0.5902491666666667,0.0012152185123081186,-1.1207105943134852
ddqn,123,2149,25892,-10.129999999999999,13,0,1,0.5900433333333334,0.0013134265536791645,-1.1631917506456375
ddqn,123,2150,25920,-10.28,28,0,1,0.5896,0.0019487968113805567,-0.8981869220733643
ddqn,123,2151,25925,-10.049999999999999,5,0,1,0.5895208333333334,0.00042817695066332817,-1.1018537282943726
ddqn,123,2152,25929,-10.04,4,0,1,0.5894575,0.0013736884575337172,-0.6326370239257812
ddqn,123,2153,25934,-10.049999999999999,5,0,1,0.5893783333333333,0.005148648284375668,-1.229050874710083
ddqn,123,2154,25973,-10.39,39,0,1,0.5887608333333334,0.0022844395483843983,-1.1060521602630615
ddqn,123,2155,26016,-10.43,43,0,1,0.58808,0.0011132483830971812,-0.9108738519928672
ddqn,123,2156,26020,-10.04,4,0,1,0.5880166666666666,0.0012545498320832849,-0.9676586389541626
ddqn,123,2157,26055,-10.35,35,0,1,0.5874625,0.00041425500057812314,-0.8571677431464195
ddqn,123,2158,26074,-10.19,19,0,1,0.5871616666666667,0.057987088162917644,-0.9086942434310913
ddqn,123,2159,26085,-10.11,11,0,1,0.5869875,0.0014069553193015356,-0.7930675546328226
ddqn,123,2160,26103,-10.18,18,0,1,0.5867025,0.005124989809701219,-1.0028161406517029
ddqn,123,2161,26104,-10.01,1,0,1,0.5866866666666667,0.006933183409273624,-0.9338635206222534
ddqn,123,2162,26134,-10.3,30,0,1,0.5862116666666667,0.004637575442237514,-1.0620045151029314
ddqn,123,2163,26142,-10.08,8,0,1,0.586085,0.0052137665916234255,-0.7722005844116211
ddqn,123,2164,26147,-10.049999999999999,5,0,1,0.5860058333333333,0.003189082955941558,-0.8262861371040344
ddqn,123,2165,26169,-10.22,22,0,1,0.5856575,0.0031122357274095216,-0.9733859598636627
ddqn,123,2166,26175,-10.06,6,0,1,0.5855625,0.005961964372545481,-1.3025702238082886
ddqn,123,2167,26178,-10.03,3,0,1,0.585515,0.0004272673395462334,-0.6609442234039307
ddqn,123,2168,26227,-10.49,49,0,1,0.5847391666666667,0.030932910536648706,-0.9456660151481628
ddqn,123,2169,26230,-10.03,3,0,1,0.5846916666666667,0.00030536495614796877,-0.6471586227416992
ddqn,123,2170,26275,-10.45,45,0,1,0.5839791666666667,0.0048886516385457735,-1.07709171555259
ddqn,123,2171,26289,-10.14,14,0,1,0.5837575,0.001743877277476713,-1.1076127588748932
ddqn,123,2172,26332,-10.43,43,0,1,0.5830766666666667,0.0009812213406390088,-0.942367369478399
ddqn,123,2173,26370,-10.38,38,0,1,0.5824750000000001,0.0013832180492398846,-0.9241485827498965
ddqn,123,2174,26395,-10.25,25,0,1,0.5820791666666667,0.001019295770674944,-0.9315435290336609
ddqn,123,2175,26397,-10.02,2,0,1,0.5820475,0.0010621704859659076,-1.2446014881134033
ddqn,123,2176,26399,-10.02,2,0,1,0.5820158333333334,,
ddqn,123,2177,26415,-10.16,16,0,1,0.5817625000000001,0.0010713611118262634,-1.1523072123527527
ddqn,123,2178,26425,-10.1,10,0,1,0.5816041666666667,0.0016390767608148356,-1.2061547636985779
ddqn,123,2179,26429,-10.04,4,0,1,0.5815408333333334,0.0022983639501035213,-1.268566370010376
ddqn,123,2180,26435,-10.06,6,0,1,0.5814458333333334,0.0011572062503546476,-0.6544085741043091
ddqn,123,2181,26463,-10.28,28,0,1,0.5810025000000001,0.0009537264829434987,-1.0450439282826014
ddqn,123,2182,26464,-10.01,1,0,1,0.5809866666666668,0.00014644456678070128,-0.6484808921813965
ddqn,123,2183,26467,-10.03,3,0,1,0.5809391666666667,,
ddqn,123,2184,26470,-10.03,3,0,1,0.5808916666666667,0.0029599741101264954,-1.6922354698181152
ddqn,123,2185,26473,-10.03,3,0,1,0.5808441666666667,0.0005347476107999682,-0.9583138227462769
ddqn,123,2186,26484,-10.11,11,0,1,0.58067,0.0013494583933303754,-1.027755320072174
ddqn,123,2187,26494,-10.1,10,0,1,0.5805116666666668,0.003181782434694469,-0.8555557727813721
ddqn,123,2188,26503,-10.09,9,0,1,0.5803691666666667,0.0018287580751348287,-1.351807415485382
ddqn,123,2189,26581,9.219999999999999,78,1,0,0.5791341666666667,0.0039242195314727725,-1.009373849630356
ddqn,123,2190,26591,-10.1,10,0,1,0.5789758333333334,0.005779672646895051,-0.6191593408584595
ddqn,123,2191,26603,-10.12,12,0,1,0.5787858333333333,0.0020611411843371266,-0.4723731378714244
ddqn,123,2192,26652,-10.49,49,0,1,0.57801,0.019784821860062387,-1.038042976306035
ddqn,123,2193,26690,-10.38,38,0,1,0.5774083333333333,0.005744856665842235,-0.7766576872931586
ddqn,123,2194,26734,-10.44,44,0,1,0.5767116666666667,0.00473853456787765,-1.0630716058340939
ddqn,123,2195,26746,-10.12,12,0,1,0.5765216666666667,0.004172636739288767,-0.8714069128036499
ddqn,123,2196,26770,-10.24,24,0,1,0.5761416666666668,0.005706979437187935,-1.0645491381486256
ddqn,123,2197,26773,-10.03,3,0,1,0.5760941666666667,0.0018957442371174693,-0.9645113945007324
ddqn,123,2198,26781,-10.08,8,0,1,0.5759675,0.010050483280792832,-0.8388557434082031
ddqn,123,2199,26800,-10.19,19,0,1,0.5756666666666668,0.006005432084202766,-1.0183906078338623
ddqn,123,2200,26811,-10.11,11,0,1,0.5754925,0.00978040974587202,-0.6700005531311035
ddqn,123,2201,26843,-10.32,32,0,1,0.5749858333333333,0.005895133901503868,-0.9591469094157219
ddqn,123,2202,26847,-10.04,4,0,1,0.5749225,0.005433748476207256,-1.2966783046722412
ddqn,123,2203,26868,-10.209999999999999,21,0,1,0.57459,0.006721260433550924,-1.0363389402627945
ddqn,123,2204,26871,-10.03,3,0,1,0.5745425,,
ddqn,123,2205,26878,-10.07,7,0,1,0.5744316666666667,0.006124225677922368,-0.6835620999336243
ddqn,123,2206,26880,-10.02,2,0,1,0.5744,0.022189464420080185,-1.9637274742126465
ddqn,123,2207,26882,-10.02,2,0,1,0.5743683333333334,,
ddqn,123,2208,26885,-10.03,3,0,1,0.5743208333333334,0.01807081699371338,-1.191429853439331
ddqn,123,2209,26886,-10.01,1,0,1,0.5743050000000001,,
ddqn,123,2210,26897,-10.11,11,0,1,0.5741308333333334,0.11903368153919776,-1.0381227334340413
ddqn,123,2211,26921,-10.24,24,0,1,0.5737508333333334,0.01579831858786444,-1.0266100366910298
ddqn,123,2212,26927,-10.06,6,0,1,0.5736558333333334,0.03680890053510666,-0.713461697101593
ddqn,123,2213,26940,-10.129999999999999,13,0,1,0.57345,0.015272427932359278,-1.329092562198639
ddqn,123,2214,26942,-10.02,2,0,1,0.5734183333333334,,
ddqn,123,2215,26951,-10.09,9,0,1,0.5732758333333334,0.0034220622619614005,-0.7075568735599518
ddqn,123,2216,26978,-10.27,27,0,1,0.5728483333333334,0.04850087654111641,-0.9279715248516628
ddqn,123,2217,27000,-10.22,22,0,1,0.5725,0.0032777961945006004,-1.1106861035029094
ddqn,123,2218,27004,-10.04,4,0,1,0.5724366666666667,0.002422580262646079,-0.9559568166732788
ddqn,123,2219,27006,-10.02,2,0,1,0.572405,,
ddqn,123,2220,27026,-10.2,20,0,1,0.5720883333333333,0.0017506736156065017,-1.101626694202423
ddqn,123,2221,27044,-10.18,18,0,1,0.5718033333333334,0.003228326083626598,-1.1490573167800904
ddqn,123,2222,27047,-10.03,3,0,1,0.5717558333333334,,
ddqn,123,2223,27125,-10.780000000000001,78,0,1,0.5705208333333334,0.0020147866394836455,-1.0545283764600755
ddqn,123,2224,27139,-10.14,14,0,1,0.5702991666666667,0.0012855419190600514,-0.8479530811309814
ddqn,123,2225,27148,-10.09,9,0,1,0.5701566666666666,0.001159329656123494,-1.1688353021939595
ddqn,123,2226,27171,-10.23,23,0,1,0.5697925,0.0010394842363893985,-1.018919324874878
ddqn,123,2227,27186,-10.15,15,0,1,0.569555,0.0006924408080521971,-0.7189052700996399
ddqn,123,2228,27200,-10.14,14,0,1,0.5693333333333334,0.0012926991184940562,-0.964781366288662
ddqn,123,2229,27219,-10.19,19,0,1,0.5690325,0.0018402658606646582,-0.9098459780216217
ddqn,123,2230,27226,-10.07,7,0,1,0.5689216666666668,0.0012954809499206021,-0.5693004131317139
ddqn,123,2231,27233,-10.07,7,0,1,0.5688108333333333,0.005027145030908287,-1.447607934474945
ddqn,123,2232,27251,-10.18,18,0,1,0.5685258333333334,0.004191620057099499,-0.9027711898088455
ddqn,123,2233,27259,-10.08,8,0,1,0.5683991666666668,0.004832350183278322,-0.921096920967102
ddqn,123,2234,27264,-10.049999999999999,5,0,1,0.5683199999999999,0.010157015407457948,-0.9156896471977234
ddqn,123,2235,27282,-10.18,18,0,1,0.5680350000000001,0.0020623384043574333,-0.815164789557457
ddqn,123,2236,27294,-10.12,12,0,1,0.5678449999999999,0.0029073277255520225,-1.5193761189778645
ddqn,123,2237,27295,-10.01,1,0,1,0.5678291666666666,,
ddqn,123,2238,27330,-10.35,35,0,1,0.567275,0.006346779784912037,-1.086528221766154
ddqn,123,2239,27341,-10.11,11,0,1,0.5671008333333334,0.006651946033040683,-1.037529746691386
ddqn,123,2240,27343,-10.02,2,0,1,0.5670691666666667,,
ddqn,123,2241,27348,-10.049999999999999,5,0,1,0.5669900000000001,0.0020298203453421593,-0.9763325452804565
ddqn,123,2242,27362,-10.14,14,0,1,0.5667683333333333,0.005477807639787595,-1.3801014026006062
ddqn,123,2243,27376,-10.14,14,0,1,0.5665466666666668,0.0036755351029569283,-1.1975402683019638
ddqn,123,2244,27400,-10.24,24,0,1,0.5661666666666667,0.000580808564942951,-0.6565101742744446
ddqn,123,2245,27404,-10.04,4,0,1,0.5661033333333334,0.0018264763057231903,-1.4107615947723389
ddqn,123,2246,27436,-10.32,32,0,1,0.5655966666666667,0.002729986939812079,-1.2072283029556274
ddqn,123,2247,27505,9.31,69,1,0,0.5645041666666667,0.01978541987345499,-0.8989073984763202
ddqn,123,2248,27507,-10.02,2,0,1,0.5644724999999999,,
ddqn,123,2249,27541,-10.34,34,0,1,0.5639341666666666,0.0383835446749193,-0.9151335954666138
ddqn,123,2250,27557,-10.16,16,0,1,0.5636808333333334,0.0022574939648620784,-0.8947462737560272
ddqn,123,2251,27565,-10.08,8,0,1,0.5635541666666667,0.002869177842512727,-1.2901286482810974
ddqn,123,2252,27596,-10.31,31,0,1,0.5630633333333332,0.0032428246122435667,-1.14871047437191
ddqn,123,2253,27600,-10.04,4,0,1,0.563,0.002203619107604027,-1.1036357879638672
ddqn,123,2254,27637,-10.37,37,0,1,0.5624141666666667,0.0011392045772582707,-1.0635372201601665
ddqn,123,2255,27655,-10.18,18,0,1,0.5621291666666668,0.07590739509032574,-0.7607027739286423
ddqn,123,2256,27674,-10.19,19,0,1,0.5618283333333334,0.005242294189520181,-1.2150448322296143
ddqn,123,2257,27689,-10.15,15,0,1,0.5615908333333333,0.003768594702705741,-0.968256875872612
ddqn,123,2258,27692,-10.03,3,0,1,0.5615433333333333,0.003736284328624606,-1.1501574516296387
ddqn,123,2259,27705,-10.129999999999999,13,0,1,0.5613375,0.005337433676080157,-0.9617881377538046
ddqn,123,2260,27718,-10.129999999999999,13,0,1,0.5611316666666666,0.003687087543463955,-0.9542017877101898
ddqn,123,2261,27747,-10.29,29,0,1,0.5606725,0.001228145889139601,-0.8922702670097351
ddqn,123,2262,27781,-10.34,34,0,1,0.5601341666666666,0.0023312108435978494,-0.9055069287618002
ddqn,123,2263,27813,-10.32,32,0,1,0.5596274999999999,0.0022255232906900346,-0.9410469904541969
ddqn,123,2264,27817,-10.04,4,0,1,0.5595641666666666,0.0013023663777858019,-1.1096657514572144
ddqn,123,2265,27822,-10.049999999999999,5,0,1,0.559485,0.0015200639609247446,-0.6466850638389587
ddqn,123,2266,27842,-10.2,20,0,1,0.5591683333333333,0.0011838776292279363,-1.0203566312789918
ddqn,123,2267,27860,-10.18,18,0,1,0.5588833333333334,0.0011427772347815334,-0.8636874973773956
ddqn,123,2268,27881,-10.209999999999999,21,0,1,0.5585508333333333,0.0012675450241658836,-1.142214298248291
ddqn,123,2269,27893,-10.12,12,0,1,0.5583608333333334,0.002674575933876137,-1.0748080412546794
ddqn,123,2270,27955,-10.620000000000001,62,0,1,0.5573791666666668,0.02299745405325666,-0.8747669359048208
ddqn,123,2271,27961,-10.06,6,0,1,0.5572841666666667,0.004738853545859456,-0.7711710333824158
ddqn,123,2272,27970,-10.09,9,0,1,0.5571416666666666,0.013317579461727291,-1.3040173053741455
ddqn,123,2273,27972,-10.02,2,0,1,0.55711,0.002178377006202936,-0.3773103952407837
ddqn,123,2274,27974,-10.02,2,0,1,0.5570783333333333,,
ddqn,123,2275,27985,-10.11,11,0,1,0.5569041666666668,0.0161701956919084,-0.8992379705111185
ddqn,123,2276,28001,-10.16,16,0,1,0.5566508333333333,0.013372537854593247,-0.7932575643062592
ddqn,123,2277,28038,-10.37,37,0,1,0.556065,0.028103604033175442,-1.1547920637660556
ddqn,123,2278,28062,-10.24,24,0,1,0.555685,0.01846670386536668,-0.6964828471342722
ddqn,123,2279,28069,-10.07,7,0,1,0.5555741666666667,0.030576173681765795,-1.4279789924621582
ddqn,123,2280,28083,-10.14,14,0,1,0.5553525,0.012471873157968124,-0.6943275133768717
ddqn,123,2281,28086,-10.03,3,0,1,0.5553049999999999,0.04530904069542885,-1.2148213386535645
ddqn,123,2282,28091,-10.049999999999999,5,0,1,0.5552258333333333,0.02219364605844021,-1.1707371473312378
ddqn,123,2283,28122,-10.31,31,0,1,0.554735,0.043822449864819646,-1.1343126595020294
ddqn,123,2284,28143,-10.209999999999999,21,0,1,0.5544025,0.10924208052456379,-0.8298449277877807
ddqn,123,2285,28150,-10.07,7,0,1,0.5542916666666666,0.06221400946378708,-1.1948155760765076
ddqn,123,2286,28154,-10.04,4,0,1,0.5542283333333333,0.06337270140647888,-0.8243615031242371
ddqn,123,2287,28171,-10.17,17,0,1,0.5539591666666667,0.05848932173103094,-0.8110404312610626
ddqn,123,2288,28183,-10.12,12,0,1,0.5537691666666666,0.09833366175492604,-1.3238970438639324
ddqn,123,2289,28185,-10.02,2,0,1,0.5537375,0.009333353489637375,-0.753531277179718
ddqn,123,2290,28241,-10.56,56,0,1,0.5528508333333333,0.032212080367441685,-1.0257265397480555
ddqn,123,2291,28244,-10.03,3,0,1,0.5528033333333333,0.019067013636231422,-1.0610977411270142
ddqn,123,2292,28266,-10.22,22,0,1,0.552455,0.04964582994580269,-0.7129832804203033
ddqn,123,2293,28285,-10.19,19,0,1,0.5521541666666667,0.030461907386779785,-0.9913263916969299
ddqn,123,2294,28343,-10.58,58,0,1,0.5512358333333334,0.03786515693978539,-1.0262718285833086
ddqn,123,2295,28347,-10.04,4,0,1,0.5511725000000001,0.0360453836619854,-1.17392897605896
ddqn,123,2296,28349,-10.02,2,0,1,0.5511408333333334,0.007717979606240988,-0.751212477684021
ddqn,123,2297,28369,-10.2,20,0,1,0.5508241666666667,0.019952048920094966,-1.04693261384964
ddqn,123,2298,28375,-10.06,6,0,1,0.5507291666666667,0.0068790786899626255,-0.7344651222229004
ddqn,123,2299,28376,-10.01,1,0,1,0.5507133333333334,0.039351221174001694,-0.9652653932571411
ddqn,123,2300,28383,-10.07,7,0,1,0.5506025,0.0066528357565402985,-1.18805992603302
ddqn,123,2301,28391,-10.08,8,0,1,0.5504758333333333,0.17776599898934364,-1.3331851363182068
ddqn,123,2302,28415,-10.24,24,0,1,0.5500958333333333,0.023102084718023736,-1.1237080494562786
ddqn,123,2303,28433,-10.18,18,0,1,0.5498108333333334,0.047658723499625924,-0.8893213272094727
ddqn,123,2304,28440,-10.07,7,0,1,0.5497000000000001,0.0862766969949007,-1.0538439452648163
ddqn,123,2305,28444,-10.04,4,0,1,0.5496366666666667,0.042936988174915314,-0.6489419937133789
ddqn,123,2306,28458,-10.14,14,0,1,0.549415,0.016647431068122387,-0.7567546168963114
ddqn,123,2307,28465,-10.07,7,0,1,0.5493041666666667,0.05375023791566491,-0.42760440707206726
ddqn,123,2308,28467,-10.02,2,0,1,0.5492725,,
ddqn,123,2309,28472,-10.049999999999999,5,0,1,0.5491933333333334,0.10626308247447014,-1.006428301334381
ddqn,123,2310,28477,-10.049999999999999,5,0,1,0.5491141666666667,0.016208186745643616,-1.2588465213775635
ddqn,123,2311,28493,-10.16,16,0,1,0.5488608333333334,0.051083284663036466,-1.238934338092804
ddqn,123,2312,28495,-10.02,2,0,1,0.5488291666666667,,
ddqn,123,2313,28497,-10.02,2,0,1,0.5487975,0.03321899473667145,-0.9245506525039673
ddqn,123,2314,28501,-10.04,4,0,1,0.5487341666666667,0.043887849897146225,-0.5984067916870117
ddqn,123,2315,28511,-10.1,10,0,1,0.5485758333333333,0.07435930520296097,-0.750943511724472
ddqn,123,2316,28521,-10.1,10,0,1,0.5484175,0.015647877628604572,-0.8053004244963328
ddqn,123,2317,28539,-10.18,18,0,1,0.5481325,0.021438536467030644,-1.0482268631458282
ddqn,123,2318,28547,-10.08,8,0,1,0.5480058333333333,0.014336345251649618,-1.0212677717208862
ddqn,123,2319,28552,-10.049999999999999,5,0,1,0.5479266666666667,0.004730790387839079,-0.9413593411445618
ddqn,123,2320,28562,-10.1,10,0,1,0.5477683333333334,0.004607692593708634,-0.6831249296665192
ddqn,123,2321,28572,-10.1,10,0,1,0.5476099999999999,0.013419767220815023,-0.8585220774014791
ddqn,123,2322,28588,-10.16,16,0,1,0.5473566666666667,0.005668051540851593,-0.9492616653442383
ddqn,123,2323,28601,-10.129999999999999,13,0,1,0.5471508333333334,0.006571090780198574,-0.948223888874054
ddqn,123,2324,28608,-10.07,7,0,1,0.54704,0.0035096415085718036,-0.9536297917366028
ddqn,123,2325,28619,-10.11,11,0,1,0.5468658333333334,0.0038150358013808727,-0.6953127384185791
ddqn,123,2326,28631,-10.12,12,0,1,0.5466758333333334,0.11099740195398529,-1.3347827196121216
ddqn,123,2327,28641,-10.1,10,0,1,0.5465175,0.006637105019763112,-0.8657679955164591
ddqn,123,2328,28653,-10.12,12,0,1,0.5463275000000001,0.004451154575993617,-0.8801419734954834
ddqn,123,2329,28658,-10.049999999999999,5,0,1,0.5462483333333333,0.0063698552548885345,-1.2813454866409302
ddqn,123,2330,28667,-10.09,9,0,1,0.5461058333333333,0.00503554823808372,-0.7729511260986328
ddqn,123,2331,28673,-10.06,6,0,1,0.5460108333333333,0.0035807802341878414,-0.952233761548996
ddqn,123,2332,28681,-10.08,8,0,1,0.5458841666666667,0.005392457940615714,-0.7908181846141815
ddqn,123,2333,28692,-10.11,11,0,1,0.54571,0.007369862869381905,-1.1508176724116008
ddqn,123,2334,28697,-10.049999999999999,5,0,1,0.5456308333333333,0.0068573858588933945,-1.3414933681488037
ddqn,123,2335,28730,-10.33,33,0,1,0.5451083333333333,0.004618081933585927,-1.150993973016739
ddqn,123,2336,28737,-10.07,7,0,1,0.5449975,0.004859053296968341,-1.177273452281952
ddqn,123,2337,28747,-10.1,10,0,1,0.5448391666666667,0.0029454766772687435,-0.9190303385257721
ddqn,123,2338,28749,-10.02,2,0,1,0.5448075,0.006819387432187796,-1.5826665163040161
ddqn,123,2339,28759,-10.1,10,0,1,0.5446491666666666,0.0041796964360401034,-1.155853807926178
ddqn,123,2340,28779,-10.2,20,0,1,0.5443325,0.004885578202083707,-1.2812620639801025
ddqn,123,2341,28781,-10.02,2,0,1,0.5443008333333333,0.003278103657066822,-1.034563422203064
ddqn,123,2342,28796,-10.15,15,0,1,0.5440633333333333,0.0044861946371383965,-0.8174594044685364
ddqn,123,2343,28801,-10.049999999999999,5,0,1,0.5439841666666667,0.006049929186701775,-0.8260587453842163
ddqn,123,2344,28817,-10.16,16,0,1,0.5437308333333333,0.0037523811915889382,-0.8711193799972534
ddqn,123,2345,28821,-10.04,4,0,1,0.5436675,0.3116181492805481,-1.6308016777038574
ddqn,123,2346,28841,-10.2,20,0,1,0.5433508333333333,0.003122910251840949,-0.7951901197433472
ddqn,123,2347,28845,-10.04,4,0,1,0.5432875,0.002827651333063841,-1.0181946754455566
ddqn,123,2348,28857,-10.12,12,0,1,0.5430975,0.003955196434011062,-0.9852455457051595
ddqn,123,2349,28872,-10.15,15,0,1,0.54286,0.003762498323339969,-0.9014149010181427
ddqn,123,2350,28874,-10.02,2,0,1,0.5428283333333334,,
ddqn,123,2351,28879,-10.049999999999999,5,0,1,0.5427491666666666,0.004384875297546387,-0.7541977167129517
ddqn,123,2352,28881,-10.02,2,0,1,0.5427175,0.004536104388535023,-0.8948529958724976
ddqn,123,2353,28885,-10.04,4,0,1,0.5426541666666667,0.003387082600966096,-1.5122612714767456
ddqn,123,2354,28887,-10.02,2,0,1,0.5426225,,
ddqn,123,2355,28963,-10.76,76,0,1,0.5414191666666667,0.020248220326673044,-1.2757723551047475
ddqn,123,2356,28983,-10.2,20,0,1,0.5411025,0.006046014837920666,-0.8024125695228577
ddqn,123,2357,28986,-10.03,3,0,1,0.5410550000000001,0.006096640136092901,-1.36818528175354
ddqn,123,2358,28990,-10.04,4,0,1,0.5409916666666666,0.008658969774842262,-1.2362265586853027
ddqn,123,2359,29003,-10.129999999999999,13,0,1,0.5407858333333333,0.004322409008940061,-0.8506062428156534
ddqn,123,2360,29010,-10.07,7,0,1,0.540675,0.00517832487821579,-1.1028694808483124
ddqn,123,2361,29014,-10.04,4,0,1,0.5406116666666667,0.00045930477790534496,-1.1985023021697998
ddqn,123,2362,29021,-10.07,7,0,1,0.5405008333333333,0.002607290167361498,-1.2070593237876892
ddqn,123,2363,29032,-10.11,11,0,1,0.5403266666666666,0.003582890067870418,-1.3953597942988079
ddqn,123,2364,29046,-10.14,14,0,1,0.5401050000000001,0.004113237586958955,-0.8214951952298483
ddqn,123,2365,29055,-10.09,9,0,1,0.5399625,0.0019017189624719322,-0.9080174267292023
ddqn,123,2366,29067,-10.12,12,0,1,0.5397725,0.0017985448551674683,-0.9291227261225382
ddqn,123,2367,29104,-10.37,37,0,1,0.5391866666666667,0.0013235691760201008,-1.1282913446426392
ddqn,123,2368,29111,-10.07,7,0,1,0.5390758333333333,0.0006310261087492108,-1.0426781177520752
ddqn,123,2369,29122,-10.11,11,0,1,0.5389016666666666,0.0016054781541849177,-1.1405237317085266
ddqn,123,2370,29129,-10.07,7,0,1,0.5387908333333333,0.0004912358126603067,-0.8219057023525238
ddqn,123,2371,29140,-10.11,11,0,1,0.5386166666666667,0.0015050301832767825,-0.9697307745615641
ddqn,123,2372,29141,-10.01,1,0,1,0.5386008333333333,,
ddqn,123,2373,29150,-10.09,9,0,1,0.5384583333333334,0.0010739202552940696,-0.8302041590213776
ddqn,123,2374,29173,-10.23,23,0,1,0.5380941666666667,0.001880244744825177,-1.0799500942230225
ddqn,123,2375,29178,-10.049999999999999,5,0,1,0.538015,0.00037604072713293135,-0.7504884004592896
ddqn,123,2376,29183,-10.049999999999999,5,0,1,0.5379358333333333,0.0006280251545831561,-1.2010035514831543
ddqn,123,2377,29190,-10.07,7,0,1,0.537825,0.004474668763577938,-1.2573968172073364
ddqn,123,2378,29194,-10.04,4,0,1,0.5377616666666667,0.0031540007330477238,-1.527455449104309
ddqn,123,2379,29204,-10.1,10,0,1,0.5376033333333333,0.0008329132300180694,-1.410492976506551
ddqn,123,2380,29210,-10.06,6,0,1,0.5375083333333334,0.0020492435432970524,-1.4901838302612305
ddqn,123,2381,29226,-10.16,16,0,1,0.537255,0.0011719519388861954,-1.0520737767219543
ddqn,123,2382,29273,-10.47,47,0,1,0.5365108333333333,0.0008671938897653794,-1.0526424994071324
ddqn,123,2383,29313,-10.4,40,0,1,0.5358775,0.0015169696445809678,-1.0891140937805175
ddqn,123,2384,29319,-10.06,6,0,1,0.5357825,0.0020027151331305504,-1.031919002532959
ddqn,123,2385,29326,-10.07,7,0,1,0.5356716666666667,0.001300763338804245,-0.8809600174427032
ddqn,123,2386,29337,-10.11,11,0,1,0.5354975,0.0008432817994616926,-1.0096723039944966
ddqn,123,2387,29343,-10.06,6,0,1,0.5354025,0.0005323010263964534,-0.9058600664138794
ddqn,123,2388,29373,-10.3,30,0,1,0.5349275,0.0007891523455327842,-1.034335844218731
ddqn,123,2389,29376,-10.03,3,0,1,0.53488,0.0004372482653707266,-0.7548164129257202
ddqn,123,2390,29379,-10.03,3,0,1,0.5348325,,
ddqn,123,2391,29382,-10.03,3,0,1,0.5347850000000001,0.00044746886123903096,-1.5117725133895874
ddqn,123,2392,29385,-10.03,3,0,1,0.5347375,0.0004951090668328106,-1.052213191986084
ddqn,123,2393,29404,-10.19,19,0,1,0.5344366666666667,0.0008200017851777375,-1.0132404088973999
ddqn,123,2394,29410,-10.06,6,0,1,0.5343416666666667,0.0007433711434714496,-0.6045684814453125
ddqn,123,2395,29454,9.56,44,1,0,0.533645,0.00150076260747896,-1.055012814023278
ddqn,123,2396,29462,-10.08,8,0,1,0.5335183333333333,0.0032457452034577727,-1.3028554916381836
ddqn,123,2397,29471,-10.09,9,0,1,0.5333758333333334,0.0014831445878371596,-1.4965258240699768
ddqn,123,2398,29487,-10.16,16,0,1,0.5331224999999999,0.0042451520275790244,-1.2723224461078644
ddqn,123,2399,29492,-10.049999999999999,5,0,1,0.5330433333333333,0.004264343995600939,-1.3140312433242798
ddqn,123,2400,29509,-10.17,17,0,1,0.5327741666666667,0.0031550825806334615,-1.150882288813591
ddqn,123,2401,29527,-10.18,18,0,1,0.5324891666666667,0.002955128511530347,-0.9276153445243835
ddqn,123,2402,29529,-10.02,2,0,1,0.5324575,0.0013793101534247398,-1.218477725982666
ddqn,123,2403,29541,-10.12,12,0,1,0.5322675,0.004640082906310757,-0.9760486284891764
ddqn,123,2404,29557,-10.16,16,0,1,0.5320141666666667,0.08176908000314143,-1.1451565325260162
ddqn,123,2405,29569,-10.12,12,0,1,0.5318241666666667,0.0021901818302770457,-1.4887722730636597
ddqn,123,2406,29580,-10.11,11,0,1,0.53165,0.0005022393888793886,-0.7512694497903188
ddqn,123,2407,29586,-10.06,6,0,1,0.531555,0.003657981287688017,-1.9923181533813477
ddqn,123,2408,29588,-10.02,2,0,1,0.5315233333333333,0.0005597264389507473,-1.2094690799713135
ddqn,123,2409,29592,-10.04,4,0,1,0.53146,0.0006125217187218368,-0.7434740662574768
ddqn,123,2410,29615,-10.23,23,0,1,0.5310958333333333,0.0013250624062493444,-1.2293084740638733
ddqn,123,2411,29652,-10.37,37,0,1,0.53051,0.0042904407862806694,-1.0476870119571686
ddqn,123,2412,29671,-10.19,19,0,1,0.5302091666666666,0.0036426571023184806,-1.2001539021730423
ddqn,123,2413,29694,-10.23,23,0,1,0.529845,0.0008913350902730599,-1.0323536396026611
ddqn,123,2414,29696,-10.02,2,0,1,0.5298133333333334,0.0028787432238459587,-1.3502700328826904
ddqn,123,2415,29703,-10.07,7,0,1,0.5297025,0.0012147915549576283,-1.056678056716919
ddqn,123,2416,29709,-10.06,6,0,1,0.5296075,0.0010373838595114648,-1.138602077960968
ddqn,123,2417,29744,-10.35,35,0,1,0.5290533333333334,0.0010962461528833956,-1.0706115232573614
ddqn,123,2418,29746,-10.02,2,0,1,0.5290216666666667,,
ddqn,123,2419,29755,-10.09,9,0,1,0.5288791666666667,0.15693046830710955,-0.7497934103012085
ddqn,123,2420,29764,-10.09,9,0,1,0.5287366666666666,0.002058069260480503,-1.4542043209075928
ddqn,123,2421,29787,-10.23,23,0,1,0.5283725,0.0018710648291744292,-1.3926286935806274
ddqn,123,2422,29792,-10.049999999999999,5,0,1,0.5282933333333333,0.0009821184066822752,-0.8958592414855957
ddqn,123,2423,29819,-10.27,27,0,1,0.5278658333333334,0.0013567264735077818,-1.1319121817747753
ddqn,123,2424,29827,-10.08,8,0,1,0.5277391666666666,0.00026137886743526906,-0.5216755717992783
ddqn,123,2425,29855,-10.28,28,0,1,0.5272958333333333,0.0018702650101788873,-0.9207597204617092
ddqn,123,2426,29864,-10.09,9,0,1,0.5271533333333334,0.002057366092534115,-1.3761966625849407
ddqn,123,2427,29891,-10.27,27,0,1,0.5267258333333333,0.05269844128876381,-0.9384503960609436
ddqn,123,2428,29901,-10.1,10,0,1,0.5265675000000001,0.001991736857841412,-1.1197089155515034
ddqn,123,2429,29910,-10.09,9,0,1,0.526425,0.0016724485903978348,-0.665704071521759
ddqn,123,2430,29923,-10.129999999999999,13,0,1,0.5262191666666667,0.0025220833388933292,-1.3514959414800007
ddqn,123,2431,29934,-10.11,11,0,1,0.526045,0.0011925120488740504,-1.0191574692726135
ddqn,123,2432,29945,-10.11,11,0,1,0.5258708333333333,0.0015446403995156288,-0.9943198959032694
ddqn,123,2433,29990,-10.45,45,0,1,0.5251583333333334,0.0011966923828533088,-1.0557893785563381
ddqn,123,2434,30007,-10.17,17,0,1,0.5248891666666666,0.0018324379925616086,-1.0997519493103027
ddqn,123,2435,30040,-10.33,33,0,1,0.5243666666666666,0.0009086111644541638,-1.072729037867652
ddqn,123,2436,30042,-10.02,2,0,1,0.524335,,
ddqn,123,2437,30046,-10.04,4,0,1,0.5242716666666667,0.0002703768259380013,-0.6123757362365723
ddqn,123,2438,30054,-10.08,8,0,1,0.5241450000000001,0.0003707040013978258,-0.8345163464546204
ddqn,123,2439,30060,-10.06,6,0,1,0.52405,0.0007726126641500741,-0.8996127247810364
ddqn,123,2440,30083,-10.23,23,0,1,0.5236858333333334,0.0004710983659606427,-0.9653803586959839
ddqn,123,2441,30142,-10.59,59,0,1,0.5227516666666667,0.0005095351225463673,-1.049774408340454
ddqn,123,2442,30143,-10.01,1,0,1,0.5227358333333334,,
ddqn,123,2443,30145,-10.02,2,0,1,0.5227041666666667,0.00041787404916249216,-0.7456802129745483
ddqn,123,2444,30153,-10.08,8,0,1,0.5225774999999999,0.000849978910991922,-0.8926102221012115
ddqn,123,2445,30196,-10.43,43,0,1,0.5218966666666667,0.030396196075757456,-1.3221949555657126
ddqn,123,2446,30204,-10.08,8,0,1,0.5217700000000001,0.1544853487284854,-1.2066599130630493
ddqn,123,2447,30251,-10.47,47,0,1,0.5210258333333333,0.002703363784927536,-1.094056096943942
ddqn,123,2448,30258,-10.07,7,0,1,0.520915,0.0018876510148402303,-0.9233498871326447
ddqn,123,2449,30261,-10.03,3,0,1,0.5208675,0.003839333076030016,-1.0864429473876953
ddqn,123,2450,30267,-10.06,6,0,1,0.5207725000000001,0.0024843858554959297,-1.0820281505584717
ddqn,123,2451,30287,-10.2,20,0,1,0.5204558333333333,0.001523105683736503,-1.1355988025665282
ddqn,123,2452,30294,-10.07,7,0,1,0.5203450000000001,0.0006569771794602275,-0.8342699408531189
ddqn,123,2453,30296,-10.02,2,0,1,0.5203133333333334,0.001561510725878179,-1.5306671857833862
ddqn,123,2454,30299,-10.03,3,0,1,0.5202658333333334,,
ddqn,123,2455,30300,-10.01,1,0,1,0.5202500000000001,0.0011855127522721887,-0.6133322715759277
ddqn,123,2456,30304,-10.04,4,0,1,0.5201866666666667,0.0004944073152728379,-1.0543060302734375
ddqn,123,2457,30334,-10.3,30,0,1,0.5197116666666666,0.0012160528110273714,-1.1045432601656233
ddqn,123,2458,30343,-10.09,9,0,1,0.5195691666666666,0.0006145615770947188,-0.8281186819076538
ddqn,123,2459,30349,-10.06,6,0,1,0.5194741666666667,0.003048844402655959,-0.9653258919715881
ddqn,123,2460,30379,-10.3,30,0,1,0.5189991666666667,0.0009011747024487704,-0.9564756410462516
ddqn,123,2461,30381,-10.02,2,0,1,0.5189675,0.0022398398723453283,-0.7407426834106445
ddqn,123,2462,30387,-10.06,6,0,1,0.5188725000000001,0.00162445567548275,-0.8903524279594421
ddqn,123,2463,30392,-10.049999999999999,5,0,1,0.5187933333333334,0.001339182024821639,-0.9746687114238739
ddqn,123,2464,30397,-10.049999999999999,5,0,1,0.5187141666666666,0.00015128368977457285,-0.7555527687072754
ddqn,123,2465,30415,-10.18,18,0,1,0.5184291666666667,0.0012953029727214016,-1.0328976213932037
ddqn,123,2466,30418,-10.03,3,0,1,0.5183816666666667,0.00016795462579466403,-0.44995683431625366
ddqn,123,2467,30423,-10.049999999999999,5,0,1,0.5183025,0.0008827436249703169,-0.7437418699264526
ddqn,123,2468,30428,-10.049999999999999,5,0,1,0.5182233333333334,0.002257895772345364,-1.1910452246665955
ddqn,123,2469,30439,-10.11,11,0,1,0.5180491666666667,0.0003027325583389029,-0.6873439848423004
ddqn,123,2470,30458,-10.19,19,0,1,0.5177483333333333,0.0021776103181764483,-1.334282922744751
ddqn,123,2471,30460,-10.02,2,0,1,0.5177166666666666,0.0025206967256963253,-1.3360257148742676
ddqn,123,2472,30470,-10.1,10,0,1,0.5175583333333333,0.00041651204810477793,-0.8296040296554565
ddqn,123,2473,30484,-10.14,14,0,1,0.5173366666666667,0.001810181769542396,-1.0739621669054031
ddqn,123,2474,30487,-10.03,3,0,1,0.5172891666666667,,
ddqn,123,2475,30527,-10.4,40,0,1,0.5166558333333333,0.002762246452039108,-0.95411217212677
ddqn,123,2476,30530,-10.03,3,0,1,0.5166083333333333,0.0030217894818633795,-0.881392240524292
ddqn,123,2477,30540,-10.1,10,0,1,0.5164500000000001,0.0032634916715323925,-1.0843737920125325
ddqn,123,2478,30593,-10.53,53,0,1,0.5156108333333334,0.04808584118347006,-1.0489870447378893
ddqn,123,2479,30604,-10.11,11,0,1,0.5154366666666668,0.0010452411758402984,-1.3082385063171387
ddqn,123,2480,30613,-10.09,9,0,1,0.5152941666666667,0.0010913012956734747,-0.9047077000141144
ddqn,123,2481,30624,-10.11,11,0,1,0.51512,0.0011653152832877822,-0.703031082948049
ddqn,123,2482,30629,-10.049999999999999,5,0,1,0.5150408333333334,0.0014687504153698683,-1.2140041589736938
ddqn,123,2483,30667,-10.38,38,0,1,0.5144391666666667,0.0006980829073452494,-0.9256552987628512
ddqn,123,2484,30676,-10.09,9,0,1,0.5142966666666667,0.0007460558748183151,-1.0608016848564148
ddqn,123,2485,30678,-10.02,2,0,1,0.514265,,
ddqn,123,2486,30692,-10.14,14,0,1,0.5140433333333334,0.0005212562937231269,-1.0553293079137802
ddqn,123,2487,30695,-10.03,3,0,1,0.5139958333333334,,
ddqn,123,2488,30705,-10.1,10,0,1,0.5138375,0.0007082449010340497,-1.1208058993021648
ddqn,123,2489,30710,-10.049999999999999,5,0,1,0.5137583333333333,0.00014461035607382655,-0.7513864040374756
ddqn,123,2490,30728,-10.18,18,0,1,0.5134733333333333,0.061399420532688966,-1.105320191383362
ddqn,123,2491,30757,-10.29,29,0,1,0.5130141666666667,0.0017192410970372812,-1.1477525574820382
ddqn,123,2492,30763,-10.06,6,0,1,0.5129191666666666,0.0007076581241562963,-0.9021338224411011
ddqn,123,2493,30799,-10.36,36,0,1,0.5123491666666666,0.001484676296564026,-1.1600398553742304
ddqn,123,2494,30828,-10.29,29,0,1,0.51189,0.004313297089538537,-1.3084710091352463
ddqn,123,2495,30855,-10.27,27,0,1,0.5114625,0.004590468495734967,-0.9273302853107452
ddqn,123,2496,30877,-10.22,22,0,1,0.5111141666666668,0.0049499962575888885,-1.1532607277234395
ddqn,123,2497,30885,-10.08,8,0,1,0.5109874999999999,0.010169458924792707,-0.7938043773174286
ddqn,123,2498,30886,-10.01,1,0,1,0.5109716666666666,,
ddqn,123,2499,30928,-10.42,42,0,1,0.5103066666666667,0.007673722670667551,-1.221807523207231
ddqn,123,2500,30933,-10.049999999999999,5,0,1,0.5102275000000001,0.008598589338362217,-0.7916768789291382
ddqn,123,2501,30945,-10.12,12,0,1,0.5100374999999999,0.004533619309465091,-0.9741361538569132
ddqn,123,2502,30949,-10.04,4,0,1,0.5099741666666666,0.010513603687286377,-1.1663436889648438
ddqn,123,2503,30952,-10.03,3,0,1,0.5099266666666666,0.005333990789949894,-1.177899718284607
ddqn,123,2504,30978,-10.26,26,0,1,0.509515,0.00282460879922534,-1.4960265159606934
ddqn,123,2505,30983,-10.049999999999999,5,0,1,0.5094358333333333,0.0012925846967846155,-1.1994106769561768
ddqn,123,2506,30998,-10.15,15,0,1,0.5091983333333333,0.002011230229982175,-1.0655774772167206
ddqn,123,2507,31023,-10.25,25,0,1,0.5088025,0.0010698053326147299,-1.0796870986620586
ddqn,123,2508,31036,-10.129999999999999,13,0,1,0.5085966666666667,0.0006463633872044738,-1.0653243660926819
ddqn,123,2509,31038,-10.02,2,0,1,0.508565,,
ddqn,123,2510,31083,-10.45,45,0,1,0.5078525,0.0274513694669374,-1.1110284328460693
ddqn,123,2511,31090,-10.07,7,0,1,0.5077416666666668,0.00047113961772993207,-1.3547524809837341
ddqn,123,2512,31113,-10.23,23,0,1,0.5073775,0.0007956311504434174,-1.156640852491061
ddqn,123,2513,31157,-10.44,44,0,1,0.5066808333333334,0.0006503289015117017,-1.1598324450579556
ddqn,123,2514,31185,-10.28,28,0,1,0.5062375,0.0005386319129943981,-1.0329495412962777
ddqn,123,2515,31233,-10.48,48,0,1,0.5054775,0.0005157732230145484,-1.241840774814288
ddqn,123,2516,31240,-10.07,7,0,1,0.5053666666666666,0.0007101003720890731,-1.1245483756065369
ddqn,123,2517,31244,-10.04,4,0,1,0.5053033333333333,0.001384339528158307,-1.3397126197814941
ddqn,123,2518,31247,-10.03,3,0,1,0.5052558333333332,,
ddqn,123,2519,31250,-10.03,3,0,1,0.5052083333333333,0.0006071343668736517,-1.3487828969955444
ddqn,123,2520,31264,-10.14,14,0,1,0.5049866666666667,0.00090683523012558,-1.1438833177089691
ddqn,123,2521,31283,-10.19,19,0,1,0.5046858333333334,0.001236669995705597,-1.271843045949936
ddqn,123,2522,31295,-10.12,12,0,1,0.5044958333333334,0.0007972731449020406,-1.2201239267985027
ddqn,123,2523,31302,-10.07,7,0,1,0.504385,0.0007373179250862449,-1.3660879731178284
ddqn,123,2524,31305,-10.03,3,0,1,0.5043375,0.0006568554090335965,-1.6505502462387085
ddqn,123,2525,31318,-10.129999999999999,13,0,1,0.5041316666666666,0.0005756294801055143,-0.9968747099240621
ddqn,123,2526,31332,-10.14,14,0,1,0.5039100000000001,0.0007099194772308692,-1.2147581577301025
ddqn,123,2527,31379,-10.47,47,0,1,0.5031658333333333,0.0007669300116090612,-1.0562570907852866
ddqn,123,2528,31430,-10.51,51,0,1,0.5023583333333332,0.0007462876797385084,-1.1654721452639654
ddqn,123,2529,31433,-10.03,3,0,1,0.5023108333333333,0.0008780495845712721,-0.5924772620201111
ddqn,123,2530,31438,-10.049999999999999,5,0,1,0.5022316666666666,0.0018031513318419456,-1.1889684200286865
ddqn,123,2531,31440,-10.02,2,0,1,0.5022,0.000516059750225395,-1.0559284687042236
ddqn,123,2532,31476,-10.36,36,0,1,0.50163,0.00038070892009677156,-1.2126683857705858
ddqn,123,2533,31486,-10.1,10,0,1,0.5014716666666666,0.00018500348960515112,-1.1372647881507874
ddqn,123,2534,31492,-10.06,6,0,1,0.5013766666666666,0.0007271327485796064,-1.1347036957740784
ddqn,123,2535,31494,-10.02,2,0,1,0.5013449999999999,,
ddqn,123,2536,31521,-10.27,27,0,1,0.5009175,0.04249680864242172,-1.1396023971693856
ddqn,123,2537,31525,-10.04,4,0,1,0.5008541666666667,0.000512964092195034,-1.3594197034835815
ddqn,123,2538,31534,-10.09,9,0,1,0.5007116666666667,0.00031293092615669593,-0.755812793970108
ddqn,123,2539,31558,-10.24,24,0,1,0.5003316666666666,0.0004942158557241783,-1.08293550213178
ddqn,123,2540,31577,-10.19,19,0,1,0.5000308333333334,0.05746676691342145,-0.8871248364448547
ddqn,123,2541,31586,-10.09,9,0,1,0.4998883333333334,0.00046160276542650536,-0.9128715693950653
ddqn,123,2542,31612,-10.26,26,0,1,0.4994766666666667,0.0032728416179972036,-1.100876808166504
ddqn,123,2543,31630,-10.18,18,0,1,0.4991916666666667,0.08098760861321352,-1.1572555303573608
ddqn,123,2544,31654,-10.24,24,0,1,0.49881166666666676,0.048564915696867196,-1.094259798526764
ddqn,123,2545,31674,-10.2,20,0,1,0.498495,0.0011144851829158141,-1.055768358707428
ddqn,123,2546,31696,-10.22,22,0,1,0.49814666666666674,0.0005616980003348241,-1.0874246060848236
ddqn,123,2547,31698,-10.02,2,0,1,0.4981150000000001,,
ddqn,123,2548,31725,-10.27,27,0,1,0.49768749999999995,0.0011460696155804076,-1.2104762622288294
ddqn,123,2549,31730,-10.049999999999999,5,0,1,0.4976083333333333,0.0005672488478012383,-1.2081902027130127
ddqn,123,2550,31733,-10.03,3,0,1,0.49756083333333334,0.00442170025780797,-1.4993782043457031
ddqn,123,2551,31751,-10.18,18,0,1,0.49727583333333336,0.0018121201064786874,-1.1707432270050049
ddqn,123,2552,31756,-10.049999999999999,5,0,1,0.49719666666666673,0.002083632833091542,-1.0663226246833801
ddqn,123,2553,31759,-10.03,3,0,1,0.49714916666666675,,
ddqn,123,2554,31769,-10.1,10,0,1,0.4969908333333334,0.0017372826114296913,-1.150605062643687
ddqn,123,2555,31804,-10.35,35,0,1,0.49643666666666664,0.0009641917939815256,-1.2958827283647325
ddqn,123,2556,31809,-10.049999999999999,5,0,1,0.4963575,0.00015000789426267147,-0.9106200933456421
ddqn,123,2557,31822,-10.129999999999999,13,0,1,0.49615166666666666,0.0009743602519544462,-0.9625584284464518
ddqn,123,2558,31826,-10.04,4,0,1,0.49608833333333335,0.000904259504750371,-0.7578075528144836
ddqn,123,2559,31849,-10.23,23,0,1,0.49572416666666663,0.0024792410355682173,-1.2524122595787048
ddqn,123,2560,31871,-10.22,22,0,1,0.49537583333333335,0.0007690652186283842,-0.764306640625
ddqn,123,2561,31873,-10.02,2,0,1,0.4953441666666667,0.0001532725291326642,-0.45593783259391785
ddqn,123,2562,31921,-10.48,48,0,1,0.4945841666666667,0.002535634436450588,-1.2209218343098958
ddqn,123,2563,31936,-10.15,15,0,1,0.4943466666666667,0.001731341028062161,-1.185080036520958
ddqn,123,2564,31947,-10.11,11,0,1,0.4941725,0.00039150295924628153,-0.9155849814414978
ddqn,123,2565,31953,-10.06,6,0,1,0.49407750000000006,0.000473404215881601,-1.143042266368866
ddqn,123,2566,31956,-10.03,3,0,1,0.4940300000000001,0.00026992394123226404,-0.7604922652244568
ddqn,123,2567,32005,-10.49,49,0,1,0.49325416666666666,0.00047574903510394506,-1.006253535548846
ddqn,123,2568,32014,-10.09,9,0,1,0.4931116666666667,0.0002932834322564304,-1.2208089232444763
ddqn,123,2569,32025,-10.11,11,0,1,0.49293750000000003,0.0005519081508585563,-1.2274178465207417
ddqn,123,2570,32028,-10.03,3,0,1,0.49288999999999994,0.0003751990443561226,-0.9205198287963867
ddqn,123,2571,32031,-10.03,3,0,1,0.49284249999999996,,
ddqn,123,2572,32032,-10.01,1,0,1,0.49282666666666664,0.00047297001583501697,-0.6144710779190063
ddqn,123,2573,32071,-10.39,39,0,1,0.4922091666666667,0.000748823086420695,-1.1584031449423895
ddqn,123,2574,32082,-10.11,11,0,1,0.4920350000000001,0.0008718262736996015,-1.2347780466079712
ddqn,123,2575,32111,-10.29,29,0,1,0.4915758333333333,0.0003362909940603588,-0.7798228689602443
ddqn,123,2576,32112,-10.01,1,0,1,0.49156,0.0009669960127212107,-1.080889105796814
ddqn,123,2577,32139,-10.27,27,0,1,0.4911325000000001,0.0005028190886757026,-1.1317112644513447
ddqn,123,2578,32140,-10.01,1,0,1,0.49111666666666676,0.00012395104567985982,-0.7726898193359375
ddqn,123,2579,32168,-10.28,28,0,1,0.4906733333333333,0.0005668417392631195,-0.9620998331478664
ddqn,123,2580,32170,-10.02,2,0,1,0.49064166666666664,,
ddqn,123,2581,32176,-10.06,6,0,1,0.4905466666666667,0.0007158341759350151,-1.1439754366874695
ddqn,123,2582,32190,-10.14,14,0,1,0.490325,0.0004663624082847188,-0.914880116780599
ddqn,123,2583,32228,-10.38,38,0,1,0.4897233333333333,0.0004562927584629506,-1.2891680538654327
ddqn,123,2584,32239,-10.11,11,0,1,0.4895491666666667,0.0008598673157393932,-1.2150352597236633
ddqn,123,2585,32261,-10.22,22,0,1,0.4892008333333334,0.0005313266107502083,-1.3512450754642487
ddqn,123,2586,32263,-10.02,2,0,1,0.48916916666666677,,
ddqn,123,2587,32317,-10.54,54,0,1,0.4883141666666667,0.022355602209115335,-1.0384177352700914
ddqn,123,2588,32329,-10.12,12,0,1,0.4881241666666667,0.0013469584130992491,-1.3389599720637004
ddqn,123,2589,32340,-10.11,11,0,1,0.48795,0.0026781607108811536,-1.5609748760859172
ddqn,123,2590,32343,-10.03,3,0,1,0.4879025,,
ddqn,123,2591,32350,-10.07,7,0,1,0.4877916666666666,0.003934178268536925,-1.251387745141983
ddqn,123,2592,32362,-10.12,12,0,1,0.4876016666666667,0.0006751558976247907,-0.908009946346283
ddqn,123,2593,32365,-10.03,3,0,1,0.48755416666666673,0.002108068438246846,-1.0495734214782715
ddqn,123,2594,32378,-10.129999999999999,13,0,1,0.4873483333333334,0.0014289833488874137,-1.2304133375485737
ddqn,123,2595,32442,-10.64,64,0,1,0.4863350000000001,0.001045196688210126,-1.025646347552538
ddqn,123,2596,32449,-10.07,7,0,1,0.4862241666666668,0.0005373261228669435,-1.1514922380447388
ddqn,123,2597,32460,-10.11,11,0,1,0.48605,0.0010493471830462415,-1.225719928741455
ddqn,123,2598,32487,-10.27,27,0,1,0.48562250000000007,0.0004534611750083665,-1.0461413164933522
ddqn,123,2599,32505,-10.18,18,0,1,0.4853375000000001,0.0009084219578653574,-1.1696068167686462
ddqn,123,2600,32515,-10.1,10,0,1,0.4851791666666666,0.0003928235819330439,-0.8513410091400146
ddqn,123,2601,32576,-10.61,61,0,1,0.4842133333333333,0.0006667731927336717,-1.0655003767460585
ddqn,123,2602,32581,-10.049999999999999,5,0,1,0.48413416666666664,0.0003381588030606508,-1.2214148044586182
ddqn,123,2603,32593,-10.12,12,0,1,0.48394416666666673,0.0006961480539757758,-1.3169740438461304
ddqn,123,2604,32605,-10.12,12,0,1,0.4837541666666667,0.0004221037282453229,-0.9806687434514364
ddqn,123,2605,32626,-10.209999999999999,21,0,1,0.48342166666666675,0.00034440917952451857,-1.0436562061309815
ddqn,123,2606,32640,-10.14,14,0,1,0.48319999999999996,0.0005246180153335445,-0.9262355715036392
ddqn,123,2607,32721,-10.81,81,0,1,0.4819175,0.0006661992461886257,-1.0525754868984223
ddqn,123,2608,32764,-10.43,43,0,1,0.48123666666666665,0.0006260722776377489,-1.0585673397237605
ddqn,123,2609,32767,-10.03,3,0,1,0.48118916666666667,,
ddqn,123,2610,32772,-10.049999999999999,5,0,1,0.48111000000000004,0.0009439372224733233,-1.240095615386963
ddqn,123,2611,32779,-10.07,7,0,1,0.48099916666666664,0.00030110549414530396,-0.6290358901023865
ddqn,123,2612,32796,-10.17,17,0,1,0.4807300000000001,0.00042869684693869203,-0.9494344234466553
ddqn,123,2613,32799,-10.03,3,0,1,0.4806825,,
ddqn,123,2614,32825,-10.26,26,0,1,0.4802708333333333,0.0004597614627398018,-1.1812914865357536
ddqn,123,2615,32831,-10.06,6,0,1,0.48017583333333336,0.0002690195105969906,-1.5312747955322266
ddqn,123,2616,32835,-10.04,4,0,1,0.48011250000000005,0.3090451955795288,-1.6994487047195435
ddqn,123,2617,32842,-10.07,7,0,1,0.48000166666666666,0.0015272420714609325,-1.5153022408485413
ddqn,123,2618,32884,-10.42,42,0,1,0.47933666666666663,0.0008999415242049673,-1.0466821572997353
ddqn,123,2619,32892,-10.08,8,0,1,0.47921,0.0010965410765493289,-1.0133259892463684
ddqn,123,2620,32928,-10.36,36,0,1,0.47864000000000007,0.0006530716168021576,-0.8882570531633165
ddqn,123,2621,32946,-10.18,18,0,1,0.478355,0.00024982196919154376,-0.9271232485771179
ddqn,123,2622,32949,-10.03,3,0,1,0.4783075,0.002033997792750597,-0.9080473184585571
ddqn,123,2623,32965,-10.16,16,0,1,0.47805416666666667,0.0002866152208298445,-0.9222675561904907
ddqn,123,2624,32976,-10.11,11,0,1,0.4778800000000001,0.0005185348563827574,-1.1277477741241455
ddqn,123,2625,32983,-10.07,7,0,1,0.4777691666666667,0.000202476279810071,-0.6181561946868896
ddqn,123,2626,33003,-10.2,20,0,1,0.47745249999999995,0.0006268582161283121,-1.014837622642517
ddqn,123,2627,33079,-10.76,76,0,1,0.4762491666666667,0.0005475557087552979,-1.0625608657535754
ddqn,123,2628,33132,-10.53,53,0,1,0.47541,0.0005076843486416952,-1.1020950675010681
ddqn,123,2629,33150,-10.18,18,0,1,0.475125,0.00038926694105612114,-1.2321712523698807
ddqn,123,2630,33153,-10.03,3,0,1,0.47507750000000004,0.00023460279044229537,-0.7745445966720581
ddqn,123,2631,33197,-10.44,44,0,1,0.47438083333333336,0.0006453546322353014,-1.2327629273588008
ddqn,123,2632,33199,-10.02,2,0,1,0.4743491666666667,,
ddqn,123,2633,33210,-10.11,11,0,1,0.474175,0.0006324028023906673,-1.474059780438741
ddqn,123,2634,33241,-10.31,31,0,1,0.4736841666666667,0.0004652693733078195,-1.0060967430472374
ddqn,123,2635,33250,-10.09,9,0,1,0.47354166666666664,0.00046910349919926375,-1.0054316818714142
ddqn,123,2636,33293,-10.43,43,0,1,0.4728608333333334,0.0005501977720996365,-1.1074267409064553
ddqn,123,2637,33306,-10.129999999999999,13,0,1,0.47265499999999994,0.00023318810175017765,-1.079783042271932
ddqn,123,2638,33334,-10.28,28,0,1,0.4722116666666667,0.000483732924164672,-1.3204587016786848
ddqn,123,2639,33354,-10.2,20,0,1,0.47189500000000006,0.00021076134289614855,-0.6204950094223023
ddqn,123,2640,33359,-10.049999999999999,5,0,1,0.4718158333333333,0.0001406090013915673,-0.6183077692985535
ddqn,123,2641,33394,-10.35,35,0,1,0.4712616666666667,0.0003129803679055638,-1.3027367459403143
ddqn,123,2642,33399,-10.049999999999999,5,0,1,0.47118250000000006,7.884280057623982e-05,-0.6249340772628784
ddqn,123,2643,33441,-10.42,42,0,1,0.47051750000000003,0.0003178992106272331,-0.8607882505113428
ddqn,123,2644,33516,-10.75,75,0,1,0.46933,0.0002641706450958736,-1.087857695002305
ddqn,123,2645,33517,-10.01,1,0,1,0.4693141666666667,,
ddqn,123,2646,33547,-10.3,30,0,1,0.4688391666666667,0.0003704960867513104,-0.9283052512577602
ddqn,123,2647,33557,-10.1,10,0,1,0.4686808333333333,0.0007519847519385318,-1.0004226664702098
ddqn,123,2648,33597,-10.4,40,0,1,0.46804750000000006,0.0006463098223321139,-0.8805889636278152
ddqn,123,2649,33607,-10.1,10,0,1,0.4678891666666667,0.00028167166601633653,-1.0036298632621765
ddqn,123,2650,33608,-10.01,1,0,1,0.46787333333333336,0.00019719358533620834,-1.0943043231964111
ddqn,123,2651,33674,-10.66,66,0,1,0.4668283333333333,0.0003259313034504885,-1.1310505457222462
ddqn,123,2652,33704,-10.3,30,0,1,0.4663533333333334,0.00040506329060008284,-1.1942943781614304
ddqn,123,2653,33710,-10.06,6,0,1,0.46625833333333344,0.0002515340456739068,-0.7756651043891907
ddqn,123,2654,33752,-10.42,42,0,1,0.4655933333333334,0.0004504570811563595,-0.9142100404609333
ddqn,123,2655,33789,-10.37,37,0,1,0.4650075,0.00028025600800497667,-1.131961339049869
ddqn,123,2656,33800,-10.11,11,0,1,0.4648333333333333,0.0002740819424313183,-1.4862406253814697
ddqn,123,2657,33839,-10.39,39,0,1,0.4642158333333334,0.00027513332073188695,-1.1969475944836934
ddqn,123,2658,33847,-10.08,8,0,1,0.46408916666666666,0.0001283064702874981,-0.9306671023368835
ddqn,123,2659,33919,-10.72,72,0,1,0.46294916666666663,0.03696748337420609,-1.0345940656132169
ddqn,123,2660,33924,-10.049999999999999,5,0,1,0.46287,0.0039422091213054955,-1.2162670493125916
ddqn,123,2661,33959,-10.35,35,0,1,0.46231583333333337,0.01413245059302426,-0.9983390271663666
ddqn,123,2662,34010,-10.51,51,0,1,0.4615083333333334,0.030972541847194616,-1.1218666021640484
ddqn,123,2663,34039,-10.29,29,0,1,0.4610491666666666,0.028321294912270138,-1.079098982470376
ddqn,123,2664,34045,-10.06,6,0,1,0.46095416666666666,0.026742724352516234,-0.9945411682128906
ddqn,123,2665,34051,-10.06,6,0,1,0.4608591666666667,0.17035332322120667,-1.2607966661453247
ddqn,123,2666,34067,-10.16,16,0,1,0.4606058333333334,0.03089095000177622,-1.2132804095745087
ddqn,123,2667,34086,-10.19,19,0,1,0.46030499999999996,0.007093105418607593,-1.0923140048980713
ddqn,123,2668,34090,-10.04,4,0,1,0.46024166666666666,0.007807343732565641,-1.059720754623413
ddqn,123,2669,34091,-10.01,1,0,1,0.46022583333333333,,
ddqn,123,2670,34093,-10.02,2,0,1,0.4601941666666667,0.006547344848513603,-1.3976643085479736
ddqn,123,2671,34095,-10.02,2,0,1,0.46016250000000003,,
ddqn,123,2672,34149,-10.54,54,0,1,0.4593075,0.004264061713391649,-0.9902170704943793
ddqn,123,2673,34171,-10.22,22,0,1,0.4589591666666667,0.005768865859135985,-1.0856665432453156
ddqn,123,2674,34182,-10.11,11,0,1,0.458785,0.00187796721002087,-0.92044065395991
ddqn,123,2675,34204,-10.22,22,0,1,0.4584366666666666,0.005578554604047288,-1.084028383096059
ddqn,123,2676,34212,-10.08,8,0,1,0.45831,0.007880419958382845,-1.1126877665519714
ddqn,123,2677,34214,-10.02,2,0,1,0.45827833333333334,,
ddqn,123,2678,34224,-10.1,10,0,1,0.45811999999999997,0.006515919153268139,-1.0657097498575847
ddqn,123,2679,34248,-10.24,24,0,1,0.45774000000000004,0.004940015710114191,-0.8257284561793009
ddqn,123,2680,34263,-10.15,15,0,1,0.45750250000000003,0.004617153822133939,-1.4120011727015178
ddqn,123,2681,34300,-10.37,37,0,1,0.45691666666666675,0.003392578556668013,-0.985057246685028
ddqn,123,2682,34302,-10.02,2,0,1,0.456885,,
ddqn,123,2683,34322,-10.2,20,0,1,0.45656833333333335,0.003163928911089897,-1.177785539627075
ddqn,123,2684,34334,-10.12,12,0,1,0.45637833333333333,0.002471606363542378,-1.1741482416788738
ddqn,123,2685,34395,-10.61,61,0,1,0.4554125,0.022461665227698782,-1.0021598895390829
ddqn,123,2686,34397,-10.02,2,0,1,0.45538083333333335,0.00207160459831357,-1.082484245300293
ddqn,123,2687,34431,-10.34,34,0,1,0.45484250000000004,0.03771838056854904,-1.0021564066410065
ddqn,123,2688,34438,-10.07,7,0,1,0.45473166666666676,0.0016543888486921787,-1.1347149014472961
ddqn,123,2689,34498,-10.6,60,0,1,0.45378166666666675,0.003119233314646408,-1.135169263680776
ddqn,123,2690,34521,-10.23,23,0,1,0.45341750000000003,0.0020360921140915402,-1.051694283882777
ddqn,123,2691,34528,-10.07,7,0,1,0.45330666666666664,0.0030138439033180475,-0.9956360459327698
ddqn,123,2692,34529,-10.01,1,0,1,0.4532908333333333,,
ddqn,123,2693,34546,-10.17,17,0,1,0.45302166666666666,0.0016481299826409668,-1.3562168926000595
ddqn,123,2694,34566,-10.2,20,0,1,0.452705,0.001758303283713758,-1.4146529912948609
ddqn,123,2695,34601,-10.35,35,0,1,0.4521508333333334,0.0013204425405193535,-1.0562016235457525
ddqn,123,2696,34607,-10.06,6,0,1,0.4520558333333333,0.0004326694761402905,-0.6227310299873352
ddqn,123,2697,34628,-10.209999999999999,21,0,1,0.45172333333333325,0.001500091195339337,-1.123100181420644
ddqn,123,2698,34639,-10.11,11,0,1,0.45154916666666667,0.0011786973045673221,-0.9763009548187256
ddqn,123,2699,34702,-10.63,63,0,1,0.4505516666666667,0.0014106695998634677,-1.2156422585248947
ddqn,123,2700,34764,-10.620000000000001,62,0,1,0.44957,0.0016824255862957216,-1.0981503315269947
ddqn,123,2701,34820,-10.56,56,0,1,0.4486833333333333,0.001216974385897629,-1.0447857975959778
ddqn,123,2702,34836,-10.16,16,0,1,0.44843,0.07744563883170485,-0.9867164492607117
ddqn,123,2703,34850,-10.14,14,0,1,0.44820833333333343,0.0026060614424447217,-1.1892622709274292
ddqn,123,2704,34877,-10.27,27,0,1,0.4477808333333333,0.0026788684938635144,-1.0377313579831804
ddqn,123,2705,34885,-10.08,8,0,1,0.4476541666666667,0.0012919168220832944,-1.0289480090141296
ddqn,123,2706,34933,-10.48,48,0,1,0.4468941666666666,0.001597103141345239,-1.1140591303507488
ddqn,123,2707,34957,-10.24,24,0,1,0.44651416666666666,0.0012229019775986671,-1.0678664247194927
ddqn,123,2708,34963,-10.06,6,0,1,0.4464191666666667,0.0014560023555532098,-1.1945607662200928
ddqn,123,2709,35040,-10.77,77,0,1,0.44520000000000004,0.0009600205128663219,-0.977873969078064
ddqn,123,2710,35051,-10.11,11,0,1,0.44502583333333334,0.00048451783368363976,-0.5377716422080994
ddqn,123,2711,35084,-10.33,33,0,1,0.44450333333333336,0.0006758457974582496,-1.0431881613201566
ddqn,123,2712,35091,-10.07,7,0,1,0.4443925000000001,0.0003156619204673916,-0.6053066253662109
ddqn,123,2713,35104,-10.129999999999999,13,0,1,0.44418666666666673,0.00048698217142373323,-0.9169934093952179
ddqn,123,2714,35143,-10.39,39,0,1,0.4435691666666667,0.0004684454680601549,-0.9184698959191641
ddqn,123,2715,35145,-10.02,2,0,1,0.44353750000000003,0.0005172486416995525,-1.2181644439697266
ddqn,123,2716,35222,-10.77,77,0,1,0.44231833333333337,0.016412947469354167,-0.9880139827728271
ddqn,123,2717,35226,-10.04,4,0,1,0.44225500000000006,0.000903479871340096,-1.2272226810455322
ddqn,123,2718,35257,-10.31,31,0,1,0.44176416666666674,0.0009575868789397646,-1.0366484448313713
ddqn,123,2719,35264,-10.07,7,0,1,0.44165333333333334,0.0013973242021165788,-1.4347805976867676
ddqn,123,2720,35340,-10.76,76,0,1,0.44045,0.0008790411015261748,-0.9801692115633112
ddqn,123,2721,35342,-10.02,2,0,1,0.44041833333333336,,
ddqn,123,2722,35349,-10.07,7,0,1,0.4403075000000001,0.0016640094545437023,-1.0749863982200623
ddqn,123,2723,35368,-10.19,19,0,1,0.44000666666666666,0.0010079731524456292,-0.9299204528331757
ddqn,123,2724,35375,-10.07,7,0,1,0.4398958333333334,0.00015739569789730012,-0.4599122405052185
ddqn,123,2725,35404,-10.29,29,0,1,0.4394366666666667,0.001303715613175882,-1.2517434805631638
ddqn,123,2726,35430,-10.26,26,0,1,0.439025,0.0007246667228173465,-0.9073473413785299
ddqn,123,2727,35455,-10.25,25,0,1,0.43862916666666674,0.0003907746455903786,-0.8334742784500122
ddqn,123,2728,35486,-10.31,31,0,1,0.4381383333333333,0.07753594176392653,-1.2416186407208443
ddqn,123,2729,35497,-10.11,11,0,1,0.4379641666666667,0.002309669682290405,-0.970895012219747
ddqn,123,2730,35502,-10.049999999999999,5,0,1,0.43788499999999997,0.002302944427356124,-1.3730580806732178
ddqn,123,2731,35504,-10.02,2,0,1,0.4378533333333333,0.0029481297824531794,-1.1938161849975586
ddqn,123,2732,35506,-10.02,2,0,1,0.43782166666666666,,
ddqn,123,2733,35511,-10.049999999999999,5,0,1,0.43774250000000003,0.0008763512596487999,-1.2005431652069092
ddqn,123,2734,35528,-10.17,17,0,1,0.4374733333333334,0.00047424405929632487,-0.8448753118515014
ddqn,123,2735,35530,-10.02,2,0,1,0.43744166666666673,,
ddqn,123,2736,35549,-10.19,19,0,1,0.4371408333333333,0.00042221290059387686,-1.0907692193984986
ddqn,123,2737,35566,-10.17,17,0,1,0.43687166666666666,0.0021576345607172698,-1.2206179648637772
ddqn,123,2738,35578,-10.12,12,0,1,0.43668166666666675,0.0008961635564143459,-1.5044167041778564
ddqn,123,2739,35603,-10.25,25,0,1,0.4362858333333334,0.001133168043452315,-1.1604517102241516
ddqn,123,2740,35614,-10.11,11,0,1,0.4361116666666667,0.000656504649668932,-1.1011331776777904
ddqn,123,2741,35663,-10.49,49,0,1,0.43533583333333337,0.04947235314466525,-0.9914273371299108
ddqn,123,2742,35676,-10.129999999999999,13,0,1,0.43513,0.0009298346703872085,-1.172304093837738
ddqn,123,2743,35710,-10.34,34,0,1,0.4345916666666667,0.000588790788242477,-1.0206881016492844
ddqn,123,2744,35712,-10.02,2,0,1,0.43456000000000006,0.000415090995375067,-1.058685064315796
ddqn,123,2745,35755,-10.43,43,0,1,0.4338791666666667,0.0005871510482393205,-1.0153650999069215
ddqn,123,2746,35796,-10.41,41,0,1,0.43323,0.0006504522739719091,-1.1271083842624317
ddqn,123,2747,35803,-10.07,7,0,1,0.4331191666666667,0.0002760050701908767,-1.2110204696655273
ddqn,123,2748,35868,-10.65,65,0,1,0.43209,0.0006668535377898746,-0.9443753992809969
ddqn,123,2749,35880,-10.12,12,0,1,0.43190000000000006,0.0003990323214869325,-0.8060786525408427
ddqn,123,2750,35885,-10.049999999999999,5,0,1,0.43182083333333343,0.00024196255253627896,-0.9116591811180115
ddqn,123,2751,35895,-10.1,10,0,1,0.43166250000000006,0.00022271827037911862,-0.6836692690849304
ddqn,123,2752,35897,-10.02,2,0,1,0.4316308333333334,0.0006273417384363711,-1.2171616554260254
ddqn,123,2753,35910,-10.129999999999999,13,0,1,0.43142499999999995,0.0005384821367139617,-0.9472395380338033
ddqn,123,2754,35937,-10.27,27,0,1,0.43099750000000003,0.0005826375958609528,-1.14879367181233
ddqn,123,2755,35943,-10.06,6,0,1,0.4309025000000001,0.00023618325940333307,-1.061370611190796
ddqn,123,2756,35962,-10.19,19,0,1,0.43060166666666666,0.0005277288029901684,-1.0907167196273804
ddqn,123,2757,35973,-10.11,11,0,1,0.43042749999999996,0.000311505146479855,-0.9535996913909912
ddqn,123,2758,36001,-10.28,28,0,1,0.4299841666666667,0.00036159405135549605,-1.0616777454103743
ddqn,123,2759,36014,-10.129999999999999,13,0,1,0.4297783333333334,0.0001039267275094365,-0.9075267712275187
ddqn,123,2760,36033,-10.19,19,0,1,0.42947749999999996,0.0006307260890025645,-1.0320503830909729
ddqn,123,2761,36035,-10.02,2,0,1,0.4294458333333333,,
ddqn,123,2762,36038,-10.03,3,0,1,0.4293983333333333,0.0007273361552506685,-1.0735656023025513
ddqn,123,2763,36042,-10.04,4,0,1,0.429335,0.0006218771450221539,-1.3752113580703735
ddqn,123,2764,36047,-10.049999999999999,5,0,1,0.4292558333333334,0.00031266530277207494,-0.9105587005615234
ddqn,123,2765,36069,-10.22,22,0,1,0.4289075000000001,0.0007953169867202329,-1.0086395641167958
ddqn,123,2766,36082,-10.129999999999999,13,0,1,0.42870166666666665,0.00033506067605533946,-0.7615679403146108
ddqn,123,2767,36105,-10.23,23,0,1,0.42833750000000004,0.0006528025163182368,-1.3426999747753143
ddqn,123,2768,36119,-10.14,14,0,1,0.42811583333333336,0.0006677333731204271,-0.951126754283905
ddqn,123,2769,36133,-10.14,14,0,1,0.4278941666666667,0.0007091750303516164,-0.9553037732839584
ddqn,123,2770,36135,-10.02,2,0,1,0.42786250000000003,,
ddqn,123,2771,36136,-10.01,1,0,1,0.4278466666666667,0.00021247159747872502,-0.7646287679672241
ddqn,123,2772,36143,-10.07,7,0,1,0.4277358333333333,0.00014378683408722281,-0.7553167939186096
ddqn,123,2773,36151,-10.08,8,0,1,0.4276091666666667,0.0006184503436088562,-0.9721664488315582
ddqn,123,2774,36160,-10.09,9,0,1,0.42746666666666666,0.00028581361402757466,-1.0082393884658813
ddqn,123,2775,36162,-10.02,2,0,1,0.427435,,
ddqn,123,2776,36168,-10.06,6,0,1,0.42734000000000005,0.0003925812343368307,-0.6920319497585297
ddqn,123,2777,36207,-10.39,39,0,1,0.4267225,0.0007021941273706034,-0.9107097188631693
ddqn,123,2778,36218,-10.11,11,0,1,0.4265483333333333,0.0006500117015093565,-1.2690007487932842
ddqn,123,2779,36220,-10.02,2,0,1,0.42651666666666666,0.001001757918857038,-1.0521306991577148
ddqn,123,2780,36230,-10.1,10,0,1,0.4263583333333334,0.0004514717584243044,-0.9836614727973938
ddqn,123,2781,36237,-10.07,7,0,1,0.4262475,0.00047379366878885776,-1.2196171283721924
ddqn,123,2782,36281,-10.44,44,0,1,0.4255508333333333,0.028575051488587633,-0.9926259273832495
ddqn,123,2783,36283,-10.02,2,0,1,0.42551916666666667,,
ddqn,123,2784,36296,-10.129999999999999,13,0,1,0.4253133333333333,0.0004988113578292541,-0.7216534614562988
ddqn,123,2785,36299,-10.03,3,0,1,0.42526583333333334,,
ddqn,123,2786,36318,-10.19,19,0,1,0.42496500000000004,0.0008370951953111216,-1.1186001777648926
ddqn,123,2787,36321,-10.03,3,0,1,0.42491749999999995,6.991242116782814e-05,-0.4524990916252136
ddqn,123,2788,36341,-10.2,20,0,1,0.4246008333333333,0.00067969526280649,-0.9798760831356048
ddqn,123,2789,36362,-10.209999999999999,21,0,1,0.42426833333333336,0.0009182309033349157,-1.2430287599563599
ddqn,123,2790,36398,-10.36,36,0,1,0.4236983333333333,0.0004817721451723224,-0.9940023819605509
ddqn,123,2791,36412,-10.14,14,0,1,0.4234766666666667,0.00035372520142118447,-0.8708368539810181
ddqn,123,2792,36418,-10.06,6,0,1,0.42338166666666666,0.0002999849966727197,-0.7548962831497192
ddqn,123,2793,36427,-10.09,9,0,1,0.4232391666666667,0.0003310068277642131,-0.688303142786026
ddqn,123,2794,36433,-10.06,6,0,1,0.42314416666666677,0.0006310900498647243,-1.220977544784546
ddqn,123,2795,36477,-10.44,44,0,1,0.4224475000000001,0.029592505362498658,-1.058524863286452
ddqn,123,2796,36491,-10.14,14,0,1,0.4222258333333334,0.0009870992362266406,-1.176906943321228
ddqn,123,2797,36497,-10.06,6,0,1,0.42213083333333346,0.000872990844072774,-1.0006197690963745
ddqn,123,2798,36499,-10.02,2,0,1,0.4220991666666667,,
ddqn,123,2799,36501,-10.02,2,0,1,0.42206750000000004,0.0015196781605482101,-1.8009862899780273
ddqn,123,2800,36528,-10.27,27,0,1,0.42164,0.0006724381195713899,-0.9792704837662833
ddqn,123,2801,36532,-10.04,4,0,1,0.4215766666666667,0.00040260961395688355,-0.9146620035171509
ddqn,123,2802,36559,-10.27,27,0,1,0.4211491666666667,0.0006965686237284293,-1.2102753420670826
ddqn,123,2803,36564,-10.049999999999999,5,0,1,0.42106999999999994,0.0004247711331117898,-1.0565729141235352
ddqn,123,2804,36578,-10.14,14,0,1,0.4208483333333334,0.0012285251456584472,-1.1646955808003743
ddqn,123,2805,36584,-10.06,6,0,1,0.4207533333333333,0.00168497150298208,-1.387803554534912
ddqn,123,2806,36591,-10.07,7,0,1,0.42064250000000003,0.0008630603551864624,-1.0530707836151123
ddqn,123,2807,36594,-10.03,3,0,1,0.42059500000000005,0.0009364611469209194,-1.0503851175308228
ddqn,123,2808,36599,-10.049999999999999,5,0,1,0.4205158333333334,0.0011779359774664044,-1.498602032661438
ddqn,123,2809,36616,-10.17,17,0,1,0.42024666666666677,0.06129792515130248,-1.090332841873169
ddqn,123,2810,36633,-10.17,17,0,1,0.4199775,0.0007604994752909988,-1.177194505929947
ddqn,123,2811,36652,-10.19,19,0,1,0.4196766666666667,0.0008120371494442225,-1.1256284952163695
ddqn,123,2812,36658,-10.06,6,0,1,0.41958166666666674,0.00107384636066854,-1.0484541654586792
ddqn,123,2813,36667,-10.09,9,0,1,0.4194391666666667,0.0029678043792955577,-1.063628911972046
ddqn,123,2814,36686,-10.19,19,0,1,0.4191383333333333,0.0028941759432200343,-1.1199634432792664
ddqn,123,2815,36692,-10.06,6,0,1,0.4190433333333333,0.001143172208685428,-1.160494327545166
ddqn,123,2816,36697,-10.049999999999999,5,0,1,0.4189641666666667,0.0012751061003655195,-1.2354470491409302
ddqn,123,2817,36699,-10.02,2,0,1,0.41893250000000004,,
ddqn,123,2818,36720,-10.209999999999999,21,0,1,0.4186000000000001,0.051075702077165865,-1.0193042854468028
ddqn,123,2819,36756,-10.36,36,0,1,0.41803,0.007335927492628495,-1.2657867007785373
ddqn,123,2820,36766,-10.1,10,0,1,0.41787166666666664,0.007413475424982607,-1.0166510343551636
ddqn,123,2821,36779,-10.129999999999999,13,0,1,0.4176658333333334,0.002629961585626006,-0.9494898716608683
ddqn,123,2822,36826,-10.47,47,0,1,0.41692166666666663,0.030872705052994814,-1.0987093945344288
ddqn,123,2823,36829,-10.03,3,0,1,0.41687416666666666,0.004898281767964363,-1.0631150007247925
ddqn,123,2824,36833,-10.04,4,0,1,0.41681083333333335,0.0021366379223763943,-0.48102080821990967
ddqn,123,2825,36840,-10.07,7,0,1,0.41670000000000007,0.01723502785898745,-1.1990671753883362
ddqn,123,2826,36867,-10.27,27,0,1,0.41627249999999993,0.018544187031996746,-0.9323597153027853
ddqn,123,2827,36910,-10.43,43,0,1,0.4155916666666667,0.00962035468017513,-1.1161438876932317
ddqn,123,2828,36914,-10.04,4,0,1,0.4155283333333334,0.007748031057417393,-1.169723391532898
ddqn,123,2829,36965,-10.51,51,0,1,0.4147208333333334,0.005889676829191068,-1.037398452942188
ddqn,123,2830,37002,-10.37,37,0,1,0.41413500000000003,0.0021976836982907522,-1.2288763523101807
ddqn,123,2831,37010,-10.08,8,0,1,0.4140083333333333,0.000481882321764715,-0.828683614730835
ddqn,123,2832,37013,-10.03,3,0,1,0.41396083333333333,0.0004110547306481749,-1.0609538555145264
ddqn,123,2833,37019,-10.06,6,0,1,0.4138658333333334,0.0018181453924626112,-1.0670783519744873
ddqn,123,2834,37026,-10.07,7,0,1,0.4137550000000001,0.001467257214244455,-0.9217144250869751
ddqn,123,2835,37050,-10.24,24,0,1,0.41337499999999994,0.0018545793815671157,-0.7851887345314026
ddqn,123,2836,37066,-10.16,16,0,1,0.4131216666666667,0.0024035520618781447,-1.0733488202095032
ddqn,123,2837,37083,-10.17,17,0,1,0.41285250000000007,0.0016545803810004145,-1.4681875705718994
ddqn,123,2838,37091,-10.08,8,0,1,0.41272583333333335,0.0011507018352858722,-1.1635130941867828
ddqn,123,2839,37111,-10.2,20,0,1,0.4124091666666666,0.0015294955810531974,-1.1824179530143737
ddqn,123,2840,37122,-10.11,11,0,1,0.412235,0.0009967901181274403,-0.8564363916714987
ddqn,123,2841,37128,-10.06,6,0,1,0.41214000000000006,0.0013019596226513386,-1.444102704524994
ddqn,123,2842,37157,-10.29,29,0,1,0.4116808333333334,0.0009780963612554064,-1.0735622985022408
ddqn,123,2843,37182,-10.25,25,0,1,0.411285,0.001811857771826908,-1.2844564119974773
ddqn,123,2844,37206,-10.24,24,0,1,0.4109050000000001,0.001185138865063588,-0.9362202237049738
ddqn,123,2845,37250,-10.44,44,0,1,0.4102083333333334,0.0011205192303433168,-0.8581700297919187
ddqn,123,2846,37331,-10.81,81,0,1,0.40892583333333343,0.016885389667368144,-1.0581335976719857
ddqn,123,2847,37347,-10.16,16,0,1,0.4086725000000001,0.0017372697111568414,-1.037543997168541
ddqn,123,2848,37355,-10.08,8,0,1,0.4085458333333333,0.002919980324804783,-1.2611802220344543
ddqn,123,2849,37390,-10.35,35,0,1,0.40799166666666675,0.001008704165643495,-1.0869137313630846
ddqn,123,2850,37405,-10.15,15,0,1,0.40775416666666675,0.0008162934973370284,-0.9179572314023972
ddqn,123,2851,37409,-10.04,4,0,1,0.40769083333333345,0.0009117103763855994,-1.5216984748840332
ddqn,123,2852,37439,-10.3,30,0,1,0.40721583333333333,0.0006582115228021783,-1.2394049678530012
ddqn,123,2853,37440,-10.01,1,0,1,0.4072,0.000854804995469749,-1.2119159698486328
ddqn,123,2854,37448,-10.08,8,0,1,0.4070733333333334,0.0010979936923831701,-1.434284508228302
ddqn,123,2855,37451,-10.03,3,0,1,0.4070258333333334,,
ddqn,123,2856,37453,-10.02,2,0,1,0.40699416666666677,0.00020011984452139586,-0.9125149250030518
ddqn,123,2857,37457,-10.04,4,0,1,0.40693083333333335,0.0003970157413277775,-1.3737986087799072
ddqn,123,2858,37458,-10.01,1,0,1,0.406915,,
ddqn,123,2859,37508,-10.5,50,0,1,0.4061233333333334,0.0005181114538572729,-1.1015241879683275
ddqn,123,2860,37513,-10.049999999999999,5,0,1,0.40604416666666676,0.00023032096214592457,-0.9131168127059937
ddqn,123,2861,37516,-10.03,3,0,1,0.4059966666666667,0.0007860984187573195,-0.9058316946029663
ddqn,123,2862,37519,-10.03,3,0,1,0.4059491666666667,,
ddqn,123,2863,37521,-10.02,2,0,1,0.40591750000000004,0.0004892349825240672,-1.212239384651184
ddqn,123,2864,37525,-10.04,4,0,1,0.40585416666666674,0.00020431485609151423,-0.6059999465942383
ddqn,123,2865,37535,-10.1,10,0,1,0.40569583333333337,0.0005124233575770631,-1.1471461653709412
ddqn,123,2866,37546,-10.11,11,0,1,0.40552166666666667,0.00014692583257177225,-0.6658475001653036
ddqn,123,2867,37560,-10.14,14,0,1,0.4053,0.0008503601056872867,-1.2550503313541412
ddqn,123,2868,37604,-10.44,44,0,1,0.4046033333333333,0.001681314326230098,-1.062674430283633
ddqn,123,2869,37606,-10.02,2,0,1,0.40457166666666666,,
ddqn,123,2870,37618,-10.12,12,0,1,0.40438166666666664,0.10303708903181057,-0.8050606846809387
ddqn,123,2871,37636,-10.18,18,0,1,0.40409666666666677,0.0005233833217062056,-1.2237637281417846
ddqn,123,2872,37653,-10.17,17,0,1,0.4038275,0.0011828845890704542,-1.213100790977478
ddqn,123,2873,37661,-10.08,8,0,1,0.4037008333333333,0.000190636779734632,-0.6883523464202881
ddqn,123,2874,37706,-10.45,45,0,1,0.4029883333333334,0.0010773568832188505,-0.9676964770663868
ddqn,123,2875,37709,-10.03,3,0,1,0.4029408333333334,0.0006216284818947315,-0.7605500817298889
ddqn,123,2876,37722,-10.129999999999999,13,0,1,0.40273499999999995,0.00022233199464002004,-0.6656663119792938
ddqn,123,2877,37725,-10.03,3,0,1,0.4026875,0.0013556205667555332,-1.3795562982559204
ddqn,123,2878,37727,-10.02,2,0,1,0.4026558333333333,,
ddqn,123,2879,37752,-10.25,25,0,1,0.40226000000000006,0.0005930807383265346,-0.9309097400733403
ddqn,123,2880,37780,-10.28,28,0,1,0.4018166666666667,0.0007844598814179855,-0.9539117642811367
ddqn,123,2881,37795,-10.15,15,0,1,0.4015791666666667,0.0005072302592452615,-0.9728924234708151
ddqn,123,2882,37797,-10.02,2,0,1,0.40154750000000006,0.0019666505977511406,-0.7842290997505188
ddqn,123,2883,37848,-10.51,51,0,1,0.40074,0.0004835326858133507,-0.9353506060747
ddqn,123,2884,37879,-10.31,31,0,1,0.40024916666666677,0.0003993118215086205,-0.9805179068020412
ddqn,123,2885,37895,-10.16,16,0,1,0.39999583333333333,0.00034999704803340137,-0.9082982391119003
ddqn,123,2886,37931,-10.36,36,0,1,0.39942583333333337,0.03291913495922927,-1.051331814792421
ddqn,123,2887,37943,-10.12,12,0,1,0.39923583333333335,0.0017866965014642726,-1.1438004573186238
ddqn,123,2888,37950,-10.07,7,0,1,0.39912500000000006,0.002060269587673247,-1.070112705230713
ddqn,123,2889,37978,-10.28,28,0,1,0.3986816666666667,0.0006697510439802759,-0.7886547020503453
ddqn,123,2890,37992,-10.14,14,0,1,0.39846000000000004,0.0005101951537653804,-1.0675053298473358
ddqn,123,2891,38002,-10.1,10,0,1,0.3983016666666668,0.00043161581561435014,-0.6857505440711975
ddqn,123,2892,38025,-10.23,23,0,1,0.39793749999999994,0.0005301013879943639,-1.1913068493207295
ddqn,123,2893,38059,-10.34,34,0,1,0.39739916666666675,0.0009027320484165102,-0.9891916736960411
ddqn,123,2894,38120,-10.61,61,0,1,0.3964333333333334,0.000977080562734045,-1.0375784449279308
ddqn,123,2895,38149,-10.29,29,0,1,0.3959741666666666,0.045287428689854484,-1.0213461688586645
ddqn,123,2896,38158,-10.09,9,0,1,0.3958316666666667,0.001979104825295508,-0.938755214214325
ddqn,123,2897,38162,-10.04,4,0,1,0.3957683333333334,0.0007451141136698425,-0.7532762289047241
ddqn,123,2898,38175,-10.129999999999999,13,0,1,0.39556250000000004,0.0018464405632888277,-0.8330659866333008
ddqn,123,2899,38200,-10.25,25,0,1,0.39516666666666667,0.0010647643523822939,-1.0118799720491682
ddqn,123,2900,38219,-10.19,19,0,1,0.39486583333333336,0.0008434588526142761,-0.9097104966640472
ddqn,123,2901,38233,-10.14,14,0,1,0.3946441666666667,0.0004735137117677368,-0.9660615921020508
ddqn,123,2902,38242,-10.09,9,0,1,0.39450166666666675,0.0008535667438991368,-0.9336352348327637
ddqn,123,2903,38246,-10.04,4,0,1,0.39443833333333345,0.0005869754822924733,-0.7757222056388855
ddqn,123,2904,38274,-10.28,28,0,1,0.393995,0.0008339139499834605,-1.1464912976537431
ddqn,123,2905,38327,-10.53,53,0,1,0.39315583333333337,0.02301443820649113,-1.1075876355171204
ddqn,123,2906,38416,-10.89,89,0,1,0.3917466666666667,0.0009278440904935175,-0.9972413648729739
ddqn,123,2907,38435,-10.19,19,0,1,0.3914458333333334,0.000716104892489966,-0.7647247612476349
ddqn,123,2908,38451,-10.16,16,0,1,0.39119250000000005,0.0005749627671320923,-1.0436962246894836
ddqn,123,2909,38465,-10.14,14,0,1,0.3909708333333334,0.0006005881004966795,-1.0103710889816284
ddqn,123,2910,38491,-10.26,26,0,1,0.3905591666666668,0.0011117473283472161,-1.082101861635844
ddqn,123,2911,38519,-10.28,28,0,1,0.39011583333333333,0.0009506774679591347,-1.1247697387422835
ddqn,123,2912,38543,-10.24,24,0,1,0.3897358333333334,0.0009191203183339288,-1.3123117784659069
ddqn,123,2913,38609,-10.66,66,0,1,0.38869083333333343,0.017232935991213547,-1.001091124380336
ddqn,123,2914,38626,-10.17,17,0,1,0.38842166666666667,0.001827995787607506,-0.971110537648201
ddqn,123,2915,38649,-10.23,23,0,1,0.38805750000000006,0.0036123395063138255,-1.0927420457204182
ddqn,123,2916,38653,-10.04,4,0,1,0.38799416666666675,0.0013577730860561132,-1.0722663402557373
ddqn,123,2917,38657,-10.04,4,0,1,0.38793083333333334,0.000493474944960326,-0.4480639100074768
ddqn,123,2918,38675,-10.18,18,0,1,0.38764583333333336,0.0026265998822054826,-1.0642776042222977
ddqn,123,2919,38723,-10.48,48,0,1,0.3868858333333334,0.0023555199683566266,-1.0242869009574254
ddqn,123,2920,38754,-10.31,31,0,1,0.38639500000000004,0.0013170468228054233,-0.9119209945201874
ddqn,123,2921,38809,-10.55,55,0,1,0.38552416666666667,0.021625770299579017,-1.1036107582705361
ddqn,123,2922,38820,-10.11,11,0,1,0.38534999999999997,0.0017205401478956144,-1.051118274529775
ddqn,123,2923,38833,-10.129999999999999,13,0,1,0.38514416666666673,0.0011052555249383051,-1.0971667766571045
ddqn,123,2924,38893,-10.6,60,0,1,0.3841941666666667,0.001233346217001478,-1.1088230768839518
ddqn,123,2925,38896,-10.03,3,0,1,0.38414666666666675,0.00048278577742166817,-0.7792589068412781
ddqn,123,2926,38903,-10.07,7,0,1,0.38403583333333335,0.0017166059697046876,-1.2573022842407227
ddqn,123,2927,38922,-10.19,19,0,1,0.38373499999999994,0.06182622475316748,-1.4737862348556519
ddqn,123,2928,38936,-10.14,14,0,1,0.3835133333333334,0.0032132519700098783,-1.2942075580358505
ddqn,123,2929,39034,-10.98,98,0,1,0.38196166666666675,0.024495350395833764,-1.0192677316566308
ddqn,123,2930,39103,-10.69,69,0,1,0.3808691666666666,0.01632014233345056,-1.0519534770180197
ddqn,123,2931,39114,-10.11,11,0,1,0.380695,0.10948619324093063,-1.2905872265497844
ddqn,123,2932,39230,-11.16,116,0,1,0.3788583333333333,0.006506473315751244,-0.9711875268097582
ddqn,123,2933,39254,-10.24,24,0,1,0.37847833333333336,0.009110918579002222,-1.0630500813325245
ddqn,123,2934,39277,-10.23,23,0,1,0.37811416666666675,0.015113138283292452,-1.0251467128594716
ddqn,123,2935,39300,-10.23,23,0,1,0.37775000000000003,0.024816189659759402,-0.8778660496075948
ddqn,123,2936,39311,-10.11,11,0,1,0.37757583333333333,0.031755173578858376,-1.9424747824668884
ddqn,123,2937,39333,-10.22,22,0,1,0.37722750000000005,0.010336389377092322,-1.0713224212328594
ddqn,123,2938,39344,-10.11,11,0,1,0.37705333333333346,0.012917188927531242,-1.3294661045074463
ddqn,123,2939,39353,-10.09,9,0,1,0.3769108333333333,0.012849929742515087,-1.1694826483726501
ddqn,123,2940,39373,-10.2,20,0,1,0.3765941666666667,0.01105048106983304,-0.9127817273139953
ddqn,123,2941,39384,-10.11,11,0,1,0.3764200000000001,0.017516649172951777,-0.8884059190750122
ddqn,123,2942,39385,-10.01,1,0,1,0.37640416666666676,,
ddqn,123,2943,39387,-10.02,2,0,1,0.3763725,,
ddqn,123,2944,39392,-10.049999999999999,5,0,1,0.37629333333333337,0.02014464815147221,-1.346792757511139
ddqn,123,2945,39393,-10.01,1,0,1,0.37627750000000004,,
ddqn,123,2946,39465,-10.72,72,0,1,0.3751375000000001,0.008675202106436094,-1.077629264858034
ddqn,123,2947,39494,-10.29,29,0,1,0.37467833333333334,0.007584967384380954,-0.929778482232775
ddqn,123,2948,39534,-10.4,40,0,1,0.37404499999999996,0.007851743139326572,-1.092134064435959
ddqn,123,2949,39545,-10.11,11,0,1,0.3738708333333334,0.008384764504929384,-1.3135007222493489
ddqn,123,2950,39553,-10.08,8,0,1,0.37374416666666666,0.009185539092868567,-1.1049193143844604
ddqn,123,2951,39586,-10.33,33,0,1,0.3732216666666668,0.0065644228452583775,-1.1936228275299072
ddqn,123,2952,39599,-10.129999999999999,13,0,1,0.3730158333333333,0.10396311509733398,-0.9240865906079611
ddqn,123,2953,39678,-10.790000000000001,79,0,1,0.371765,0.011888439487665891,-1.1663775086402892
ddqn,123,2954,39788,-11.100000000000001,110,0,1,0.37002333333333337,0.018526972038671374,-1.03090734566961
ddqn,123,2955,39815,-10.27,27,0,1,0.36959583333333335,0.0053311961237341166,-1.1382773121198018
ddqn,123,2956,39817,-10.02,2,0,1,0.3695641666666667,0.0042939139530062675,-1.67326021194458
ddqn,123,2957,39911,-10.940000000000001,94,0,1,0.3680758333333334,0.018396892524121897,-1.0524182241895925
ddqn,123,2958,39918,-10.07,7,0,1,0.367965,0.004139519529417157,-0.9465395510196686
ddqn,123,2959,39942,-10.24,24,0,1,0.36758500000000005,0.003724642990467449,-0.9451841612656912
ddqn,123,2960,39971,-10.29,29,0,1,0.3671258333333334,0.006303369932408843,-1.179889338357108
ddqn,123,2961,39977,-10.06,6,0,1,0.3670308333333333,0.0020987430470995605,-0.5673224478960037
ddqn,123,2962,40008,-10.31,31,0,1,0.3665400000000001,0.04127237934153527,-1.1910395324230194
ddqn,123,2963,40028,-10.2,20,0,1,0.36622333333333335,0.004627404361963272,-1.2016706585884094
ddqn,123,2964,40057,-10.29,29,0,1,0.3657641666666668,0.0054616287151085475,-1.1255828482764108
ddqn,123,2965,40091,-10.34,34,0,1,0.36522583333333336,0.004123372520552948,-0.9794795364141464
ddqn,123,2966,40092,-10.01,1,0,1,0.36521000000000003,0.0030494206584990025,-0.8052127361297607
ddqn,123,2967,40157,-10.65,65,0,1,0.3641808333333334,0.0027820865288958885,-1.0198354721069336
ddqn,123,2968,40193,-10.36,36,0,1,0.3636108333333333,0.002097847315275835,-1.1749116314782038
ddqn,123,2969,40227,-10.34,34,0,1,0.3630725,0.0014086420196690597,-0.8300317153334618
ddqn,123,2970,40237,-10.1,10,0,1,0.36291416666666676,0.001571508648339659,-1.0912310481071472
ddqn,123,2971,40247,-10.1,10,0,1,0.3627558333333334,0.14590202062390745,-1.0524259805679321
ddqn,123,2972,40285,-10.38,38,0,1,0.36215416666666667,0.0030186648131348194,-1.0633102357387543
ddqn,123,2973,40302,-10.17,17,0,1,0.361885,0.003862474055495113,-0.8406118303537369
ddqn,123,2974,40343,-10.41,41,0,1,0.3612358333333333,0.00329676519613713,-0.8312954664230346
ddqn,123,2975,40358,-10.15,15,0,1,0.3609983333333334,0.005086694727651775,-1.1269261240959167
ddqn,123,2976,40361,-10.03,3,0,1,0.36095083333333344,0.0018416456878185272,-0.5283514261245728
ddqn,123,2977,40438,-10.77,77,0,1,0.35973166666666667,0.0027358836347335263,-1.1224963727750277
ddqn,123,2978,40479,-10.41,41,0,1,0.3590825000000001,0.0017355173942632974,-1.0306832313537597
ddqn,123,2979,40604,-11.25,125,0,1,0.35710333333333344,0.011443516643339535,-1.0585836973041296
ddqn,123,2980,40622,-10.18,18,0,1,0.35681833333333335,0.0024141481262631714,-0.9015625864267349
ddqn,123,2981,40744,-11.22,122,0,1,0.3548866666666667,0.0019700920487183238,-1.05696683833676
ddqn,123,2982,40748,-10.04,4,0,1,0.3548233333333334,0.002764820121228695,-0.953810453414917
ddqn,123,2983,40754,-10.06,6,0,1,0.3547283333333333,0.005528452806174755,-1.4074705839157104
ddqn,123,2984,40776,-10.22,22,0,1,0.35438000000000003,0.002213707601185888,-0.9627066254615784
ddqn,123,2985,40848,9.28,72,1,0,0.3532400000000001,0.020944963668524805,-1.0902093599239986
ddqn,123,2986,40851,-10.03,3,0,1,0.3531925,,
ddqn,123,2987,40871,-10.2,20,0,1,0.3528758333333334,0.003510553750675172,-1.0316030025482177
ddqn,123,2988,40932,-10.61,61,0,1,0.35191000000000006,0.023213703447254375,-0.9686124622821808
ddqn,123,2989,41063,-11.31,131,0,1,0.34983583333333335,0.014155334789393237,-1.046496001072228
ddqn,123,2990,41139,-10.76,76,0,1,0.3486325,0.0032145262291458877,-1.1583918082086664
ddqn,123,2991,41179,-10.4,40,0,1,0.34799916666666664,0.03160046687698923,-0.9704090535640717
ddqn,123,2992,41273,-10.940000000000001,94,0,1,0.34651083333333343,0.004621042079331043,-1.1218081340193748
ddqn,123,2993,41286,-10.129999999999999,13,0,1,0.346305,0.015233093872666359,-1.7550427118937175
ddqn,123,2994,41292,-10.06,6,0,1,0.34621,0.00936499866656959,-1.1483356952667236
ddqn,123,2995,41385,-10.93,93,0,1,0.34473750000000003,0.009714933233740538,-1.0194652261941328
ddqn,123,2996,41437,-10.52,52,0,1,0.34391416666666674,0.029267041066374917,-1.1567253195322478
ddqn,123,2997,41451,-10.14,14,0,1,0.34369250000000007,0.009906105076273283,-0.8870377540588379
ddqn,123,2998,41453,-10.02,2,0,1,0.3436608333333334,0.0036093213129788637,-1.2743792533874512
ddqn,123,2999,41521,-10.68,68,0,1,0.3425841666666668,0.005659613169401008,-0.9891209952971515
ddqn,123,3000,41524,-10.03,3,0,1,0.3425366666666666,0.001333526335656643,-0.9971544742584229
ddqn,123,3001,41527,-10.03,3,0,1,0.3424891666666666,,
ddqn,123,3002,41567,-10.4,40,0,1,0.34185583333333336,0.0017352008493617178,-1.1043211460113525
ddqn,123,3003,41586,-10.19,19,0,1,0.34155499999999994,0.0018604817800223828,-1.246810793876648
ddqn,123,3004,41684,-10.98,98,0,1,0.34000333333333344,0.0023368218442192303,-1.1443454432487488
ddqn,123,3005,41698,-10.14,14,0,1,0.33978166666666676,0.004406716907396913,-1.6711422602335613
ddqn,123,3006,41711,-10.129999999999999,13,0,1,0.3395758333333333,0.002183629859549304,-0.7854645053545634
ddqn,123,3007,41729,-10.18,18,0,1,0.3392908333333333,0.0027970744762569667,-1.2018298268318177
ddqn,123,3008,41742,-10.129999999999999,13,0,1,0.3390850000000001,0.001151333834665517,-1.1151578823725383
ddqn,123,3009,41821,-10.790000000000001,79,0,1,0.33783416666666677,0.015972124817199073,-1.1685182631015778
ddqn,123,3010,41834,-10.129999999999999,13,0,1,0.3376283333333333,0.002581138687673956,-1.2255301872889202
ddqn,123,3011,41920,-10.86,86,0,1,0.3362666666666667,0.01621199915958145,-1.095390498638153
ddqn,123,3012,41929,-10.09,9,0,1,0.33612416666666667,0.0017239282606169581,-1.044769048690796
ddqn,123,3013,41947,-10.18,18,0,1,0.3358391666666667,0.07125809132412542,-0.9393034130334854
ddqn,123,3014,41957,-10.1,10,0,1,0.3356808333333333,0.09701361084201683,-0.8574734528859457
ddqn,123,3015,42013,-10.56,56,0,1,0.3347941666666666,0.0021580850921704303,-1.0990747341087885
ddqn,123,3016,42024,-10.11,11,0,1,0.33462000000000003,0.002189384501737853,-0.9842644333839417
ddqn,123,3017,42138,-11.14,114,0,1,0.33281499999999997,0.013545190634821276,-1.2050754406622477
ddqn,123,3018,42166,-10.28,28,0,1,0.33237166666666673,0.0036086930610638645,-1.0541852797780717
ddqn,123,3019,42174,-10.08,8,0,1,0.332245,0.0032340388861484826,-1.3809042572975159
ddqn,123,3020,42213,-10.39,39,0,1,0.3316275000000001,0.006022007064893841,-1.0663121402263642
ddqn,123,3021,42261,-10.48,48,0,1,0.3308675,0.003452350271497077,-1.0069161703189213
ddqn,123,3022,42295,-10.34,34,0,1,0.3303291666666667,0.03869609906541882,-0.9362029805779457
ddqn,123,3023,42314,-10.19,19,0,1,0.33002833333333337,0.0026171760633587836,-1.0939536809921264
ddqn,123,3024,42324,-10.1,10,0,1,0.32987,0.0014352678748158116,-1.1315464973449707
ddqn,123,3025,42325,-10.01,1,0,1,0.32985416666666667,,
ddqn,123,3026,42331,-10.06,6,0,1,0.3297591666666667,0.0003775806399062276,-0.6962689161300659
ddqn,123,3027,42351,-10.2,20,0,1,0.3294425000000001,0.0019923272891901435,-0.992590320110321
ddqn,123,3028,42367,-10.16,16,0,1,0.32918916666666675,0.002057592384517193,-1.2730438560247421
ddqn,123,3029,42399,-10.32,32,0,1,0.3286825,0.0037089863617438823,-0.9343154169619083
ddqn,123,3030,42465,-10.66,66,0,1,0.3276375,0.004298282766659909,-1.1076493789167965
ddqn,123,3031,42487,-10.22,22,0,1,0.32728916666666674,0.0022835726907942445,-1.0485698103904724
ddqn,123,3032,42542,9.45,55,1,0,0.32641833333333337,0.004125836987181434,-1.183697066136769
ddqn,123,3033,42635,-10.93,93,0,1,0.3249458333333334,0.013882224320854142,-1.0875450735506804
ddqn,123,3034,42667,-10.32,32,0,1,0.3244391666666667,0.0008060874952207087,-1.0063108578324318
ddqn,123,3035,42676,-10.09,9,0,1,0.3242966666666667,0.0012391399941407144,-1.2947441736857097
ddqn,123,3036,42717,-10.41,41,0,1,0.3236475000000001,0.0011207031478988939,-1.080785185098648
ddqn,123,3037,42746,-10.29,29,0,1,0.3231883333333333,0.0018045622595569252,-1.1160943933895655
ddqn,123,3038,42751,-10.049999999999999,5,0,1,0.32310916666666667,0.0005555070238187909,-1.2962427139282227
ddqn,123,3039,42764,-10.129999999999999,13,0,1,0.3229033333333333,0.0009353215500595979,-0.7873816639184952
ddqn,123,3040,42775,-10.11,11,0,1,0.32272916666666673,0.0006624407324125059,-0.8339886367321014
ddqn,123,3041,42784,-10.09,9,0,1,0.3225866666666667,0.0008520087188420197,-1.1492928266525269
ddqn,123,3042,42791,-10.07,7,0,1,0.3224758333333334,0.001107843592762947,-0.8551563620567322
ddqn,123,3043,42806,-10.15,15,0,1,0.3222383333333333,0.00039816162461647764,-0.8030822426080704
ddqn,123,3044,42866,-10.6,60,0,1,0.3212883333333333,0.0008594636921770871,-1.0446004390716552
ddqn,123,3045,42895,-10.29,29,0,1,0.3208291666666667,0.0006345970531193805,-0.9533401216779437
ddqn,123,3046,42922,-10.27,27,0,1,0.3204016666666667,0.042995000477406266,-1.009194484778813
ddqn,123,3047,42938,-10.16,16,0,1,0.32014833333333337,0.0004242660361342132,-0.8354033827781677
ddqn,123,3048,42952,-10.14,14,0,1,0.3199266666666667,0.0005740734704886563,-1.2094199508428574
ddqn,123,3049,42994,-10.42,42,0,1,0.31926166666666667,0.0014466090884525328,-0.9637848675251007
ddqn,123,3050,43028,-10.34,34,0,1,0.31872333333333336,0.0014979266108841533,-1.1220364305708144
ddqn,123,3051,43034,-10.06,6,0,1,0.3186283333333334,0.0015489401994273067,-0.8210143446922302
ddqn,123,3052,43056,-10.22,22,0,1,0.31828,0.0016737667901907116,-1.0763745407263439
ddqn,123,3053,43067,-10.11,11,0,1,0.3181058333333334,0.0005416449857875705,-1.0675619542598724
ddqn,123,3054,43076,-10.09,9,0,1,0.3179633333333334,0.0009397097358790537,-1.1814963420232136
ddqn,123,3055,43107,-10.31,31,0,1,0.31747250000000005,0.0005676951675143625,-1.1621120912688119
ddqn,123,3056,43144,-10.37,37,0,1,0.31688666666666676,0.0003662584633275401,-0.9618819534778595
ddqn,123,3057,43149,-10.049999999999999,5,0,1,0.3168075,0.00014882881077937782,-0.9873912334442139
ddqn,123,3058,43153,-10.04,4,0,1,0.3167441666666667,0.00014072134217713028,-0.9897964000701904
ddqn,123,3059,43193,-10.4,40,0,1,0.31611083333333334,0.0004076497447385918,-0.9764478206634521
ddqn,123,3060,43211,-10.18,18,0,1,0.31582583333333336,0.0722876959189307,-1.028254508972168
ddqn,123,3061,43214,-10.03,3,0,1,0.3157783333333334,0.0005324622034095228,-1.1260664463043213
ddqn,123,3062,43223,-10.09,9,0,1,0.31563583333333334,0.005096698587294668,-1.18235582113266
ddqn,123,3063,43259,-10.36,36,0,1,0.3150658333333334,0.03425803705532518,-1.1536245081159804
ddqn,123,3064,43328,-10.69,69,0,1,0.31397333333333344,0.0014075523532584258,-1.0704664521747165
ddqn,123,3065,43336,-10.08,8,0,1,0.3138466666666667,0.0009161745983874425,-1.151525616645813
ddqn,123,3066,43354,-10.18,18,0,1,0.3135616666666666,0.0014988658367656171,-1.247319683432579
ddqn,123,3067,43359,-10.049999999999999,5,0,1,0.3134825,0.0009171875426545739,-0.9954623579978943
ddqn,123,3068,43415,-10.56,56,0,1,0.3125958333333333,0.0005528928585200836,-0.9276333919593266
ddqn,123,3069,43485,-10.7,70,0,1,0.31148750000000003,0.01712837632011441,-1.0845852825376723
ddqn,123,3070,43492,-10.07,7,0,1,0.31137666666666675,0.0009730099991429597,-0.9761998951435089
ddqn,123,3071,43571,-10.790000000000001,79,0,1,0.31012583333333343,0.0007443167116051834,-1.1345431365464862
ddqn,123,3072,43588,-10.17,17,0,1,0.30985666666666667,0.0005547510401811451,-1.121890652179718
ddqn,123,3073,43637,-10.49,49,0,1,0.30908083333333336,0.001091405831781837,-1.0933464566866558
ddqn,123,3074,43640,-10.03,3,0,1,0.30903333333333327,0.0006360466359183192,-0.8320138454437256
ddqn,123,3075,43647,-10.07,7,0,1,0.3089225,0.0016234319191426039,-1.2730956077575684
ddqn,123,3076,43731,-10.84,84,0,1,0.30759250000000005,0.0009270072083121964,-1.0083790847233363
ddqn,123,3077,43764,-10.33,33,0,1,0.30706999999999995,0.0006152424903120846,-0.9571178588602278
ddqn,123,3078,43778,-10.14,14,0,1,0.3068483333333334,0.0004850762440279747,-0.9017743468284607
ddqn,123,3079,43890,-11.120000000000001,112,0,1,0.305075,0.0010646978948248684,-1.072476097515651
ddqn,123,3080,43904,-10.14,14,0,1,0.3048533333333333,0.0006506518002424855,-0.9470910876989365
ddqn,123,3081,43920,-10.16,16,0,1,0.3046000000000001,0.000530021519807633,-1.083474189043045
ddqn,123,3082,43924,-10.04,4,0,1,0.3045366666666667,0.000471879611723125,-0.8353824615478516
ddqn,123,3083,43963,-10.39,39,0,1,0.30391916666666663,0.000410345242319939,-1.0731572243902419
ddqn,123,3084,43979,-10.16,16,0,1,0.3036658333333334,0.000756136696509202,-0.9550933241844177
ddqn,123,3085,43989,-10.1,10,0,1,0.30350750000000004,0.0006689178408123553,-1.4520342747370403
ddqn,123,3086,44100,-11.110000000000001,111,0,1,0.3017500000000001,0.00036313035499396004,-1.0336452956710542
ddqn,123,3087,44104,-10.04,4,0,1,0.30168666666666677,0.0001486271503381431,-0.7017280459403992
ddqn,123,3088,44108,-10.04,4,0,1,0.30162333333333335,0.0006483504548668861,-1.307367205619812
ddqn,123,3089,44190,-10.82,82,0,1,0.30032499999999995,0.0004625421786840889,-1.1611877381801605
ddqn,123,3090,44192,-10.02,2,0,1,0.3002933333333333,0.0002554036909714341,-1.755141019821167
ddqn,123,3091,44204,-10.12,12,0,1,0.3001033333333334,0.0003520110088478153,-0.8022477229436239
ddqn,123,3092,44233,-10.29,29,0,1,0.2996441666666667,0.0002324973964797599,-0.9967231409890311
ddqn,123,3093,44257,-10.24,24,0,1,0.29926416666666666,0.0002575928107641327,-0.8482364316781362
ddqn,123,3094,44280,-10.23,23,0,1,0.29890000000000005,0.00046154771613752626,-1.1520436902840931
ddqn,123,3095,44302,-10.22,22,0,1,0.29855166666666677,0.0003033298620721325,-0.9593049764633179
ddqn,123,3096,44312,-10.1,10,0,1,0.2983933333333333,0.000328424692270346,-1.1040951410929363
ddqn,123,3097,44322,-10.1,10,0,1,0.29823500000000003,0.0002649094385560602,-1.1534383893013
ddqn,123,3098,44326,-10.04,4,0,1,0.2981716666666667,0.2814285457134247,-1.2717574834823608
ddqn,123,3099,44334,-10.08,8,0,1,0.298045,0.0020993507059756666,-0.9035039842128754
ddqn,123,3100,44377,-10.43,43,0,1,0.29736416666666665,0.000992771757988852,-1.1211725094101646
ddqn,123,3101,44432,-10.55,55,0,1,0.2964933333333333,0.0005273875384383635,-1.1602354773453303
ddqn,123,3102,44434,-10.02,2,0,1,0.2964616666666666,,
ddqn,123,3103,44561,-11.270000000000001,127,0,1,0.29445083333333333,0.01013770204622233,-0.9912619292736053
ddqn,123,3104,44566,-10.049999999999999,5,0,1,0.2943716666666667,0.0015303805703297257,-1.3194799423217773
ddqn,123,3105,44585,-10.19,19,0,1,0.2940708333333334,0.0014272745058406145,-1.2042620420455932
ddqn,123,3106,44631,-10.46,46,0,1,0.29334250000000006,0.0006765508025471883,-1.0132480968128552
ddqn,123,3107,44674,-10.43,43,0,1,0.2926616666666667,0.000818208144747504,-1.161570971662348
ddqn,123,3108,44683,-10.09,9,0,1,0.29251916666666666,0.0016084189992398024,-0.9090677499771118
ddqn,123,3109,44858,-11.750000000000002,175,0,1,0.2897483333333333,0.0016582030444128163,-1.0455959987911312
ddqn,123,3110,44866,-10.08,8,0,1,0.28962166666666667,0.0034611038863658905,-1.2614243626594543
ddqn,123,3111,44872,-10.06,6,0,1,0.2895266666666667,0.0005453439080156386,-0.7861828804016113
ddqn,123,3112,44887,-10.15,15,0,1,0.2892891666666667,0.003669076249934733,-0.9803597927093506
ddqn,123,3113,44958,-10.71,71,0,1,0.2881650000000001,0.0006775657311663963,-0.9738115403387282
ddqn,123,3114,44970,-10.12,12,0,1,0.287975,0.00023852806771174073,-1.1999770204226177
ddqn,123,3115,44996,-10.26,26,0,1,0.2875633333333334,0.0005319864160680611,-1.2563277568135942
ddqn,123,3116,45081,-10.85,85,0,1,0.2862175000000001,0.0002896078563242641,-1.0174113781679244
ddqn,123,3117,45102,-10.209999999999999,21,0,1,0.28588500000000006,0.0003529115208948497,-1.1183059334754943
ddqn,123,3118,45111,-10.09,9,0,1,0.2857425,0.00020035396300954744,-1.0692851841449738
ddqn,123,3119,45125,-10.14,14,0,1,0.28552083333333333,0.00015249863827193622,-1.0353789180517197
ddqn,123,3120,45202,-10.77,77,0,1,0.2843016666666668,0.0003532526239532193,-1.075998549398623
ddqn,123,3121,45230,-10.28,28,0,1,0.2838583333333333,0.0002528884532304281,-1.1036386149270194
ddqn,123,3122,45304,-10.74,74,0,1,0.28268666666666675,0.015149999539732418,-1.0977286727804887
ddqn,123,3123,45354,-10.5,50,0,1,0.281895,0.00038600448654809344,-1.1349456111590068
ddqn,123,3124,45364,-10.1,10,0,1,0.28173666666666675,0.00029041342592487734,-0.9473085006078085
ddqn,123,3125,45426,-10.620000000000001,62,0,1,0.2807550000000001,0.0003219367310521193,-1.0562448104222615
ddqn,123,3126,45431,-10.049999999999999,5,0,1,0.28067583333333335,0.000301546067930758,-0.8483221530914307
ddqn,123,3127,45532,-11.01,101,0,1,0.27907666666666664,0.023281132245476607,-1.0929128871514247
ddqn,123,3128,45581,-10.49,49,0,1,0.27830083333333333,0.0010543436364969239,-1.036020040512085
ddqn,123,3129,45628,-10.47,47,0,1,0.2775566666666668,0.0017198537340542923,-1.0956303278605144
ddqn,123,3130,45654,-10.26,26,0,1,0.277145,0.002483340591425076,-0.9722209175427755
ddqn,123,3131,45670,-10.16,16,0,1,0.27689166666666676,0.0031168453278951347,-1.1921886503696442
ddqn,123,3132,45739,-10.69,69,0,1,0.2757991666666667,0.0029728870281627785,-1.033570293117972
ddqn,123,3133,45822,-10.83,83,0,1,0.274485,0.0007785718432084346,-1.0333733218056815
ddqn,123,3134,45825,-10.03,3,0,1,0.2744375,0.0005477962549775839,-0.9820308685302734
ddqn,123,3135,45830,-10.049999999999999,5,0,1,0.27435833333333337,0.00043786212336272,-0.8339691162109375
ddqn,123,3136,45841,-10.11,11,0,1,0.2741841666666667,0.0002764353557722643,-0.8987980286280314
ddqn,123,3137,45873,-10.32,32,0,1,0.27367750000000013,0.0006714612936775666,-1.2986940294504166
ddqn,123,3138,45874,-10.01,1,0,1,0.2736616666666668,,
ddqn,123,3139,45895,-10.209999999999999,21,0,1,0.27332916666666673,0.00029756360163446516,-1.1174513101577759
ddqn,123,3140,45899,-10.04,4,0,1,0.2732658333333333,0.00017077676602639258,-0.6864874958992004
ddqn,123,3141,45920,-10.209999999999999,21,0,1,0.27293333333333336,0.00024431302699667867,-1.1744642754395802
ddqn,123,3142,45948,-10.28,28,0,1,0.27249,0.001177166169197465,-1.1930370756558009
ddqn,123,3143,45957,-10.09,9,0,1,0.27234749999999996,0.13533350054058246,-0.8989965617656708
ddqn,123,3144,46006,-10.49,49,0,1,0.27157166666666666,0.0035605347802629694,-0.9918690671523412
ddqn,123,3145,46012,-10.06,6,0,1,0.2714766666666667,0.0034649857552722096,-0.8707338869571686
ddqn,123,3146,46036,-10.24,24,0,1,0.27109666666666676,0.002783497116373231,-1.211318850517273
ddqn,123,3147,46085,-10.49,49,0,1,0.27032083333333334,0.001661627664968061,-1.0584073861440022
ddqn,123,3148,46092,-10.07,7,0,1,0.27021000000000006,0.0012342319241724908,-1.0589762926101685
ddqn,123,3149,46174,-10.82,82,0,1,0.26891166666666677,0.0015751477039884776,-1.0442559242248535
ddqn,123,3150,46189,-10.15,15,0,1,0.26867416666666666,0.0018089356453856453,-1.166993409395218
ddqn,123,3151,46201,-10.12,12,0,1,0.26848416666666663,0.00043546549083354574,-1.0018948316574097
ddqn,123,3152,46225,-10.24,24,0,1,0.2681041666666667,0.0013738354027736932,-1.3545525272687275
ddqn,123,3153,46256,-10.31,31,0,1,0.26761333333333337,0.0004283604066586122,-1.1264795660972595
ddqn,123,3154,46262,-10.06,6,0,1,0.2675183333333333,0.0004905628156848252,-1.3064601421356201
ddqn,123,3155,46298,-10.36,36,0,1,0.26694833333333345,0.0004150768153421167,-1.100772221883138
ddqn,123,3156,46325,-10.27,27,0,1,0.2665208333333333,0.00042976347945763597,-1.062183209827968
ddqn,123,3157,46402,-10.77,77,0,1,0.26530166666666677,0.0003753804676786163,-0.9349518418312073
ddqn,123,3158,46404,-10.02,2,0,1,0.26527,0.0002531140926294029,-0.9942258596420288
ddqn,123,3159,46440,-10.36,36,0,1,0.26470000000000005,0.0005755293790975378,-1.1665518548753526
ddqn,123,3160,46450,-10.1,10,0,1,0.2645416666666667,0.00035797660530079156,-1.4505528807640076
ddqn,123,3161,46468,-10.18,18,0,1,0.2642566666666667,0.0005062424286734312,-0.9926306247711182
ddqn,123,3162,46476,-10.08,8,0,1,0.2641300000000001,0.0009504203626420349,-1.1469051241874695
ddqn,123,3163,46498,-10.22,22,0,1,0.2637816666666667,0.000500154955079779,-1.1195010781288146
ddqn,123,3164,46512,-10.14,14,0,1,0.26356,0.00036382902180776,-1.184679538011551
ddqn,123,3165,46540,-10.28,28,0,1,0.2631166666666668,0.00041056843058738323,-0.8990640640258789
ddqn,123,3166,46551,-10.11,11,0,1,0.26294249999999997,0.0003413486774661578,-0.6263493895530701
ddqn,123,3167,46559,-10.08,8,0,1,0.26281583333333336,0.0009230474825017154,-1.4656633734703064
ddqn,123,3168,46603,-10.44,44,0,1,0.2621191666666667,0.026165219125687145,-1.2053689035502346
ddqn,123,3169,46608,-10.049999999999999,5,0,1,0.26203999999999994,0.001712055061943829,-0.9409434199333191
ddqn,123,3170,46624,-10.16,16,0,1,0.2617866666666667,0.0010191072942689061,-0.8848781734704971
ddqn,123,3171,46673,-10.49,49,0,1,0.2610108333333333,0.0009989879363274667,-1.0642203837633133
ddqn,123,3172,46763,-10.9,90,0,1,0.2595858333333334,0.0009264713874224319,-1.0464297072453932
ddqn,123,3173,46771,-10.08,8,0,1,0.2594591666666667,0.0002513044310035184,-0.7777653783559799
ddqn,123,3174,46804,-10.33,33,0,1,0.2589366666666667,0.00047408822623159114,-0.9873192773924934
ddqn,123,3175,46853,-10.49,49,0,1,0.2581608333333333,0.0005018028508250912,-1.090029110511144
ddqn,123,3176,46886,-10.33,33,0,1,0.2576383333333334,0.0005189009179957793,-0.7986873611807823
ddqn,123,3177,46917,-10.31,31,0,1,0.2571475,0.0003032256081496598,-0.8459259979426861
ddqn,123,3178,47028,-11.110000000000001,111,0,1,0.25539,0.0004520247465344645,-1.1498240338904517
ddqn,123,3179,47033,-10.049999999999999,5,0,1,0.2553108333333334,0.00021656205353792757,-1.4549281597137451
ddqn,123,3180,47072,-10.39,39,0,1,0.25469333333333344,0.0004244216448569205,-0.9655979067087174
ddqn,123,3181,47087,-10.15,15,0,1,0.2544558333333333,0.0015615049633197486,-1.1689527829488118
ddqn,123,3182,47090,-10.03,3,0,1,0.25440833333333335,0.0006475844420492649,-0.6934943199157715
ddqn,123,3183,47155,-10.65,65,0,1,0.2533791666666667,0.01979770675461623,-1.0521394200623035
ddqn,123,3184,47178,-10.23,23,0,1,0.253015,0.004041865671752021,-0.888305276632309
ddqn,123,3185,47217,-10.39,39,0,1,0.25239750000000005,0.008190495130838827,-1.0431727945804596
ddqn,123,3186,47224,-10.07,7,0,1,0.25228666666666666,0.019183036871254444,-1.1664313077926636
ddqn,123,3187,47293,-10.69,69,0,1,0.2511941666666667,0.0026021188755026635,-0.9759544379570905
ddqn,123,3188,47330,-10.37,37,0,1,0.2506083333333333,0.0341758000302232,-0.9845996565288968
ddqn,123,3189,47364,-10.34,34,0,1,0.25007,0.03423350425954494,-1.3236097693443298
ddqn,123,3190,47382,-10.18,18,0,1,0.24978500000000003,0.003762629086850211,-0.890649601817131
ddqn,123,3191,47474,-10.92,92,0,1,0.24832833333333337,0.005220770253799856,-1.0223068465357241
ddqn,123,3192,47522,-10.48,48,0,1,0.2475683333333334,0.001277943711708455,-0.9831854104995728
ddqn,123,3193,47626,-11.040000000000001,104,0,1,0.2459216666666667,0.0025271532495725504,-1.1119868434392488
ddqn,123,3194,47705,-10.790000000000001,79,0,1,0.2446708333333334,0.0020724454618175512,-1.0665126085281371
ddqn,123,3195,47752,-10.47,47,0,1,0.24392666666666674,0.02527685210710236,-1.0487411618232727
ddqn,123,3196,47774,-10.22,22,0,1,0.24357833333333334,0.001446911517996341,-1.0790971040725708
ddqn,123,3197,47794,-10.2,20,0,1,0.2432616666666667,0.002662023343145847,-1.326015019416809
ddqn,123,3198,47812,-10.18,18,0,1,0.24297666666666673,0.0029861720046028494,-1.1585293054580688
ddqn,123,3199,47824,-10.12,12,0,1,0.2427866666666667,0.0011157324673452724,-0.9915590882301331
ddqn,123,3200,47862,-10.38,38,0,1,0.2421850000000001,0.0019991215797037715,-1.0279174447059631
ddqn,123,3201,47980,-11.18,118,0,1,0.24031666666666673,0.002311186158719162,-1.0131842494010925
ddqn,123,3202,48024,-10.44,44,0,1,0.23962000000000006,0.0006478297291323543,-1.0343812866644426
ddqn,123,3203,48097,-10.73,73,0,1,0.2384641666666667,0.0006054984470311967,-0.9223965969350603
ddqn,123,3204,48124,-10.27,27,0,1,0.23803666666666667,0.001400942781141826,-1.1410115446363176
ddqn,123,3205,48138,-10.14,14,0,1,0.237815,0.0012260252066577475,-1.0422813097635906
ddqn,123,3206,48189,-10.51,51,0,1,0.23700750000000004,0.000672380810451264,-1.0288215142029982
ddqn,123,3207,48204,-10.15,15,0,1,0.23677000000000004,0.0005605191872746218,-1.0835599452257156
ddqn,123,3208,48249,-10.45,45,0,1,0.23605750000000003,0.0004980452795280144,-1.1672371951016514
ddqn,123,3209,48324,-10.75,75,0,1,0.23487000000000002,0.015340615419661748,-1.1132286630178754
ddqn,123,3210,48336,-10.12,12,0,1,0.23468,0.0004762340880309542,-0.957271933555603
ddqn,123,3211,48360,-10.24,24,0,1,0.23429999999999995,0.0008732150527066551,-0.9305997093518575
ddqn,123,3212,48379,-10.19,19,0,1,0.23399916666666665,0.0020130052289459854,-1.0475423336029053
ddqn,123,3213,48418,-10.39,39,0,1,0.2333816666666666,0.0006195362409926019,-1.1544414222240449
ddqn,123,3214,48433,-10.15,15,0,1,0.2331441666666667,0.0004128053114982322,-1.2003570199012756
ddqn,123,3215,48470,-10.37,37,0,1,0.23255833333333342,0.0006547907048823416,-1.0342619948916965
ddqn,123,3216,48493,-10.23,23,0,1,0.2321941666666667,0.0011993308289675042,-1.1328915357589722
ddqn,123,3217,48538,-10.45,45,0,1,0.2314816666666668,0.00048369166986297137,-1.0203558856790715
ddqn,123,3218,48545,-10.07,7,0,1,0.2313708333333333,0.00016881419287528843,-1.0765644311904907
ddqn,123,3219,48548,-10.03,3,0,1,0.23132333333333333,0.0008657741127535701,-1.0076851844787598
ddqn,123,3220,48570,-10.22,22,0,1,0.23097500000000004,0.00034707874874584377,-1.1292752504348755
ddqn,123,3221,48594,-10.24,24,0,1,0.2305950000000001,0.0004468913490806396,-1.0103797912597656
ddqn,123,3222,48641,-10.47,47,0,1,0.22985083333333334,0.0003687006840967418,-0.9532996813456217
ddqn,123,3223,48647,-10.06,6,0,1,0.22975583333333338,8.717271703062579e-05,-1.0116316080093384
ddqn,123,3224,48656,-10.09,9,0,1,0.22961333333333345,0.0001797716492243732,-0.7644816835721334
ddqn,123,3225,48698,-10.42,42,0,1,0.22894833333333342,0.00053137113682169,-1.126051265001297
ddqn,123,3226,48708,-10.1,10,0,1,0.22879000000000005,0.0004781764776756366,-1.10336438814799
ddqn,123,3227,48737,-10.29,29,0,1,0.22833083333333337,0.0008864114185728665,-1.2861610991614205
ddqn,123,3228,48762,-10.25,25,0,1,0.2279350000000001,0.0003277465802966617,-1.2843867540359497
ddqn,123,3229,48845,-10.83,83,0,1,0.22662083333333327,0.014215125273386505,-1.0910295389947438
ddqn,123,3230,48847,-10.02,2,0,1,0.22658916666666662,,
ddqn,123,3231,48852,-10.049999999999999,5,0,1,0.22651,0.003432072640862316,-1.1097766160964966
ddqn,123,3232,48875,-10.23,23,0,1,0.22614583333333338,0.0029380160616710783,-1.090992021560669
ddqn,123,3233,48909,-10.34,34,0,1,0.22560749999999996,0.03644545736541557,-1.0274053282207913
ddqn,123,3234,48916,-10.07,7,0,1,0.22549666666666668,0.007711776532232761,-0.8164094090461731
ddqn,123,3235,48961,-10.45,45,0,1,0.22478416666666678,0.003194448188878596,-0.982489753853191
ddqn,123,3236,49017,-10.56,56,0,1,0.22389750000000008,0.001752732006674965,-1.0461653300694056
ddqn,123,3237,49071,-10.54,54,0,1,0.22304250000000003,0.002633462042117921,-0.9976706504821777
ddqn,123,3238,49083,-10.12,12,0,1,0.2228525,0.0018871411060293515,-0.933907667795817
ddqn,123,3239,49201,-11.18,118,0,1,0.22098416666666676,0.0020892342028673737,-1.0653542637825013
ddqn,123,3240,49300,-10.99,99,0,1,0.2194166666666667,0.002442602262599394,-1.1452619910240174
ddqn,123,3241,49302,-10.02,2,0,1,0.21938500000000005,,
ddqn,123,3242,49353,9.49,51,1,0,0.21857749999999998,0.04711998911359562,-1.0504506413753216
ddqn,123,3243,49356,-10.03,3,0,1,0.21853,0.00290184305049479,-0.9973514080047607
ddqn,123,3244,49369,-10.129999999999999,13,0,1,0.21832416666666676,0.001969599863514304,-0.8718554178873698
ddqn,123,3245,49482,-11.13,113,0,1,0.21653500000000003,0.0035066688287770376,-1.077560128910201
ddqn,123,3246,49548,-10.66,66,0,1,0.21549000000000007,0.019818003618103618,-0.9892051009570851
ddqn,123,3247,49571,-10.23,23,0,1,0.21512583333333335,0.0020498919766396284,-1.00949227809906
ddqn,123,3248,49757,-11.860000000000001,186,0,1,0.21218083333333337,0.0017217210533612586,-1.00210998540229
ddqn,123,3249,49855,-10.98,98,0,1,0.21062916666666676,0.0015465647120436188,-1.0416902750730515
ddqn,123,3250,49951,-10.96,96,0,1,0.20910916666666668,0.0028559278580360115,-1.0174321507414181
ddqn,123,3251,49960,-10.09,9,0,1,0.20896666666666674,0.0018177347180123131,-1.278301477432251
ddqn,123,3252,50024,-10.64,64,0,1,0.20795333333333332,0.0032781720910861623,-1.172890704125166
ddqn,123,3253,50060,-10.36,36,0,1,0.20738333333333336,0.0030148577514208024,-0.8343637784322103
ddqn,123,3254,50065,-10.049999999999999,5,0,1,0.20730416666666662,0.001126056769862771,-1.0075995922088623
ddqn,123,3255,50083,-10.18,18,0,1,0.20701916666666675,0.0030240796477301046,-0.7079475969076157
ddqn,123,3256,50096,-10.129999999999999,13,0,1,0.2068133333333334,0.0033779912046156824,-1.2422756254673004
ddqn,123,3257,50132,-10.36,36,0,1,0.20624333333333333,0.002702784666325897,-1.1164226531982422
ddqn,123,3258,50154,-10.22,22,0,1,0.20589500000000005,0.0034363264683634044,-1.2236146926879883
ddqn,123,3259,50264,-11.100000000000001,110,0,1,0.2041533333333334,0.003265019366933432,-1.0918614289590292
ddqn,123,3260,50270,-10.06,6,0,1,0.20405833333333334,0.005028415471315384,-1.5048470497131348
ddqn,123,3261,50296,-10.26,26,0,1,0.20364666666666664,0.0045457376067393595,-1.0454089556421553
ddqn,123,3262,50323,-10.27,27,0,1,0.20321916666666673,0.0027393958007451147,-0.8063052694002787
ddqn,123,3263,50414,-10.91,91,0,1,0.20177833333333328,0.005378952713015125,-1.08768630027771
ddqn,123,3264,50456,-10.42,42,0,1,0.20111333333333337,0.0019266974307935345,-1.0745256705717607
ddqn,123,3265,50458,-10.02,2,0,1,0.20108166666666671,,
ddqn,123,3266,50465,-10.07,7,0,1,0.20097083333333343,0.0010909653501585126,-0.8865764737129211
ddqn,123,3267,50478,-10.129999999999999,13,0,1,0.20076499999999997,0.0012733539333567023,-1.1272488037745159
ddqn,123,3268,50612,-11.34,134,0,1,0.1986433333333334,0.0019500051601105096,-1.0618653122116537
ddqn,123,3269,50644,-10.32,32,0,1,0.19813666666666674,0.0010168811786570586,-1.061789110302925
ddqn,123,3270,50737,-10.93,93,0,1,0.19666416666666664,0.001208155844917359,-0.9983767167381619
ddqn,123,3271,50742,-10.049999999999999,5,0,1,0.196585,0.0011071242624893785,-0.7082228064537048
ddqn,123,3272,50759,-10.17,17,0,1,0.19631583333333336,0.0014240283780964091,-0.9042609483003616
ddqn,123,3273,50787,-10.28,28,0,1,0.1958725,0.0018905778166039713,-1.1934536440031869
ddqn,123,3274,50793,-10.06,6,0,1,0.19577750000000005,0.0008195748087018728,-0.9371316432952881
ddqn,123,3275,50797,-10.04,4,0,1,0.19571416666666663,0.0019052003044635057,-0.8685300350189209
ddqn,123,3276,50814,-10.17,17,0,1,0.1954450000000001,0.002345916989725083,-0.8549395799636841
ddqn,123,3277,50822,-10.08,8,0,1,0.19531833333333337,0.007291989750228822,-0.7747686803340912
ddqn,123,3278,50848,-10.26,26,0,1,0.19490666666666667,0.003945593639010829,-1.0308771218572343
ddqn,123,3279,50854,-10.06,6,0,1,0.19481166666666672,0.006880580447614193,-1.1403498649597168
ddqn,123,3280,50920,-10.66,66,0,1,0.19376666666666664,0.020208311061758327,-1.0926255092901342
ddqn,123,3281,50962,-10.42,42,0,1,0.19310166666666662,0.004643727300572209,-1.186597740650177
ddqn,123,3282,50972,-10.1,10,0,1,0.19294333333333336,0.008191089456280073,-0.985421359539032
ddqn,123,3283,51061,-10.89,89,0,1,0.19153416666666667,0.005840883293951099,-1.1231308227235621
ddqn,123,3284,51065,-10.04,4,0,1,0.19147083333333337,0.0027016422245651484,-0.5444618463516235
ddqn,123,3285,51077,-10.12,12,0,1,0.19128083333333346,0.012047934035460154,-1.4312642812728882
ddqn,123,3286,51137,-10.6,60,0,1,0.19033083333333345,0.025620752910617738,-1.1536429087320963
ddqn,123,3287,51256,-11.190000000000001,119,0,1,0.18844666666666676,0.012070286312761407,-1.0342715998490652
ddqn,123,3288,51276,-10.2,20,0,1,0.18813000000000002,0.0015464582946151495,-0.9650487542152405
ddqn,123,3289,51361,-10.85,85,0,1,0.18678416666666675,0.0015124565314701094,-1.0437413595971607
ddqn,123,3290,51457,-10.96,96,0,1,0.18526416666666667,0.002068948553642258,-1.1195635323723157
ddqn,123,3291,51466,-10.09,9,0,1,0.18512166666666674,0.004956202115863562,-1.4156998991966248
ddqn,123,3292,51477,-10.11,11,0,1,0.18494750000000004,0.001228040181255589,-0.9482828577359518
ddqn,123,3293,51488,-10.11,11,0,1,0.18477333333333334,0.0012265678184727828,-0.9468490282694498
ddqn,123,3294,51495,-10.07,7,0,1,0.18466250000000006,0.0006810963968746364,-1.1944236755371094
ddqn,123,3295,51543,-10.48,48,0,1,0.18390250000000008,0.02518920476237933,-1.0881015360355377
ddqn,123,3296,51549,-10.06,6,0,1,0.1838075,0.0007942750526126474,-1.321724534034729
ddqn,123,3297,51576,-10.27,27,0,1,0.18338,0.0008244309158596609,-1.0558766041483199
ddqn,123,3298,51578,-10.02,2,0,1,0.18334833333333334,,
ddqn,123,3299,51583,-10.049999999999999,5,0,1,0.1832691666666667,0.0009599047480151057,-1.2131932973861694
ddqn,123,3300,51593,-10.1,10,0,1,0.18311083333333333,0.001719387131743133,-0.9026213884353638
ddqn,123,3301,51716,-11.23,123,0,1,0.18116333333333334,0.001115370262977517,-1.0266783400889365
ddqn,123,3302,51743,-10.27,27,0,1,0.18073583333333343,0.0017235783307114616,-0.9756145477294922
ddqn,123,3303,51777,-10.34,34,0,1,0.1801975,0.0010913153722261388,-1.0608218179808722
ddqn,123,3304,51787,-10.1,10,0,1,0.18003916666666675,0.001677972381003201,-1.0975998938083649
ddqn,123,3305,51798,-10.11,11,0,1,0.17986500000000005,0.001314378537548085,-0.8679620027542114
ddqn,123,3306,51811,-10.129999999999999,13,0,1,0.1796591666666667,0.0006085097653946528,-0.9823512236277262
ddqn,123,3307,51838,-10.27,27,0,1,0.17923166666666668,0.0010792316170409322,-0.9335560287748065
ddqn,123,3308,51887,-10.49,49,0,1,0.17845583333333337,0.0006392573389651565,-0.9297891482710838
ddqn,123,3309,51916,-10.29,29,0,1,0.1779966666666667,0.0006632961121795233,-0.9674777016043663
ddqn,123,3310,51934,-10.18,18,0,1,0.1777116666666667,0.0008268164528999478,-0.9099676460027695
ddqn,123,3311,52036,-11.02,102,0,1,0.1760966666666668,0.0009351279469018874,-1.0290074761097248
ddqn,123,3312,52127,-10.91,91,0,1,0.17465583333333334,0.0009020036218730224,-1.1279637976126238
ddqn,123,3313,52153,-10.26,26,0,1,0.17424416666666676,0.0005819235084345564,-0.9378867660249982
ddqn,123,3314,52231,-10.780000000000001,78,0,1,0.17300916666666666,0.00045578235624002685,-0.9466687723209983
ddqn,123,3315,52234,-10.03,3,0,1,0.17296166666666668,0.00013111945008859038,-0.5892288088798523
ddqn,123,3316,52414,-11.8,180,0,1,0.17011166666666666,0.007742095224805073,-1.078064775466919
ddqn,123,3317,52445,-10.31,31,0,1,0.16962083333333333,0.0009121347284235526,-1.0688030570745468
ddqn,123,3318,52460,-10.15,15,0,1,0.16938333333333344,0.0006196137328515761,-1.1830555200576782
ddqn,123,3319,52461,-10.01,1,0,1,0.16936750000000012,,
ddqn,123,3320,52488,-10.27,27,0,1,0.16893999999999998,0.0014409136160143784,-1.182295833315168
ddqn,123,3321,52522,-10.34,34,0,1,0.16840166666666678,0.0005865873299626401,-1.0667765066027641
ddqn,123,3322,52629,-11.07,107,0,1,0.1667075,0.011307300516313666,-1.0359919755547136
ddqn,123,3323,52668,-10.39,39,0,1,0.16609000000000007,0.0017948469365364871,-0.9134899020195008
ddqn,123,3324,52783,-11.15,115,0,1,0.1642691666666667,0.0014707261039542832,-0.9536331423691341
ddqn,123,3325,52790,-10.07,7,0,1,0.1641583333333334,0.0003682891256175935,-1.7854455709457397
ddqn,123,3326,52793,-10.03,3,0,1,0.16411083333333332,0.0007359761511906981,-1.1944338083267212
ddqn,123,3327,52861,-10.68,68,0,1,0.1630341666666667,0.0004547116657383466,-1.0145919428152197
ddqn,123,3328,52909,-10.48,48,0,1,0.16227416666666672,0.001247375731812402,-1.0859502752621968
ddqn,123,3329,52936,-10.27,27,0,1,0.1618466666666667,0.00085301097923158,-0.9197025639670235
ddqn,123,3330,52958,-10.22,22,0,1,0.1614983333333333,0.00044765535276383164,-1.0390681743621826
ddqn,123,3331,52961,-10.03,3,0,1,0.16145083333333332,0.00021363195264711976,-1.0326052904129028
ddqn,123,3332,52982,-10.209999999999999,21,0,1,0.16111833333333336,0.00027713984454749154,-0.8524766325950622
ddqn,123,3333,53039,-10.57,57,0,1,0.16021583333333334,0.023596624978901155,-1.1058909893035889
ddqn,123,3334,53056,-10.17,17,0,1,0.15994666666666668,0.00040589102427475155,-1.1517786264419556
ddqn,123,3335,53155,-10.99,99,0,1,0.15837916666666674,0.0004217599289404461,-0.934219611187776
ddqn,123,3336,53161,-10.06,6,0,1,0.15828416666666667,0.00021451094653457403,-0.9708572030067444
ddqn,123,3337,53205,-10.44,44,0,1,0.1575875,0.0002442006999362175,-0.8971124345606024
ddqn,123,3338,53222,-10.17,17,0,1,0.15731833333333334,0.00021951324197289068,-0.736990362405777
ddqn,123,3339,53226,-10.04,4,0,1,0.15725500000000003,0.0004399770114105195,-0.8787592649459839
ddqn,123,3340,53245,-10.19,19,0,1,0.15695416666666673,0.000298882438801229,-1.157145881652832
ddqn,123,3341,53264,-10.19,19,0,1,0.1566533333333333,0.00017430961888749154,-0.9991551160812377
ddqn,123,3342,53278,-10.14,14,0,1,0.15643166666666675,0.00037952644682566944,-1.2399697303771973
ddqn,123,3343,53302,-10.24,24,0,1,0.1560516666666667,0.0005125411056117931,-1.1284307837486267
ddqn,123,3344,53312,-10.1,10,0,1,0.15589333333333344,0.00020010161339693391,-1.1344653367996216
ddqn,123,3345,53334,-10.22,22,0,1,0.15554500000000004,0.00015640766941942273,-0.9446146607398986
ddqn,123,3346,53388,-10.54,54,0,1,0.15469,0.0002086197689225498,-0.8951928062098367
ddqn,123,3347,53406,-10.18,18,0,1,0.15440500000000001,0.00011626226478256285,-0.9953266382217407
ddqn,123,3348,53409,-10.03,3,0,1,0.15435750000000004,0.00020924778073094785,-0.8769344687461853
ddqn,123,3349,53465,-10.56,56,0,1,0.15347083333333333,0.0001901911411031116,-0.9488547933953149
ddqn,123,3350,53485,-10.2,20,0,1,0.1531541666666667,0.000557110839872621,-1.185651421546936
ddqn,123,3351,53488,-10.03,3,0,1,0.15310666666666672,0.00027327280258759856,-1.1766037940979004
ddqn,123,3352,53536,-10.48,48,0,1,0.15234666666666674,0.00016747022770384015,-0.9693998446067175
ddqn,123,3353,53548,-10.12,12,0,1,0.15215666666666672,0.00030039684497751296,-0.988366961479187
ddqn,123,3354,53626,-10.780000000000001,78,0,1,0.15092166666666662,0.00013471832330412182,-1.003203272819519
ddqn,123,3355,53660,-10.34,34,0,1,0.15038333333333342,0.0001943899349296569,-1.0195848147074382
ddqn,123,3356,53682,-10.22,22,0,1,0.15003500000000003,0.00015887371700955554,-0.9416888952255249
ddqn,123,3357,53685,-10.03,3,0,1,0.14998750000000005,9.164266521111131e-05,-1.1824939250946045
ddqn,123,3358,53726,-10.41,41,0,1,0.14933833333333335,0.00021750728265033104,-1.0957645416259765
ddqn,123,3359,53832,8.94,106,1,0,0.14766,0.00013861635428232452,-0.9515985427079378
ddqn,123,3360,53923,-10.91,91,0,1,0.14621916666666668,0.0002723474565507124,-1.0269611288200726
ddqn,123,3361,53951,-10.28,28,0,1,0.14577583333333333,0.0006327802423454289,-0.9963940807751247
ddqn,123,3362,53954,-10.03,3,0,1,0.14572833333333335,0.00017782943905331194,-0.8946594595909119
ddqn,123,3363,53979,-10.25,25,0,1,0.1453325000000001,0.0003290159729658626,-0.8814113835493723
ddqn,123,3364,54034,-10.55,55,0,1,0.1444616666666667,0.00027380891905132946,-0.8942898916346687
ddqn,123,3365,54073,-10.39,39,0,1,0.14384416666666666,0.00030395787325687706,-1.0285968542099
ddqn,123,3366,54080,-10.07,7,0,1,0.14373333333333338,0.00011598285345826298,-0.7336379289627075
ddqn,123,3367,54100,-10.2,20,0,1,0.14341666666666675,0.0003762846637982875,-1.0304327726364135
ddqn,123,3368,54227,-11.270000000000001,127,0,1,0.14140583333333334,0.010495159926874968,-0.9965782646209963
ddqn,123,3369,54272,-10.45,45,0,1,0.14069333333333345,0.0018620703534300749,-1.0133976936340332
ddqn,123,3370,54278,-10.06,6,0,1,0.14059833333333338,0.0015271176816895604,-1.311269760131836
ddqn,123,3371,54399,8.79,121,1,0,0.13868250000000004,0.002736358064188001,-0.8876875211795171
ddqn,123,3372,54543,-11.440000000000001,144,0,1,0.13640249999999998,0.012370256082956783,-1.0050926249888208
ddqn,123,3373,54591,-10.48,48,0,1,0.1356425,0.008684017275906323,-0.994795431693395
ddqn,123,3374,54654,9.37,63,1,0,0.13464500000000001,0.0453658014012035,-0.9348300881683826
ddqn,123,3375,54700,-10.46,46,0,1,0.1339166666666668,0.01657068429631181,-0.9799524794022242
ddqn,123,3376,54733,-10.33,33,0,1,0.1333941666666667,0.013599812518805265,-0.8788103237748146
ddqn,123,3377,54792,-10.59,59,0,1,0.13246000000000002,0.017402886226773263,-0.9051306287447611
ddqn,123,3378,54866,-10.74,74,0,1,0.13128833333333334,0.008709105983952112,-1.057406634092331
ddqn,123,3379,54894,-10.28,28,0,1,0.130845,0.01000936542238508,-1.1326126115662711
ddqn,123,3380,54948,-10.54,54,0,1,0.12999000000000005,0.009117416627954558,-1.001582030739103
ddqn,123,3381,55082,-11.34,134,0,1,0.12786833333333336,0.025312122132163495,-0.9544556258302747
ddqn,123,3382,55085,-10.03,3,0,1,0.12782083333333338,0.002378461416810751,-0.7593912482261658
ddqn,123,3383,55097,-10.12,12,0,1,0.12763083333333336,0.015659052257736523,-1.1485269665718079
ddqn,123,3384,55150,-10.53,53,0,1,0.12679166666666664,0.010038648982747244,-0.9224907068105844
ddqn,123,3385,55290,-11.4,140,0,1,0.1245750000000001,0.021934729348868132,-0.9470709536756788
ddqn,123,3386,55377,-10.870000000000001,87,0,1,0.12319749999999996,0.023412187805991958,-1.0719039115038784
ddqn,123,3387,55434,-10.57,57,0,1,0.12229500000000004,0.015539707798909928,-0.9810301235743931
ddqn,123,3388,55507,-10.73,73,0,1,0.12113916666666669,0.02714584527226786,-1.054468082057105
ddqn,123,3389,55558,-10.51,51,0,1,0.12033166666666661,0.0027642351342365146,-0.8969559302696815
ddqn,123,3390,55639,-10.81,81,0,1,0.11904916666666665,0.018439728673547505,-0.9636798828840256
ddqn,123,3391,55642,-10.03,3,0,1,0.11900166666666667,0.0019102669321000576,-1.2000255584716797
ddqn,123,3392,55700,-10.58,58,0,1,0.11808333333333332,0.021784494270104916,-0.9705851276715597
ddqn,123,3393,55741,-10.41,41,0,1,0.11743416666666662,0.0019650436821393668,-0.9247054517269134
ddqn,123,3394,55918,-11.770000000000001,177,0,1,0.11463166666666669,0.0023283633014547045,-0.9589046558195894
ddqn,123,3395,56114,-11.96,196,0,1,0.11152833333333334,0.007244517172601226,-0.9497185513681295
ddqn,123,3396,56117,-10.03,3,0,1,0.11148083333333336,0.0003773104399442673,-0.4290410876274109
ddqn,123,3397,56126,-10.09,9,0,1,0.11133833333333332,0.0016804254264570773,-0.8223741352558136
ddqn,123,3398,56192,-10.66,66,0,1,0.11029333333333335,0.001379404215292786,-0.9358297761748818
ddqn,123,3399,56214,-10.22,22,0,1,0.10994500000000007,0.0006818716588895768,-0.8273290991783142
ddqn,123,3400,56312,-10.98,98,0,1,0.10839333333333334,0.0009369029966183007,-0.8125176990032196
ddqn,123,3401,56442,-11.3,130,0,1,0.10633500000000007,0.02010332687996197,-0.880955159664154
ddqn,123,3402,56444,-10.02,2,0,1,0.10630333333333342,0.004685543477535248,-1.3389198780059814
ddqn,123,3403,56454,-10.1,10,0,1,0.10614500000000004,0.00436708377674222,-1.0427783131599426
ddqn,123,3404,56706,-12.51999999999999,252,0,1,0.102155,0.0015031618582609567,-0.9402836149647122
ddqn,123,3405,56783,-10.77,77,0,1,0.10093583333333334,0.0007369705356387911,-0.8787272572517395
ddqn,123,3406,56836,-10.53,53,0,1,0.10009666666666672,0.001274981935109411,-0.9698783883026668
ddqn,123,3407,56842,-10.06,6,0,1,0.10000166666666666,0.0016307560727000237,-0.8983065485954285
ddqn,123,3408,56964,-11.22,122,0,1,0.09806999999999999,0.03004977857269677,-0.8909001292720917
ddqn,123,3409,56999,-10.35,35,0,1,0.09751583333333347,0.03910719724444789,-0.9449972361326218
ddqn,123,3410,57007,-10.08,8,0,1,0.09738916666666664,0.00099500163923949,-0.9710732400417328
ddqn,123,3411,57047,-10.4,40,0,1,0.09675583333333337,0.0036888790229568256,-1.127005684375763
ddqn,123,3412,57071,-10.24,24,0,1,0.09637583333333333,0.0025823583564488217,-1.0201442738374074
ddqn,123,3413,57251,-11.8,180,0,1,0.09352583333333331,0.008122261764947325,-0.9749481327003903
ddqn,123,3414,57348,-10.97,97,0,1,0.09199000000000002,0.0008457351155811921,-0.8440545344352722
ddqn,123,3415,57411,-10.63,63,0,1,0.09099250000000003,0.000613454917523389,-0.9633751114209493
ddqn,123,3416,57439,-10.28,28,0,1,0.09054916666666668,0.0003356538904232106,-0.7550186685153416
ddqn,123,3417,57517,-10.780000000000001,78,0,1,0.0893141666666667,0.0008593378632212989,-0.9484622716903687
ddqn,123,3418,57746,-12.289999999999996,229,0,1,0.08568833333333337,0.016063769122921626,-0.9985194164409972
ddqn,123,3419,57809,-10.63,63,0,1,0.08469083333333338,0.006879764735458593,-0.958750031888485
ddqn,123,3420,57824,-10.15,15,0,1,0.08445333333333338,0.0051579402352217585,-0.783830314874649
ddqn,123,3421,57996,-11.72,172,0,1,0.08173000000000008,0.016686189135260404,-0.9753804137540418
ddqn,123,3422,58025,-10.29,29,0,1,0.0812708333333334,0.0016331460210494697,-0.9077364717211042
ddqn,123,3423,58052,-10.27,27,0,1,0.08084333333333338,0.0007759912030970943,-0.9817539368356977
ddqn,123,3424,58091,-10.39,39,0,1,0.08022583333333344,0.000925988498945824,-1.0256486733754475
ddqn,123,3425,58131,-10.4,40,0,1,0.07959250000000007,0.0005684308445779607,-0.9705425322055816
ddqn,123,3426,58143,-10.12,12,0,1,0.07940250000000004,0.0006241279867632935,-0.954932431379954
ddqn,123,3427,58228,-10.85,85,0,1,0.07805666666666666,0.0014701100232989781,-0.8976506970145486
ddqn,123,3428,58302,-10.74,74,0,1,0.07688499999999998,0.001635717390955607,-0.9706778327624003
ddqn,123,3429,58340,-10.38,38,0,1,0.07628333333333337,0.002960735437227413,-1.030852162837982
ddqn,123,3430,58353,-10.129999999999999,13,0,1,0.07607750000000002,0.0005266548250801861,-0.9086952805519104
ddqn,123,3431,58436,-10.83,83,0,1,0.0747633333333334,0.000695085842467268,-0.8695202554975238
ddqn,123,3432,58515,9.209999999999999,79,1,0,0.07351250000000009,0.03053245882122275,-0.9248645901679993
ddqn,123,3433,58741,-12.259999999999996,226,0,1,0.06993416666666674,0.006421848009554914,-0.9667623916216064
ddqn,123,3434,58751,-10.1,10,0,1,0.06977583333333337,0.0016030202968977392,-0.9167500734329224
ddqn,123,3435,58811,-10.6,60,0,1,0.06882583333333336,0.0011406288753884534,-0.9688231865564982
ddqn,123,3436,58866,-10.55,55,0,1,0.0679550000000001,0.041323822462540453,-0.9020125184740339
ddqn,123,3437,58893,-10.27,27,0,1,0.06752749999999996,0.0009015383444161021,-0.9528655920709882
ddqn,123,3438,58899,-10.06,6,0,1,0.0674325,8.587216871092096e-05,-0.6064133644104004
ddqn,123,3439,58905,-10.06,6,0,1,0.06733750000000005,0.0011435932501626667,-0.6046805679798126
ddqn,123,3440,58948,-10.43,43,0,1,0.0666566666666667,0.0011692613195257516,-1.0343178104270587
ddqn,123,3441,59000,-10.52,52,0,1,0.06583333333333341,0.0009585583018353925,-1.0500968098640442
ddqn,123,3442,59153,-11.530000000000001,153,0,1,0.06341083333333342,0.008825524499977627,-0.8750309559859728
ddqn,123,3443,59165,-10.12,12,0,1,0.06322083333333339,0.0024136045443204543,-1.0061150193214417
ddqn,123,3444,59211,-10.46,46,0,1,0.06249250000000006,0.00344888167984953,-0.7774675813588229
ddqn,123,3445,59467,-2.5599999999999894,256,0,0,0.05843916666666671,0.009799975848409304,-0.9331733137369156
ddqn,123,3446,59723,-2.5599999999999894,256,0,0,0.054385833333333466,0.01540398730742254,-0.8552142311818898
ddqn,123,3447,59732,-10.09,9,0,1,0.05424333333333331,0.005672360518171142,-0.8805227875709534
ddqn,123,3448,59988,-2.5599999999999894,256,0,0,0.05019000000000007,0.010670234404301482,-0.9352777651511133
ddqn,123,3449,60053,9.35,65,1,0,0.050000000000000044,0.033070211854465015,-0.9570580162107944
ddqn,123,3450,60085,-10.32,32,0,1,0.050000000000000044,0.003404475037314114,-0.9479443356394768
ddqn,123,3451,60200,-11.15,115,0,1,0.050000000000000044,0.003285045672312443,-0.998774070164253
ddqn,123,3452,60335,-11.350000000000001,135,0,1,0.050000000000000044,0.01039370152019811,-0.9040527036695769
ddqn,123,3453,60387,-10.52,52,0,1,0.050000000000000044,0.0008565255932178564,-0.9455681810012231
ddqn,123,3454,60408,-10.209999999999999,21,0,1,0.050000000000000044,0.0007968933156613881,-1.0028918584187825
ddqn,123,3455,60430,-10.22,22,0,1,0.050000000000000044,0.0023059063707478343,-1.1217443466186523
ddqn,123,3456,60686,-2.5599999999999894,256,0,0,0.050000000000000044,0.005473335121223499,-0.8961680382490158
ddqn,123,3457,60757,-10.71,71,0,1,0.050000000000000044,0.0008904915319160662,-0.8948692546950446
ddqn,123,3458,61013,-2.5599999999999894,256,0,0,0.050000000000000044,0.009458794349939126,-0.937247303314507
ddqn,123,3459,61269,-2.5599999999999894,256,0,0,0.050000000000000044,0.0005510288323762325,-0.9165530418977141
ddqn,123,3460,61301,-10.32,32,0,1,0.050000000000000044,0.0006846355681773275,-0.9568601176142693
ddqn,123,3461,61337,-10.36,36,0,1,0.050000000000000044,0.0004387685928830049,-0.9661198125945197
ddqn,123,3462,61363,-10.26,26,0,1,0.050000000000000044,0.0008634139812784269,-1.1340823272864025
ddqn,123,3463,61614,-12.509999999999991,251,0,1,0.050000000000000044,0.0003312201796299113,-0.9077013612739624
ddqn,123,3464,61782,-11.680000000000001,168,0,1,0.050000000000000044,0.007151006434512618,-0.9003985829296566
ddqn,123,3465,61827,-10.45,45,0,1,0.050000000000000044,0.001943185716465285,-0.9562384215268221
ddqn,123,3466,61918,-10.91,91,0,1,0.050000000000000044,0.0018890554866115765,-0.8556096722250399
ddqn,123,3467,62143,-12.249999999999996,225,0,1,0.050000000000000044,0.012915806859512356,-0.9381358682044915
ddqn,123,3468,62399,-2.5599999999999894,256,0,0,0.050000000000000044,0.006425843104807427,-0.9736524121835828
ddqn,123,3469,62456,-10.57,57,0,1,0.050000000000000044,0.0024394944426603614,-0.9399478713671366
ddqn,123,3470,62582,-11.260000000000002,126,0,1,0.050000000000000044,0.0016400180437842445,-1.000972455547702
ddqn,123,3471,62604,-10.22,22,0,1,0.050000000000000044,0.0015490090396876137,-0.9940324028333029
ddqn,123,3472,62692,-10.88,88,0,1,0.050000000000000044,0.015136978311189027,-0.9231958606026389
ddqn,123,3473,62771,-10.790000000000001,79,0,1,0.050000000000000044,0.003277523881192074,-0.936989404653248
ddqn,123,3474,62840,-10.69,69,0,1,0.050000000000000044,0.0033732459059036854,-0.9161137408680387
ddqn,123,3475,62874,-10.34,34,0,1,0.050000000000000044,0.0015468842975678854,-0.7431857958436012
ddqn,123,3476,62930,-10.56,56,0,1,0.050000000000000044,0.0017391502655560284,-1.0196746672902788
ddqn,123,3477,62967,-10.37,37,0,1,0.050000000000000044,0.002487920619185186,-0.9271918634573618
ddqn,123,3478,63183,-12.159999999999998,216,0,1,0.050000000000000044,0.007887123444460385,-0.9704355078714865
ddqn,123,3479,63226,-10.43,43,0,1,0.050000000000000044,0.024284227761778642,-0.9904521595348011
ddqn,123,3480,63348,-11.22,122,0,1,0.050000000000000044,0.011242289516714311,-0.8849992463665624
ddqn,123,3481,63440,9.08,92,1,0,0.050000000000000044,0.012989620077069443,-0.9640637610269629
ddqn,123,3482,63525,-10.85,85,0,1,0.050000000000000044,0.001529040406846131,-0.8624582971845355
ddqn,123,3483,63566,-10.41,41,0,1,0.050000000000000044,0.0011564651256776414,-0.8396635711193084
ddqn,123,3484,63572,-10.06,6,0,1,0.050000000000000044,0.0007901526405476034,-0.8720145225524902
ddqn,123,3485,63828,-2.5599999999999894,256,0,0,0.050000000000000044,0.010886024832416297,-0.926061752717942
ddqn,123,3486,64024,-11.96,196,0,1,0.050000000000000044,0.0064284818231220816,-0.921270735409795
ddqn,123,3487,64063,-10.39,39,0,1,0.050000000000000044,0.0012637570584451573,-1.0440537201033697
ddqn,123,3488,64160,-10.97,97,0,1,0.050000000000000044,0.0007986025349237025,-0.9934631872177124
ddqn,123,3489,64174,-10.14,14,0,1,0.050000000000000044,0.0009634311427362263,-0.8374919493993124
ddqn,123,3490,64180,-10.06,6,0,1,0.050000000000000044,0.0003408586562727578,-0.7375415861606598
ddqn,123,3491,64286,-11.06,106,0,1,0.050000000000000044,0.011472279285394156,-0.9702087480288285
ddqn,123,3492,64323,-10.37,37,0,1,0.050000000000000044,0.02718001278440675,-0.9048666755358378
ddqn,123,3493,64545,-12.219999999999997,222,0,1,0.050000000000000044,0.010582563693138322,-0.9292765589697021
ddqn,123,3494,64801,-2.5599999999999894,256,0,0,0.050000000000000044,0.004316694022804768,-0.8480034731328487
ddqn,123,3495,65057,-2.5599999999999894,256,0,0,0.050000000000000044,0.015500752601383283,-0.9428844340145588
ddqn,123,3496,65239,-11.82,182,0,1,0.050000000000000044,0.007853240234867876,-0.915607484181722
ddqn,123,3497,65248,-10.09,9,0,1,0.050000000000000044,0.0008259839281284561,-0.9197800755500793
ddqn,123,3498,65504,-2.5599999999999894,256,0,0,0.050000000000000044,0.0062948261667088445,-0.9458179231733084
ddqn,123,3499,65520,-10.16,16,0,1,0.050000000000000044,0.0002474782340868842,-0.854197546839714
ddqn,123,3500,65776,-2.5599999999999894,256,0,0,0.050000000000000044,0.0005592368360112232,-0.969529221765697
ddqn,123,3501,66032,-2.5599999999999894,256,0,0,0.050000000000000044,0.0008187357302062992,-0.9219557531177998
ddqn,123,3502,66288,-2.5599999999999894,256,0,0,0.050000000000000044,0.011808089676264899,-0.9571320498362184
ddqn,123,3503,66415,-11.270000000000001,127,0,1,0.050000000000000044,0.001650061286777453,-0.8671101485529253
ddqn,123,3504,66436,-10.209999999999999,21,0,1,0.050000000000000044,0.0008182806777767837,-0.789460668961207
ddqn,123,3505,66548,-11.120000000000001,112,0,1,0.050000000000000044,0.0005976223354602033,-0.9046400593859809
ddqn,123,3506,66572,-10.24,24,0,1,0.050000000000000044,0.000614080810919404,-0.9049034317334493
ddqn,123,3507,66654,-10.82,82,0,1,0.050000000000000044,0.0006009043710946572,-0.9130056738853455
ddqn,123,3508,66697,-10.43,43,0,1,0.050000000000000044,0.02449154882593906,-0.899406454779885
ddqn,123,3509,66875,-11.780000000000001,178,0,1,0.050000000000000044,0.006232354534652338,-0.9014280628074299
ddqn,123,3510,66991,8.84,116,1,0,0.050000000000000044,0.0052625413809437305,-0.8619324379953844
ddqn,123,3511,67083,9.08,92,1,0,0.050000000000000044,0.004661430225140699,-0.8753388005754222
ddqn,123,3512,67200,-11.17,117,0,1,0.050000000000000044,0.002470008720410988,-0.8425323764483134
ddqn,123,3513,67409,-12.09,209,0,1,0.050000000000000044,0.012024695274773806,-0.9295136756621875
ddqn,123,3514,67415,-10.06,6,0,1,0.050000000000000044,0.0009650472784414887,-0.7120341062545776
ddqn,123,3515,67564,-11.49,149,0,1,0.050000000000000044,0.008180648873492732,-0.9777944699714058
ddqn,123,3516,67614,-10.5,50,0,1,0.050000000000000044,0.0012598474374196182,-1.0367599874734879
ddqn,123,3517,67726,-11.120000000000001,112,0,1,0.050000000000000044,0.0010940611890483914,-0.8393747572387967
ddqn,123,3518,67865,-11.39,139,0,1,0.050000000000000044,0.001418149658794781,-0.8477660076958793
ddqn,123,3519,67878,-10.129999999999999,13,0,1,0.050000000000000044,0.001274357355820636,-0.877700924873352
ddqn,123,3520,67918,-10.4,40,0,1,0.050000000000000044,0.0006667109235422685,-0.9069198131561279
ddqn,123,3521,68069,-11.510000000000002,151,0,1,0.050000000000000044,0.0005472609091635892,-0.9223470154561495
ddqn,123,3522,68169,-11.0,100,0,1,0.050000000000000044,0.00028761916939402,-0.8575624871253967
ddqn,123,3523,68172,-10.03,3,0,1,0.050000000000000044,0.00018224649829789996,-0.5553948283195496
ddqn,123,3524,68181,-10.09,9,0,1,0.050000000000000044,0.00018704352260101587,-0.855426013469696
ddqn,123,3525,68318,-11.370000000000001,137,0,1,0.050000000000000044,0.0003830106384959757,-0.9245581416522756
ddqn,123,3526,68387,-10.69,69,0,1,0.050000000000000044,0.0007390328186481972,-0.9295143274699941
ddqn,123,3527,68426,-10.39,39,0,1,0.050000000000000044,0.0016423158114776016,-0.9049258291721344
ddqn,123,3528,68466,-10.4,40,0,1,0.050000000000000044,0.0013503285590559244,-0.833055830001831
ddqn,123,3529,68542,9.24,76,1,0,0.050000000000000044,0.019255807338355992,-0.9448195476281015
ddqn,123,3530,68798,-2.5599999999999894,256,0,0,0.050000000000000044,0.0059145678496861365,-0.876789360307157
ddqn,123,3531,69054,-2.5599999999999894,256,0,0,0.050000000000000044,0.009737827499748164,-0.905636377632618
ddqn,123,3532,69159,-11.05,105,0,1,0.050000000000000044,0.0014216277833419065,-0.9281298770354345
ddqn,123,3533,69324,-11.65,165,0,1,0.050000000000000044,0.008091472852919694,-0.8900542245024726
ddqn,123,3534,69462,-11.38,138,0,1,0.050000000000000044,0.002667061078896308,-0.9024649034528172
ddqn,123,3535,69546,-10.84,84,0,1,0.050000000000000044,0.001309083670743608,-0.9977863345827375
ddqn,123,3536,69650,-11.040000000000001,104,0,1,0.050000000000000044,0.0005516013765232996,-0.9723373926602877
ddqn,123,3537,69662,-10.12,12,0,1,0.050000000000000044,0.00012925626894381517,-0.6679561932881674
ddqn,123,3538,69670,-10.08,8,0,1,0.050000000000000044,0.0014233163092285395,-0.791052520275116
ddqn,123,3539,69758,-10.88,88,0,1,0.050000000000000044,0.01318668249785498,-0.9273339780894193
ddqn,123,3540,69809,-10.51,51,0,1,0.050000000000000044,0.0004536874307982194,-0.936850694509653
ddqn,123,3541,70065,-2.5599999999999894,256,0,0,0.050000000000000044,0.008317656453868949,-0.8781762439757586
ddqn,123,3542,70102,-10.37,37,0,1,0.050000000000000044,0.003283708938397467,-0.9014928076002333
ddqn,123,3543,70358,-2.5599999999999894,256,0,0,0.050000000000000044,0.012127468758535542,-0.8932383395731449
ddqn,123,3544,70372,-10.14,14,0,1,0.050000000000000044,0.00305655604461208,-0.7756498008966446
ddqn,123,3545,70378,-10.06,6,0,1,0.050000000000000044,0.005245580337941647,-0.8451298475265503
ddqn,123,3546,70397,-10.19,19,0,1,0.050000000000000044,0.01451256349682808,-0.8584355235099792
ddqn,123,3547,70428,-10.31,31,0,1,0.050000000000000044,0.007870968373026699,-0.8247706741094589
ddqn,123,3548,70449,-10.209999999999999,21,0,1,0.050000000000000044,0.005283156875520945,-0.848138403892517
ddqn,123,3549,70534,-10.85,85,0,1,0.050000000000000044,0.0185548736480996,-0.8565477217946734
ddqn,123,3550,70612,-10.780000000000001,78,0,1,0.050000000000000044,0.012077497394056991,-0.9218778401613236
ddqn,123,3551,70718,8.94,106,1,0,0.050000000000000044,0.005735292564517854,-0.8145513465771308
ddqn,123,3552,70853,-11.350000000000001,135,0,1,0.050000000000000044,0.010304839933215751,-0.8702827323885525
ddqn,123,3553,71001,-11.48,148,0,1,0.050000000000000044,0.004878883390070719,-0.9089510295842145
ddqn,123,3554,71076,-10.75,75,0,1,0.050000000000000044,0.0026169500595546865,-1.0676465410935252
ddqn,123,3555,71212,-11.360000000000001,136,0,1,0.050000000000000044,0.002352610304061433,-0.972218220724779
ddqn,123,3556,71334,-11.22,122,0,1,0.050000000000000044,0.0016378848988097161,-0.9787890076637268
ddqn,123,3557,71590,-2.5599999999999894,256,0,0,0.050000000000000044,0.0018628616935529863,-0.9182647513225675
ddqn,123,3558,71846,-2.5599999999999894,256,0,0,0.050000000000000044,0.006597967805646476,-0.9392954017966986
ddqn,123,3559,72102,-2.5599999999999894,256,0,0,0.050000000000000044,0.036124623674368195,-0.9370805127546191
ddqn,123,3560,72131,-10.29,29,0,1,0.050000000000000044,0.009330098783331258,-0.83424859387534
ddqn,123,3561,72176,-10.45,45,0,1,0.050000000000000044,0.008531777619888695,-0.9166836589574814
ddqn,123,3562,72188,-10.12,12,0,1,0.050000000000000044,0.006269064188624422,-1.0015412171681721
ddqn,123,3563,72191,-10.03,3,0,1,0.050000000000000044,,
ddqn,123,3564,72447,-2.5599999999999894,256,0,0,0.050000000000000044,0.00968762723277905,-0.9245009701699018
ddqn,123,3565,72703,-2.5599999999999894,256,0,0,0.050000000000000044,0.006280071359924477,-0.9000966167077422
ddqn,123,3566,72945,-12.419999999999993,242,0,1,0.050000000000000044,0.0070088283095859965,-0.9423958844825869
ddqn,123,3567,72977,-10.32,32,0,1,0.050000000000000044,0.0021490368599188514,-0.8984537422657013
ddqn,123,3568,73090,-11.13,113,0,1,0.050000000000000044,0.008078241993124331,-0.8920680625098092
ddqn,123,3569,73346,-2.5599999999999894,256,0,0,0.050000000000000044,0.0027020875543257716,-0.8940065465867519
ddqn,123,3570,73357,-10.11,11,0,1,0.050000000000000044,0.0005159637075848877,-0.8573015332221985
ddqn,123,3571,73613,-2.5599999999999894,256,0,0,0.050000000000000044,0.009490871417028757,-0.8956331899389625
ddqn,123,3572,73788,-11.750000000000002,175,0,1,0.050000000000000044,0.0006601832018614831,-0.9087603119286624
ddqn,123,3573,73827,-10.39,39,0,1,0.050000000000000044,0.0006660581905938064,-1.026565604739719
ddqn,123,3574,73862,-10.35,35,0,1,0.050000000000000044,0.0010557139078931261,-0.9454777903027005
ddqn,123,3575,73998,-11.360000000000001,136,0,1,0.050000000000000044,0.007914918526854735,-0.8455231259850895
ddqn,123,3576,74150,-11.520000000000001,152,0,1,0.050000000000000044,0.0007284576460829397,-0.8636841726930518
ddqn,123,3577,74222,-10.72,72,0,1,0.050000000000000044,0.010560012477475943,-0.932576960987515
ddqn,123,3578,74478,-2.5599999999999894,256,0,0,0.050000000000000044,0.0024688470523415162,-0.8960991771891713
ddqn,123,3579,74514,-10.36,36,0,1,0.050000000000000044,0.0005588670125386367,-0.8323791821797689
ddqn,123,3580,74558,-10.44,44,0,1,0.050000000000000044,0.0008567702792457898,-0.9158113219521262
ddqn,123,3581,74707,-11.49,149,0,1,0.050000000000000044,0.010924974303437723,-0.8821104571625993
ddqn,123,3582,74770,-10.63,63,0,1,0.050000000000000044,0.02186910186719615,-0.8954240716993809
ddqn,123,3583,74774,-10.04,4,0,1,0.050000000000000044,0.0002801298978738487,-0.741276741027832
ddqn,123,3584,74782,-10.08,8,0,1,0.050000000000000044,0.002396362950094044,-0.9580760598182678
ddqn,123,3585,74842,-10.6,60,0,1,0.050000000000000044,0.011920425348216667,-0.8493557850519816
ddqn,123,3586,75098,-2.5599999999999894,256,0,0,0.050000000000000044,0.0021696301046176814,-0.9021954108029604
ddqn,123,3587,75111,-10.129999999999999,13,0,1,0.050000000000000044,0.00048794085159897804,-0.9621216058731079
ddqn,123,3588,75158,-10.47,47,0,1,0.050000000000000044,0.014575736141220355,-0.8620895395676295
ddqn,123,3589,75346,8.12,188,1,0,0.050000000000000044,0.0069916507429220376,-0.849620890110097
ddqn,123,3590,75602,-2.5599999999999894,256,0,0,0.050000000000000044,0.0013096135414798482,-0.8812486436218023
ddqn,123,3591,75833,-12.309999999999995,231,0,1,0.050000000000000044,0.0032922480604611337,-0.8719446617981483
ddqn,123,3592,75849,-10.16,16,0,1,0.050000000000000044,0.0006326148795778863,-0.9596029072999954
ddqn,123,3593,76004,-11.55,155,0,1,0.050000000000000044,0.00046149916810323845,-0.8643663021234366
ddqn,123,3594,76007,-10.03,3,0,1,0.050000000000000044,,
ddqn,123,3595,76027,-10.2,20,0,1,0.050000000000000044,0.0003067533718422055,-1.0472729444503783
ddqn,123,3596,76098,-10.71,71,0,1,0.050000000000000044,0.0006392218537156521,-0.8922087185912662
ddqn,123,3597,76134,-10.36,36,0,1,0.050000000000000044,0.0005425306929585835,-0.8851495252715217
ddqn,123,3598,76220,9.14,86,1,0,0.050000000000000044,0.009220564817290076,-0.9412051168355074
ddqn,123,3599,76476,-2.5599999999999894,256,0,0,0.050000000000000044,0.0019101974994555349,-0.8271028250455856
ddqn,123,3600,76732,-2.5599999999999894,256,0,0,0.050000000000000044,0.004112925240178811,-0.8778266003355384
ddqn,123,3601,76790,-10.58,58,0,1,0.050000000000000044,0.001938831851085914,-0.9492447291101728
ddqn,123,3602,76849,9.41,59,1,0,0.050000000000000044,0.006056395507766865,-0.82263556321462
ddqn,123,3603,76856,-10.07,7,0,1,0.050000000000000044,0.02024084590084385,-0.612330287694931
ddqn,123,3604,76965,-11.09,109,0,1,0.050000000000000044,0.0063463464401946924,-0.8796386188930936
ddqn,123,3605,77062,-10.97,97,0,1,0.050000000000000044,0.00711693990585142,-0.8310971334576607
ddqn,123,3606,77126,-10.64,64,0,1,0.050000000000000044,0.0012434608188414131,-0.9451666250824928
ddqn,123,3607,77145,-10.19,19,0,1,0.050000000000000044,0.00043534039868973193,-0.8579154491424561
ddqn,123,3608,77401,-2.5599999999999894,256,0,0,0.050000000000000044,0.008162704832329837,-0.8869684562087059
ddqn,123,3609,77580,-11.790000000000001,179,0,1,0.050000000000000044,0.011890432631965571,-0.8783932513660855
ddqn,123,3610,77625,-10.45,45,0,1,0.050000000000000044,0.0012027954587458887,-0.7840889096260071
ddqn,123,3611,77680,9.45,55,1,0,0.050000000000000044,0.0008938042634066992,-0.8023028288568769
ddqn,123,3612,77721,-10.41,41,0,1,0.050000000000000044,0.001021582109387964,-0.822801011800766
ddqn,123,3613,77879,-11.580000000000002,158,0,1,0.050000000000000044,0.0008775837273927978,-0.8502638248296884
ddqn,123,3614,78011,-11.32,132,0,1,0.050000000000000044,0.016595941919314846,-0.8351285222804907
ddqn,123,3615,78073,9.379999999999999,62,1,0,0.050000000000000044,0.004709657975581649,-0.8784577883780003
ddqn,123,3616,78099,-10.26,26,0,1,0.050000000000000044,0.0021221942248909422,-0.947829931974411
ddqn,123,3617,78106,-10.07,7,0,1,0.050000000000000044,0.0014586745528504252,-0.9224711656570435
ddqn,123,3618,78157,-10.51,51,0,1,0.050000000000000044,0.0009143524176369493,-0.821684520978194
ddqn,123,3619,78329,-11.72,172,0,1,0.050000000000000044,0.007368264536083633,-0.8584312796592712
ddqn,123,3620,78368,-10.39,39,0,1,0.050000000000000044,0.003980607152334415,-0.8931353211402893
ddqn,123,3621,78372,-10.04,4,0,1,0.050000000000000044,0.000504621013533324,-0.8997290730476379
ddqn,123,3622,78628,-2.5599999999999894,256,0,0,0.050000000000000044,0.0008975492826266418,-0.8453558459877968
ddqn,123,3623,78797,-11.690000000000001,169,0,1,0.050000000000000044,0.0007873044203387551,-0.8419619018123263
ddqn,123,3624,78980,-11.830000000000002,183,0,1,0.050000000000000044,0.007423282441817244,-0.8336717188358307
ddqn,123,3625,79056,9.24,76,1,0,0.050000000000000044,0.0014594626118196175,-0.7597690632468775
ddqn,123,3626,79193,-11.370000000000001,137,0,1,0.050000000000000044,0.0009212525367141044,-0.798144635032205
ddqn,123,3627,79287,-10.940000000000001,94,0,1,0.050000000000000044,0.0004500035834296242,-0.7814530160116113
ddqn,123,3628,79312,-10.25,25,0,1,0.050000000000000044,0.0013497851323336363,-0.8621747493743896
ddqn,123,3629,79528,-12.159999999999998,216,0,1,0.050000000000000044,0.013537139879190363,-0.7817599646471165
ddqn,123,3630,79702,-11.740000000000002,174,0,1,0.050000000000000044,0.005456225120132182,-0.849614279214726
ddqn,123,3631,79958,-2.5599999999999894,256,0,0,0.050000000000000044,0.0114503302115736,-0.7774381199851632
ddqn,123,3632,80041,9.17,83,1,0,0.050000000000000044,0.007788841192710346,-0.7997890171550569
ddqn,123,3633,80202,-11.610000000000001,161,0,1,0.050000000000000044,0.007708870488568209,-0.816404689848423
ddqn,123,3634,80205,-10.03,3,0,1,0.050000000000000044,0.0020155746024101973,-0.7127014398574829
ddqn,123,3635,80305,-11.0,100,0,1,0.050000000000000044,0.013298844557721168,-0.7834051728248597
ddqn,123,3636,80337,-10.32,32,0,1,0.050000000000000044,0.05486510716400517,-0.7197044566273689
ddqn,123,3637,80447,8.899999999999999,110,1,0,0.050000000000000044,0.0033286217130134225,-0.7453872715985334
ddqn,123,3638,80466,-10.19,19,0,1,0.050000000000000044,0.0031649902986828236,-0.7795191884040833
ddqn,123,3639,80516,-10.5,50,0,1,0.050000000000000044,0.002020327201954877,-0.8204535108346206
ddqn,123,3640,80666,-11.5,150,0,1,0.050000000000000044,0.0011832406661768972,-0.7786857550208633
ddqn,123,3641,80694,-10.28,28,0,1,0.050000000000000044,0.0006420157151296735,-0.6782845599310738
ddqn,123,3642,80950,-2.5599999999999894,256,0,0,0.050000000000000044,0.0013467973731167149,-0.7961394637823105
ddqn,123,3643,81017,-10.67,67,0,1,0.050000000000000044,0.0006740902446087121,-0.7396353518261629
ddqn,123,3644,81117,-11.0,100,0,1,0.050000000000000044,0.0004523484536912292,-0.744935953617096
ddqn,123,3645,81285,-11.680000000000001,168,0,1,0.050000000000000044,0.008054346119544269,-0.8080629862490154
ddqn,123,3646,81541,-2.5599999999999894,256,0,0,0.050000000000000044,0.0005010418697111163,-0.797886099666357
ddqn,123,3647,81797,-2.5599999999999894,256,0,0,0.050000000000000044,0.0096738720326357,-0.7562896506860852
ddqn,123,3648,82053,-2.5599999999999894,256,0,0,0.050000000000000044,0.00742533212348917,-0.7599809989333153
ddqn,123,3649,82163,-11.100000000000001,110,0,1,0.050000000000000044,0.015743615381695605,-0.6939894998515094
ddqn,123,3650,82416,-12.52999999999999,253,0,1,0.050000000000000044,0.0069167001338428236,-0.721666437573731
ddqn,123,3651,82672,-2.5599999999999894,256,0,0,0.050000000000000044,0.012855050217694952,-0.7636018604971468
ddqn,123,3652,82918,-12.459999999999992,246,0,1,0.050000000000000044,0.0010383541983949233,-0.7531034536049014
ddqn,123,3653,83174,-2.5599999999999894,256,0,0,0.050000000000000044,0.0011815030229627155,-0.7532100453972816
ddqn,123,3654,83218,9.56,44,1,0,0.050000000000000044,0.017133833459493788,-0.6943496303124861
ddqn,123,3655,83430,7.880000000000001,212,1,0,0.050000000000000044,0.010259986447636038,-0.7538164213018598
ddqn,123,3656,83686,-2.5599999999999894,256,0,0,0.050000000000000044,0.014542702678454589,-0.7422622889280319
ddqn,123,3657,83688,-10.02,2,0,1,0.050000000000000044,0.0041749682277441025,-0.7146368026733398
ddqn,123,3658,83881,-11.930000000000001,193,0,1,0.050000000000000044,0.011941453251893108,-0.7450291539231936
ddqn,123,3659,83942,9.39,61,1,0,0.050000000000000044,0.004700572390963013,-0.7788331667582195
ddqn,123,3660,84198,-2.5599999999999894,256,0,0,0.050000000000000044,0.008651477500620786,-0.7797055579721928
ddqn,123,3661,84225,9.73,27,1,0,0.050000000000000044,0.001032928711668189,-0.7029514908790588
ddqn,123,3662,84481,-2.5599999999999894,256,0,0,0.050000000000000044,0.0004301949081764178,-0.7164305076003075
ddqn,123,3663,84523,-10.42,42,0,1,0.050000000000000044,0.0002539313660236076,-0.6984643697738647
ddqn,123,3664,84751,7.720000000000004,228,1,0,0.050000000000000044,0.005962027908696511,-0.7507593286664862
ddqn,123,3665,85007,-2.5599999999999894,256,0,0,0.050000000000000044,0.008091339138445619,-0.7759399572387338
ddqn,123,3666,85239,-12.319999999999995,232,0,1,0.050000000000000044,0.002988502915380603,-0.7881138807740705
ddqn,123,3667,85320,-10.81,81,0,1,0.050000000000000044,0.007822368238564758,-0.7193130794025603
ddqn,123,3668,85353,-10.33,33,0,1,0.050000000000000044,0.00032741305767558515,-0.7189866006374359
ddqn,123,3669,85409,-10.56,56,0,1,0.050000000000000044,0.011314772544989995,-0.7382680135113853
ddqn,123,3670,85665,-2.5599999999999894,256,0,0,0.050000000000000044,0.007609836092910882,-0.77808703109622
ddqn,123,3671,85673,-10.08,8,0,1,0.050000000000000044,0.00028243484848644584,-0.8106340169906616
ddqn,123,3672,85929,-2.5599999999999894,256,0,0,0.050000000000000044,0.011174971946616097,-0.7370874360203743
ddqn,123,3673,86020,-10.91,91,0,1,0.050000000000000044,0.001179648158342942,-0.7926098548847696
ddqn,123,3674,86193,-11.73,173,0,1,0.050000000000000044,0.01419504367469588,-0.7220230047092882
ddqn,123,3675,86264,-10.71,71,0,1,0.050000000000000044,0.00281308107191257,-0.7519368694888221
ddqn,123,3676,86312,-10.48,48,0,1,0.050000000000000044,0.036326241515780566,-0.7291749119758606
ddqn,123,3677,86417,-11.05,105,0,1,0.050000000000000044,0.003396601617098965,-0.7158510478643271
ddqn,123,3678,86491,9.26,74,1,0,0.050000000000000044,0.01467645977633462,-0.7301796575387319
ddqn,123,3679,86606,-11.15,115,0,1,0.050000000000000044,0.0034071020300275295,-0.7423497356217483
ddqn,123,3680,86742,-11.360000000000001,136,0,1,0.050000000000000044,0.0009539906172636513,-0.7513507604598999
ddqn,123,3681,86745,-10.03,3,0,1,0.050000000000000044,0.0001518505159765482,-0.5775128602981567
ddqn,123,3682,86931,-11.860000000000001,186,0,1,0.050000000000000044,0.0004261285014407527,-0.6933270705782849
ddqn,123,3683,87005,-10.74,74,0,1,0.050000000000000044,0.012471002501689853,-0.7201814024071944
ddqn,123,3684,87147,8.579999999999998,142,1,0,0.050000000000000044,0.012722816929038214,-0.7262695755277361
ddqn,123,3685,87274,-11.270000000000001,127,0,1,0.050000000000000044,0.0027285399050924752,-0.7015804946422577
ddqn,123,3686,87333,-10.59,59,0,1,0.050000000000000044,0.006008759102163215,-0.8041070461273193
ddqn,123,3687,87351,-10.18,18,0,1,0.050000000000000044,0.0015515874074480962,-0.762919008731842
ddqn,123,3688,87462,-11.110000000000001,111,0,1,0.050000000000000044,0.011332146310970919,-0.7909716303859439
ddqn,123,3689,87649,-11.870000000000001,187,0,1,0.050000000000000044,0.022229160499224004,-0.7480102219480149
ddqn,123,3690,87905,-2.5599999999999894,256,0,0,0.050000000000000044,0.00936632748619104,-0.7132098078727722
ddqn,123,3691,88014,8.91,109,1,0,0.050000000000000044,0.0062415010906988755,-0.6813892324765524
ddqn,123,3692,88138,8.76,124,1,0,0.050000000000000044,0.009299142682369078,-0.7373455224498626
ddqn,123,3693,88219,9.19,81,1,0,0.050000000000000044,0.01103322969211149,-0.6996629357337951
ddqn,123,3694,88247,-10.28,28,0,1,0.050000000000000044,0.03735823044553399,-0.7028803314481463
ddqn,123,3695,88275,9.72,28,1,0,0.050000000000000044,0.010245610860043339,-0.8482384596552167
ddqn,123,3696,88317,-10.42,42,0,1,0.050000000000000044,0.0010900977676184002,-0.6209733106873252
ddqn,123,3697,88356,9.61,39,1,0,0.050000000000000044,0.031771116348681974,-0.6677809238433838
ddqn,123,3698,88413,9.43,57,1,0,0.050000000000000044,0.02333571252425567,-0.7413449713162014
ddqn,123,3699,88419,-10.06,6,0,1,0.050000000000000044,0.00023589064949192107,-0.719886064529419
ddqn,123,3700,88483,9.36,64,1,0,0.050000000000000044,0.016028551652198075,-0.7216324880719185
ddqn,123,3701,88518,-10.35,35,0,1,0.050000000000000044,0.028044829491086096,-0.6680173012945387
ddqn,123,3702,88588,-10.7,70,0,1,0.050000000000000044,0.00956532865044816,-0.7351248529222276
ddqn,123,3703,88621,-10.33,33,0,1,0.050000000000000044,0.0945225803880021,-0.6612891629338264
ddqn,123,3704,88623,-10.02,2,0,1,0.050000000000000044,,
ddqn,123,3705,88781,8.419999999999998,158,1,0,0.050000000000000044,0.027216685962775954,-0.735646179318428
ddqn,123,3706,89037,-2.5599999999999894,256,0,0,0.050000000000000044,0.011839746454825217,-0.7257288992404938
ddqn,123,3707,89187,8.5,150,1,0,0.050000000000000044,0.01314146265861849,-0.7147703815150905
ddqn,123,3708,89266,9.209999999999999,79,1,0,0.050000000000000044,0.0006912616903719026,-0.7356331497430801
ddqn,123,3709,89289,-10.23,23,0,1,0.050000000000000044,0.005120230067404918,-0.6749167243639628
ddqn,123,3710,89340,-10.51,51,0,1,0.050000000000000044,0.016538053466669787,-0.8570957046288711
ddqn,123,3711,89361,-10.209999999999999,21,0,1,0.050000000000000044,0.000835818867199123,-0.6678089499473572
ddqn,123,3712,89442,9.19,81,1,0,0.050000000000000044,0.011064087739214301,-0.7249423384666442
ddqn,123,3713,89586,8.559999999999999,144,1,0,0.050000000000000044,0.019123036558287114,-0.6999621242284775
ddqn,123,3714,89842,-2.5599999999999894,256,0,0,0.050000000000000044,0.007933517835908788,-0.729673576541245
ddqn,123,3715,89881,9.61,39,1,0,0.050000000000000044,0.0011339698481606319,-0.6472736179828644
ddqn,123,3716,89920,9.61,39,1,0,0.050000000000000044,0.0009653055793023668,-0.7194000780582428
ddqn,123,3717,89974,-10.54,54,0,1,0.050000000000000044,0.0012429460833887928,-0.7389305875851557
ddqn,123,3718,90106,8.68,132,1,0,0.050000000000000044,0.005381406283986783,-0.7259917475960471
ddqn,123,3719,90111,-10.049999999999999,5,0,1,0.050000000000000044,0.2431969791650772,-0.835181474685669
ddqn,123,3720,90153,-10.42,42,0,1,0.050000000000000044,0.005452498743331737,-0.7420707670125094
ddqn,123,3721,90190,-10.37,37,0,1,0.050000000000000044,0.01899165100379226,-0.8005216121673584
ddqn,123,3722,90231,-10.41,41,0,1,0.050000000000000044,0.016158235495095142,-0.7093703985214234
ddqn,123,3723,90367,8.639999999999999,136,1,0,0.050000000000000044,0.008518810285750078,-0.721670967691085
ddqn,123,3724,90403,9.64,36,1,0,0.050000000000000044,0.023449082097310264,-0.7254947622617086
ddqn,123,3725,90428,-10.25,25,0,1,0.050000000000000044,0.027199670208834244,-0.6910182748522077
ddqn,123,3726,90516,9.12,88,1,0,0.050000000000000044,0.01863493813487532,-0.7640031603249636
ddqn,123,3727,90725,-12.09,209,0,1,0.050000000000000044,0.005318958903864348,-0.742617945258434
ddqn,123,3728,90728,-10.03,3,0,1,0.050000000000000044,0.00010774360271170735,-0.6084134578704834
ddqn,123,3729,90883,8.45,155,1,0,0.050000000000000044,0.013435971679619366,-0.7039961501171714
ddqn,123,3730,90947,-10.64,64,0,1,0.050000000000000044,0.009815734257244912,-0.7479093559086323
ddqn,123,3731,90970,-10.23,23,0,1,0.050000000000000044,0.0013905839950894006,-0.6910326480865479
ddqn,123,3732,91067,9.03,97,1,0,0.050000000000000044,0.022376197845308827,-0.7302899534503619
ddqn,123,3733,91197,8.7,130,1,0,0.050000000000000044,0.008130456474838977,-0.6768314657789288
ddqn,123,3734,91328,8.69,131,1,0,0.050000000000000044,0.015291744612940502,-0.7328627795884104
ddqn,123,3735,91355,-10.27,27,0,1,0.050000000000000044,0.0006297035336804887,-0.6448229551315308
ddqn,123,3736,91373,-10.18,18,0,1,0.050000000000000044,0.029871026912587695,-0.7084844827651977
ddqn,123,3737,91459,9.14,86,1,0,0.050000000000000044,0.015142804640899635,-0.7590888539950053
ddqn,123,3738,91559,-11.0,100,0,1,0.050000000000000044,0.0069531611073762175,-0.740560884475708
ddqn,123,3739,91575,-10.16,16,0,1,0.050000000000000044,0.0011118916154373437,-0.734054446220398
ddqn,123,3740,91648,9.27,73,1,0,0.050000000000000044,0.012784555184464952,-0.7184216662457115
ddqn,123,3741,91784,8.639999999999999,136,1,0,0.050000000000000044,0.0026337169709971502,-0.744479238986969
ddqn,123,3742,91931,8.53,147,1,0,0.050000000000000044,0.00952862048426242,-0.7315146724383036
ddqn,123,3743,91987,-10.56,56,0,1,0.050000000000000044,0.0016753335595629843,-0.7020937502384186
ddqn,123,3744,92137,8.5,150,1,0,0.050000000000000044,0.010415281272511684,-0.7029572395901931
ddqn,123,3745,92197,9.4,60,1,0,0.050000000000000044,0.012717198489311462,-0.7339107116063436
ddqn,123,3746,92219,9.78,22,1,0,0.050000000000000044,0.03941684570163488,-0.6247804999351502
ddqn,123,3747,92254,9.65,35,1,0,0.050000000000000044,0.024279328713115927,-0.7511597805553012
ddqn,123,3748,92287,9.67,33,1,0,0.050000000000000044,0.02506760064716218,-0.6900782436132431
ddqn,123,3749,92338,-10.51,51,0,1,0.050000000000000044,0.027094517834484577,-0.7439810496110183
ddqn,123,3750,92587,7.510000000000009,249,1,0,0.050000000000000044,0.016842779137791256,-0.7031378025008787
ddqn,123,3751,92622,9.65,35,1,0,0.050000000000000044,0.05109437645619942,-0.667390849855211
ddqn,123,3752,92646,-10.24,24,0,1,0.050000000000000044,0.031794027774594724,-0.9081861476103464
ddqn,123,3753,92784,-11.38,138,0,1,0.050000000000000044,0.02416235317525986,-0.7051793013300215
ddqn,123,3754,92969,-11.850000000000001,185,0,1,0.050000000000000044,0.014186568818885185,-0.7394521897253783
ddqn,123,3755,93126,8.43,157,1,0,0.050000000000000044,0.010426810140369268,-0.6899836170367706
ddqn,123,3756,93207,-10.81,81,0,1,0.050000000000000044,0.022717428981559352,-0.7797242522239685
ddqn,123,3757,93271,-10.64,64,0,1,0.050000000000000044,0.022649868284133845,-0.6595089174807072
ddqn,123,3758,93300,-10.29,29,0,1,0.050000000000000044,0.028125811732024886,-0.7163482010364532
ddqn,123,3759,93453,-11.530000000000001,153,0,1,0.050000000000000044,0.03015886524563508,-0.7296522526364577
ddqn,123,3760,93472,-10.19,19,0,1,0.050000000000000044,0.005495061702094972,-0.7123658180236816
ddqn,123,3761,93537,9.35,65,1,0,0.050000000000000044,0.032102434166517924,-0.7403204366564751
ddqn,123,3762,93564,9.73,27,1,0,0.050000000000000044,0.021161564110246087,-0.6789828794343131
ddqn,123,3763,93571,-10.07,7,0,1,0.050000000000000044,0.021624885499477386,-0.640588104724884
ddqn,123,3764,93596,-10.25,25,0,1,0.050000000000000044,0.03651756959568177,-0.6939929979188102
ddqn,123,3765,93599,-10.03,3,0,1,0.050000000000000044,,
ddqn,123,3766,93668,-10.69,69,0,1,0.050000000000000044,0.02445755341129067,-0.7463977071974013
ddqn,123,3767,93700,9.68,32,1,0,0.050000000000000044,0.013877943449188024,-0.7853803932666779
ddqn,123,3768,93919,7.810000000000002,219,1,0,0.050000000000000044,0.022710497471659135,-0.7365458265498832
ddqn,123,3769,93938,-10.19,19,0,1,0.050000000000000044,0.0015144136268645525,-0.6908681154251098
ddqn,123,3770,94075,-11.370000000000001,137,0,1,0.050000000000000044,0.020564656033564138,-0.6710705283810111
ddqn,123,3771,94190,-11.15,115,0,1,0.050000000000000044,0.015814455145777298,-0.7276269423550573
ddqn,123,3772,94227,9.63,37,1,0,0.050000000000000044,0.02061179017699841,-0.6640121340751648
ddqn,123,3773,94276,9.51,49,1,0,0.050000000000000044,0.015538719523017509,-0.6866127435977643
ddqn,123,3774,94412,-11.360000000000001,136,0,1,0.050000000000000044,0.037325831755879335,-0.698185466668185
ddqn,123,3775,94469,9.43,57,1,0,0.050000000000000044,0.00971793191274628,-0.6447980914797101
ddqn,123,3776,94529,9.4,60,1,0,0.050000000000000044,0.021154427621513604,-0.6482426563898722
ddqn,123,3777,94561,9.68,32,1,0,0.050000000000000044,0.004694278060924262,-0.6625752747058868
ddqn,123,3778,94703,-11.420000000000002,142,0,1,0.050000000000000044,0.03932400669769517,-0.7188129152570452
ddqn,123,3779,94795,9.08,92,1,0,0.050000000000000044,0.013851973964610015,-0.6816872539727584
ddqn,123,3780,94796,-10.01,1,0,1,0.050000000000000044,0.0012455936521291733,-0.7336045503616333
ddqn,123,3781,94846,-10.5,50,0,1,0.050000000000000044,0.019225549961750705,-0.6779524683952332
ddqn,123,3782,95039,-11.930000000000001,193,0,1,0.050000000000000044,0.04032050870834306,-0.6545066237449646
ddqn,123,3783,95073,9.66,34,1,0,0.050000000000000044,0.022815152071416378,-0.6708443562189738
ddqn,123,3784,95172,-10.99,99,0,1,0.050000000000000044,0.04186972728930414,-0.6778495132923126
ddqn,123,3785,95428,-2.5599999999999894,256,0,0,0.050000000000000044,0.03074963552717236,-0.6492222798988223
ddqn,123,3786,95491,-10.63,63,0,1,0.050000000000000044,0.024926340160891413,-0.6125978628794352
ddqn,123,3787,95731,7.600000000000007,240,1,0,0.050000000000000044,0.03454056663516288,-0.6415428857008616
ddqn,123,3788,95804,9.27,73,1,0,0.050000000000000044,0.022639627360101593,-0.6433849695481753
ddqn,123,3789,95876,9.28,72,1,0,0.050000000000000044,0.035128863295540214,-0.6116860277122922
ddqn,123,3790,95891,9.85,15,1,0,0.050000000000000044,0.04046817154934009,-0.5096906820933024
ddqn,123,3791,95904,-10.129999999999999,13,0,1,0.050000000000000044,0.0387968048453331,-0.6215356141328812
ddqn,123,3792,95931,-10.27,27,0,1,0.050000000000000044,0.047913917573168874,-0.6998896797498068
ddqn,123,3793,95945,9.86,14,1,0,0.050000000000000044,0.048134099517483264,-0.581533670425415
ddqn,123,3794,96008,9.37,63,1,0,0.050000000000000044,0.028331537585472688,-0.5903351213783026
ddqn,123,3795,96229,7.790000000000003,221,1,0,0.050000000000000044,0.03682499680329453,-0.6300914688543839
ddqn,123,3796,96331,8.98,102,1,0,0.050000000000000044,0.02974744630046189,-0.6564869749546051
ddqn,123,3797,96352,-10.209999999999999,21,0,1,0.050000000000000044,0.01794082613196224,-0.6782120962937673
ddqn,123,3798,96534,-11.82,182,0,1,0.050000000000000044,0.041819928953838015,-0.6199600431654189
ddqn,123,3799,96556,-10.22,22,0,1,0.050000000000000044,0.05516152953108152,-0.701998233795166
ddqn,123,3800,96569,-10.129999999999999,13,0,1,0.050000000000000044,0.058408938348293304,-0.525429387887319
ddqn,123,3801,96600,9.69,31,1,0,0.050000000000000044,0.06413872938719578,-0.6958999447524548
ddqn,123,3802,96648,-10.48,48,0,1,0.050000000000000044,0.027372589393053204,-0.6282905340194702
ddqn,123,3803,96671,-10.23,23,0,1,0.050000000000000044,0.01250646375119686,-0.5823877215385437
ddqn,123,3804,96702,-10.31,31,0,1,0.050000000000000044,0.017369450128171593,-0.6946405842900276
ddqn,123,3805,96784,-10.82,82,0,1,0.050000000000000044,0.0385123832550432,-0.588600184236254
ddqn,123,3806,96818,9.66,34,1,0,0.050000000000000044,0.03782552226039115,-0.5978320091962814
ddqn,123,3807,96850,-10.32,32,0,1,0.050000000000000044,0.04957090347306803,-0.5897919237613678
ddqn,123,3808,96900,-10.5,50,0,1,0.050000000000000044,0.03462912946437987,-0.613445900953733
ddqn,123,3809,97057,-11.57,157,0,1,0.050000000000000044,0.03956886013754858,-0.6296026966510675
ddqn,123,3810,97094,9.63,37,1,0,0.050000000000000044,0.02367771054721541,-0.6074209875530667
ddqn,123,3811,97106,-10.12,12,0,1,0.050000000000000044,0.03166168835014105,-0.6110192735989889
ddqn,123,3812,97146,-10.4,40,0,1,0.050000000000000044,0.03559447445441037,-0.6570105850696564
ddqn,123,3813,97241,-10.950000000000001,95,0,1,0.050000000000000044,0.043009007723109484,-0.6153409791489443
ddqn,123,3814,97293,9.48,52,1,0,0.050000000000000044,0.02289702623294523,-0.6834610333809485
ddqn,123,3815,97338,9.55,45,1,0,0.050000000000000044,0.04765697623687712,-0.5276686765930869
ddqn,123,3816,97355,-10.17,17,0,1,0.050000000000000044,0.004008688032627106,-0.6540898084640503
ddqn,123,3817,97374,9.81,19,1,0,0.050000000000000044,0.039583552116528156,-0.63102707862854
ddqn,123,3818,97405,9.69,31,1,0,0.050000000000000044,0.058580703916959465,-0.693316787481308
ddqn,123,3819,97443,-10.38,38,0,1,0.050000000000000044,0.03467709726343552,-0.6003986497720083
ddqn,123,3820,97513,9.3,70,1,0,0.050000000000000044,0.021815063160223264,-0.620873749256134
ddqn,123,3821,97594,9.19,81,1,0,0.050000000000000044,0.04590898063033819,-0.5977978065609932
ddqn,123,3822,97741,8.53,147,1,0,0.050000000000000044,0.03082545832856684,-0.6150076872593647
ddqn,123,3823,97989,-12.479999999999992,248,0,1,0.050000000000000044,0.033913054976672415,-0.6269144987867724
ddqn,123,3824,98014,-10.25,25,0,1,0.050000000000000044,0.10405981936492026,-0.566669632991155
ddqn,123,3825,98111,9.03,97,1,0,0.050000000000000044,0.07771033359070618,-0.49908459186553955
ddqn,123,3826,98190,-10.790000000000001,79,0,1,0.050000000000000044,0.05625687183346599,-0.5735185354948044
ddqn,123,3827,98326,8.639999999999999,136,1,0,0.050000000000000044,0.04497380209538866,-0.5731666088104248
ddqn,123,3828,98336,-10.1,10,0,1,0.050000000000000044,0.01756414460639159,-0.48369089762369794
ddqn,123,3829,98385,-10.49,49,0,1,0.050000000000000044,0.05828850770679613,-0.5598414291938146
ddqn,123,3830,98641,-2.5599999999999894,256,0,0,0.050000000000000044,0.05139707871421706,-0.5110178384929895
ddqn,123,3831,98737,-10.96,96,0,1,0.050000000000000044,0.05324974545510486,-0.5361015337208906
ddqn,123,3832,98831,-10.940000000000001,94,0,1,0.050000000000000044,0.07006438945055656,-0.4720843589824179
ddqn,123,3833,98981,8.5,150,1,0,0.050000000000000044,0.057378143280450454,-0.5057378505405626
ddqn,123,3834,99008,9.73,27,1,0,0.050000000000000044,0.07850067131221294,-0.6114808704171862
ddqn,123,3835,99070,9.379999999999999,62,1,0,0.050000000000000044,0.06313719339668751,-0.5328807552655538
ddqn,123,3836,99181,-11.110000000000001,111,0,1,0.050000000000000044,0.04838610472091075,-0.6300449509705816
ddqn,123,3837,99223,-10.42,42,0,1,0.050000000000000044,0.04644767232239246,-0.617678952217102
ddqn,123,3838,99234,-10.11,11,0,1,0.050000000000000044,0.04341240723927816,-0.47460798422495526
ddqn,123,3839,99336,-11.02,102,0,1,0.050000000000000044,0.05845538967360671,-0.6130861788988113
ddqn,123,3840,99379,-10.43,43,0,1,0.050000000000000044,0.02972748186439276,-0.573573762178421
ddqn,123,3841,99443,-10.64,64,0,1,0.050000000000000044,0.05812637944472954,-0.6023163720965385
ddqn,123,3842,99649,7.9399999999999995,206,1,0,0.050000000000000044,0.06202216860121833,-0.5820327091675538
ddqn,123,3843,99700,-10.51,51,0,1,0.050000000000000044,0.05358922517356964,-0.5356063510362918
ddqn,123,3844,99771,-10.71,71,0,1,0.050000000000000044,0.09426309453213916,-0.5686617265729343
ddqn,123,3845,99794,9.77,23,1,0,0.050000000000000044,0.11241249429682891,-0.5384053488572439
ddqn,123,3846,99835,-10.41,41,0,1,0.050000000000000044,0.09941727416589856,-0.546906104683876
ddqn,123,3847,99950,8.85,115,1,0,0.050000000000000044,0.052459815484953334,-0.5826215702911903
ddqn,123,3848,99969,-10.19,19,0,1,0.050000000000000044,0.025114382803440093,-0.5974245667457581
