algorithm,seed,episode,global_step,episode_return,episode_steps,success,collision,epsilon,mean_loss,mean_q
dqn,42,1,3,-10.03,3,0,1,0.9999525,,
dqn,42,2,21,-10.18,18,0,1,0.9996675,,
dqn,42,3,24,-10.03,3,0,1,0.99962,,
dqn,42,4,31,-10.07,7,0,1,0.9995091666666667,,
dqn,42,5,34,-10.03,3,0,1,0.9994616666666667,,
dqn,42,6,39,-10.049999999999999,5,0,1,0.9993825,,
dqn,42,7,45,-10.06,6,0,1,0.9992875,,
dqn,42,8,48,-10.03,3,0,1,0.99924,,
dqn,42,9,61,-10.129999999999999,13,0,1,0.9990341666666667,,
dqn,42,10,64,-10.03,3,0,1,0.9989866666666667,,
dqn,42,11,73,-10.09,9,0,1,0.9988441666666666,,
dqn,42,12,76,-10.03,3,0,1,0.9987966666666667,,
dqn,42,13,86,-10.1,10,0,1,0.9986383333333333,,
dqn,42,14,90,-10.04,4,0,1,0.998575,,
dqn,42,15,92,-10.02,2,0,1,0.9985433333333333,,
dqn,42,16,99,-10.07,7,0,1,0.9984325,,
dqn,42,17,105,-10.06,6,0,1,0.9983375,,
dqn,42,18,120,-10.15,15,0,1,0.9981,,
dqn,42,19,137,-10.17,17,0,1,0.9978308333333333,,
dqn,42,20,153,-10.16,16,0,1,0.9975775,,
dqn,42,21,156,-10.03,3,0,1,0.99753,,
dqn,42,22,160,-10.04,4,0,1,0.9974666666666666,,
dqn,42,23,163,-10.03,3,0,1,0.9974191666666666,,
dqn,42,24,171,-10.08,8,0,1,0.9972925,,
dqn,42,25,189,-10.18,18,0,1,0.9970075,,
dqn,42,26,217,-10.28,28,0,1,0.9965641666666667,,
dqn,42,27,220,-10.03,3,0,1,0.9965166666666667,,
dqn,42,28,225,-10.049999999999999,5,0,1,0.9964375,,
dqn,42,29,241,-10.16,16,0,1,0.9961841666666666,,
dqn,42,30,243,-10.02,2,0,1,0.9961525,,
dqn,42,31,252,-10.09,9,0,1,0.99601,,
dqn,42,32,271,-10.19,19,0,1,0.9957091666666666,,
dqn,42,33,300,-10.29,29,0,1,0.99525,,
dqn,42,34,308,-10.08,8,0,1,0.9951233333333334,,
dqn,42,35,320,-10.12,12,0,1,0.9949333333333333,,
dqn,42,36,331,-10.11,11,0,1,0.9947591666666666,,
dqn,42,37,344,-10.129999999999999,13,0,1,0.9945533333333333,,
dqn,42,38,349,-10.049999999999999,5,0,1,0.9944741666666667,,
dqn,42,39,367,-10.18,18,0,1,0.9941891666666667,,
dqn,42,40,373,-10.06,6,0,1,0.9940941666666667,,
dqn,42,41,376,-10.03,3,0,1,0.9940466666666666,,
dqn,42,42,380,-10.04,4,0,1,0.9939833333333333,,
dqn,42,43,418,-10.38,38,0,1,0.9933816666666667,,
dqn,42,44,425,-10.07,7,0,1,0.9932708333333333,,
dqn,42,45,453,-10.28,28,0,1,0.9928275,,
dqn,42,46,462,-10.09,9,0,1,0.992685,,
dqn,42,47,478,-10.16,16,0,1,0.9924316666666667,,
dqn,42,48,485,-10.07,7,0,1,0.9923208333333333,,
dqn,42,49,488,-10.03,3,0,1,0.9922733333333333,,
dqn,42,50,491,-10.03,3,0,1,0.9922258333333334,,
dqn,42,51,509,-10.18,18,0,1,0.9919408333333334,,
dqn,42,52,518,-10.09,9,0,1,0.9917983333333333,,
dqn,42,53,523,-10.049999999999999,5,0,1,0.9917191666666667,,
dqn,42,54,528,-10.049999999999999,5,0,1,0.99164,,
dqn,42,55,533,-10.049999999999999,5,0,1,0.9915608333333333,,
dqn,42,56,547,-10.14,14,0,1,0.9913391666666667,,
dqn,42,57,549,-10.02,2,0,1,0.9913075,,
dqn,42,58,557,-10.08,8,0,1,0.9911808333333333,,
dqn,42,59,575,-10.18,18,0,1,0.9908958333333333,,
dqn,42,60,579,-10.04,4,0,1,0.9908325,,
dqn,42,61,595,-10.16,16,0,1,0.9905791666666667,,
dqn,42,62,596,-10.01,1,0,1,0.9905633333333334,,
dqn,42,63,597,-10.01,1,0,1,0.9905475,,
dqn,42,64,604,-10.07,7,0,1,0.9904366666666666,,
dqn,42,65,614,-10.1,10,0,1,0.9902783333333334,,
dqn,42,66,618,-10.04,4,0,1,0.990215,,
dqn,42,67,620,-10.02,2,0,1,0.9901833333333333,,
dqn,42,68,630,-10.1,10,0,1,0.990025,,
dqn,42,69,633,-10.03,3,0,1,0.9899775,,
dqn,42,70,643,-10.1,10,0,1,0.9898191666666667,,
dqn,42,71,649,-10.06,6,0,1,0.9897241666666666,,
dqn,42,72,654,-10.049999999999999,5,0,1,0.989645,,
dqn,42,73,667,-10.129999999999999,13,0,1,0.9894391666666666,,
dqn,42,74,670,-10.03,3,0,1,0.9893916666666667,,
dqn,42,75,673,-10.03,3,0,1,0.9893441666666667,,
dqn,42,76,676,-10.03,3,0,1,0.9892966666666667,,
dqn,42,77,691,-10.15,15,0,1,0.9890591666666667,,
dqn,42,78,693,-10.02,2,0,1,0.9890275,,
dqn,42,79,695,-10.02,2,0,1,0.9889958333333333,,
dqn,42,80,722,-10.27,27,0,1,0.9885683333333334,,
dqn,42,81,743,-10.209999999999999,21,0,1,0.9882358333333333,,
dqn,42,82,755,-10.12,12,0,1,0.9880458333333333,,
dqn,42,83,759,-10.04,4,0,1,0.9879825,,
dqn,42,84,764,-10.049999999999999,5,0,1,0.9879033333333334,,
dqn,42,85,778,-10.14,14,0,1,0.9876816666666667,,
dqn,42,86,782,-10.04,4,0,1,0.9876183333333334,,
dqn,42,87,786,-10.04,4,0,1,0.987555,,
dqn,42,88,797,-10.11,11,0,1,0.9873808333333334,,
dqn,42,89,853,-10.56,56,0,1,0.9864941666666667,,
dqn,42,90,867,-10.14,14,0,1,0.9862725,,
dqn,42,91,869,-10.02,2,0,1,0.9862408333333333,,
dqn,42,92,871,-10.02,2,0,1,0.9862091666666667,,
dqn,42,93,892,-10.209999999999999,21,0,1,0.9858766666666666,,
dqn,42,94,907,-10.15,15,0,1,0.9856391666666666,,
dqn,42,95,909,-10.02,2,0,1,0.9856075,,
dqn,42,96,912,-10.03,3,0,1,0.98556,,
dqn,42,97,934,-10.22,22,0,1,0.9852116666666667,,
dqn,42,98,943,-10.09,9,0,1,0.9850691666666667,,
dqn,42,99,948,-10.049999999999999,5,0,1,0.98499,,
dqn,42,100,953,-10.049999999999999,5,0,1,0.9849108333333333,,
dqn,42,101,954,-10.01,1,0,1,0.984895,,
dqn,42,102,963,-10.09,9,0,1,0.9847525,,
dqn,42,103,973,-10.1,10,0,1,0.9845941666666667,,
dqn,42,104,980,-10.07,7,0,1,0.9844833333333334,,
dqn,42,105,986,-10.06,6,0,1,0.9843883333333333,,
dqn,42,106,997,-10.11,11,0,1,0.9842141666666666,,
dqn,42,107,1003,-10.06,6,0,1,0.9841191666666667,,
dqn,42,108,1025,-10.22,22,0,1,0.9837708333333334,,
dqn,42,109,1044,-10.19,19,0,1,0.98347,,
dqn,42,110,1048,-10.04,4,0,1,0.9834066666666667,,
dqn,42,111,1055,-10.07,7,0,1,0.9832958333333334,,
dqn,42,112,1058,-10.03,3,0,1,0.9832483333333333,,
dqn,42,113,1074,-10.16,16,0,1,0.982995,,
dqn,42,114,1085,-10.11,11,0,1,0.9828208333333334,,
dqn,42,115,1087,-10.02,2,0,1,0.9827891666666667,,
dqn,42,116,1110,-10.23,23,0,1,0.982425,,
dqn,42,117,1136,-10.26,26,0,1,0.9820133333333333,,
dqn,42,118,1157,-10.209999999999999,21,0,1,0.9816808333333333,,
dqn,42,119,1161,-10.04,4,0,1,0.9816175,,
dqn,42,120,1175,-10.14,14,0,1,0.9813958333333334,,
dqn,42,121,1179,-10.04,4,0,1,0.9813325,,
dqn,42,122,1187,-10.08,8,0,1,0.9812058333333333,,
dqn,42,123,1191,-10.04,4,0,1,0.9811425,,
dqn,42,124,1203,-10.12,12,0,1,0.9809525,,
dqn,42,125,1216,-10.129999999999999,13,0,1,0.9807466666666667,,
dqn,42,126,1219,-10.03,3,0,1,0.9806991666666667,,
dqn,42,127,1221,-10.02,2,0,1,0.9806675,,
dqn,42,128,1227,-10.06,6,0,1,0.9805725,,
dqn,42,129,1234,-10.07,7,0,1,0.9804616666666667,,
dqn,42,130,1242,-10.08,8,0,1,0.980335,,
dqn,42,131,1246,-10.04,4,0,1,0.9802716666666667,,
dqn,42,132,1250,-10.04,4,0,1,0.9802083333333333,,
dqn,42,133,1256,-10.06,6,0,1,0.9801133333333333,,
dqn,42,134,1269,-10.129999999999999,13,0,1,0.9799075,,
dqn,42,135,1271,-10.02,2,0,1,0.9798758333333333,,
dqn,42,136,1273,-10.02,2,0,1,0.9798441666666666,,
dqn,42,137,1275,-10.02,2,0,1,0.9798125,,
dqn,42,138,1279,-10.04,4,0,1,0.9797491666666667,,
dqn,42,139,1280,-10.01,1,0,1,0.9797333333333333,,
dqn,42,140,1287,-10.07,7,0,1,0.9796225,,
dqn,42,141,1297,-10.1,10,0,1,0.9794641666666667,,
dqn,42,142,1299,-10.02,2,0,1,0.9794325,,
dqn,42,143,1303,-10.04,4,0,1,0.9793691666666666,,
dqn,42,144,1321,-10.18,18,0,1,0.9790841666666666,,
dqn,42,145,1323,-10.02,2,0,1,0.9790525,,
dqn,42,146,1328,-10.049999999999999,5,0,1,0.9789733333333334,,
dqn,42,147,1335,-10.07,7,0,1,0.9788625,,
dqn,42,148,1355,-10.2,20,0,1,0.9785458333333333,,
dqn,42,149,1374,-10.19,19,0,1,0.978245,,
dqn,42,150,1378,-10.04,4,0,1,0.9781816666666666,,
dqn,42,151,1383,-10.049999999999999,5,0,1,0.9781025,,
dqn,42,152,1394,-10.11,11,0,1,0.9779283333333333,,
dqn,42,153,1410,-10.16,16,0,1,0.977675,,
dqn,42,154,1414,-10.04,4,0,1,0.9776116666666667,,
dqn,42,155,1418,-10.04,4,0,1,0.9775483333333334,,
dqn,42,156,1438,-10.2,20,0,1,0.9772316666666667,,
dqn,42,157,1441,-10.03,3,0,1,0.9771841666666666,,
dqn,42,158,1447,-10.06,6,0,1,0.9770891666666667,,
dqn,42,159,1450,-10.03,3,0,1,0.9770416666666667,,
dqn,42,160,1458,-10.08,8,0,1,0.976915,,
dqn,42,161,1460,-10.02,2,0,1,0.9768833333333333,,
dqn,42,162,1469,-10.09,9,0,1,0.9767408333333334,,
dqn,42,163,1485,-10.16,16,0,1,0.9764875,,
dqn,42,164,1492,-10.07,7,0,1,0.9763766666666667,,
dqn,42,165,1498,-10.06,6,0,1,0.9762816666666667,,
dqn,42,166,1523,-10.25,25,0,1,0.9758858333333333,,
dqn,42,167,1529,-10.06,6,0,1,0.9757908333333334,,
dqn,42,168,1537,-10.08,8,0,1,0.9756641666666667,,
dqn,42,169,1542,-10.049999999999999,5,0,1,0.975585,,
dqn,42,170,1577,-10.35,35,0,1,0.9750308333333333,,
dqn,42,171,1579,-10.02,2,0,1,0.9749991666666666,,
dqn,42,172,1584,-10.049999999999999,5,0,1,0.97492,,
dqn,42,173,1585,-10.01,1,0,1,0.9749041666666667,,
dqn,42,174,1619,-10.34,34,0,1,0.9743658333333334,,
dqn,42,175,1646,-10.27,27,0,1,0.9739383333333334,,
dqn,42,176,1661,-10.15,15,0,1,0.9737008333333333,,
dqn,42,177,1664,-10.03,3,0,1,0.9736533333333334,,
dqn,42,178,1672,-10.08,8,0,1,0.9735266666666667,,
dqn,42,179,1674,-10.02,2,0,1,0.973495,,
dqn,42,180,1676,-10.02,2,0,1,0.9734633333333333,,
dqn,42,181,1682,-10.06,6,0,1,0.9733683333333334,,
dqn,42,182,1686,-10.04,4,0,1,0.973305,,
dqn,42,183,1693,-10.07,7,0,1,0.9731941666666667,,
dqn,42,184,1727,-10.34,34,0,1,0.9726558333333334,,
dqn,42,185,1733,-10.06,6,0,1,0.9725608333333333,,
dqn,42,186,1737,-10.04,4,0,1,0.9724975,,
dqn,42,187,1747,-10.1,10,0,1,0.9723391666666666,,
dqn,42,188,1752,-10.049999999999999,5,0,1,0.97226,,
dqn,42,189,1761,-10.09,9,0,1,0.9721175,,
dqn,42,190,1769,-10.08,8,0,1,0.9719908333333334,,
dqn,42,191,1771,-10.02,2,0,1,0.9719591666666667,,
dqn,42,192,1779,-10.08,8,0,1,0.9718325,,
dqn,42,193,1782,-10.03,3,0,1,0.971785,,
dqn,42,194,1785,-10.03,3,0,1,0.9717375,,
dqn,42,195,1787,-10.02,2,0,1,0.9717058333333334,,
dqn,42,196,1819,-10.32,32,0,1,0.9711991666666666,,
dqn,42,197,1823,-10.04,4,0,1,0.9711358333333333,,
dqn,42,198,1846,-10.23,23,0,1,0.9707716666666667,,
dqn,42,199,1848,-10.02,2,0,1,0.97074,,
dqn,42,200,1851,-10.03,3,0,1,0.9706925,,
dqn,42,201,1856,-10.049999999999999,5,0,1,0.9706133333333333,,
dqn,42,202,1859,-10.03,3,0,1,0.9705658333333333,,
dqn,42,203,1870,-10.11,11,0,1,0.9703916666666667,,
dqn,42,204,1879,-10.09,9,0,1,0.9702491666666667,,
dqn,42,205,1886,-10.07,7,0,1,0.9701383333333333,,
dqn,42,206,1895,-10.09,9,0,1,0.9699958333333334,,
dqn,42,207,1897,-10.02,2,0,1,0.9699641666666666,,
dqn,42,208,1908,-10.11,11,0,1,0.96979,,
dqn,42,209,1918,-10.1,10,0,1,0.9696316666666667,,
dqn,42,210,1922,-10.04,4,0,1,0.9695683333333334,,
dqn,42,211,1934,-10.12,12,0,1,0.9693783333333333,,
dqn,42,212,1948,-10.14,14,0,1,0.9691566666666667,,
dqn,42,213,1954,-10.06,6,0,1,0.9690616666666667,,
dqn,42,214,1964,-10.1,10,0,1,0.9689033333333333,,
dqn,42,215,1970,-10.06,6,0,1,0.9688083333333334,,
dqn,42,216,1974,-10.04,4,0,1,0.968745,,
dqn,42,217,1977,-10.03,3,0,1,0.9686975,,
dqn,42,218,1979,-10.02,2,0,1,0.9686658333333333,,
dqn,42,219,1982,-10.03,3,0,1,0.9686183333333334,,
dqn,42,220,1986,-10.04,4,0,1,0.968555,,
dqn,42,221,1988,-10.02,2,0,1,0.9685233333333333,,
dqn,42,222,1990,-10.02,2,0,1,0.9684916666666666,,
dqn,42,223,2001,-10.11,11,0,1,0.9683175,1.318739891052246,-0.05734029412269592
dqn,42,224,2003,-10.02,2,0,1,0.9682858333333333,,
dqn,42,225,2004,-10.01,1,0,1,0.96827,1.0162534713745117,-0.08097146451473236
dqn,42,226,2012,-10.08,8,0,1,0.9681433333333334,1.6988481283187866,-0.18878677487373352
dqn,42,227,2025,-10.129999999999999,13,0,1,0.9679375,0.7795528074105581,-0.23178075750668845
dqn,42,228,2029,-10.04,4,0,1,0.9678741666666667,1.0163172483444214,-0.2885759174823761
dqn,42,229,2035,-10.06,6,0,1,0.9677791666666666,0.7197365760803223,-0.2259984016418457
dqn,42,230,2037,-10.02,2,0,1,0.9677475,0.84222811460495,-0.20871609449386597
dqn,42,231,2041,-10.04,4,0,1,0.9676841666666667,0.8682926893234253,-0.24795138835906982
dqn,42,232,2045,-10.04,4,0,1,0.9676208333333334,1.5463289022445679,-0.26953208446502686
dqn,42,233,2078,-10.33,33,0,1,0.9670983333333333,1.0031460300087929,-0.19391576014459133
dqn,42,234,2080,-10.02,2,0,1,0.9670666666666666,0.7220481038093567,-0.21032598614692688
dqn,42,235,2091,-10.11,11,0,1,0.9668925,0.7168030440807343,-0.2210443764925003
dqn,42,236,2099,-10.08,8,0,1,0.9667658333333333,0.8357243537902832,-0.18583782017230988
dqn,42,237,2127,-10.28,28,0,1,0.9663225,1.1430675302233015,-0.22579349790300643
dqn,42,238,2166,-10.39,39,0,1,0.965705,1.0201579988002778,-0.2904106080532074
dqn,42,239,2185,-10.19,19,0,1,0.9654041666666666,0.8815372228622437,-0.3707817941904068
dqn,42,240,2190,-10.049999999999999,5,0,1,0.965325,0.4787375330924988,-0.44082877039909363
dqn,42,241,2194,-10.04,4,0,1,0.9652616666666667,1.134236216545105,-0.6910435557365417
dqn,42,242,2196,-10.02,2,0,1,0.96523,1.135565161705017,-0.723481297492981
dqn,42,243,2207,-10.11,11,0,1,0.9650558333333333,1.3653821349143982,-0.7152448892593384
dqn,42,244,2223,-10.16,16,0,1,0.9648025,0.9973347336053848,-0.4048646166920662
dqn,42,245,2228,-10.049999999999999,5,0,1,0.9647233333333334,0.7934426367282867,-0.5339691340923309
dqn,42,246,2235,-10.07,7,0,1,0.9646125,1.000030517578125,-0.7607744932174683
dqn,42,247,2237,-10.02,2,0,1,0.9645808333333333,0.7568773627281189,-0.8088065981864929
dqn,42,248,2239,-10.02,2,0,1,0.9645491666666667,,
dqn,42,249,2241,-10.02,2,0,1,0.9645175,0.4902274012565613,-0.6938318014144897
dqn,42,250,2247,-10.06,6,0,1,0.9644225,0.8766546845436096,-0.6901358366012573
dqn,42,251,2249,-10.02,2,0,1,0.9643908333333333,0.5866225957870483,-0.4556117355823517
dqn,42,252,2252,-10.03,3,0,1,0.9643433333333333,0.6678881645202637,-0.2177659273147583
dqn,42,253,2258,-10.06,6,0,1,0.9642483333333334,0.879349410533905,-0.28565162420272827
dqn,42,254,2275,-10.17,17,0,1,0.9639791666666666,0.7727336287498474,-0.5042719319462776
dqn,42,255,2278,-10.03,3,0,1,0.9639316666666666,0.7094228267669678,-0.8929386138916016
dqn,42,256,2285,-10.07,7,0,1,0.9638208333333333,0.922575443983078,-1.331220120191574
dqn,42,257,2289,-10.04,4,0,1,0.9637575,0.9244647026062012,-1.354764699935913
dqn,42,258,2291,-10.02,2,0,1,0.9637258333333334,,
dqn,42,259,2321,-10.3,30,0,1,0.9632508333333334,0.6425387188792229,-1.0346695445477962
dqn,42,260,2329,-10.08,8,0,1,0.9631241666666667,0.7039577066898346,-0.792499303817749
dqn,42,261,2331,-10.02,2,0,1,0.9630925,,
dqn,42,262,2333,-10.02,2,0,1,0.9630608333333334,0.27357783913612366,-1.4002478122711182
dqn,42,263,2335,-10.02,2,0,1,0.9630291666666667,,
dqn,42,264,2341,-10.06,6,0,1,0.9629341666666666,1.0790372490882874,-1.2948541045188904
dqn,42,265,2345,-10.04,4,0,1,0.9628708333333333,0.28381726145744324,-0.8053834438323975
dqn,42,266,2347,-10.02,2,0,1,0.9628391666666667,,
dqn,42,267,2375,-10.28,28,0,1,0.9623958333333333,0.46184805035591125,-0.9425338975020817
dqn,42,268,2381,-10.06,6,0,1,0.9623008333333334,0.6237961649894714,-1.2450963854789734
dqn,42,269,2383,-10.02,2,0,1,0.9622691666666666,,
dqn,42,270,2388,-10.049999999999999,5,0,1,0.96219,0.7199901938438416,-1.293276309967041
dqn,42,271,2392,-10.04,4,0,1,0.9621266666666667,0.40048345923423767,-1.0231468677520752
dqn,42,272,2393,-10.01,1,0,1,0.9621108333333334,,
dqn,42,273,2431,-10.38,38,0,1,0.9615091666666666,0.38897789849175346,-0.9769826531410217
dqn,42,274,2439,-10.08,8,0,1,0.9613825,0.5139415338635445,-0.9400523006916046
dqn,42,275,2441,-10.02,2,0,1,0.9613508333333334,0.2630564570426941,-0.9832731485366821
dqn,42,276,2445,-10.04,4,0,1,0.9612875,0.31693458557128906,-1.1901471614837646
dqn,42,277,2447,-10.02,2,0,1,0.9612558333333333,,
dqn,42,278,2449,-10.02,2,0,1,0.9612241666666667,0.3268772065639496,-0.9645229578018188
dqn,42,279,2455,-10.06,6,0,1,0.9611291666666667,0.15035319328308105,-0.7883033156394958
dqn,42,280,2463,-10.08,8,0,1,0.9610025,0.1396787017583847,-0.7091207206249237
dqn,42,281,2470,-10.07,7,0,1,0.9608916666666667,0.4270559251308441,-1.0135809779167175
dqn,42,282,2472,-10.02,2,0,1,0.96086,0.36523616313934326,-0.51884925365448
dqn,42,283,2482,-10.1,10,0,1,0.9607016666666667,0.28307202458381653,-0.9204218983650208
dqn,42,284,2487,-10.049999999999999,5,0,1,0.9606225,0.36248356103897095,-0.8543696403503418
dqn,42,285,2503,-10.16,16,0,1,0.9603691666666667,0.2643141336739063,-0.8634709864854813
dqn,42,286,2510,-10.07,7,0,1,0.9602583333333333,0.539721667766571,-0.7292994856834412
dqn,42,287,2520,-10.1,10,0,1,0.9601,0.37480304141839343,-1.1005890369415283
dqn,42,288,2522,-10.02,2,0,1,0.9600683333333333,,
dqn,42,289,2525,-10.03,3,0,1,0.9600208333333333,0.10216550529003143,-0.30749326944351196
dqn,42,290,2533,-10.08,8,0,1,0.9598941666666667,0.3770856261253357,-0.6135182529687881
dqn,42,291,2540,-10.07,7,0,1,0.9597833333333333,0.5811585634946823,-0.9847124814987183
dqn,42,292,2543,-10.03,3,0,1,0.9597358333333333,,
dqn,42,293,2549,-10.06,6,0,1,0.9596408333333334,0.3704659938812256,-0.9512378573417664
dqn,42,294,2553,-10.04,4,0,1,0.9595775,0.3456566333770752,-1.1823205947875977
dqn,42,295,2574,-10.209999999999999,21,0,1,0.959245,0.3284851133823395,-0.9191949009895325
dqn,42,296,2579,-10.049999999999999,5,0,1,0.9591658333333334,0.16546154022216797,-0.8594374656677246
dqn,42,297,2585,-10.06,6,0,1,0.9590708333333333,0.24706131219863892,-1.3044339418411255
dqn,42,298,2594,-10.09,9,0,1,0.9589283333333334,0.3619389683008194,-0.9616206288337708
dqn,42,299,2600,-10.06,6,0,1,0.9588333333333333,0.17314157634973526,-1.4837214350700378
dqn,42,300,2602,-10.02,2,0,1,0.9588016666666667,,
dqn,42,301,2609,-10.07,7,0,1,0.9586908333333334,0.41209907829761505,-1.393863558769226
dqn,42,302,2618,-10.09,9,0,1,0.9585483333333333,0.39874766767024994,-0.9059166610240936
dqn,42,303,2643,-10.25,25,0,1,0.9581525,0.37557590504487354,-1.127718488375346
dqn,42,304,2651,-10.08,8,0,1,0.9580258333333334,0.259010374546051,-0.8423281610012054
dqn,42,305,2654,-10.03,3,0,1,0.9579783333333334,0.16694393754005432,-0.23176532983779907
dqn,42,306,2691,-10.37,37,0,1,0.9573925,0.39242571261194015,-0.9725539022021823
dqn,42,307,2704,-10.129999999999999,13,0,1,0.9571866666666666,0.2752441130578518,-0.6583179980516434
dqn,42,308,2711,-10.07,7,0,1,0.9570758333333333,0.3292589485645294,-0.7805860042572021
dqn,42,309,2718,-10.07,7,0,1,0.956965,0.310068279504776,-1.303765743970871
dqn,42,310,2720,-10.02,2,0,1,0.9569333333333333,0.4987833499908447,-0.6015170812606812
dqn,42,311,2726,-10.06,6,0,1,0.9568383333333333,0.5020726919174194,-1.3972218036651611
dqn,42,312,2733,-10.07,7,0,1,0.9567275,0.20058712363243103,-0.6711001992225647
dqn,42,313,2740,-10.07,7,0,1,0.9566166666666667,0.5401448607444763,-1.0298196971416473
dqn,42,314,2753,-10.129999999999999,13,0,1,0.9564108333333333,0.6224049429098765,-0.8183127045631409
dqn,42,315,2755,-10.02,2,0,1,0.9563791666666667,,
dqn,42,316,2761,-10.06,6,0,1,0.9562841666666667,0.21036501228809357,-1.4509680271148682
dqn,42,317,2783,-10.22,22,0,1,0.9559358333333333,0.2853198736906052,-0.9357085943222045
dqn,42,318,2787,-10.04,4,0,1,0.9558725,0.2013789564371109,-0.7718406915664673
dqn,42,319,2797,-10.1,10,0,1,0.9557141666666666,0.2228769212961197,-1.0404082934061687
dqn,42,320,2803,-10.06,6,0,1,0.9556191666666667,0.559381365776062,-0.6444671750068665
dqn,42,321,2804,-10.01,1,0,1,0.9556033333333334,0.4803372621536255,-0.9027823209762573
dqn,42,322,2825,-10.209999999999999,21,0,1,0.9552708333333333,0.30531754195690153,-0.7153923869132995
dqn,42,323,2829,-10.04,4,0,1,0.9552075,0.6250187158584595,-1.1985737085342407
dqn,42,324,2833,-10.04,4,0,1,0.9551441666666667,0.20613975822925568,-0.45207372307777405
dqn,42,325,2848,-10.15,15,0,1,0.9549066666666667,0.3742202133871615,-1.1146089285612106
dqn,42,326,2853,-10.049999999999999,5,0,1,0.9548275,0.2384330928325653,-1.4443385601043701
dqn,42,327,2855,-10.02,2,0,1,0.9547958333333333,,
dqn,42,328,2858,-10.03,3,0,1,0.9547483333333333,0.6680283546447754,-0.5196451544761658
dqn,42,329,2864,-10.06,6,0,1,0.9546533333333334,0.367344468832016,-0.8538160026073456
dqn,42,330,2868,-10.04,4,0,1,0.95459,0.32567721605300903,-0.758651077747345
dqn,42,331,2884,-10.16,16,0,1,0.9543366666666666,0.2730765091255307,-1.2666250169277191
dqn,42,332,2896,-10.12,12,0,1,0.9541466666666667,0.3432658389210701,-0.7531268199284872
dqn,42,333,2899,-10.03,3,0,1,0.9540991666666667,,
dqn,42,334,2908,-10.09,9,0,1,0.9539566666666667,0.25451899071534473,-1.212202747662862
dqn,42,335,2912,-10.04,4,0,1,0.9538933333333334,0.42160630226135254,-0.6822671890258789
dqn,42,336,2913,-10.01,1,0,1,0.9538775,,
dqn,42,337,2925,-10.12,12,0,1,0.9536875,0.33601583043734234,-0.6430177328487238
dqn,42,338,2938,-10.129999999999999,13,0,1,0.9534816666666667,0.3046450155476729,-0.7107822895050049
dqn,42,339,2953,-10.15,15,0,1,0.9532441666666667,0.2474728561937809,-0.7380915656685829
dqn,42,340,2956,-10.03,3,0,1,0.9531966666666667,0.30819374322891235,-1.2986347675323486
dqn,42,341,2960,-10.04,4,0,1,0.9531333333333334,0.5731574892997742,-0.5559417009353638
dqn,42,342,2963,-10.03,3,0,1,0.9530858333333333,,
dqn,42,343,2973,-10.1,10,0,1,0.9529275,0.3824898699919383,-1.2644428412119548
dqn,42,344,2976,-10.03,3,0,1,0.95288,0.49201127886772156,-0.49376559257507324
dqn,42,345,2992,-10.16,16,0,1,0.9526266666666666,0.25388678908348083,-0.7630997523665428
dqn,42,346,2997,-10.049999999999999,5,0,1,0.9525475,0.2983851730823517,-0.693589448928833
dqn,42,347,3015,-10.18,18,0,1,0.9522625,0.16100049391388893,-1.1121439635753632
dqn,42,348,3017,-10.02,2,0,1,0.9522308333333334,0.1780349463224411,-1.3734443187713623
dqn,42,349,3020,-10.03,3,0,1,0.9521833333333334,0.3463682532310486,-0.7746982574462891
dqn,42,350,3027,-10.07,7,0,1,0.9520725,0.9030541777610779,-1.0950983762741089
dqn,42,351,3057,-10.3,30,0,1,0.9515975,0.3092993274331093,-1.0680041536688805
dqn,42,352,3104,-10.47,47,0,1,0.9508533333333333,0.20085912841993073,-0.8760191947221756
dqn,42,353,3105,-10.01,1,0,1,0.9508375,,
dqn,42,354,3113,-10.08,8,0,1,0.9507108333333334,0.4072476327419281,-0.9025552272796631
dqn,42,355,3139,-10.26,26,0,1,0.9502991666666667,0.31971613069375354,-0.9092210729916891
dqn,42,356,3148,-10.09,9,0,1,0.9501566666666666,0.22945142661531767,-1.1258261799812317
dqn,42,357,3155,-10.07,7,0,1,0.9500458333333334,0.16546057164669037,-1.1746466159820557
dqn,42,358,3180,-10.25,25,0,1,0.94965,0.2423476092517376,-0.8588362953492573
dqn,42,359,3186,-10.06,6,0,1,0.949555,0.39013218879699707,-0.42588990926742554
dqn,42,360,3189,-10.03,3,0,1,0.9495075,0.3712965250015259,-0.7110987305641174
dqn,42,361,3194,-10.049999999999999,5,0,1,0.9494283333333333,0.19068685173988342,-0.9971174001693726
dqn,42,362,3199,-10.049999999999999,5,0,1,0.9493491666666667,0.24327795207500458,-1.0709195137023926
dqn,42,363,3208,-10.09,9,0,1,0.9492066666666666,0.1119098470856746,-1.075110415617625
dqn,42,364,3216,-10.08,8,0,1,0.94908,0.21967065334320068,-0.5688005685806274
dqn,42,365,3221,-10.049999999999999,5,0,1,0.9490008333333333,0.33627790212631226,-1.0346800088882446
dqn,42,366,3248,-10.27,27,0,1,0.9485733333333334,0.17205612574304854,-0.9168224462441036
dqn,42,367,3264,-10.16,16,0,1,0.94832,0.28327853651717305,-1.1397154331207275
dqn,42,368,3266,-10.02,2,0,1,0.9482883333333333,,
dqn,42,369,3272,-10.06,6,0,1,0.9481933333333333,0.24771706759929657,-0.942159116268158
dqn,42,370,3277,-10.049999999999999,5,0,1,0.9481141666666667,0.9874396324157715,-1.3331806659698486
dqn,42,371,3279,-10.02,2,0,1,0.9480825,,
dqn,42,372,3281,-10.02,2,0,1,0.9480508333333333,0.026097705587744713,-0.669992983341217
dqn,42,373,3296,-10.15,15,0,1,0.9478133333333333,0.24358803406357765,-0.8686910048127174
dqn,42,374,3300,-10.04,4,0,1,0.94775,0.16015708446502686,-0.84989333152771
dqn,42,375,3327,-10.27,27,0,1,0.9473225,0.183237557609876,-1.005649894475937
dqn,42,376,3358,-10.31,31,0,1,0.9468316666666666,0.1938406575936824,-0.7917149513959885
dqn,42,377,3360,-10.02,2,0,1,0.9468,0.19645166397094727,-1.1053593158721924
dqn,42,378,3367,-10.07,7,0,1,0.9466891666666667,0.2010602205991745,-1.3917205333709717
dqn,42,379,3383,-10.16,16,0,1,0.9464358333333334,0.19501183554530144,-0.8028616905212402
dqn,42,380,3403,-10.2,20,0,1,0.9461191666666666,0.23684340715408325,-0.9754954218864441
dqn,42,381,3408,-10.049999999999999,5,0,1,0.94604,0.761868953704834,-1.0392780900001526
dqn,42,382,3412,-10.04,4,0,1,0.9459766666666667,0.4230678677558899,-1.2097514867782593
dqn,42,383,3420,-10.08,8,0,1,0.94585,0.20551013574004173,-0.9844582676887512
dqn,42,384,3427,-10.07,7,0,1,0.9457391666666667,0.13198421895503998,-0.5210263133049011
dqn,42,385,3435,-10.08,8,0,1,0.9456125,0.36144477128982544,-1.2230453491210938
dqn,42,386,3443,-10.08,8,0,1,0.9454858333333334,0.2809184491634369,-0.9368076920509338
dqn,42,387,3448,-10.049999999999999,5,0,1,0.9454066666666667,0.1553520318120718,-0.8561498522758484
dqn,42,388,3454,-10.06,6,0,1,0.9453116666666667,0.20024622976779938,-1.2641239166259766
dqn,42,389,3475,-10.209999999999999,21,0,1,0.9449791666666667,0.21091137826442719,-0.8928389430046082
dqn,42,390,3477,-10.02,2,0,1,0.9449475,0.6025034189224243,-0.7853589057922363
dqn,42,391,3483,-10.06,6,0,1,0.9448525,0.36363711953163147,-1.1017297506332397
dqn,42,392,3493,-10.1,10,0,1,0.9446941666666666,0.15556914048890272,-0.6507349113623301
dqn,42,393,3498,-10.049999999999999,5,0,1,0.944615,0.0571819469332695,-0.6374596357345581
dqn,42,394,3503,-10.049999999999999,5,0,1,0.9445358333333334,0.11607547849416733,-0.8125796318054199
dqn,42,395,3512,-10.09,9,0,1,0.9443933333333333,0.0816800029327472,-1.1178916295369465
dqn,42,396,3540,-10.28,28,0,1,0.94395,0.12195557249443871,-0.7415935173630714
dqn,42,397,3552,-10.12,12,0,1,0.94376,0.1726491041481495,-0.6725287934144338
dqn,42,398,3558,-10.06,6,0,1,0.943665,0.2155364602804184,-0.5799473524093628
dqn,42,399,3568,-10.1,10,0,1,0.9435066666666667,0.15146196695665518,-0.882743239402771
dqn,42,400,3582,-10.14,14,0,1,0.943285,0.2750697582960129,-0.9691640535990397
dqn,42,401,3593,-10.11,11,0,1,0.9431108333333333,0.27324281136194867,-1.0167383750279744
dqn,42,402,3620,-10.27,27,0,1,0.9426833333333333,0.230629903663482,-0.8386137144906181
dqn,42,403,3623,-10.03,3,0,1,0.9426358333333333,,
dqn,42,404,3627,-10.04,4,0,1,0.9425725,0.22102710604667664,-0.6023339033126831
dqn,42,405,3637,-10.1,10,0,1,0.9424141666666667,0.11603333428502083,-0.42869529128074646
dqn,42,406,3654,-10.17,17,0,1,0.942145,0.10024163266643882,-0.9899055361747742
dqn,42,407,3656,-10.02,2,0,1,0.9421133333333334,0.24545536935329437,-0.1665201187133789
dqn,42,408,3661,-10.049999999999999,5,0,1,0.9420341666666667,0.1212276890873909,-0.480660617351532
dqn,42,409,3670,-10.09,9,0,1,0.9418916666666667,0.1706074709072709,-0.7032221257686615
dqn,42,410,3695,-10.25,25,0,1,0.9414958333333333,0.24180801212787628,-0.8427930772304535
dqn,42,411,3698,-10.03,3,0,1,0.9414483333333333,0.17497873306274414,-0.5575854778289795
dqn,42,412,3715,-10.17,17,0,1,0.9411791666666667,0.19575821794569492,-0.7303790152072906
dqn,42,413,3718,-10.03,3,0,1,0.9411316666666667,0.6806514859199524,-0.7835375070571899
dqn,42,414,3719,-10.01,1,0,1,0.9411158333333334,,
dqn,42,415,3728,-10.09,9,0,1,0.9409733333333333,0.23995331426461539,-1.7141649723052979
dqn,42,416,3735,-10.07,7,0,1,0.9408625,0.17383842170238495,-0.24507418274879456
dqn,42,417,3739,-10.04,4,0,1,0.9407991666666666,0.3893246650695801,-1.4554718732833862
dqn,42,418,3750,-10.11,11,0,1,0.940625,0.22812138497829437,-0.9458989898363749
dqn,42,419,3754,-10.04,4,0,1,0.9405616666666666,0.2034141570329666,-1.1164209842681885
dqn,42,420,3769,-10.15,15,0,1,0.9403241666666666,0.15327535942196846,-1.0857969671487808
dqn,42,421,3799,-10.3,30,0,1,0.9398491666666666,0.24574330981288636,-0.887542222227369
dqn,42,422,3809,-10.1,10,0,1,0.9396908333333334,0.15238620340824127,-1.1616475184758503
dqn,42,423,3819,-10.1,10,0,1,0.9395325,0.1135296430438757,-1.0225396752357483
dqn,42,424,3825,-10.06,6,0,1,0.9394375,0.2348705530166626,-0.7983453273773193
dqn,42,425,3829,-10.04,4,0,1,0.9393741666666666,0.32631561160087585,-0.712287187576294
dqn,42,426,3832,-10.03,3,0,1,0.9393266666666666,0.40004146099090576,-1.1240694522857666
dqn,42,427,3840,-10.08,8,0,1,0.9392,0.10519992373883724,-0.6991595923900604
dqn,42,428,3869,-10.29,29,0,1,0.9387408333333334,0.17852725301470077,-1.0711393015725272
dqn,42,429,3871,-10.02,2,0,1,0.9387091666666667,,
dqn,42,430,3873,-10.02,2,0,1,0.9386775,0.07007227838039398,-0.9174403548240662
dqn,42,431,3879,-10.06,6,0,1,0.9385825,0.190201997756958,-1.3043739795684814
dqn,42,432,3895,-10.16,16,0,1,0.9383291666666667,0.14060028828680515,-0.7985778599977493
dqn,42,433,3897,-10.02,2,0,1,0.9382975,0.3208405673503876,-1.7401337623596191
dqn,42,434,3899,-10.02,2,0,1,0.9382658333333334,,
dqn,42,435,3908,-10.09,9,0,1,0.9381233333333333,0.128669003645579,-1.319464882214864
dqn,42,436,3916,-10.08,8,0,1,0.9379966666666667,0.2142849713563919,-0.639464795589447
dqn,42,437,3918,-10.02,2,0,1,0.937965,,
dqn,42,438,3923,-10.049999999999999,5,0,1,0.9378858333333333,0.20185913145542145,-0.916547417640686
dqn,42,439,3943,-10.2,20,0,1,0.9375691666666667,0.16146158874034883,-0.9589378654956817
dqn,42,440,3956,-10.129999999999999,13,0,1,0.9373633333333333,0.18487634230405092,-0.8949538022279739
dqn,42,441,3964,-10.08,8,0,1,0.9372366666666667,0.11544231697916985,-0.7531132474541664
dqn,42,442,3970,-10.06,6,0,1,0.9371416666666667,0.2143743634223938,-1.5906426906585693
dqn,42,443,3980,-10.1,10,0,1,0.9369833333333334,0.23066546022891998,-1.5294036070505779
dqn,42,444,3988,-10.08,8,0,1,0.9368566666666667,0.3287363648414612,-0.7288566529750824
dqn,42,445,4010,-10.22,22,0,1,0.9365083333333334,0.13465664759278298,-1.0799559235572815
dqn,42,446,4016,-10.06,6,0,1,0.9364133333333333,0.19483600556850433,-0.7362508177757263
dqn,42,447,4035,-10.19,19,0,1,0.9361125,0.09170083119533956,-0.613320916891098
dqn,42,448,4041,-10.06,6,0,1,0.9360175000000001,0.2777668535709381,-1.9169949293136597
dqn,42,449,4049,-10.08,8,0,1,0.9358908333333333,0.1631406918168068,-1.1799128651618958
dqn,42,450,4053,-10.04,4,0,1,0.9358275,0.06165807694196701,-1.2172722816467285
dqn,42,451,4058,-10.049999999999999,5,0,1,0.9357483333333333,0.11792168021202087,-1.088660478591919
dqn,42,452,4067,-10.09,9,0,1,0.9356058333333334,0.15651297569274902,-1.2806970477104187
dqn,42,453,4074,-10.07,7,0,1,0.935495,0.09952050633728504,-0.623540073633194
dqn,42,454,4076,-10.02,2,0,1,0.9354633333333333,0.04019613191485405,-1.6101410388946533
dqn,42,455,4079,-10.03,3,0,1,0.9354158333333333,,
dqn,42,456,4083,-10.04,4,0,1,0.9353525,0.11039657145738602,-0.7123157978057861
dqn,42,457,4086,-10.03,3,0,1,0.935305,0.15855911374092102,-0.846512496471405
dqn,42,458,4092,-10.06,6,0,1,0.93521,0.05294070206582546,-0.6265869736671448
dqn,42,459,4102,-10.1,10,0,1,0.9350516666666666,0.11468775570392609,-1.1275478601455688
dqn,42,460,4107,-10.049999999999999,5,0,1,0.9349725,0.10406407713890076,-1.7362381219863892
dqn,42,461,4112,-10.049999999999999,5,0,1,0.9348933333333334,0.1363677643239498,-0.5096688866615295
dqn,42,462,4126,-10.14,14,0,1,0.9346716666666667,0.08268016949295998,-0.8081961671511332
dqn,42,463,4129,-10.03,3,0,1,0.9346241666666667,0.15639281272888184,-0.8747315406799316
dqn,42,464,4163,-10.34,34,0,1,0.9340858333333333,0.19458025181666017,-0.989675983786583
dqn,42,465,4170,-10.07,7,0,1,0.933975,0.15477608889341354,-1.1421822905540466
dqn,42,466,4172,-10.02,2,0,1,0.9339433333333333,0.02190519869327545,-0.8881051540374756
dqn,42,467,4183,-10.11,11,0,1,0.9337691666666667,0.13490311056375504,-0.4931993931531906
dqn,42,468,4192,-10.09,9,0,1,0.9336266666666667,0.11050627194344997,-0.9810075163841248
dqn,42,469,4195,-10.03,3,0,1,0.9335791666666666,,
dqn,42,470,4216,-10.209999999999999,21,0,1,0.9332466666666667,0.11072354422261317,-1.047790288925171
dqn,42,471,4240,-10.24,24,0,1,0.9328666666666666,0.06886615371331573,-1.1530343492825825
dqn,42,472,4265,-10.25,25,0,1,0.9324708333333334,0.10306844860315323,-1.0221475859483082
dqn,42,473,4279,-10.14,14,0,1,0.9322491666666667,0.10457938412825267,-1.0212531089782715
dqn,42,474,4301,-10.22,22,0,1,0.9319008333333333,0.19808551638076702,-1.2521104911963146
dqn,42,475,4303,-10.02,2,0,1,0.9318691666666666,,
dqn,42,476,4310,-10.07,7,0,1,0.9317583333333334,0.21370471641421318,-1.1980592012405396
dqn,42,477,4320,-10.1,10,0,1,0.9316,0.15379143754641214,-1.0941627820332844
dqn,42,478,4323,-10.03,3,0,1,0.9315525,,
dqn,42,479,4354,-10.31,31,0,1,0.9310616666666667,0.10392374219372869,-0.959241658449173
dqn,42,480,4356,-10.02,2,0,1,0.93103,0.1861509084701538,-1.240592360496521
dqn,42,481,4359,-10.03,3,0,1,0.9309825,,
dqn,42,482,4362,-10.03,3,0,1,0.930935,0.13943001627922058,-0.9947710037231445
dqn,42,483,4368,-10.06,6,0,1,0.93084,0.08514470234513283,-1.0431813299655914
dqn,42,484,4375,-10.07,7,0,1,0.9307291666666666,0.015064597129821777,-1.4106509685516357
dqn,42,485,4377,-10.02,2,0,1,0.9306975,0.12332890927791595,-0.4806608557701111
dqn,42,486,4380,-10.03,3,0,1,0.93065,0.05159518122673035,-0.7081842422485352
dqn,42,487,4385,-10.049999999999999,5,0,1,0.9305708333333333,0.19330847263336182,-0.8499199151992798
dqn,42,488,4393,-10.08,8,0,1,0.9304441666666666,0.06730887293815613,-0.4945615977048874
dqn,42,489,4398,-10.049999999999999,5,0,1,0.930365,0.059889305382966995,-1.1798779964447021
dqn,42,490,4409,-10.11,11,0,1,0.9301908333333333,0.07068610191345215,-0.796698808670044
dqn,42,491,4411,-10.02,2,0,1,0.9301591666666666,,
dqn,42,492,4422,-10.11,11,0,1,0.9299850000000001,0.18832665433486304,-1.0449524919191997
dqn,42,493,4423,-10.01,1,0,1,0.9299691666666666,,
dqn,42,494,4425,-10.02,2,0,1,0.9299375,0.20195260643959045,-1.5709855556488037
dqn,42,495,4433,-10.08,8,0,1,0.9298108333333334,0.1254872791469097,-1.5279266834259033
dqn,42,496,4446,-10.129999999999999,13,0,1,0.929605,0.12755020707845688,-0.8287327090899149
dqn,42,497,4452,-10.06,6,0,1,0.9295100000000001,0.08264478482306004,-0.5579938590526581
dqn,42,498,4463,-10.11,11,0,1,0.9293358333333334,0.09664906933903694,-0.7856748700141907
dqn,42,499,4465,-10.02,2,0,1,0.9293041666666667,0.12156054377555847,-1.0043519735336304
dqn,42,500,4477,-10.12,12,0,1,0.9291141666666667,0.05532585953672727,-0.8670397202173868
dqn,42,501,4482,-10.049999999999999,5,0,1,0.929035,0.06889922171831131,-0.45825380086898804
dqn,42,502,4496,-10.14,14,0,1,0.9288133333333334,0.09130727918818593,-1.152832806110382
dqn,42,503,4503,-10.07,7,0,1,0.9287025,0.23471218347549438,-1.7219113111495972
dqn,42,504,4505,-10.02,2,0,1,0.9286708333333333,0.045751653611660004,-0.5637314319610596
dqn,42,505,4513,-10.08,8,0,1,0.9285441666666667,0.08462291210889816,-0.5719159841537476
dqn,42,506,4520,-10.07,7,0,1,0.9284333333333333,0.062085237354040146,-0.880121260881424
dqn,42,507,4527,-10.07,7,0,1,0.9283224999999999,0.11719010770320892,-0.6688972115516663
dqn,42,508,4551,-10.24,24,0,1,0.9279425,0.1402016282081604,-1.1837092339992523
dqn,42,509,4555,-10.04,4,0,1,0.9278791666666667,0.15287445485591888,-0.838228166103363
dqn,42,510,4560,-10.049999999999999,5,0,1,0.9278,0.11671994626522064,-1.8007729649543762
dqn,42,511,4570,-10.1,10,0,1,0.9276416666666667,0.08540735021233559,-1.1502759456634521
dqn,42,512,4584,-10.14,14,0,1,0.92742,0.10415948834270239,-0.9106998294591904
dqn,42,513,4621,-10.37,37,0,1,0.9268341666666666,0.08396258660488659,-0.7842475672562917
dqn,42,514,4627,-10.06,6,0,1,0.9267391666666667,0.025305692106485367,-0.9807276725769043
dqn,42,515,4631,-10.04,4,0,1,0.9266758333333334,0.0844186395406723,-0.8093186616897583
dqn,42,516,4646,-10.15,15,0,1,0.9264383333333334,0.10255012102425098,-1.416691541671753
dqn,42,517,4651,-10.049999999999999,5,0,1,0.9263591666666666,0.02877047471702099,-0.678612470626831
dqn,42,518,4660,-10.09,9,0,1,0.9262166666666667,0.03615590122838815,-1.0843656460444133
dqn,42,519,4685,-10.25,25,0,1,0.9258208333333333,0.04960459160308043,-0.9803996483484904
dqn,42,520,4696,-10.11,11,0,1,0.9256466666666667,0.036134107348819576,-0.9110925197601318
dqn,42,521,4709,-10.129999999999999,13,0,1,0.9254408333333334,0.06001940742135048,-1.029811422030131
dqn,42,522,4711,-10.02,2,0,1,0.9254091666666666,,
dqn,42,523,4717,-10.06,6,0,1,0.9253141666666667,0.05055885389447212,-1.0058445930480957
dqn,42,524,4733,-10.16,16,0,1,0.9250608333333333,0.05537798721343279,-1.1517824977636337
dqn,42,525,4735,-10.02,2,0,1,0.9250291666666667,,
dqn,42,526,4752,-10.17,17,0,1,0.92476,0.0474115950986743,-1.063973867893219
dqn,42,527,4754,-10.02,2,0,1,0.9247283333333334,,
dqn,42,528,4758,-10.04,4,0,1,0.9246650000000001,0.02184448391199112,-1.1196691989898682
dqn,42,529,4762,-10.04,4,0,1,0.9246016666666667,0.010814773850142956,-0.9138336181640625
dqn,42,530,4764,-10.02,2,0,1,0.92457,0.13118234276771545,-1.673109769821167
dqn,42,531,4774,-10.1,10,0,1,0.9244116666666666,0.04768923483788967,-1.592875361442566
dqn,42,532,4784,-10.1,10,0,1,0.9242533333333334,0.04378764517605305,-0.7452475229899088
dqn,42,533,4786,-10.02,2,0,1,0.9242216666666667,,
dqn,42,534,4799,-10.129999999999999,13,0,1,0.9240158333333334,0.024741631001234055,-0.5834950606028239
dqn,42,535,4818,-10.19,19,0,1,0.9237150000000001,0.023415289539843797,-0.8637431740760804
dqn,42,536,4834,-10.16,16,0,1,0.9234616666666666,0.04960369784384966,-1.221854791045189
dqn,42,537,4846,-10.12,12,0,1,0.9232716666666667,0.02827449267109235,-0.8668320576349894
dqn,42,538,4850,-10.04,4,0,1,0.9232083333333333,0.07803481072187424,-1.2309731245040894
dqn,42,539,4855,-10.049999999999999,5,0,1,0.9231291666666667,0.13333329558372498,-0.8429521322250366
dqn,42,540,4884,-10.29,29,0,1,0.92267,0.06768493470735848,-0.8795352727174759
dqn,42,541,4900,-10.16,16,0,1,0.9224166666666667,0.07063198462128639,-1.3639450669288635
dqn,42,542,4908,-10.08,8,0,1,0.92229,0.07037771306931973,-0.4386894851922989
dqn,42,543,4915,-10.07,7,0,1,0.9221791666666667,0.029773831367492676,-0.1848185658454895
dqn,42,544,4922,-10.07,7,0,1,0.9220683333333334,0.09322136081755161,-1.7841492891311646
dqn,42,545,4934,-10.12,12,0,1,0.9218783333333334,0.09332813508808613,-1.3293370803197224
dqn,42,546,4936,-10.02,2,0,1,0.9218466666666667,0.004800020717084408,-0.9052153825759888
dqn,42,547,4940,-10.04,4,0,1,0.9217833333333334,0.011209082789719105,-0.715898871421814
dqn,42,548,4962,-10.22,22,0,1,0.921435,0.05743509009480476,-0.6412092745304108
dqn,42,549,4967,-10.049999999999999,5,0,1,0.9213558333333334,0.01904536411166191,-0.33934786915779114
dqn,42,550,4969,-10.02,2,0,1,0.9213241666666667,0.09288059175014496,-0.9324724674224854
dqn,42,551,4977,-10.08,8,0,1,0.9211975,0.0767966490238905,-1.4544651508331299
dqn,42,552,4983,-10.06,6,0,1,0.9211025,0.1402936428785324,-0.676856279373169
dqn,42,553,4984,-10.01,1,0,1,0.9210866666666667,0.19720304012298584,-0.7466384172439575
dqn,42,554,4988,-10.04,4,0,1,0.9210233333333333,0.10551390051841736,-0.3931577801704407
dqn,42,555,4999,-10.11,11,0,1,0.9208491666666667,0.1722189597785473,-1.348122000694275
dqn,42,556,5001,-10.02,2,0,1,0.9208175000000001,0.06597858667373657,-0.7734558582305908
dqn,42,557,5003,-10.02,2,0,1,0.9207858333333333,,
dqn,42,558,5004,-10.01,1,0,1,0.92077,0.15802760422229767,-1.1438887119293213
dqn,42,559,5008,-10.04,4,0,1,0.9207066666666667,0.31632691621780396,-1.5079669952392578
dqn,42,560,5018,-10.1,10,0,1,0.9205483333333333,0.06485437415540218,-0.6346087902784348
dqn,42,561,5035,-10.17,17,0,1,0.9202791666666666,0.13092148769646883,-1.1101831495761871
dqn,42,562,5038,-10.03,3,0,1,0.9202316666666667,0.03331347927451134,-1.1180180311203003
dqn,42,563,5048,-10.1,10,0,1,0.9200733333333333,0.11966658631960551,-1.215343674023946
dqn,42,564,5054,-10.06,6,0,1,0.9199783333333333,0.07840989530086517,-2.0130438804626465
dqn,42,565,5081,-10.27,27,0,1,0.9195508333333333,0.04862957171696637,-0.7444078773260117
dqn,42,566,5088,-10.07,7,0,1,0.91944,0.053383481688797474,-0.6670634150505066
dqn,42,567,5091,-10.03,3,0,1,0.9193925000000001,,
dqn,42,568,5101,-10.1,10,0,1,0.9192341666666667,0.02965288298825423,-0.8083765506744385
dqn,42,569,5109,-10.08,8,0,1,0.9191075,0.03966874210163951,-0.7912406623363495
dqn,42,570,5114,-10.049999999999999,5,0,1,0.9190283333333333,0.013795608654618263,-0.7817723751068115
dqn,42,571,5131,-10.17,17,0,1,0.9187591666666667,0.05671099480241537,-1.3668069541454315
dqn,42,572,5139,-10.08,8,0,1,0.9186325,0.009435244370251894,-0.7394367754459381
dqn,42,573,5150,-10.11,11,0,1,0.9184583333333334,0.022798384229342144,-1.2487521568934123
dqn,42,574,5152,-10.02,2,0,1,0.9184266666666667,0.04413486272096634,-1.7086594104766846
dqn,42,575,5159,-10.07,7,0,1,0.9183158333333333,0.020062386989593506,-1.7096939086914062
dqn,42,576,5187,-10.28,28,0,1,0.9178725,0.019296109210699797,-0.8633497740541186
dqn,42,577,5214,-10.27,27,0,1,0.917445,0.018850184311824187,-1.035335157598768
dqn,42,578,5231,-10.17,17,0,1,0.9171758333333333,0.03823770955204964,-1.3097562789916992
dqn,42,579,5236,-10.049999999999999,5,0,1,0.9170966666666667,0.010578597895801067,-0.957239955663681
dqn,42,580,5238,-10.02,2,0,1,0.917065,,
dqn,42,581,5251,-10.129999999999999,13,0,1,0.9168591666666667,0.013899564122160276,-0.5511561234792074
dqn,42,582,5271,-10.2,20,0,1,0.9165425,0.023991281539201735,-1.2063730597496032
dqn,42,583,5276,-10.049999999999999,5,0,1,0.9164633333333333,0.00621867342852056,-0.8220557570457458
dqn,42,584,5282,-10.06,6,0,1,0.9163683333333333,0.06452856957912445,-1.538682222366333
dqn,42,585,5287,-10.049999999999999,5,0,1,0.9162891666666667,0.017650986090302467,-1.1356275081634521
dqn,42,586,5290,-10.03,3,0,1,0.9162416666666666,0.004652052652090788,-0.5596808195114136
dqn,42,587,5292,-10.02,2,0,1,0.91621,0.012223539873957634,-0.5875882506370544
dqn,42,588,5298,-10.06,6,0,1,0.916115,0.026261325925588608,-0.9148156642913818
dqn,42,589,5304,-10.06,6,0,1,0.9160200000000001,0.014468203764408827,-0.9947964549064636
dqn,42,590,5314,-10.1,10,0,1,0.9158616666666667,0.025187303312122822,-1.123097449541092
dqn,42,591,5324,-10.1,10,0,1,0.9157033333333333,0.014619633865853151,-1.0310670932133992
dqn,42,592,5356,-10.32,32,0,1,0.9151966666666667,0.01851533108856529,-1.2620800584554672
dqn,42,593,5359,-10.03,3,0,1,0.9151491666666667,,
dqn,42,594,5377,-10.18,18,0,1,0.9148641666666667,0.011537215672433376,-0.757347583770752
dqn,42,595,5381,-10.04,4,0,1,0.9148008333333333,0.03298307955265045,-1.3373409509658813
dqn,42,596,5385,-10.04,4,0,1,0.9147375,0.016292966902256012,-0.41779500246047974
dqn,42,597,5398,-10.129999999999999,13,0,1,0.9145316666666666,0.012291281794508299,-1.2439009547233582
dqn,42,598,5408,-10.1,10,0,1,0.9143733333333334,0.020471538106600445,-1.2084137797355652
dqn,42,599,5410,-10.02,2,0,1,0.9143416666666666,,
dqn,42,600,5424,-10.14,14,0,1,0.91412,0.01208589132875204,-0.7455930262804031
dqn,42,601,5431,-10.07,7,0,1,0.9140091666666667,0.008586257696151733,-1.8536417484283447
dqn,42,602,5433,-10.02,2,0,1,0.9139775,0.005010956432670355,-1.0363445281982422
dqn,42,603,5435,-10.02,2,0,1,0.9139458333333333,,
dqn,42,604,5444,-10.09,9,0,1,0.9138033333333333,0.014127131085842848,-0.9083519776662191
dqn,42,605,5455,-10.11,11,0,1,0.9136291666666667,0.02599209686741233,-0.9689083397388458
dqn,42,606,5465,-10.1,10,0,1,0.9134708333333333,0.01182835983733336,-1.004367172718048
dqn,42,607,5480,-10.15,15,0,1,0.9132333333333333,0.010389261413365602,-1.1879350244998932
dqn,42,608,5487,-10.07,7,0,1,0.9131225000000001,0.009052164852619171,-1.6733872890472412
dqn,42,609,5490,-10.03,3,0,1,0.913075,0.004983340855687857,-1.5241014957427979
dqn,42,610,5501,-10.11,11,0,1,0.9129008333333333,0.007822983587781588,-0.6142990986506144
dqn,42,611,5572,-10.71,71,0,1,0.9117766666666667,0.011588751157331798,-1.1372418370511796
dqn,42,612,5584,-10.12,12,0,1,0.9115866666666667,0.022922593789796036,-1.4085606733957927
dqn,42,613,5586,-10.02,2,0,1,0.911555,,
dqn,42,614,5590,-10.04,4,0,1,0.9114916666666667,0.007841826416552067,-1.1803364753723145
dqn,42,615,5595,-10.049999999999999,5,0,1,0.9114125,0.009046697989106178,-0.8559448719024658
dqn,42,616,5604,-10.09,9,0,1,0.91127,0.015394524981578192,-0.8510602315266927
dqn,42,617,5612,-10.08,8,0,1,0.9111433333333333,0.009876466414425522,-0.7325390577316284
dqn,42,618,5621,-10.09,9,0,1,0.9110008333333334,0.0099804294295609,-0.8579998910427094
dqn,42,619,5623,-10.02,2,0,1,0.9109691666666666,,
dqn,42,620,5629,-10.06,6,0,1,0.9108741666666667,0.01783224823884666,-1.2591140270233154
dqn,42,621,5630,-10.01,1,0,1,0.9108583333333333,,
dqn,42,622,5640,-10.1,10,0,1,0.9107000000000001,0.02471375543003281,-0.8118786811828613
dqn,42,623,5649,-10.09,9,0,1,0.9105575,0.0033783576218411326,-0.8169688880443573
dqn,42,624,5657,-10.08,8,0,1,0.9104308333333333,0.01485345046967268,-0.9198936820030212
dqn,42,625,5663,-10.06,6,0,1,0.9103358333333333,0.010155681520700455,-0.7726110816001892
dqn,42,626,5685,-10.22,22,0,1,0.9099875,0.010378407392029962,-0.8934124807516733
dqn,42,627,5688,-10.03,3,0,1,0.90994,0.014890968799591064,-1.5574285984039307
dqn,42,628,5707,-10.19,19,0,1,0.9096391666666667,0.010620360146276653,-0.7442187964916229
dqn,42,629,5710,-10.03,3,0,1,0.9095916666666667,0.014398454688489437,-1.6072134971618652
dqn,42,630,5715,-10.049999999999999,5,0,1,0.9095125,0.004152065142989159,-0.8904854655265808
dqn,42,631,5719,-10.04,4,0,1,0.9094491666666666,0.03496604412794113,-0.8324311971664429
dqn,42,632,5725,-10.06,6,0,1,0.9093541666666667,0.015424895100295544,-0.9369785785675049
dqn,42,633,5731,-10.06,6,0,1,0.9092591666666667,0.01169210858643055,-0.9383241534233093
dqn,42,634,5740,-10.09,9,0,1,0.9091166666666667,0.012265749896566073,-0.9781822760899862
dqn,42,635,5750,-10.1,10,0,1,0.9089583333333333,0.01571872620843351,-1.1617929935455322
dqn,42,636,5753,-10.03,3,0,1,0.9089108333333333,0.026513731107115746,-1.7263087034225464
dqn,42,637,5760,-10.07,7,0,1,0.9088,0.01205746689811349,-1.0022041201591492
dqn,42,638,5767,-10.07,7,0,1,0.9086891666666667,0.002909700386226177,-0.9081916809082031
dqn,42,639,5811,-10.44,44,0,1,0.9079925,0.008939929137175734,-0.9735673557628285
dqn,42,640,5814,-10.03,3,0,1,0.907945,0.013291038572788239,-1.0483988523483276
dqn,42,641,5844,-10.3,30,0,1,0.90747,0.00902213918743655,-1.1863785162568092
dqn,42,642,5867,-10.23,23,0,1,0.9071058333333333,0.00907484064809978,-1.126097285747528
dqn,42,643,5873,-10.06,6,0,1,0.9070108333333333,0.014630140271037817,-1.5661476254463196
dqn,42,644,5874,-10.01,1,0,1,0.906995,,
dqn,42,645,5909,-10.35,35,0,1,0.9064408333333334,0.012429878012173705,-0.9206351604726579
dqn,42,646,5918,-10.09,9,0,1,0.9062983333333333,0.007798904553055763,-1.7209794521331787
dqn,42,647,5923,-10.049999999999999,5,0,1,0.9062191666666667,0.015412449836730957,-0.9944666624069214
dqn,42,648,5924,-10.01,1,0,1,0.9062033333333334,0.00602312944829464,-1.410743236541748
dqn,42,649,5928,-10.04,4,0,1,0.90614,0.009609206579625607,-1.400637149810791
dqn,42,650,5929,-10.01,1,0,1,0.9061241666666666,,
dqn,42,651,5935,-10.06,6,0,1,0.9060291666666667,0.007465135306119919,-1.6843745708465576
dqn,42,652,5956,-10.209999999999999,21,0,1,0.9056966666666667,0.003436933931273719,-1.1242109537124634
dqn,42,653,5961,-10.049999999999999,5,0,1,0.9056175,0.010401730425655842,-0.8761759996414185
dqn,42,654,5966,-10.049999999999999,5,0,1,0.9055383333333333,0.002422124380245805,-0.5745136737823486
dqn,42,655,5970,-10.04,4,0,1,0.905475,0.004744044505059719,-0.9030354022979736
dqn,42,656,5979,-10.09,9,0,1,0.9053325,0.00941536109894514,-0.880434662103653
dqn,42,657,5990,-10.11,11,0,1,0.9051583333333333,0.0038695483623693385,-0.6697153846422831
dqn,42,658,5997,-10.07,7,0,1,0.9050475,0.00523053458891809,-0.9111852645874023
dqn,42,659,6026,-10.29,29,0,1,0.9045883333333333,0.004608641079227839,-0.9944334030151367
dqn,42,660,6036,-10.1,10,0,1,0.9044300000000001,0.006174014415591955,-1.1990443865458171
dqn,42,661,6047,-10.11,11,0,1,0.9042558333333334,0.007089702412486076,-1.2257510423660278
dqn,42,662,6052,-10.049999999999999,5,0,1,0.9041766666666666,0.003707558265887201,-0.6472164690494537
dqn,42,663,6085,-10.33,33,0,1,0.9036541666666666,0.013761055830400437,-1.1257946863770485
dqn,42,664,6090,-10.049999999999999,5,0,1,0.903575,0.006151633337140083,-1.2128446102142334
dqn,42,665,6092,-10.02,2,0,1,0.9035433333333334,0.0023615353275090456,-0.7315442562103271
dqn,42,666,6097,-10.049999999999999,5,0,1,0.9034641666666667,0.013485495001077652,-1.2050803899765015
dqn,42,667,6101,-10.04,4,0,1,0.9034008333333333,0.009086008183658123,-1.6447008848190308
dqn,42,668,6104,-10.03,3,0,1,0.9033533333333333,0.00883316621184349,-1.9733731746673584
dqn,42,669,6114,-10.1,10,0,1,0.903195,0.012219891883432865,-1.249867022037506
dqn,42,670,6136,-10.22,22,0,1,0.9028466666666667,0.011608320288360119,-1.1277856330076854
dqn,42,671,6140,-10.04,4,0,1,0.9027833333333334,0.007837275043129921,-1.072035789489746
dqn,42,672,6142,-10.02,2,0,1,0.9027516666666666,,
dqn,42,673,6148,-10.06,6,0,1,0.9026566666666667,0.004132119473069906,-0.8313609063625336
dqn,42,674,6160,-10.12,12,0,1,0.9024666666666666,0.011662875457356373,-1.0167377789815266
dqn,42,675,6190,-10.3,30,0,1,0.9019916666666666,0.00559827485787017,-1.1118504405021667
dqn,42,676,6198,-10.08,8,0,1,0.901865,0.008630189520772547,-0.40173809230327606
dqn,42,677,6200,-10.02,2,0,1,0.9018333333333334,0.008945547044277191,-1.1940817832946777
dqn,42,678,6202,-10.02,2,0,1,0.9018016666666667,,
dqn,42,679,6204,-10.02,2,0,1,0.90177,0.012581313028931618,-1.0761394500732422
dqn,42,680,6206,-10.02,2,0,1,0.9017383333333333,,
dqn,42,681,6212,-10.06,6,0,1,0.9016433333333334,0.007795545854605734,-1.139041781425476
dqn,42,682,6219,-10.07,7,0,1,0.9015325,0.009030655026435852,-1.4830796718597412
dqn,42,683,6220,-10.01,1,0,1,0.9015166666666666,0.0024459660053253174,-0.8697736263275146
dqn,42,684,6227,-10.07,7,0,1,0.9014058333333334,0.002417376497760415,-1.3389952182769775
dqn,42,685,6230,-10.03,3,0,1,0.9013583333333334,0.008066758513450623,-1.5345934629440308
dqn,42,686,6235,-10.049999999999999,5,0,1,0.9012791666666666,0.010515755042433739,-1.8035820722579956
dqn,42,687,6240,-10.049999999999999,5,0,1,0.9012,0.0038293420802801847,-0.8769470453262329
dqn,42,688,6265,-10.25,25,0,1,0.9008041666666666,0.005860318032015736,-0.9866756796836853
dqn,42,689,6277,-10.12,12,0,1,0.9006141666666667,0.007335474093755086,-1.0502920150756836
dqn,42,690,6293,-10.16,16,0,1,0.9003608333333334,0.007399267982691526,-0.9420318901538849
dqn,42,691,6314,-10.209999999999999,21,0,1,0.9000283333333333,0.00935864234343171,-1.115905725955963
dqn,42,692,6321,-10.07,7,0,1,0.8999175,0.005390085629187524,-0.709216296672821
dqn,42,693,6331,-10.1,10,0,1,0.8997591666666667,0.00868789292871952,-1.3452014029026031
dqn,42,694,6342,-10.11,11,0,1,0.899585,0.00706791365519166,-1.4727237224578857
dqn,42,695,6367,-10.25,25,0,1,0.8991891666666667,0.01223666244186461,-1.2666557629903157
dqn,42,696,6377,-10.1,10,0,1,0.8990308333333333,0.006679456991453965,-0.7415279746055603
dqn,42,697,6385,-10.08,8,0,1,0.8989041666666666,0.006617064820602536,-1.2032585144042969
dqn,42,698,6388,-10.03,3,0,1,0.8988566666666666,0.0079505555331707,-1.3188667297363281
dqn,42,699,6399,-10.11,11,0,1,0.8986825,0.007225393783301115,-0.7041842341423035
dqn,42,700,6404,-10.049999999999999,5,0,1,0.8986033333333333,0.0053702364675700665,-1.1071687042713165
dqn,42,701,6410,-10.06,6,0,1,0.8985083333333334,0.006901667453348637,-1.2250711917877197
dqn,42,702,6422,-10.12,12,0,1,0.8983183333333333,0.006974219034115474,-1.1626824140548706
dqn,42,703,6425,-10.03,3,0,1,0.8982708333333334,0.003287613857537508,-0.5569406151771545
dqn,42,704,6435,-10.1,10,0,1,0.8981125,0.008527209516614676,-1.1651082038879395
dqn,42,705,6439,-10.04,4,0,1,0.8980491666666667,0.005036094691604376,-0.743585467338562
dqn,42,706,6475,-10.36,36,0,1,0.8974791666666667,0.00625034100893471,-1.1511205103662279
dqn,42,707,6491,-10.16,16,0,1,0.8972258333333334,0.003292327222879976,-0.8247247636318207
dqn,42,708,6496,-10.049999999999999,5,0,1,0.8971466666666666,0.008195333881303668,-0.7295088171958923
dqn,42,709,6512,-10.16,16,0,1,0.8968933333333333,0.004395956901134923,-0.9855728447437286
dqn,42,710,6513,-10.01,1,0,1,0.8968775,,
dqn,42,711,6537,-10.24,24,0,1,0.8964975,0.005130969793147718,-0.9806033323208491
dqn,42,712,6539,-10.02,2,0,1,0.8964658333333333,,
dqn,42,713,6544,-10.049999999999999,5,0,1,0.8963866666666667,0.0026817659090738744,-0.7333404421806335
dqn,42,714,6553,-10.09,9,0,1,0.8962441666666666,0.004346693400293589,-0.8547041118144989
dqn,42,715,6566,-10.129999999999999,13,0,1,0.8960383333333334,0.004816472064703703,-1.0317068298657734
dqn,42,716,6571,-10.049999999999999,5,0,1,0.8959591666666666,0.008006972260773182,-2.0250537395477295
dqn,42,717,6575,-10.04,4,0,1,0.8958958333333333,0.01460629515349865,-2.052217483520508
dqn,42,718,6581,-10.06,6,0,1,0.8958008333333334,0.005069176433607936,-0.7812492847442627
dqn,42,719,6590,-10.09,9,0,1,0.8956583333333333,0.0039408288430422544,-0.7009367346763611
dqn,42,720,6594,-10.04,4,0,1,0.895595,0.009310150519013405,-1.3117109537124634
dqn,42,721,6598,-10.04,4,0,1,0.8955316666666666,0.004258709494024515,-1.5346144437789917
dqn,42,722,6612,-10.14,14,0,1,0.89531,0.005422051763162017,-1.1438967287540436
dqn,42,723,6621,-10.09,9,0,1,0.8951675,0.00800795922987163,-1.313668966293335
dqn,42,724,6624,-10.03,3,0,1,0.89512,0.0033586453646421432,-1.3173167705535889
dqn,42,725,6646,-10.22,22,0,1,0.8947716666666666,0.004866230767220259,-0.9915270805358887
dqn,42,726,6649,-10.03,3,0,1,0.8947241666666667,0.003215811215341091,-1.0214818716049194
dqn,42,727,6663,-10.14,14,0,1,0.8945025,0.006935902909996609,-1.0802687605222066
dqn,42,728,6674,-10.11,11,0,1,0.8943283333333334,0.01015241319934527,-0.812968373298645
dqn,42,729,6677,-10.03,3,0,1,0.8942808333333333,0.0075658163987100124,-1.2220003604888916
dqn,42,730,6682,-10.049999999999999,5,0,1,0.8942016666666667,0.018961094319820404,-1.1427955627441406
dqn,42,731,6689,-10.07,7,0,1,0.8940908333333333,0.008236794848926365,-0.6932668685913086
dqn,42,732,6697,-10.08,8,0,1,0.8939641666666667,0.003781543578952551,-1.130008578300476
dqn,42,733,6702,-10.049999999999999,5,0,1,0.893885,0.00932012777775526,-1.0806924104690552
dqn,42,734,6730,-10.28,28,0,1,0.8934416666666667,0.006270227022469044,-1.077695403780256
dqn,42,735,6742,-10.12,12,0,1,0.8932516666666667,0.0029129747611780963,-1.0068426132202148
dqn,42,736,6743,-10.01,1,0,1,0.8932358333333333,,
dqn,42,737,6745,-10.02,2,0,1,0.8932041666666667,0.005723181646317244,-1.3556320667266846
dqn,42,738,6764,-10.19,19,0,1,0.8929033333333334,0.003758872952312231,-0.9427906155586243
dqn,42,739,6770,-10.06,6,0,1,0.8928083333333333,0.002401085803285241,-1.374991536140442
dqn,42,740,6801,-10.31,31,0,1,0.8923175,0.0032316355500370264,-0.9389254590496421
dqn,42,741,6816,-10.15,15,0,1,0.89208,0.0023279204906430095,-0.8857432752847672
dqn,42,742,6824,-10.08,8,0,1,0.8919533333333334,0.002817224129103124,-1.0186278820037842
dqn,42,743,6839,-10.15,15,0,1,0.8917158333333334,0.0032655582763254642,-1.0522774855295818
dqn,42,744,6842,-10.03,3,0,1,0.8916683333333333,0.0012513240799307823,-0.8982118368148804
dqn,42,745,6844,-10.02,2,0,1,0.8916366666666666,0.008295400068163872,-1.1993757486343384
dqn,42,746,6852,-10.08,8,0,1,0.89151,0.00659856921993196,-1.2722023129463196
dqn,42,747,6857,-10.049999999999999,5,0,1,0.8914308333333334,0.001319684088230133,-1.1805121898651123
dqn,42,748,6859,-10.02,2,0,1,0.8913991666666666,,
dqn,42,749,6877,-10.18,18,0,1,0.8911141666666667,0.0025758441362995653,-0.883796226978302
dqn,42,750,6883,-10.06,6,0,1,0.8910191666666667,0.004979828372597694,-1.07333242893219
dqn,42,751,6897,-10.14,14,0,1,0.8907975,0.00518315692897886,-0.9118164330720901
dqn,42,752,6899,-10.02,2,0,1,0.8907658333333334,,
dqn,42,753,6901,-10.02,2,0,1,0.8907341666666667,0.0023868747521191835,-1.3374829292297363
dqn,42,754,6904,-10.03,3,0,1,0.8906866666666666,0.005666396114975214,-1.3285081386566162
dqn,42,755,6907,-10.03,3,0,1,0.8906391666666666,,
dqn,42,756,6911,-10.04,4,0,1,0.8905758333333333,0.006619629450142384,-1.6984959840774536
dqn,42,757,6913,-10.02,2,0,1,0.8905441666666667,0.002607797970995307,-1.0640801191329956
dqn,42,758,6924,-10.11,11,0,1,0.89037,0.002800007932819426,-0.7868427534898123
dqn,42,759,6935,-10.11,11,0,1,0.8901958333333333,0.007394062238745391,-1.39467853307724
dqn,42,760,6939,-10.04,4,0,1,0.8901325,0.011315679177641869,-1.3532912731170654
dqn,42,761,6966,-10.27,27,0,1,0.889705,0.007515538034827581,-1.155901006289891
dqn,42,762,6973,-10.07,7,0,1,0.8895941666666667,0.013336464762687683,-1.960310697555542
dqn,42,763,6982,-10.09,9,0,1,0.8894516666666666,0.01053636521100998,-1.0054157376289368
dqn,42,764,6993,-10.11,11,0,1,0.8892774999999999,0.006718813131252925,-1.1301455696423848
dqn,42,765,6999,-10.06,6,0,1,0.8891825,0.006473002023994923,-0.11113341897726059
dqn,42,766,7002,-10.03,3,0,1,0.889135,0.01617281697690487,-0.937639594078064
dqn,42,767,7035,-10.33,33,0,1,0.8886125,0.007125064264982939,-1.0034443326294422
dqn,42,768,7045,-10.1,10,0,1,0.8884541666666667,0.00817965188374122,-1.1315775712331135
dqn,42,769,7053,-10.08,8,0,1,0.8883275,0.0025161433732137084,-0.9964502155780792
dqn,42,770,7054,-10.01,1,0,1,0.8883116666666666,,
dqn,42,771,7077,-10.23,23,0,1,0.8879475,0.006300993263721466,-0.8546148339907328
dqn,42,772,7081,-10.04,4,0,1,0.8878841666666667,0.006002138834446669,-0.7075308561325073
dqn,42,773,7094,-10.129999999999999,13,0,1,0.8876783333333333,0.004242793656885624,-0.6406232813994089
dqn,42,774,7099,-10.049999999999999,5,0,1,0.8875991666666667,0.006132860668003559,-1.1945445537567139
dqn,42,775,7101,-10.02,2,0,1,0.8875675000000001,0.01091791596263647,-2.4852395057678223
dqn,42,776,7109,-10.08,8,0,1,0.8874408333333333,0.0036246610106900334,-1.0781633257865906
dqn,42,777,7118,-10.09,9,0,1,0.8872983333333333,0.006175896269269288,-1.0860313773155212
dqn,42,778,7120,-10.02,2,0,1,0.8872666666666666,0.004394078627228737,-1.1914262771606445
dqn,42,779,7131,-10.11,11,0,1,0.8870925000000001,0.011487060226500034,-1.0618759989738464
dqn,42,780,7139,-10.08,8,0,1,0.8869658333333333,0.0035075449850410223,-0.80243980884552
dqn,42,781,7143,-10.04,4,0,1,0.8869025,0.016519004479050636,-2.070308208465576
dqn,42,782,7155,-10.12,12,0,1,0.8867125,0.0032936507680763802,-1.1797862847646077
dqn,42,783,7158,-10.03,3,0,1,0.886665,0.0020459317602217197,-0.3999006152153015
dqn,42,784,7161,-10.03,3,0,1,0.8866175000000001,0.003760760650038719,-1.3641140460968018
dqn,42,785,7163,-10.02,2,0,1,0.8865858333333334,,
dqn,42,786,7174,-10.11,11,0,1,0.8864116666666667,0.005261325044557452,-0.9062826236089071
dqn,42,787,7181,-10.07,7,0,1,0.8863008333333333,0.002695954404771328,-1.0336380898952484
dqn,42,788,7190,-10.09,9,0,1,0.8861583333333334,0.004534852923825383,-0.9560344219207764
dqn,42,789,7217,-10.27,27,0,1,0.8857308333333334,0.003820011990943125,-0.8026873192616871
dqn,42,790,7236,-10.19,19,0,1,0.88543,0.003175684157758951,-0.7637938618659973
dqn,42,791,7245,-10.09,9,0,1,0.8852875,0.007595377508550882,-0.94580078125
dqn,42,792,7250,-10.049999999999999,5,0,1,0.8852083333333334,0.007985314354300499,-1.22458815574646
dqn,42,793,7253,-10.03,3,0,1,0.8851608333333334,0.0032694204710423946,-0.7277829051017761
dqn,42,794,7256,-10.03,3,0,1,0.8851133333333333,0.003696175990626216,-0.7286873459815979
dqn,42,795,7279,-10.23,23,0,1,0.8847491666666667,0.004423855990171433,-1.0722475528717041
dqn,42,796,7293,-10.14,14,0,1,0.8845275,0.0034535759186837822,-1.118110105395317
dqn,42,797,7296,-10.03,3,0,1,0.88448,0.002734943525865674,-0.6915936470031738
dqn,42,798,7298,-10.02,2,0,1,0.8844483333333333,,
dqn,42,799,7300,-10.02,2,0,1,0.8844166666666666,0.004278917796909809,-1.1604888439178467
dqn,42,800,7302,-10.02,2,0,1,0.884385,,
dqn,42,801,7305,-10.03,3,0,1,0.8843375,0.005148960277438164,-0.986193835735321
dqn,42,802,7329,-10.24,24,0,1,0.8839575,0.004585642018355429,-1.0339845418930054
dqn,42,803,7338,-10.09,9,0,1,0.883815,0.005264207487925887,-0.5356803387403488
dqn,42,804,7340,-10.02,2,0,1,0.8837833333333334,0.00466291606426239,-1.1950197219848633
dqn,42,805,7346,-10.06,6,0,1,0.8836883333333333,0.0031572103034704924,-0.8830974102020264
dqn,42,806,7353,-10.07,7,0,1,0.8835775,0.004930473631247878,-1.3639258742332458
dqn,42,807,7356,-10.03,3,0,1,0.88353,0.0029649236239492893,-1.1901562213897705
dqn,42,808,7371,-10.15,15,0,1,0.8832925,0.003770383462930719,-1.2718291680018108
dqn,42,809,7379,-10.08,8,0,1,0.8831658333333333,0.0036618004087358713,-1.039710521697998
dqn,42,810,7392,-10.129999999999999,13,0,1,0.88296,0.0018328703590668738,-0.7515953630208969
dqn,42,811,7400,-10.08,8,0,1,0.8828333333333334,0.0009948723018169403,-0.867741584777832
dqn,42,812,7401,-10.01,1,0,1,0.8828175,,
dqn,42,813,7405,-10.04,4,0,1,0.8827541666666667,0.005912507884204388,-0.8523156046867371
dqn,42,814,7412,-10.07,7,0,1,0.8826433333333333,0.002420837350655347,-0.6361591815948486
dqn,42,815,7459,-10.47,47,0,1,0.8818991666666667,0.003138964630621062,-0.7863681858236139
dqn,42,816,7462,-10.03,3,0,1,0.8818516666666667,0.0004462572978809476,-0.7077046036720276
dqn,42,817,7464,-10.02,2,0,1,0.88182,0.01183789037168026,-0.9821861386299133
dqn,42,818,7469,-10.049999999999999,5,0,1,0.8817408333333333,0.0034153759479522705,-0.8554075956344604
dqn,42,819,7475,-10.06,6,0,1,0.8816458333333334,0.0015307720750570297,-0.5441590547561646
dqn,42,820,7515,-10.4,40,0,1,0.8810125,0.007981690438464284,-1.1554561764001847
dqn,42,821,7526,-10.11,11,0,1,0.8808383333333334,0.004551680098908643,-0.8862496018409729
dqn,42,822,7529,-10.03,3,0,1,0.8807908333333333,0.008119504898786545,-0.8363760709762573
dqn,42,823,7534,-10.049999999999999,5,0,1,0.8807116666666667,0.010473811998963356,-1.4450827836990356
dqn,42,824,7547,-10.129999999999999,13,0,1,0.8805058333333333,0.004373987282936771,-0.8830780585606893
dqn,42,825,7562,-10.15,15,0,1,0.8802683333333333,0.0024213420401792973,-0.9077720120549202
dqn,42,826,7566,-10.04,4,0,1,0.880205,0.0035725212655961514,-1.0085312128067017
dqn,42,827,7568,-10.02,2,0,1,0.8801733333333334,0.0027324201073497534,-1.0228173732757568
dqn,42,828,7583,-10.15,15,0,1,0.8799358333333334,0.0029841240029782057,-1.4594454765319824
dqn,42,829,7590,-10.07,7,0,1,0.879825,0.002271511941216886,-0.8711777031421661
dqn,42,830,7592,-10.02,2,0,1,0.8797933333333333,0.003707572352141142,-0.6950156092643738
dqn,42,831,7614,-10.22,22,0,1,0.879445,0.002691506827250123,-1.027268660068512
dqn,42,832,7624,-10.1,10,0,1,0.8792866666666667,0.0032542406503732004,-0.8139082193374634
dqn,42,833,7631,-10.07,7,0,1,0.8791758333333334,0.001272857654839754,-0.8698402643203735
dqn,42,834,7644,-10.129999999999999,13,0,1,0.87897,0.002955530653707683,-1.1874386668205261
dqn,42,835,7649,-10.049999999999999,5,0,1,0.8788908333333333,0.0031486712396144867,-0.8469048738479614
dqn,42,836,7651,-10.02,2,0,1,0.8788591666666666,,
dqn,42,837,7668,-10.17,17,0,1,0.87859,0.00448221443220973,-0.9703406929969788
dqn,42,838,7713,-10.45,45,0,1,0.8778775,0.002836944778788496,-0.855235056443648
dqn,42,839,7733,-10.2,20,0,1,0.8775608333333333,0.004261826979927719,-1.1475176095962525
dqn,42,840,7786,-10.53,53,0,1,0.8767216666666666,0.004284421349159227,-0.9669660914402741
dqn,42,841,7798,-10.12,12,0,1,0.8765316666666667,0.00440587941557169,-0.7776364882787069
dqn,42,842,7801,-10.03,3,0,1,0.8764841666666667,0.00965579692274332,-1.6083135604858398
dqn,42,843,7808,-10.07,7,0,1,0.8763733333333333,0.004563175607472658,-1.3268359899520874
dqn,42,844,7812,-10.04,4,0,1,0.87631,0.0045768399722874165,-0.8755384683609009
dqn,42,845,7816,-10.04,4,0,1,0.8762466666666666,0.0023788325488567352,-1.5172436237335205
dqn,42,846,7827,-10.11,11,0,1,0.8760725,0.005411603953689337,-0.96198770403862
dqn,42,847,7841,-10.14,14,0,1,0.8758508333333334,0.002659810910699889,-0.863323301076889
dqn,42,848,7845,-10.04,4,0,1,0.8757874999999999,0.0012103259796276689,-1.1619367599487305
dqn,42,849,7847,-10.02,2,0,1,0.8757558333333333,,
dqn,42,850,7852,-10.049999999999999,5,0,1,0.8756766666666667,0.002738861017860472,-1.0990799069404602
dqn,42,851,7856,-10.04,4,0,1,0.8756133333333334,0.0024542855098843575,-1.2091681957244873
dqn,42,852,7878,-10.22,22,0,1,0.875265,0.002270690072327852,-0.8422641694545746
dqn,42,853,7880,-10.02,2,0,1,0.8752333333333333,0.0008856561034917831,-0.3905312120914459
dqn,42,854,7889,-10.09,9,0,1,0.8750908333333334,0.00371019056183286,-1.3459155559539795
dqn,42,855,7906,-10.17,17,0,1,0.8748216666666666,0.002350673559703864,-1.1323717534542084
dqn,42,856,7912,-10.06,6,0,1,0.8747266666666667,0.0012167643872089684,-0.7202295511960983
dqn,42,857,7913,-10.01,1,0,1,0.8747108333333333,,
dqn,42,858,7924,-10.11,11,0,1,0.8745366666666667,0.002037286525592208,-0.6165275176366171
dqn,42,859,7951,-10.27,27,0,1,0.8741091666666667,0.0030202878018220267,-0.8917446235815684
dqn,42,860,7970,-10.19,19,0,1,0.8738083333333333,0.0034820575965568423,-1.1195871829986572
dqn,42,861,7974,-10.04,4,0,1,0.873745,0.002543881069868803,-0.8750190734863281
dqn,42,862,7976,-10.02,2,0,1,0.8737133333333333,0.0008510812767781317,-1.497715711593628
dqn,42,863,7980,-10.04,4,0,1,0.87365,0.0012545189820230007,-0.8802299499511719
dqn,42,864,7982,-10.02,2,0,1,0.8736183333333334,,
dqn,42,865,7986,-10.04,4,0,1,0.873555,0.000808250333648175,-0.5550680756568909
dqn,42,866,7994,-10.08,8,0,1,0.8734283333333334,0.001631782273761928,-1.0154185146093369
dqn,42,867,7999,-10.049999999999999,5,0,1,0.8733491666666666,0.004259295761585236,-1.0471614599227905
dqn,42,868,8007,-10.08,8,0,1,0.8732225,0.0014535294030793011,-0.7023285627365112
dqn,42,869,8014,-10.07,7,0,1,0.8731116666666667,0.005967326811514795,-0.7061505317687988
dqn,42,870,8020,-10.06,6,0,1,0.8730166666666667,0.0043551920098252594,-1.2917926609516144
dqn,42,871,8029,-10.09,9,0,1,0.8728741666666666,0.004492751555517316,-0.8593233525753021
dqn,42,872,8034,-10.049999999999999,5,0,1,0.872795,0.010164863429963589,-1.1374150514602661
dqn,42,873,8037,-10.03,3,0,1,0.8727475,0.004807322286069393,-1.4625025987625122
dqn,42,874,8046,-10.09,9,0,1,0.8726050000000001,0.005000272067263722,-0.5798457860946655
dqn,42,875,8051,-10.049999999999999,5,0,1,0.8725258333333333,0.006241084076464176,-0.424124538898468
dqn,42,876,8095,-10.44,44,0,1,0.8718291666666667,0.003709702265702865,-0.9515814618630842
dqn,42,877,8123,-10.28,28,0,1,0.8713858333333333,0.004554794835192817,-0.9995875826903752
dqn,42,878,8184,-10.61,61,0,1,0.87042,0.01077858740609372,-1.075805114582181
dqn,42,879,8187,-10.03,3,0,1,0.8703725,,
dqn,42,880,8202,-10.15,15,0,1,0.870135,0.009999457281082869,-0.8389500826597214
dqn,42,881,8218,-10.16,16,0,1,0.8698816666666667,0.010317595151718706,-0.7010971829295158
dqn,42,882,8236,-10.18,18,0,1,0.8695966666666667,0.013661454059183597,-1.081509792804718
dqn,42,883,8240,-10.04,4,0,1,0.8695333333333333,0.006441546604037285,-1.3566950559616089
dqn,42,884,8242,-10.02,2,0,1,0.8695016666666666,,
dqn,42,885,8266,-10.24,24,0,1,0.8691216666666667,0.005835280482036372,-0.9041970272858938
dqn,42,886,8288,-10.22,22,0,1,0.8687733333333334,0.0041577913555859896,-0.9164070983727773
dqn,42,887,8295,-10.07,7,0,1,0.8686625,0.002337086945772171,-1.022188425064087
dqn,42,888,8353,-10.58,58,0,1,0.8677441666666666,0.0035458573489449917,-1.0497624347607295
dqn,42,889,8380,-10.27,27,0,1,0.8673166666666667,0.003068275026245309,-1.294269893850599
dqn,42,890,8382,-10.02,2,0,1,0.8672850000000001,,
dqn,42,891,8394,-10.12,12,0,1,0.867095,0.0017465678586935003,-0.7076328794161478
dqn,42,892,8406,-10.12,12,0,1,0.866905,0.004360904451459646,-0.8514172037442526
dqn,42,893,8421,-10.15,15,0,1,0.8666675,0.006166103499708697,-1.1656547784805298
dqn,42,894,8422,-10.01,1,0,1,0.8666516666666667,,
dqn,42,895,8423,-10.01,1,0,1,0.8666358333333333,,
dqn,42,896,8437,-10.14,14,0,1,0.8664141666666667,0.004600812753778882,-0.7329416945576668
dqn,42,897,8457,-10.2,20,0,1,0.8660975,0.002871945220977068,-0.9395779013633728
dqn,42,898,8462,-10.049999999999999,5,0,1,0.8660183333333333,0.002033344004303217,-0.8417878150939941
dqn,42,899,8497,-10.35,35,0,1,0.8654641666666667,0.0024962419152466785,-1.0111582577228546
dqn,42,900,8521,-10.24,24,0,1,0.8650841666666667,0.0015174585278145969,-0.8666284531354904
dqn,42,901,8523,-10.02,2,0,1,0.8650525,,
dqn,42,902,8539,-10.16,16,0,1,0.8647991666666667,0.003297548624686897,-0.9505305141210556
dqn,42,903,8541,-10.02,2,0,1,0.8647675,0.0008790553547441959,-0.5501430034637451
dqn,42,904,8546,-10.049999999999999,5,0,1,0.8646883333333333,0.0014182750601321459,-0.8480015993118286
dqn,42,905,8549,-10.03,3,0,1,0.8646408333333333,0.0007642225828021765,-0.8609166145324707
dqn,42,906,8556,-10.07,7,0,1,0.86453,0.004326191323343664,-1.1676784753799438
dqn,42,907,8560,-10.04,4,0,1,0.8644666666666667,0.006457462906837463,-1.2394603490829468
dqn,42,908,8561,-10.01,1,0,1,0.8644508333333334,,
dqn,42,909,8573,-10.12,12,0,1,0.8642608333333334,0.002163862072241803,-0.8834959069887797
dqn,42,910,8599,-10.26,26,0,1,0.8638491666666667,0.004672911134548485,-0.8626436491807302
dqn,42,911,8655,-10.56,56,0,1,0.8629625000000001,0.002428792024147697,-0.8444154475416455
dqn,42,912,8657,-10.02,2,0,1,0.8629308333333333,0.0017046445282176137,-0.854692280292511
dqn,42,913,8659,-10.02,2,0,1,0.8628991666666667,,
dqn,42,914,8665,-10.06,6,0,1,0.8628041666666667,0.0009739540400914848,-0.7124012857675552
dqn,42,915,8689,-10.24,24,0,1,0.8624241666666667,0.002774025429971516,-1.1061099867026012
dqn,42,916,8691,-10.02,2,0,1,0.8623925,,
dqn,42,917,8701,-10.1,10,0,1,0.8622341666666666,0.003241797753920158,-1.0810256401697795
dqn,42,918,8707,-10.06,6,0,1,0.8621391666666667,0.008715568110346794,-1.4563376903533936
dqn,42,919,8722,-10.15,15,0,1,0.8619016666666667,0.00347376024001278,-0.8912081718444824
dqn,42,920,8724,-10.02,2,0,1,0.86187,0.0017403231468051672,-0.9989261627197266
dqn,42,921,8728,-10.04,4,0,1,0.8618066666666666,0.006436355412006378,-1.14180326461792
dqn,42,922,8734,-10.06,6,0,1,0.8617116666666667,0.002624283544719219,-1.0030925273895264
dqn,42,923,8746,-10.12,12,0,1,0.8615216666666667,0.002932035170185069,-0.984598974386851
dqn,42,924,8748,-10.02,2,0,1,0.86149,0.003353421576321125,-1.3473756313323975
dqn,42,925,8761,-10.129999999999999,13,0,1,0.8612841666666666,0.0025376100869228444,-0.8628886143366495
dqn,42,926,8764,-10.03,3,0,1,0.8612366666666667,0.0007970929145812988,-0.7117841243743896
dqn,42,927,8782,-10.18,18,0,1,0.8609516666666667,0.00095539799076505,-0.8271575719118118
dqn,42,928,8793,-10.11,11,0,1,0.8607775,0.00048437449731864035,-0.8732447028160095
dqn,42,929,8795,-10.02,2,0,1,0.8607458333333333,,
dqn,42,930,8833,-10.38,38,0,1,0.8601441666666667,0.0021085209271404894,-1.0783974587917329
dqn,42,931,8840,-10.07,7,0,1,0.8600333333333333,0.004400176461786032,-0.8393601477146149
dqn,42,932,8842,-10.02,2,0,1,0.8600016666666667,,
dqn,42,933,8844,-10.02,2,0,1,0.85997,0.0038931076414883137,-1.6374447345733643
dqn,42,934,8846,-10.02,2,0,1,0.8599383333333334,,
dqn,42,935,8850,-10.04,4,0,1,0.859875,0.0013347887434065342,-1.3539587259292603
dqn,42,936,8855,-10.049999999999999,5,0,1,0.8597958333333333,0.002540250075981021,-0.5789969563484192
dqn,42,937,8858,-10.03,3,0,1,0.8597483333333333,0.007652091793715954,-1.0736441612243652
dqn,42,938,8862,-10.04,4,0,1,0.859685,0.001368163269944489,-1.037253499031067
dqn,42,939,8874,-10.12,12,0,1,0.859495,0.004895979383339484,-0.9417222738265991
dqn,42,940,8884,-10.1,10,0,1,0.8593366666666666,0.005368561716750264,-1.2112322052319844
dqn,42,941,8886,-10.02,2,0,1,0.859305,,
dqn,42,942,8898,-10.12,12,0,1,0.8591150000000001,0.005618194307317026,-0.5879087249437968
dqn,42,943,8910,-10.12,12,0,1,0.858925,0.004479309349941711,-1.1395382483800252
dqn,42,944,8917,-10.07,7,0,1,0.8588141666666667,0.001696241699391976,-0.7980175316333771
dqn,42,945,8922,-10.049999999999999,5,0,1,0.858735,0.002222261391580105,-0.22122853994369507
dqn,42,946,8923,-10.01,1,0,1,0.8587191666666667,,
dqn,42,947,8944,-10.209999999999999,21,0,1,0.8583866666666666,0.00842268931834648,-1.302051067352295
dqn,42,948,8958,-10.14,14,0,1,0.8581650000000001,0.01116804825142026,-0.9214554230372111
dqn,42,949,8960,-10.02,2,0,1,0.8581333333333333,0.005827896296977997,-1.2058022022247314
dqn,42,950,8968,-10.08,8,0,1,0.8580066666666667,0.0051933585200458765,-1.2902629375457764
dqn,42,951,8974,-10.06,6,0,1,0.8579116666666666,0.002062097191810608,-1.0106029510498047
dqn,42,952,8981,-10.07,7,0,1,0.8578008333333333,0.003559054690413177,-1.0167598724365234
dqn,42,953,8982,-10.01,1,0,1,0.857785,,
dqn,42,954,8984,-10.02,2,0,1,0.8577533333333334,0.00033522502053529024,-0.8733021020889282
dqn,42,955,8987,-10.03,3,0,1,0.8577058333333334,,
dqn,42,956,8993,-10.06,6,0,1,0.8576108333333333,0.002581817883765325,-0.8004759848117828
dqn,42,957,8995,-10.02,2,0,1,0.8575791666666667,,
dqn,42,958,8999,-10.04,4,0,1,0.8575158333333334,0.003032061969861388,-1.0314879417419434
dqn,42,959,9001,-10.02,2,0,1,0.8574841666666667,0.0016206001164391637,-0.8567878007888794
dqn,42,960,9010,-10.09,9,0,1,0.8573416666666667,0.0016793598188087344,-0.8614378571510315
dqn,42,961,9018,-10.08,8,0,1,0.8572150000000001,0.004626840469427407,-1.4214874505996704
dqn,42,962,9026,-10.08,8,0,1,0.8570883333333333,0.0031793906819075346,-1.0124600529670715
dqn,42,963,9030,-10.04,4,0,1,0.857025,0.0028320052661001682,-0.8867584466934204
dqn,42,964,9032,-10.02,2,0,1,0.8569933333333334,0.00038267800118774176,-0.22905659675598145
dqn,42,965,9036,-10.04,4,0,1,0.85693,0.005292195826768875,-1.0374524593353271
dqn,42,966,9041,-10.049999999999999,5,0,1,0.8568508333333333,0.002388482913374901,-1.4771158695220947
dqn,42,967,9051,-10.1,10,0,1,0.8566925,0.0017318326281383634,-0.8472350835800171
dqn,42,968,9069,-10.18,18,0,1,0.8564075,0.0044730034656822685,-1.095313310623169
dqn,42,969,9071,-10.02,2,0,1,0.8563758333333333,,
dqn,42,970,9111,-10.4,40,0,1,0.8557425,0.0018220189260318876,-0.8153505384922027
dqn,42,971,9119,-10.08,8,0,1,0.8556158333333334,0.00197203567950055,-1.1790568828582764
dqn,42,972,9121,-10.02,2,0,1,0.8555841666666667,0.0008644521585665643,-1.0239756107330322
dqn,42,973,9123,-10.02,2,0,1,0.8555525,,
dqn,42,974,9127,-10.04,4,0,1,0.8554891666666666,0.0009269383153878152,-0.5400861501693726
dqn,42,975,9151,-10.24,24,0,1,0.8551091666666667,0.002971095459846159,-1.2103796005249023
dqn,42,976,9168,-10.17,17,0,1,0.85484,0.0025513391941785813,-0.8875401228666305
dqn,42,977,9171,-10.03,3,0,1,0.8547925,,
dqn,42,978,9174,-10.03,3,0,1,0.854745,0.0012449462665244937,-1.6586335897445679
dqn,42,979,9185,-10.11,11,0,1,0.8545708333333334,0.0023076024372130632,-1.0308459202448528
dqn,42,980,9192,-10.07,7,0,1,0.85446,0.0009128513629548252,-0.8592982888221741
dqn,42,981,9197,-10.049999999999999,5,0,1,0.8543808333333334,0.001141522778198123,-2.1193299293518066
dqn,42,982,9203,-10.06,6,0,1,0.8542858333333333,0.002303553046658635,-1.9794460535049438
dqn,42,983,9231,-10.28,28,0,1,0.8538425000000001,0.001805572724801355,-1.0640508362225123
dqn,42,984,9259,-10.28,28,0,1,0.8533991666666667,0.0016087906988104805,-0.7924888219152179
dqn,42,985,9287,-10.28,28,0,1,0.8529558333333334,0.0026845779502764344,-1.3128825085503715
dqn,42,986,9303,-10.16,16,0,1,0.8527025,0.0022124812530819327,-1.072036787867546
dqn,42,987,9336,-10.33,33,0,1,0.85218,0.0019778084048690894,-0.8451443513234457
dqn,42,988,9340,-10.04,4,0,1,0.8521166666666666,0.0030945970211178064,-0.6934270262718201
dqn,42,989,9360,-10.2,20,0,1,0.8518,0.001482509059133008,-1.1536814868450165
dqn,42,990,9368,-10.08,8,0,1,0.8516733333333333,0.0018501176382414997,-1.0829851031303406
dqn,42,991,9435,9.33,67,1,0,0.8506125,0.001920665921716136,-0.9905389472842216
dqn,42,992,9451,-10.16,16,0,1,0.8503591666666667,0.0016244409052887931,-0.8730914816260338
dqn,42,993,9457,-10.06,6,0,1,0.8502641666666667,0.001095113082556054,-0.9324195683002472
dqn,42,994,9459,-10.02,2,0,1,0.8502325,,
dqn,42,995,9476,-10.17,17,0,1,0.8499633333333333,0.000838615873362869,-0.8656383097171784
dqn,42,996,9477,-10.01,1,0,1,0.8499475,,
dqn,42,997,9482,-10.049999999999999,5,0,1,0.8498683333333333,0.0004877098253928125,-1.012587070465088
dqn,42,998,9489,-10.07,7,0,1,0.8497574999999999,0.0007236516394186765,-0.6935077756643295
dqn,42,999,9510,-10.209999999999999,21,0,1,0.849425,0.001231531868688762,-0.9030648827552795
dqn,42,1000,9513,-10.03,3,0,1,0.8493775,0.0008880296954885125,-0.6997451186180115
dqn,42,1001,9526,-10.129999999999999,13,0,1,0.8491716666666667,0.0024302802436674633,-1.2181974252065022
dqn,42,1002,9533,-10.07,7,0,1,0.8490608333333334,0.0009231514122802764,-0.7194138914346695
dqn,42,1003,9580,-10.47,47,0,1,0.8483166666666666,0.0009498730845128497,-0.7730331619580587
dqn,42,1004,9601,-10.209999999999999,21,0,1,0.8479841666666666,0.0012054546852596105,-0.798517906665802
dqn,42,1005,9644,-10.43,43,0,1,0.8473033333333333,0.0008379292690237476,-0.8920333873141896
dqn,42,1006,9648,-10.04,4,0,1,0.84724,0.0038183459546417,-1.0036256313323975
dqn,42,1007,9661,-10.129999999999999,13,0,1,0.8470341666666666,0.0014918320424233873,-0.7190930644671122
dqn,42,1008,9662,-10.01,1,0,1,0.8470183333333333,,
dqn,42,1009,9672,-10.1,10,0,1,0.84686,0.001329419338920464,-0.7510815858840942
dqn,42,1010,9691,-10.19,19,0,1,0.8465591666666666,0.0032451752485940233,-1.6271096467971802
dqn,42,1011,9694,-10.03,3,0,1,0.8465116666666667,0.002784326672554016,-0.9998096227645874
dqn,42,1012,9717,-10.23,23,0,1,0.8461475,0.005484286938250686,-0.9739121596018473
dqn,42,1013,9725,-10.08,8,0,1,0.8460208333333333,0.0025340691208839417,-0.9177969396114349
dqn,42,1014,9729,-10.04,4,0,1,0.8459575,0.004093126393854618,-0.5154087543487549
dqn,42,1015,9739,-10.1,10,0,1,0.8457991666666667,0.005121133290231228,-0.7671782672405243
dqn,42,1016,9759,-10.2,20,0,1,0.8454825,0.004105459403945133,-0.9751432299613952
dqn,42,1017,9765,-10.06,6,0,1,0.8453875,0.0026897935895249248,-0.8315544724464417
dqn,42,1018,9768,-10.03,3,0,1,0.84534,0.0006218344205990434,-0.7019988894462585
dqn,42,1019,9770,-10.02,2,0,1,0.8453083333333333,,
dqn,42,1020,9774,-10.04,4,0,1,0.845245,0.0017846925184130669,-1.985098123550415
dqn,42,1021,9777,-10.03,3,0,1,0.8451975,0.002959155011922121,-1.0554088354110718
dqn,42,1022,9779,-10.02,2,0,1,0.8451658333333334,,
dqn,42,1023,9781,-10.02,2,0,1,0.8451341666666666,0.0019881075713783503,-0.8929147720336914
dqn,42,1024,9783,-10.02,2,0,1,0.8451025,,
dqn,42,1025,9785,-10.02,2,0,1,0.8450708333333333,0.002374775242060423,-0.8738917708396912
dqn,42,1026,9802,-10.17,17,0,1,0.8448016666666667,0.0023745772487018257,-1.0078798830509186
dqn,42,1027,9804,-10.02,2,0,1,0.84477,0.002826217096298933,-1.4972127676010132
dqn,42,1028,9806,-10.02,2,0,1,0.8447383333333334,,
dqn,42,1029,9812,-10.06,6,0,1,0.8446433333333333,0.0010242265416309237,-0.6305251121520996
dqn,42,1030,9826,-10.14,14,0,1,0.8444216666666666,0.002465284817541639,-0.8166402777036031
dqn,42,1031,9839,-10.129999999999999,13,0,1,0.8442158333333334,0.0023634739918634295,-1.2917121648788452
dqn,42,1032,9846,-10.07,7,0,1,0.844105,0.006686235778033733,-1.5418633222579956
dqn,42,1033,9855,-10.09,9,0,1,0.8439625,0.0013594984193332493,-0.9472196102142334
dqn,42,1034,9857,-10.02,2,0,1,0.8439308333333333,0.0008784335223026574,-0.5648809671401978
dqn,42,1035,9889,-10.32,32,0,1,0.8434241666666666,0.0018320937888347544,-0.8452489972114563
dqn,42,1036,9896,-10.07,7,0,1,0.8433133333333334,0.004987003980204463,-0.7311745434999466
dqn,42,1037,9898,-10.02,2,0,1,0.8432816666666667,,
dqn,42,1038,9909,-10.11,11,0,1,0.8431075,0.1074894846145374,-1.373558521270752
dqn,42,1039,9917,-10.08,8,0,1,0.8429808333333333,0.0013118303613737226,-0.7839382402598858
dqn,42,1040,9919,-10.02,2,0,1,0.8429491666666666,,
dqn,42,1041,9940,-10.209999999999999,21,0,1,0.8426166666666667,0.0026413821518265954,-0.8875371217727661
dqn,42,1042,9952,-10.12,12,0,1,0.8424266666666667,0.0025957992766052485,-0.6072049140930176
dqn,42,1043,9957,-10.049999999999999,5,0,1,0.8423475,0.0019692748319357634,-0.8851543664932251
dqn,42,1044,9962,-10.049999999999999,5,0,1,0.8422683333333334,0.0012877426343038678,-0.7072671055793762
dqn,42,1045,9981,-10.19,19,0,1,0.8419675,0.0018490446382202208,-1.2384801983833313
dqn,42,1046,9994,-10.129999999999999,13,0,1,0.8417616666666667,0.001301041532618304,-0.8607660134633383
dqn,42,1047,9997,-10.03,3,0,1,0.8417141666666667,0.003240574151277542,-0.5395443439483643
dqn,42,1048,10000,-10.03,3,0,1,0.8416666666666667,0.002242789138108492,-1.327683925628662
dqn,42,1049,10015,-10.15,15,0,1,0.8414291666666667,0.0020337374104807773,-0.7768515547116598
dqn,42,1050,10078,-10.63,63,0,1,0.8404316666666667,0.0019271784185548313,-1.040740616619587
dqn,42,1051,10097,-10.19,19,0,1,0.8401308333333333,0.0012421299587003886,-0.933112895488739
dqn,42,1052,10105,-10.08,8,0,1,0.8400041666666667,0.0017780469061108306,-1.0133351683616638
dqn,42,1053,10116,-10.11,11,0,1,0.8398300000000001,0.0012678327814986308,-1.084312617778778
dqn,42,1054,10119,-10.03,3,0,1,0.8397825,,
dqn,42,1055,10127,-10.08,8,0,1,0.8396558333333333,0.0013598141958937049,-1.0917576402425766
dqn,42,1056,10172,-10.45,45,0,1,0.8389433333333334,0.0018901452834446293,-1.0010262007514636
dqn,42,1057,10178,-10.06,6,0,1,0.8388483333333333,0.0008085896261036396,-0.5393205881118774
dqn,42,1058,10194,-10.16,16,0,1,0.838595,0.0029637697734870017,-1.0261906832456589
dqn,42,1059,10200,-10.06,6,0,1,0.8385,0.002003461413551122,-1.0365688800811768
dqn,42,1060,10207,-10.07,7,0,1,0.8383891666666667,0.006090802606195211,-0.829353928565979
dqn,42,1061,10215,-10.08,8,0,1,0.8382625,0.0020828913839068264,-0.847439169883728
dqn,42,1062,10218,-10.03,3,0,1,0.8382149999999999,0.0013992709573358297,-0.38630372285842896
dqn,42,1063,10222,-10.04,4,0,1,0.8381516666666666,0.0010526592377573252,-0.24815362691879272
dqn,42,1064,10225,-10.03,3,0,1,0.8381041666666667,0.012885361909866333,-1.4026398658752441
dqn,42,1065,10238,-10.129999999999999,13,0,1,0.8378983333333334,0.006475719545657436,-1.0561530987421672
dqn,42,1066,10260,-10.22,22,0,1,0.83755,0.004309441933097939,-0.9069921175638834
dqn,42,1067,10286,-10.26,26,0,1,0.8371383333333333,0.003067270095925778,-1.150817592938741
dqn,42,1068,10311,-10.25,25,0,1,0.8367425,0.001882894119868676,-1.1254203915596008
dqn,42,1069,10316,-10.049999999999999,5,0,1,0.8366633333333333,0.0014480453100986779,-1.257866621017456
dqn,42,1070,10319,-10.03,3,0,1,0.8366158333333333,,
dqn,42,1071,10323,-10.04,4,0,1,0.8365525,0.0007610045140609145,-0.7103729248046875
dqn,42,1072,10327,-10.04,4,0,1,0.8364891666666667,0.0009579745819792151,-1.3295050859451294
dqn,42,1073,10329,-10.02,2,0,1,0.8364575000000001,0.0008428968722000718,-1.1816973686218262
dqn,42,1074,10346,-10.17,17,0,1,0.8361883333333333,0.0009426110045751557,-0.8698623776435852
dqn,42,1075,10358,-10.12,12,0,1,0.8359983333333334,0.0015675821923650801,-1.0144433577855427
dqn,42,1076,10376,-10.18,18,0,1,0.8357133333333333,0.0011000333353877068,-0.840806531906128
dqn,42,1077,10379,-10.03,3,0,1,0.8356658333333333,,
dqn,42,1078,10382,-10.03,3,0,1,0.8356183333333334,0.0010841221082955599,-1.4936318397521973
dqn,42,1079,10387,-10.049999999999999,5,0,1,0.8355391666666667,0.0019161025993525982,-0.7148962616920471
dqn,42,1080,10395,-10.08,8,0,1,0.8354125,0.00039399908564519137,-1.0312174260616302
dqn,42,1081,10399,-10.04,4,0,1,0.8353491666666667,0.002124212449416518,-0.8566185235977173
dqn,42,1082,10404,-10.049999999999999,5,0,1,0.83527,0.0007223402208182961,-0.8699906170368195
dqn,42,1083,10406,-10.02,2,0,1,0.8352383333333333,,
dqn,42,1084,10449,-10.43,43,0,1,0.8345575000000001,0.0011202486507086592,-0.7944624965841119
dqn,42,1085,10451,-10.02,2,0,1,0.8345258333333334,,
dqn,42,1086,10462,-10.11,11,0,1,0.8343516666666666,0.0011654030919695895,-0.9749748309453329
dqn,42,1087,10470,-10.08,8,0,1,0.834225,0.0004414985960465856,-0.7114557921886444
dqn,42,1088,10524,-10.54,54,0,1,0.8333699999999999,0.0010702956268297775,-0.753178426197597
dqn,42,1089,10526,-10.02,2,0,1,0.8333383333333333,,
dqn,42,1090,10534,-10.08,8,0,1,0.8332116666666667,0.001365304720820859,-1.1898761689662933
dqn,42,1091,10550,-10.16,16,0,1,0.8329583333333334,0.001509888799773762,-0.6957397684454918
dqn,42,1092,10553,-10.03,3,0,1,0.8329108333333334,0.001526468899101019,-1.0344579219818115
dqn,42,1093,10556,-10.03,3,0,1,0.8328633333333333,0.0014737618621438742,-1.0475504398345947
dqn,42,1094,10567,-10.11,11,0,1,0.8326891666666667,0.0021855130326002836,-1.044983685016632
dqn,42,1095,10571,-10.04,4,0,1,0.8326258333333334,0.0017460929229855537,-1.4907004833221436
dqn,42,1096,10585,-10.14,14,0,1,0.8324041666666666,0.08095014811260626,-1.326215773820877
dqn,42,1097,10605,-10.2,20,0,1,0.8320875,0.0007139243767596781,-0.6503025457262993
dqn,42,1098,10617,-10.12,12,0,1,0.8318975,0.001840778316060702,-1.442427158355713
dqn,42,1099,10626,-10.09,9,0,1,0.831755,0.0008077363600023091,-0.544451892375946
dqn,42,1100,10670,-10.44,44,0,1,0.8310583333333333,0.0012310309764209458,-1.0382034182548523
dqn,42,1101,10711,-10.41,41,0,1,0.8304091666666666,0.0007887312283855862,-0.8169294506311416
dqn,42,1102,10713,-10.02,2,0,1,0.8303775,0.0007262143772095442,-1.1949689388275146
dqn,42,1103,10715,-10.02,2,0,1,0.8303458333333333,,
dqn,42,1104,10717,-10.02,2,0,1,0.8303141666666667,0.0016241141129285097,-0.8750494122505188
dqn,42,1105,10730,-10.129999999999999,13,0,1,0.8301083333333333,0.0009147745634739598,-0.8084348241488138
dqn,42,1106,10761,-10.31,31,0,1,0.8296175,0.0016929834309848957,-0.9825759716331959
dqn,42,1107,10768,-10.07,7,0,1,0.8295066666666666,0.001073852356057614,-1.2680928707122803
dqn,42,1108,10789,-10.209999999999999,21,0,1,0.8291741666666667,0.0015006179688498377,-0.9925668835639954
dqn,42,1109,10807,-10.18,18,0,1,0.8288891666666667,0.002352832641918212,-1.1751209646463394
dqn,42,1110,10826,-10.19,19,0,1,0.8285883333333334,0.001962102088145912,-0.6422874331474304
dqn,42,1111,10838,-10.12,12,0,1,0.8283983333333333,0.001967820203086982,-0.6671842535336813
dqn,42,1112,10863,-10.25,25,0,1,0.8280025,0.0006535041320603341,-0.7316373984018961
dqn,42,1113,10866,-10.03,3,0,1,0.827955,0.0005264498759061098,-0.5585136413574219
dqn,42,1114,10871,-10.049999999999999,5,0,1,0.8278758333333334,0.0007339621661230922,-0.723590075969696
dqn,42,1115,10873,-10.02,2,0,1,0.8278441666666667,0.002065816428512335,-1.6713345050811768
dqn,42,1116,10899,-10.26,26,0,1,0.8274325,0.0007023442934344833,-0.5485844413439432
dqn,42,1117,10902,-10.03,3,0,1,0.827385,0.0007627144223079085,-0.564721941947937
dqn,42,1118,10905,-10.03,3,0,1,0.8273375000000001,0.0008835801272653043,-0.8614875078201294
dqn,42,1119,10921,-10.16,16,0,1,0.8270841666666666,0.0008160037396010011,-0.9012281149625778
dqn,42,1120,10931,-10.1,10,0,1,0.8269258333333334,0.0009393790387548506,-0.5575182810425758
dqn,42,1121,10952,-10.209999999999999,21,0,1,0.8265933333333333,0.0008131148206302896,-1.2333177427450817
dqn,42,1122,10956,-10.04,4,0,1,0.82653,0.0003280051751062274,-1.0241349935531616
dqn,42,1123,10960,-10.04,4,0,1,0.8264666666666667,0.0011288446839898825,-1.0140589475631714
dqn,42,1124,10972,-10.12,12,0,1,0.8262766666666667,0.0010546113674839337,-1.39347243309021
dqn,42,1125,10974,-10.02,2,0,1,0.826245,,
dqn,42,1126,10976,-10.02,2,0,1,0.8262133333333334,0.0007252992363646626,-0.3891648054122925
dqn,42,1127,10981,-10.049999999999999,5,0,1,0.8261341666666666,0.00113827851600945,-1.9666459560394287
dqn,42,1128,10990,-10.09,9,0,1,0.8259916666666667,0.0006401073769666255,-0.942593514919281
dqn,42,1129,10998,-10.08,8,0,1,0.8258650000000001,0.001310728897806257,-0.7857579290866852
dqn,42,1130,11017,-10.19,19,0,1,0.8255641666666667,0.0010431805887492374,-0.7098515272140503
dqn,42,1131,11033,-10.16,16,0,1,0.8253108333333333,0.0015698536226409487,-1.2579412907361984
dqn,42,1132,11041,-10.08,8,0,1,0.8251841666666667,0.00294040993321687,-1.2725921869277954
dqn,42,1133,11096,-10.55,55,0,1,0.8243133333333333,0.0007408113763501335,-0.8988361401217324
dqn,42,1134,11101,-10.049999999999999,5,0,1,0.8242341666666667,0.0006078730802983046,-0.7046002149581909
dqn,42,1135,11108,-10.07,7,0,1,0.8241233333333333,0.0005872923647984862,-0.7792267203330994
dqn,42,1136,11117,-10.09,9,0,1,0.8239808333333334,0.0011871603710460477,-0.7163198292255402
dqn,42,1137,11119,-10.02,2,0,1,0.8239491666666667,,
dqn,42,1138,11125,-10.06,6,0,1,0.8238541666666667,0.0005621291638817638,-0.8583778142929077
dqn,42,1139,11130,-10.049999999999999,5,0,1,0.823775,0.0016954970778897405,-1.1735419034957886
dqn,42,1140,11144,-10.14,14,0,1,0.8235533333333334,0.0007485694150091149,-1.029178410768509
dqn,42,1141,11155,-10.11,11,0,1,0.8233791666666667,0.0016251038759946823,-1.095724880695343
dqn,42,1142,11164,-10.09,9,0,1,0.8232366666666666,0.001023345811214919,-0.9764395952224731
dqn,42,1143,11188,-10.24,24,0,1,0.8228566666666667,0.0007523223951769372,-0.6303700655698776
dqn,42,1144,11192,-10.04,4,0,1,0.8227933333333334,0.0032502200920134783,-1.8052756786346436
dqn,42,1145,11193,-10.01,1,0,1,0.8227775,,
dqn,42,1146,11196,-10.03,3,0,1,0.82273,0.0004838589229620993,-0.5473005175590515
dqn,42,1147,11200,-10.04,4,0,1,0.8226666666666667,0.0009441833244636655,-1.0084692239761353
dqn,42,1148,11249,-10.49,49,0,1,0.8218908333333333,0.001714297586052756,-1.0773663421471913
dqn,42,1149,11253,-10.04,4,0,1,0.8218275,0.001688553486019373,-0.5326094627380371
dqn,42,1150,11258,-10.049999999999999,5,0,1,0.8217483333333333,0.001125501119531691,-0.6967453956604004
dqn,42,1151,11280,-10.22,22,0,1,0.8214,0.0015290870893901836,-0.8162641276915868
dqn,42,1152,11288,-10.08,8,0,1,0.8212733333333333,0.0028284385334700346,-0.8540154993534088
dqn,42,1153,11299,-10.11,11,0,1,0.8210991666666667,0.1596853112860117,-1.592007339000702
dqn,42,1154,11323,-10.24,24,0,1,0.8207191666666667,0.002041556877278102,-1.0491675734519958
dqn,42,1155,11330,-10.07,7,0,1,0.8206083333333334,0.001140337553806603,-1.3273475170135498
dqn,42,1156,11349,-10.19,19,0,1,0.8203075,0.0017818186315707862,-1.0866186618804932
dqn,42,1157,11362,-10.129999999999999,13,0,1,0.8201016666666667,0.0009513286543854823,-0.8140078783035278
dqn,42,1158,11370,-10.08,8,0,1,0.819975,0.00034975551534444094,-0.7921938598155975
dqn,42,1159,11373,-10.03,3,0,1,0.8199275,0.002306415932253003,-1.4941978454589844
dqn,42,1160,11376,-10.03,3,0,1,0.81988,0.0010624644346535206,-1.4828338623046875
dqn,42,1161,11380,-10.04,4,0,1,0.8198166666666666,0.00043186190305277705,-0.6963461637496948
dqn,42,1162,11382,-10.02,2,0,1,0.819785,,
dqn,42,1163,11389,-10.07,7,0,1,0.8196741666666667,0.0009721816459205002,-0.47952117025852203
dqn,42,1164,11392,-10.03,3,0,1,0.8196266666666667,0.0015566429356113076,-1.3574790954589844
dqn,42,1165,11396,-10.04,4,0,1,0.8195633333333333,0.0004519833601079881,-0.8681012392044067
dqn,42,1166,11399,-10.03,3,0,1,0.8195158333333333,,
dqn,42,1167,11421,-10.22,22,0,1,0.8191675,0.0017686212280144293,-1.0774174531300862
dqn,42,1168,11428,-10.07,7,0,1,0.8190566666666667,0.0017196107073687017,-1.0051417350769043
dqn,42,1169,11432,-10.04,4,0,1,0.8189933333333334,0.0012592211132869124,-0.38364237546920776
dqn,42,1170,11436,-10.04,4,0,1,0.81893,0.0027408283203840256,-1.1966099739074707
dqn,42,1171,11439,-10.03,3,0,1,0.8188825,,
dqn,42,1172,11441,-10.02,2,0,1,0.8188508333333333,0.0009386008605360985,-0.7236396074295044
dqn,42,1173,11448,-10.07,7,0,1,0.81874,0.0006553989078383893,-0.7863748669624329
dqn,42,1174,11494,-10.46,46,0,1,0.8180116666666667,0.0014878882502671331,-0.8802696717056361
dqn,42,1175,11500,-10.06,6,0,1,0.8179166666666666,0.001659650239162147,-1.2465839385986328
dqn,42,1176,11531,-10.31,31,0,1,0.8174258333333333,0.0018367500992358796,-0.9326325356960297
dqn,42,1177,11538,-10.07,7,0,1,0.817315,0.0017359424964524806,-0.8748316466808319
dqn,42,1178,11542,-10.04,4,0,1,0.8172516666666667,0.004989893175661564,-1.047372817993164
dqn,42,1179,11570,-10.28,28,0,1,0.8168083333333334,0.0025808001519180834,-0.9339204238993781
dqn,42,1180,11583,-10.129999999999999,13,0,1,0.8166025,0.0012929356501748164,-1.006013035774231
dqn,42,1181,11584,-10.01,1,0,1,0.8165866666666667,0.00044874291052110493,-0.7181692123413086
dqn,42,1182,11608,-10.24,24,0,1,0.8162066666666666,0.0008676731013110839,-0.6569637060165405
dqn,42,1183,11623,-10.15,15,0,1,0.8159691666666666,0.000818245733777682,-0.6001289784908295
dqn,42,1184,11625,-10.02,2,0,1,0.8159375,0.0005437598447315395,-0.8697712421417236
dqn,42,1185,11638,-10.129999999999999,13,0,1,0.8157316666666666,0.0009766018483787775,-0.8687365849812826
dqn,42,1186,11640,-10.02,2,0,1,0.8157,0.00044288800563663244,-0.5551921725273132
dqn,42,1187,11674,-10.34,34,0,1,0.8151616666666667,0.0005405965530371759,-0.7675831541419029
dqn,42,1188,11679,-10.049999999999999,5,0,1,0.8150825,0.0006778704700991511,-1.0231977701187134
dqn,42,1189,11687,-10.08,8,0,1,0.8149558333333333,0.0007415503496304154,-0.9358717203140259
dqn,42,1190,11708,-10.209999999999999,21,0,1,0.8146233333333334,0.00060094125122608,-0.8163414398829142
dqn,42,1191,11711,-10.03,3,0,1,0.8145758333333334,,
dqn,42,1192,11718,-10.07,7,0,1,0.814465,0.0021463445154950023,-0.928806722164154
dqn,42,1193,11722,-10.04,4,0,1,0.8144016666666667,0.0016210218891501427,-1.1940069198608398
dqn,42,1194,11725,-10.03,3,0,1,0.8143541666666667,0.0029040961526334286,-1.5253121852874756
dqn,42,1195,11731,-10.06,6,0,1,0.8142591666666666,0.0004221473936922848,-1.0224262475967407
dqn,42,1196,11745,-10.14,14,0,1,0.8140375,0.003416099090827629,-1.1046807169914246
dqn,42,1197,11746,-10.01,1,0,1,0.8140216666666666,,
dqn,42,1198,11748,-10.02,2,0,1,0.81399,0.0005813425523228943,-1.0313775539398193
dqn,42,1199,11750,-10.02,2,0,1,0.8139583333333333,,
dqn,42,1200,11751,-10.01,1,0,1,0.8139425,,
dqn,42,1201,11752,-10.01,1,0,1,0.8139266666666667,0.0032335822470486164,-1.000309705734253
dqn,42,1202,11781,-10.29,29,0,1,0.8134675,0.0029603898209253593,-1.0193578686032976
dqn,42,1203,11782,-10.01,1,0,1,0.8134516666666667,,
dqn,42,1204,11785,-10.03,3,0,1,0.8134041666666667,0.0010428535751998425,-1.1611661911010742
dqn,42,1205,11791,-10.06,6,0,1,0.8133091666666666,0.0013562175445258617,-1.3510775566101074
dqn,42,1206,11812,-10.209999999999999,21,0,1,0.8129766666666667,0.0066715998109430075,-0.7262177964051565
dqn,42,1207,11824,-10.12,12,0,1,0.8127866666666667,0.1115076271429037,-1.0031137466430664
dqn,42,1208,11828,-10.04,4,0,1,0.8127233333333334,0.007895579561591148,-0.9889020919799805
dqn,42,1209,11830,-10.02,2,0,1,0.8126916666666667,,
dqn,42,1210,11852,-10.22,22,0,1,0.8123433333333333,0.004083916564316799,-0.9430742263793945
dqn,42,1211,11860,-10.08,8,0,1,0.8122166666666667,0.002487864810973406,-0.9330653548240662
dqn,42,1212,11874,-10.14,14,0,1,0.811995,0.0019339770078659058,-0.7184953689575195
dqn,42,1213,11890,-10.16,16,0,1,0.8117416666666667,0.0017345753585686907,-0.9010521173477173
dqn,42,1214,11904,-10.14,14,0,1,0.81152,0.0013959577772766352,-0.9482735991477966
dqn,42,1215,11918,-10.14,14,0,1,0.8112983333333333,0.0015582054717621456,-1.018559753894806
dqn,42,1216,11942,-10.24,24,0,1,0.8109183333333333,0.0015514627933346976,-1.0509575605392456
dqn,42,1217,11948,-10.06,6,0,1,0.8108233333333333,0.0007844575302442536,-0.6222347319126129
dqn,42,1218,11960,-10.12,12,0,1,0.8106333333333333,0.000730580043940184,-0.6585792303085327
dqn,42,1219,11991,-10.31,31,0,1,0.8101425,0.0009587072230975277,-0.7789535011563983
dqn,42,1220,12039,9.52,48,1,0,0.8093825,0.0017999909808471177,-1.1439511974652607
dqn,42,1221,12040,-10.01,1,0,1,0.8093666666666667,0.003530359361320734,-0.8399325013160706
dqn,42,1222,12049,-10.09,9,0,1,0.8092241666666666,0.001142343448009342,-1.0288103818893433
dqn,42,1223,12056,-10.07,7,0,1,0.8091133333333334,0.0012355212238617241,-0.9662955403327942
dqn,42,1224,12061,-10.049999999999999,5,0,1,0.8090341666666667,0.0006982357008382678,-1.023031234741211
dqn,42,1225,12069,-10.08,8,0,1,0.8089075,0.001179511717054993,-0.7781480848789215
dqn,42,1226,12076,-10.07,7,0,1,0.8087966666666666,0.0011046126310247928,-0.7923384010791779
dqn,42,1227,12081,-10.049999999999999,5,0,1,0.8087175,0.0016938508488237858,-0.5743461847305298
dqn,42,1228,12093,-10.12,12,0,1,0.8085275000000001,0.00432077213190496,-1.1249220371246338
dqn,42,1229,12104,-10.11,11,0,1,0.8083533333333334,0.10524659825993392,-0.8099337220191956
dqn,42,1230,12107,-10.03,3,0,1,0.8083058333333333,,
dqn,42,1231,12118,-10.11,11,0,1,0.8081316666666667,0.0073799559225638705,-1.1983998616536458
dqn,42,1232,12154,-10.36,36,0,1,0.8075616666666667,0.0023996607035062173,-0.7430254568656286
dqn,42,1233,12156,-10.02,2,0,1,0.80753,0.0017607946647331119,-1.9894737005233765
dqn,42,1234,12230,-10.74,74,0,1,0.8063583333333333,0.03615217229687712,-0.8844763057099448
dqn,42,1235,12246,-10.16,16,0,1,0.8061050000000001,0.0020239519653841853,-0.8820951879024506
dqn,42,1236,12270,-10.24,24,0,1,0.805725,0.00199723844222414,-0.7134990195433298
dqn,42,1237,12304,-10.34,34,0,1,0.8051866666666667,0.0019833130774916047,-1.023552225695716
dqn,42,1238,12314,-10.1,10,0,1,0.8050283333333333,0.001162381551694125,-0.9458770453929901
dqn,42,1239,12321,-10.07,7,0,1,0.8049175,0.002752753993263468,-1.0397874116897583
dqn,42,1240,12326,-10.049999999999999,5,0,1,0.8048383333333333,0.0007349861552938819,-1.178635835647583
dqn,42,1241,12328,-10.02,2,0,1,0.8048066666666667,0.001348757417872548,-0.8560202121734619
dqn,42,1242,12348,-10.2,20,0,1,0.80449,0.003355230065062642,-0.8745351254940033
dqn,42,1243,12399,-10.51,51,0,1,0.8036825000000001,0.0024994157429318875,-1.2483133723338444
dqn,42,1244,12421,-10.22,22,0,1,0.8033341666666667,0.0009922580890512716,-0.6871204376220703
dqn,42,1245,12441,-10.2,20,0,1,0.8030174999999999,0.0018978943873662502,-0.7477276384830475
dqn,42,1246,12451,-10.1,10,0,1,0.8028591666666667,0.0009912591485772282,-1.4922150373458862
dqn,42,1247,12458,-10.07,7,0,1,0.8027483333333334,0.0012706812849501148,-0.7858609557151794
dqn,42,1248,12468,-10.1,10,0,1,0.80259,0.0009077297678838173,-1.038770814736684
dqn,42,1249,12474,-10.06,6,0,1,0.802495,0.0007982841925695539,-1.0222898721694946
dqn,42,1250,12482,-10.08,8,0,1,0.8023683333333334,0.0017587734619155526,-1.254109263420105
dqn,42,1251,12521,-10.39,39,0,1,0.8017508333333334,0.0010017729728133418,-1.187698994576931
dqn,42,1252,12535,-10.14,14,0,1,0.8015291666666666,0.0017276702565141022,-0.9701183239618937
dqn,42,1253,12551,-10.16,16,0,1,0.8012758333333334,0.0007891533023212105,-0.9924913793802261
dqn,42,1254,12571,-10.2,20,0,1,0.8009591666666667,0.0011045766761526466,-1.0615198373794557
dqn,42,1255,12572,-10.01,1,0,1,0.8009433333333333,0.0005635989364236593,-1.023998737335205
dqn,42,1256,12591,-10.19,19,0,1,0.8006425,0.0005579819844570011,-0.7488870024681091
dqn,42,1257,12612,-10.209999999999999,21,0,1,0.8003100000000001,0.0008742913050809875,-0.8405285875002543
dqn,42,1258,12626,-10.14,14,0,1,0.8000883333333333,0.0015415513383535047,-1.1449417273203533
dqn,42,1259,12632,-10.06,6,0,1,0.7999933333333333,0.0013868012465536594,-1.4832590818405151
dqn,42,1260,12635,-10.03,3,0,1,0.7999458333333334,,
dqn,42,1261,12646,-10.11,11,0,1,0.7997716666666667,0.0013044051302131265,-0.9324672222137451
dqn,42,1262,12667,-10.209999999999999,21,0,1,0.7994391666666667,0.0008950832998380065,-0.8056091487407684
dqn,42,1263,12703,-10.36,36,0,1,0.7988691666666667,0.0035308350601957906,-1.18266119228469
dqn,42,1264,12706,-10.03,3,0,1,0.7988216666666667,0.00033784922561608255,-0.390977144241333
dqn,42,1265,12708,-10.02,2,0,1,0.79879,0.003249706234782934,-0.7311575412750244
dqn,42,1266,12712,-10.04,4,0,1,0.7987266666666667,0.0013273898512125015,-0.4154186546802521
dqn,42,1267,12743,-10.31,31,0,1,0.7982358333333334,0.0019158169826758759,-1.0053954720497131
dqn,42,1268,12770,-10.27,27,0,1,0.7978083333333333,0.0017840771802834102,-0.9613640010356903
dqn,42,1269,12795,-10.25,25,0,1,0.7974125000000001,0.0006710730861717215,-0.7367564340432485
dqn,42,1270,12896,8.99,101,1,0,0.7958133333333334,0.0008724254506747597,-0.9003349886490748
dqn,42,1271,12903,-10.07,7,0,1,0.7957025,0.0007842176128178835,-0.7234389185905457
dqn,42,1272,12910,-10.07,7,0,1,0.7955916666666667,0.0007233822834677994,-1.1126973628997803
dqn,42,1273,12913,-10.03,3,0,1,0.7955441666666667,0.0021689371205866337,-1.0066404342651367
dqn,42,1274,12921,-10.08,8,0,1,0.7954175,0.0010357299470342696,-1.1123972535133362
dqn,42,1275,12924,-10.03,3,0,1,0.79537,0.00048161030281335115,-0.7142831087112427
dqn,42,1276,12927,-10.03,3,0,1,0.7953225,,
dqn,42,1277,12952,-10.25,25,0,1,0.7949266666666667,0.0005596900841088168,-0.8482289910316467
dqn,42,1278,12954,-10.02,2,0,1,0.794895,,
dqn,42,1279,12961,-10.07,7,0,1,0.7947841666666666,0.0008362527150893584,-0.871182382106781
dqn,42,1280,12971,-10.1,10,0,1,0.7946258333333334,0.0009331273904535919,-0.9368878602981567
dqn,42,1281,12975,-10.04,4,0,1,0.7945625000000001,0.001088026212528348,-0.7249546051025391
dqn,42,1282,13015,-10.4,40,0,1,0.7939291666666667,0.0007492706528864801,-0.9809512436389923
dqn,42,1283,13021,-10.06,6,0,1,0.7938341666666666,0.0006321020482573658,-0.710867166519165
dqn,42,1284,13044,-10.23,23,0,1,0.79347,0.0009236997781651249,-0.6857168227434158
dqn,42,1285,13065,-10.209999999999999,21,0,1,0.7931375,0.001263738883426413,-1.1585097312927246
dqn,42,1286,13067,-10.02,2,0,1,0.7931058333333334,,
dqn,42,1287,13076,-10.09,9,0,1,0.7929633333333334,0.0045611859144022064,-0.6868050446112951
dqn,42,1288,13085,-10.09,9,0,1,0.7928208333333333,0.009792392782401294,-1.1572963297367096
dqn,42,1289,13106,-10.209999999999999,21,0,1,0.7924883333333334,0.0033158057718537747,-1.0823981404304504
dqn,42,1290,13134,-10.28,28,0,1,0.792045,0.0008975505812226661,-0.869077776159559
dqn,42,1291,13151,-10.17,17,0,1,0.7917758333333333,0.0815188471460715,-0.9366015493869781
dqn,42,1292,13154,-10.03,3,0,1,0.7917283333333334,0.003893194254487753,-0.8969138264656067
dqn,42,1293,13179,-10.25,25,0,1,0.7913325,0.005707149791608875,-1.1645543773969014
dqn,42,1294,13181,-10.02,2,0,1,0.7913008333333333,0.0014934149803593755,-1.0143301486968994
dqn,42,1295,13188,-10.07,7,0,1,0.7911900000000001,0.0028417452704161406,-0.8568378686904907
dqn,42,1296,13199,-10.11,11,0,1,0.7910158333333334,0.0024901952128857374,-1.4304237961769104
dqn,42,1297,13203,-10.04,4,0,1,0.7909525,0.001511450158432126,-1.1880369186401367
dqn,42,1298,13212,-10.09,9,0,1,0.79081,0.0013068600189095985,-0.9695981939633688
dqn,42,1299,13232,-10.2,20,0,1,0.7904933333333334,0.0015636293683201075,-0.9337053894996643
dqn,42,1300,13234,-10.02,2,0,1,0.7904616666666666,,
dqn,42,1301,13239,-10.049999999999999,5,0,1,0.7903825,0.0021985394414514303,-1.3410108089447021
dqn,42,1302,13250,-10.11,11,0,1,0.7902083333333334,0.0016737169741342466,-1.0357136726379395
dqn,42,1303,13257,-10.07,7,0,1,0.7900975,0.0011404959950596094,-0.5465957373380661
dqn,42,1304,13265,-10.08,8,0,1,0.7899708333333333,0.0012751995236612856,-0.5559515953063965
dqn,42,1305,13267,-10.02,2,0,1,0.7899391666666666,,
dqn,42,1306,13279,-10.12,12,0,1,0.7897491666666667,0.00174471076267461,-0.8224502801895142
dqn,42,1307,13310,-10.31,31,0,1,0.7892583333333334,0.002530639205360785,-0.8456416130065918
dqn,42,1308,13312,-10.02,2,0,1,0.7892266666666667,0.004310749936848879,-1.479683756828308
dqn,42,1309,13324,-10.12,12,0,1,0.7890366666666667,0.004160248752062519,-1.057901124159495
dqn,42,1310,13326,-10.02,2,0,1,0.789005,,
dqn,42,1311,13328,-10.02,2,0,1,0.7889733333333333,0.0032028856221586466,-0.5406607389450073
dqn,42,1312,13332,-10.04,4,0,1,0.78891,0.009611634537577629,-1.291062593460083
dqn,42,1313,13334,-10.02,2,0,1,0.7888783333333333,,
dqn,42,1314,13355,-10.209999999999999,21,0,1,0.7885458333333334,0.004306632420048117,-0.8817782163619995
dqn,42,1315,13356,-10.01,1,0,1,0.78853,0.0033794743940234184,-0.68792325258255
dqn,42,1316,13362,-10.06,6,0,1,0.788435,0.010745309293270111,-0.8293112516403198
dqn,42,1317,13412,-10.5,50,0,1,0.7876433333333334,0.0032644769212660883,-0.8832437716997587
dqn,42,1318,13429,-10.17,17,0,1,0.7873741666666667,0.0006402624821930658,-0.7537232339382172
dqn,42,1319,13450,-10.209999999999999,21,0,1,0.7870416666666666,0.0024137315165717156,-0.9347799777984619
dqn,42,1320,13454,-10.04,4,0,1,0.7869783333333333,0.0010585618438199162,-0.8847252726554871
dqn,42,1321,13460,-10.06,6,0,1,0.7868833333333334,0.0016185420681722462,-0.7800127565860748
dqn,42,1322,13469,-10.09,9,0,1,0.7867408333333333,0.003801984537858516,-1.0125520527362823
dqn,42,1323,13511,-10.42,42,0,1,0.7860758333333333,0.03338329716934822,-0.9370394468307495
dqn,42,1324,13523,-10.12,12,0,1,0.7858858333333334,0.0037676054829110703,-0.9588544368743896
dqn,42,1325,13543,-10.2,20,0,1,0.7855691666666667,0.0026540741790086033,-0.7171346783638001
dqn,42,1326,13559,-10.16,16,0,1,0.7853158333333333,0.001207512934342958,-0.9153264239430428
dqn,42,1327,13563,-10.04,4,0,1,0.7852525,0.00047538295621052384,-0.7128466367721558
dqn,42,1328,13566,-10.03,3,0,1,0.785205,0.00038288210635073483,-0.3930912911891937
dqn,42,1329,13571,-10.049999999999999,5,0,1,0.7851258333333333,0.0005539576523005962,-1.0196988582611084
dqn,42,1330,13572,-10.01,1,0,1,0.78511,0.0004786573117598891,-0.7111678719520569
dqn,42,1331,13578,-10.06,6,0,1,0.785015,0.0004164836718700826,-1.0219626426696777
dqn,42,1332,13582,-10.04,4,0,1,0.7849516666666667,0.0006337774684652686,-1.020552158355713
dqn,42,1333,13588,-10.06,6,0,1,0.7848566666666666,0.001820511242840439,-1.2708055973052979
dqn,42,1334,13596,-10.08,8,0,1,0.78473,0.001143749337643385,-1.273972988128662
dqn,42,1335,13615,-10.19,19,0,1,0.7844291666666667,0.0005374393440433778,-1.179117113351822
dqn,42,1336,13643,-10.28,28,0,1,0.7839858333333334,0.045515233534388244,-0.7786674669810704
dqn,42,1337,13653,-10.1,10,0,1,0.7838275,0.0011305226556335886,-1.0265918970108032
dqn,42,1338,13659,-10.06,6,0,1,0.7837325,0.00017321627819910645,-0.5546967387199402
dqn,42,1339,13690,-10.31,31,0,1,0.7832416666666667,0.0008204233963624574,-0.9106807634234428
dqn,42,1340,13692,-10.02,2,0,1,0.78321,0.00346011552028358,-0.5355656147003174
dqn,42,1341,13696,-10.04,4,0,1,0.7831466666666667,0.00045405561104416847,-0.8736997842788696
dqn,42,1342,13699,-10.03,3,0,1,0.7830991666666667,,
dqn,42,1343,13721,-10.22,22,0,1,0.7827508333333334,0.0021998033237953982,-1.1318109532197316
dqn,42,1344,13739,-10.18,18,0,1,0.7824658333333333,0.004211418563500047,-1.1065375059843063
dqn,42,1345,13741,-10.02,2,0,1,0.7824341666666667,0.0017001960659399629,-1.1755036115646362
dqn,42,1346,13750,-10.09,9,0,1,0.7822916666666667,0.005455344798974693,-1.141596496105194
dqn,42,1347,13768,-10.18,18,0,1,0.7820066666666666,0.0030141234397888183,-0.9912355899810791
dqn,42,1348,13790,-10.22,22,0,1,0.7816583333333333,0.000958190584788099,-0.9891430258750915
dqn,42,1349,13793,-10.03,3,0,1,0.7816108333333334,0.001976252533495426,-0.7275853753089905
dqn,42,1350,13808,-10.15,15,0,1,0.7813733333333334,0.0016464217442262452,-0.9857082217931747
dqn,42,1351,13818,-10.1,10,0,1,0.781215,0.0012061167508363724,-0.8700340688228607
dqn,42,1352,13823,-10.049999999999999,5,0,1,0.7811358333333334,0.0026058447547256947,-0.7342274188995361
dqn,42,1353,13837,-10.14,14,0,1,0.7809141666666667,0.0008135675161611289,-0.8257179129868746
dqn,42,1354,13840,-10.03,3,0,1,0.7808666666666667,0.0003819754929281771,-1.0332003831863403
dqn,42,1355,13862,-10.22,22,0,1,0.7805183333333333,0.0007352588116191327,-0.963706886768341
dqn,42,1356,13867,-10.049999999999999,5,0,1,0.7804391666666667,0.0012175878509879112,-0.7231186628341675
dqn,42,1357,13876,-10.09,9,0,1,0.7802966666666666,0.0019800265436060727,-1.1309818625450134
dqn,42,1358,13877,-10.01,1,0,1,0.7802808333333333,,
dqn,42,1359,13891,-10.14,14,0,1,0.7800591666666666,0.0006653312205647429,-0.9245231250921885
dqn,42,1360,13898,-10.07,7,0,1,0.7799483333333334,0.0004135312083235476,-0.8715921491384506
dqn,42,1361,13921,-10.23,23,0,1,0.7795841666666666,0.0010314705917456497,-1.0306069254875183
dqn,42,1362,13936,-10.15,15,0,1,0.7793466666666666,0.0013193696649977937,-0.7817558944225311
dqn,42,1363,13942,-10.06,6,0,1,0.7792516666666667,0.0013404528144747019,-0.8813543319702148
dqn,42,1364,13962,-10.2,20,0,1,0.778935,0.0016344901174306869,-1.0226115822792052
dqn,42,1365,13981,-10.19,19,0,1,0.7786341666666666,0.001893033052328974,-0.9033396601676941
dqn,42,1366,14005,-10.24,24,0,1,0.7782541666666667,0.0010441633736869942,-1.1311032176017761
dqn,42,1367,14014,-10.09,9,0,1,0.7781116666666666,0.15664413291960955,-1.1187814474105835
dqn,42,1368,14021,-10.07,7,0,1,0.7780008333333334,0.0013020952756050974,-0.46171607077121735
dqn,42,1369,14046,-10.25,25,0,1,0.777605,0.0028667316219070926,-0.943693627913793
dqn,42,1370,14050,-10.04,4,0,1,0.7775416666666667,0.0062398361042141914,-0.8396714925765991
dqn,42,1371,14055,-10.049999999999999,5,0,1,0.7774625,0.0013798846630379558,-0.5679963231086731
dqn,42,1372,14059,-10.04,4,0,1,0.7773991666666666,0.0032774920109659433,-0.5728001594543457
dqn,42,1373,14064,-10.049999999999999,5,0,1,0.77732,0.0035887478152289987,-0.566583164036274
dqn,42,1374,14082,-10.18,18,0,1,0.777035,0.003801054092036793,-0.8187657445669174
dqn,42,1375,14088,-10.06,6,0,1,0.77694,0.0022955668973736465,-0.7262620031833649
dqn,42,1376,14089,-10.01,1,0,1,0.7769241666666666,,
dqn,42,1377,14102,-10.129999999999999,13,0,1,0.7767183333333334,0.0025390821198622384,-0.9576205015182495
dqn,42,1378,14113,-10.11,11,0,1,0.7765441666666667,0.0032921451105115316,-0.7298084994157156
dqn,42,1379,14115,-10.02,2,0,1,0.7765125,,
dqn,42,1380,14131,-10.16,16,0,1,0.7762591666666667,0.0028722750721499324,-0.6132094860076904
dqn,42,1381,14141,-10.1,10,0,1,0.7761008333333334,0.003102862974628806,-0.9963676730791727
dqn,42,1382,14156,-10.15,15,0,1,0.7758633333333333,0.005417197913629934,-0.641511756926775
dqn,42,1383,14159,-10.03,3,0,1,0.7758158333333334,,
dqn,42,1384,14179,-10.2,20,0,1,0.7754991666666666,0.00440593654057011,-0.8740288138389587
dqn,42,1385,14226,-10.47,47,0,1,0.774755,0.003151588908319051,-0.727735253671805
dqn,42,1386,14230,-10.04,4,0,1,0.7746916666666667,0.0016108239069581032,-1.3244526386260986
dqn,42,1387,14247,-10.17,17,0,1,0.7744225,0.0013824669222231023,-0.7165775746107101
dqn,42,1388,14262,-10.15,15,0,1,0.774185,0.0011200029694009572,-0.7764133661985397
dqn,42,1389,14264,-10.02,2,0,1,0.7741533333333334,0.0023248244542628527,-1.2051541805267334
dqn,42,1390,14269,-10.049999999999999,5,0,1,0.7740741666666666,0.0004267231561243534,-0.39858099818229675
dqn,42,1391,14288,-10.19,19,0,1,0.7737733333333333,0.001094680279493332,-0.8316848158836365
dqn,42,1392,14294,-10.06,6,0,1,0.7736783333333334,0.0045706480741500854,-0.8779855966567993
dqn,42,1393,14301,-10.07,7,0,1,0.7735675,0.0013614609488286078,-1.2751317918300629
dqn,42,1394,14302,-10.01,1,0,1,0.7735516666666666,,
dqn,42,1395,14322,-10.2,20,0,1,0.773235,0.003001247555948794,-0.963346791267395
dqn,42,1396,14326,-10.04,4,0,1,0.7731716666666667,0.0006380305858328938,-0.5461899638175964
dqn,42,1397,14340,-10.14,14,0,1,0.77295,0.003684030467411503,-1.1063758581876755
dqn,42,1398,14342,-10.02,2,0,1,0.7729183333333334,,
dqn,42,1399,14346,-10.04,4,0,1,0.7728550000000001,0.001069291029125452,-0.3927716910839081
dqn,42,1400,14349,-10.03,3,0,1,0.7728075,0.005067635793238878,-1.1463804244995117
dqn,42,1401,14357,-10.08,8,0,1,0.7726808333333334,0.0009743882692418993,-0.9399688541889191
dqn,42,1402,14369,-10.12,12,0,1,0.7724908333333333,0.0013553289463743567,-1.0853383143742878
dqn,42,1403,14394,-10.25,25,0,1,0.772095,0.0013544299872592092,-0.9733236903945605
dqn,42,1404,14399,-10.049999999999999,5,0,1,0.7720158333333333,0.0009213041048496962,-1.204390048980713
dqn,42,1405,14402,-10.03,3,0,1,0.7719683333333334,0.000878832652233541,-0.7046386003494263
dqn,42,1406,14405,-10.03,3,0,1,0.7719208333333334,0.001883828779682517,-1.1547598838806152
dqn,42,1407,14417,-10.12,12,0,1,0.7717308333333334,0.0015027655754238367,-0.9130372504393259
dqn,42,1408,14423,-10.06,6,0,1,0.7716358333333333,0.0008946739253588021,-1.1970114707946777
dqn,42,1409,14446,-10.23,23,0,1,0.7712716666666667,0.002260779670905322,-0.8451398611068726
dqn,42,1410,14457,-10.11,11,0,1,0.7710975,0.004613649759752055,-0.8580796917279562
dqn,42,1411,14469,-10.12,12,0,1,0.7709075,0.006921625657317539,-0.8305753966172537
dqn,42,1412,14493,-10.24,24,0,1,0.7705275,0.004458562684400628,-1.0756878157456715
dqn,42,1413,14523,-10.3,30,0,1,0.7700525,0.0050779617158696055,-1.0582426360675268
dqn,42,1414,14541,-10.18,18,0,1,0.7697674999999999,0.009253516886383295,-1.2448859214782715
dqn,42,1415,14550,-10.09,9,0,1,0.769625,0.014011896098963916,-0.8332611620426178
dqn,42,1416,14572,-10.22,22,0,1,0.7692766666666666,0.01845639672440787,-0.927562932173411
dqn,42,1417,14576,-10.04,4,0,1,0.7692133333333333,0.001007765531539917,-0.5441277027130127
dqn,42,1418,14583,-10.07,7,0,1,0.7691025,0.044771336019039154,-0.5745798945426941
dqn,42,1419,14608,-10.25,25,0,1,0.7687066666666666,0.06742048842300262,-1.0588361024856567
dqn,42,1420,14610,-10.02,2,0,1,0.768675,,
dqn,42,1421,14637,-10.27,27,0,1,0.7682475,0.02692919720097312,-0.703322919351714
dqn,42,1422,14660,-10.23,23,0,1,0.7678833333333334,0.030632668601659436,-0.8803196847438812
dqn,42,1423,14682,-10.22,22,0,1,0.7675350000000001,0.04427181417122483,-0.9559989690780639
dqn,42,1424,14684,-10.02,2,0,1,0.7675033333333333,0.005787954665720463,-1.0400500297546387
dqn,42,1425,14702,-10.18,18,0,1,0.7672183333333333,0.04459460685029626,-0.977064698934555
dqn,42,1426,14712,-10.1,10,0,1,0.7670600000000001,0.23838303176065287,-0.9834022919336954
dqn,42,1427,14722,-10.1,10,0,1,0.7669016666666667,0.03803322510793805,-0.9950586557388306
dqn,42,1428,14734,-10.12,12,0,1,0.7667116666666667,0.03159136542429527,-0.6456112265586853
dqn,42,1429,14744,-10.1,10,0,1,0.7665533333333333,0.013611707215507826,-0.7294266571601232
dqn,42,1430,14768,-10.24,24,0,1,0.7661733333333334,0.06590966243917744,-0.7141193971037865
dqn,42,1431,14792,-10.24,24,0,1,0.7657933333333333,0.11611203849315643,-0.9932964344819387
dqn,42,1432,14797,-10.049999999999999,5,0,1,0.7657141666666667,0.061237141489982605,-1.398299217224121
dqn,42,1433,14805,-10.08,8,0,1,0.7655875,0.054663585498929024,-0.6490674614906311
dqn,42,1434,14808,-10.03,3,0,1,0.76554,0.023040689527988434,-0.1901458501815796
dqn,42,1435,14818,-10.1,10,0,1,0.7653816666666666,0.06605580076575279,-1.0431705713272095
dqn,42,1436,14834,-10.16,16,0,1,0.7651283333333334,0.012548892060294747,-0.6506711468100548
dqn,42,1437,14847,-10.129999999999999,13,0,1,0.7649225,0.01864809139321248,-0.8994831492503484
dqn,42,1438,14870,-10.23,23,0,1,0.7645583333333333,0.01731149627206226,-0.9361214339733124
dqn,42,1439,14877,-10.07,7,0,1,0.7644475,0.032361249439418316,-0.41695885360240936
dqn,42,1440,14885,-10.08,8,0,1,0.7643208333333333,0.015007315203547478,-1.4738873839378357
dqn,42,1441,14887,-10.02,2,0,1,0.7642891666666667,,
dqn,42,1442,14914,-10.27,27,0,1,0.7638616666666667,0.007314308080822229,-0.6966198342187064
dqn,42,1443,14919,-10.049999999999999,5,0,1,0.7637825,0.00555333960801363,-0.5841296315193176
dqn,42,1444,14931,-10.12,12,0,1,0.7635925,0.007547286804765463,-1.260013182957967
dqn,42,1445,14959,-10.28,28,0,1,0.7631491666666667,0.003869035314502461,-0.9063513491834913
dqn,42,1446,14961,-10.02,2,0,1,0.7631175,0.006676310673356056,-1.205246925354004
dqn,42,1447,14963,-10.02,2,0,1,0.7630858333333334,,
dqn,42,1448,14971,-10.08,8,0,1,0.7629591666666666,0.0030192395206540823,-1.3453528881072998
dqn,42,1449,14986,-10.15,15,0,1,0.7627216666666667,0.0041317476134281605,-0.6919138506054878
dqn,42,1450,14994,-10.08,8,0,1,0.762595,0.002557101979618892,-0.49499819427728653
dqn,42,1451,15041,-10.47,47,0,1,0.7618508333333334,0.03315152485932534,-1.0313586592674255
dqn,42,1452,15060,-10.19,19,0,1,0.76155,0.010543389758095146,-1.0109639167785645
dqn,42,1453,15073,-10.129999999999999,13,0,1,0.7613441666666667,0.011481890687718987,-0.6394792993863424
dqn,42,1454,15099,-10.26,26,0,1,0.7609325,0.025529267305197816,-0.9845798512299856
dqn,42,1455,15104,-10.049999999999999,5,0,1,0.7608533333333334,0.043615713715553284,-0.8441322445869446
dqn,42,1456,15109,-10.049999999999999,5,0,1,0.7607741666666666,0.004984167404472828,-0.6991130113601685
dqn,42,1457,15123,-10.14,14,0,1,0.7605525,0.015508960777272781,-0.8189977407455444
dqn,42,1458,15134,-10.11,11,0,1,0.7603783333333334,0.010210376523900777,-0.5328713854153951
dqn,42,1459,15162,-10.28,28,0,1,0.759935,0.007953808809231435,-0.7633179937090192
dqn,42,1460,15194,-10.32,32,0,1,0.7594283333333334,0.00919832568615675,-0.8303634282201529
dqn,42,1461,15204,-10.1,10,0,1,0.75927,0.007546814313779275,-0.746651808420817
dqn,42,1462,15215,-10.11,11,0,1,0.7590958333333333,0.0026497486978769302,-0.6488849818706512
dqn,42,1463,15237,-10.22,22,0,1,0.7587475,0.006177880141573648,-0.7901437133550644
dqn,42,1464,15248,-10.11,11,0,1,0.7585733333333333,0.0052953084620336694,-0.8862499793370565
dqn,42,1465,15260,-10.12,12,0,1,0.7583833333333333,0.004876349354162812,-1.0344425439834595
dqn,42,1466,15265,-10.049999999999999,5,0,1,0.7583041666666667,0.0010401227045804262,-0.858272135257721
dqn,42,1467,15291,-10.26,26,0,1,0.7578925,0.001579838921315968,-0.849220817287763
dqn,42,1468,15297,-10.06,6,0,1,0.7577975,0.000801282687461935,-0.9481643438339233
dqn,42,1469,15315,-10.18,18,0,1,0.7575125,0.0018450871866662055,-0.7792211621999741
dqn,42,1470,15317,-10.02,2,0,1,0.7574808333333334,0.004088636487722397,-1.0622079372406006
dqn,42,1471,15320,-10.03,3,0,1,0.7574333333333333,0.0021006143651902676,-0.5706630349159241
dqn,42,1472,15321,-10.01,1,0,1,0.7574175,,
dqn,42,1473,15324,-10.03,3,0,1,0.75737,0.0019062005449086428,-1.3531907796859741
dqn,42,1474,15388,-10.64,64,0,1,0.7563566666666667,0.001227885562911979,-0.8696588184684515
dqn,42,1475,15410,-10.22,22,0,1,0.7560083333333333,0.0014691622403915972,-0.8428421378135681
dqn,42,1476,15412,-10.02,2,0,1,0.7559766666666666,0.0022351397201418877,-1.204414963722229
dqn,42,1477,15427,-10.15,15,0,1,0.7557391666666666,0.0020653445778104165,-0.6511106168230375
dqn,42,1478,15430,-10.03,3,0,1,0.7556916666666667,0.30416467785835266,-0.7079211473464966
dqn,42,1479,15436,-10.06,6,0,1,0.7555966666666667,0.00044645379239227623,-0.47556430101394653
dqn,42,1480,15458,-10.22,22,0,1,0.7552483333333333,0.0007442949456162751,-0.5560956239700318
dqn,42,1481,15464,-10.06,6,0,1,0.7551533333333333,0.0025159361539408565,-1.3310801982879639
dqn,42,1482,15466,-10.02,2,0,1,0.7551216666666667,,
dqn,42,1483,15473,-10.07,7,0,1,0.7550108333333333,0.002182146068662405,-0.7216166853904724
dqn,42,1484,15475,-10.02,2,0,1,0.7549791666666666,,
dqn,42,1485,15479,-10.04,4,0,1,0.7549158333333333,0.0034040710888803005,-1.2202527523040771
dqn,42,1486,15482,-10.03,3,0,1,0.7548683333333334,0.0027636399026960135,-1.5061366558074951
dqn,42,1487,15512,-10.3,30,0,1,0.7543933333333334,0.0016648646196699701,-0.9858603179454803
dqn,42,1488,15525,-10.129999999999999,13,0,1,0.7541875,0.001227491224805514,-0.8272766868273417
dqn,42,1489,15526,-10.01,1,0,1,0.7541716666666667,,
dqn,42,1490,15532,-10.06,6,0,1,0.7540766666666666,0.00045678029709961265,-0.7879388928413391
dqn,42,1491,15537,-10.049999999999999,5,0,1,0.7539975,0.004705901723355055,-1.6289992332458496
dqn,42,1492,15539,-10.02,2,0,1,0.7539658333333333,,
dqn,42,1493,15546,-10.07,7,0,1,0.753855,0.0007996797212399542,-0.8746838867664337
dqn,42,1494,15563,-10.17,17,0,1,0.7535858333333333,0.07631393134397513,-0.7948982324451208
dqn,42,1495,15581,-10.18,18,0,1,0.7533008333333333,0.0006606109003769234,-0.9963107585906983
dqn,42,1496,15623,-10.42,42,0,1,0.7526358333333334,0.0017327918438240885,-0.9037232652306557
dqn,42,1497,15655,-10.32,32,0,1,0.7521291666666666,0.0017114641013904475,-1.1669139042496681
dqn,42,1498,15656,-10.01,1,0,1,0.7521133333333333,0.00037739172694273293,-0.5469763278961182
dqn,42,1499,15659,-10.03,3,0,1,0.7520658333333333,,
dqn,42,1500,15670,-10.11,11,0,1,0.7518916666666666,0.0011631701102790732,-0.6623161534468333
dqn,42,1501,15671,-10.01,1,0,1,0.7518758333333333,,
dqn,42,1502,15672,-10.01,1,0,1,0.75186,0.0007628018502146006,-0.7099871635437012
dqn,42,1503,15687,-10.15,15,0,1,0.7516225,0.00042217014318642515,-0.5578014055887858
dqn,42,1504,15701,-10.14,14,0,1,0.7514008333333333,0.0003280748496763408,-0.7553995959460735
dqn,42,1505,15703,-10.02,2,0,1,0.7513691666666666,,
dqn,42,1506,15721,-10.18,18,0,1,0.7510841666666667,0.0008631691860500723,-1.1871489524841308
dqn,42,1507,15735,-10.14,14,0,1,0.7508625,0.0006365439233680567,-1.1800398429234822
dqn,42,1508,15738,-10.03,3,0,1,0.750815,0.0001901631330838427,-0.08732505142688751
dqn,42,1509,15744,-10.06,6,0,1,0.75072,0.000665391911752522,-0.4862927049398422
dqn,42,1510,15757,-10.129999999999999,13,0,1,0.7505141666666667,0.00037009321385994554,-0.8183124860127767
dqn,42,1511,15763,-10.06,6,0,1,0.7504191666666666,0.0019414161797612906,-1.1752370595932007
dqn,42,1512,15804,-10.41,41,0,1,0.74977,0.028075225843084892,-0.8420021181756799
dqn,42,1513,15816,-10.12,12,0,1,0.74958,0.0005204834548446039,-0.6662025252978007
dqn,42,1514,15825,-10.09,9,0,1,0.7494375,0.001118370215408504,-1.256625771522522
dqn,42,1515,15836,-10.11,11,0,1,0.7492633333333334,0.0005937499227002263,-0.9288947582244873
dqn,42,1516,15841,-10.049999999999999,5,0,1,0.7491841666666667,0.00024392883642576635,-0.7232552766799927
dqn,42,1517,15844,-10.03,3,0,1,0.7491366666666667,0.0004109814763069153,-0.8739599585533142
dqn,42,1518,15849,-10.049999999999999,5,0,1,0.7490575,0.0011983452131971717,-0.8551979064941406
dqn,42,1519,15867,-10.18,18,0,1,0.7487725000000001,0.0008549658159608953,-1.1512130349874496
dqn,42,1520,15869,-10.02,2,0,1,0.7487408333333334,0.0001216185191879049,-0.4017972946166992
dqn,42,1521,15874,-10.049999999999999,5,0,1,0.7486616666666667,0.0017526202136650681,-1.3282958269119263
dqn,42,1522,15880,-10.06,6,0,1,0.7485666666666666,0.0010854580614250153,-0.6274179965257645
dqn,42,1523,15892,-10.12,12,0,1,0.7483766666666667,0.0015287411321575444,-0.989100714524587
dqn,42,1524,15910,-10.18,18,0,1,0.7480916666666667,0.0009525254281470552,-0.9023462682962418
dqn,42,1525,15919,-10.09,9,0,1,0.7479491666666667,0.0019358760910108685,-1.0364513397216797
dqn,42,1526,15921,-10.02,2,0,1,0.7479175,0.006557194050401449,-1.1845672130584717
dqn,42,1527,15943,-10.22,22,0,1,0.7475691666666666,0.001854669488966465,-1.2135600090026855
dqn,42,1528,15967,-10.24,24,0,1,0.7471891666666667,0.001594947389094159,-1.0040638347466786
dqn,42,1529,15972,-10.049999999999999,5,0,1,0.7471099999999999,0.0003182961227139458,-1.029055893421173
dqn,42,1530,15980,-10.08,8,0,1,0.7469833333333333,0.0013284425949677825,-0.7277020215988159
dqn,42,1531,15990,-10.1,10,0,1,0.7468250000000001,0.0008399213547818363,-1.0269337892532349
dqn,42,1532,16007,-10.17,17,0,1,0.7465558333333333,0.07743782155739609,-0.9397920295596123
dqn,42,1533,16025,-10.18,18,0,1,0.7462708333333333,0.0006759869371308014,-0.9750244617462158
dqn,42,1534,16027,-10.02,2,0,1,0.7462391666666667,,
dqn,42,1535,16038,-10.11,11,0,1,0.746065,0.00122036455043902,-1.287350833415985
dqn,42,1536,16076,-10.38,38,0,1,0.7454633333333334,0.0005482791675603949,-0.685628080368042
dqn,42,1537,16079,-10.03,3,0,1,0.7454158333333334,,
dqn,42,1538,16084,-10.049999999999999,5,0,1,0.7453366666666666,0.0016841042670421302,-0.8831396102905273
dqn,42,1539,16102,-10.18,18,0,1,0.7450516666666667,0.0004224763615638949,-0.6729858070611954
dqn,42,1540,16104,-10.02,2,0,1,0.74502,0.001962780486792326,-0.5449508428573608
dqn,42,1541,16117,-10.129999999999999,13,0,1,0.7448141666666667,0.0009182630116508032,-0.8867221772670746
dqn,42,1542,16121,-10.04,4,0,1,0.7447508333333334,0.0004212555941194296,-0.864915132522583
dqn,42,1543,16126,-10.049999999999999,5,0,1,0.7446716666666666,0.00045539671555161476,-1.0239338874816895
dqn,42,1544,16148,-10.22,22,0,1,0.7443233333333333,0.0005239371433466052,-0.8752749760945638
dqn,42,1545,16190,-10.42,42,0,1,0.7436583333333333,0.0007520476559875533,-0.9211282506585121
dqn,42,1546,16239,9.51,49,1,0,0.7428825,0.02571363532115356,-0.8317534166077772
dqn,42,1547,16244,-10.049999999999999,5,0,1,0.7428033333333334,0.0011779140622820705,-0.8643023073673248
dqn,42,1548,16265,-10.209999999999999,21,0,1,0.7424708333333334,0.001540030719479546,-0.8808723270893097
dqn,42,1549,16268,-10.03,3,0,1,0.7424233333333333,0.0009137045126408339,-0.7027716636657715
dqn,42,1550,16270,-10.02,2,0,1,0.7423916666666667,,
dqn,42,1551,16292,-10.22,22,0,1,0.7420433333333334,0.0003477132801587383,-0.7192523876825968
dqn,42,1552,16299,-10.07,7,0,1,0.7419325,0.0002846535062417388,-1.189023494720459
dqn,42,1553,16321,-10.22,22,0,1,0.7415841666666667,0.05017270252574235,-0.9969107210636139
dqn,42,1554,16326,-10.049999999999999,5,0,1,0.7415050000000001,0.0019255473744124174,-0.7370665073394775
dqn,42,1555,16331,-10.049999999999999,5,0,1,0.7414258333333333,0.0013371880631893873,-1.0398844480514526
dqn,42,1556,16337,-10.06,6,0,1,0.7413308333333334,0.0011953493230976164,-0.787810355424881
dqn,42,1557,16363,-10.26,26,0,1,0.7409191666666667,0.002284094768886765,-0.795603742202123
dqn,42,1558,16375,-10.12,12,0,1,0.7407291666666667,0.0008725132308124254,-1.0769866903622944
dqn,42,1559,16378,-10.03,3,0,1,0.7406816666666667,0.0008318305481225252,-1.3382383584976196
dqn,42,1560,16404,-10.26,26,0,1,0.74027,0.0009815665959779704,-0.8765944114753178
dqn,42,1561,16415,-10.11,11,0,1,0.7400958333333334,0.0009108040248975158,-0.8613817989826202
dqn,42,1562,16421,-10.06,6,0,1,0.7400008333333333,0.0005272776179481298,-0.9588693082332611
dqn,42,1563,16424,-10.03,3,0,1,0.7399533333333334,0.0003144090878777206,-0.8850334882736206
dqn,42,1564,16435,-10.11,11,0,1,0.7397791666666667,0.0005047006561653689,-0.8008162379264832
dqn,42,1565,16438,-10.03,3,0,1,0.7397316666666667,0.0007202599081210792,-1.3361550569534302
dqn,42,1566,16447,-10.09,9,0,1,0.7395891666666667,0.0015575798461213708,-1.4093535244464874
dqn,42,1567,16451,-10.04,4,0,1,0.7395258333333333,0.0008845273987390101,-0.8860471248626709
dqn,42,1568,16461,-10.1,10,0,1,0.7393675,0.001167739702699085,-0.6757248044013977
dqn,42,1569,16466,-10.049999999999999,5,0,1,0.7392883333333333,0.00023684384359512478,-0.8732686042785645
dqn,42,1570,16472,-10.06,6,0,1,0.7391933333333334,0.0009722195100039244,-1.0941455364227295
dqn,42,1571,16477,-10.049999999999999,5,0,1,0.7391141666666667,0.0004744343750644475,-0.3983345031738281
dqn,42,1572,16489,-10.12,12,0,1,0.7389241666666667,0.002066691406071186,-0.884681224822998
dqn,42,1573,16516,-10.27,27,0,1,0.7384966666666667,0.0006264379834257332,-0.7139359340071678
dqn,42,1574,16536,-10.2,20,0,1,0.7381800000000001,0.00047603886923752725,-1.0962374210357666
dqn,42,1575,16544,-10.08,8,0,1,0.7380533333333333,0.0011786564427893609,-1.1867096722126007
dqn,42,1576,16547,-10.03,3,0,1,0.7380058333333334,,
dqn,42,1577,16590,-10.43,43,0,1,0.737325,0.0005214016994366168,-0.9024430201812224
dqn,42,1578,16592,-10.02,2,0,1,0.7372933333333334,9.89949912764132e-05,-0.5584330558776855
dqn,42,1579,16597,-10.049999999999999,5,0,1,0.7372141666666667,0.000140559917781502,-0.7188510894775391
dqn,42,1580,16602,-10.049999999999999,5,0,1,0.737135,0.0004950881702825427,-0.8840276598930359
dqn,42,1581,16610,-10.08,8,0,1,0.7370083333333334,0.00027508902712725103,-0.557285487651825
dqn,42,1582,16708,-10.98,98,0,1,0.7354566666666666,0.012810340709984302,-0.9433834886550904
dqn,42,1583,16719,-10.11,11,0,1,0.7352825000000001,0.0013255504745757207,-0.7047870755195618
dqn,42,1584,16722,-10.03,3,0,1,0.7352350000000001,0.001515773357823491,-0.8565667867660522
dqn,42,1585,16744,-10.22,22,0,1,0.7348866666666667,0.0014464331422156345,-0.878600632150968
dqn,42,1586,16749,-10.049999999999999,5,0,1,0.7348075000000001,0.0008859996451064944,-0.7024783492088318
dqn,42,1587,16755,-10.06,6,0,1,0.7347125,0.000947279972024262,-1.183520793914795
dqn,42,1588,16758,-10.03,3,0,1,0.734665,0.002231135033071041,-1.1818528175354004
dqn,42,1589,16785,-10.27,27,0,1,0.7342375,0.0007570744720786544,-0.8062967211008072
dqn,42,1590,16788,-10.03,3,0,1,0.73419,0.0001519598299637437,-0.08968645334243774
dqn,42,1591,16792,-10.04,4,0,1,0.7341266666666667,0.001119015971198678,-0.41845381259918213
dqn,42,1592,16816,-10.24,24,0,1,0.7337466666666667,0.0005460045164606223,-0.9769258598486582
dqn,42,1593,16829,-10.129999999999999,13,0,1,0.7335408333333333,0.0004629468312487006,-0.5661032696564993
dqn,42,1594,16850,-10.209999999999999,21,0,1,0.7332083333333334,0.0011985735094640405,-0.9929495334625245
dqn,42,1595,16872,-10.22,22,0,1,0.7328600000000001,0.0014540519429525982,-0.8475629240274429
dqn,42,1596,16882,-10.1,10,0,1,0.7327016666666667,0.0003333453496452421,-0.7209043800830841
dqn,42,1597,16896,-10.14,14,0,1,0.73248,0.0011479535896796733,-1.1535867303609848
dqn,42,1598,16904,-10.08,8,0,1,0.7323533333333334,0.00041572000191081315,-0.7914362549781799
dqn,42,1599,16911,-10.07,7,0,1,0.7322425,0.00017368773114867508,-0.7196502685546875
dqn,42,1600,16923,-10.12,12,0,1,0.7320525,0.0002318056746541212,-0.7717556357383728
dqn,42,1601,16963,-10.4,40,0,1,0.7314191666666667,0.0010588730976451189,-1.1107256829738616
dqn,42,1602,16974,-10.11,11,0,1,0.731245,0.0025872690991188088,-1.0207606355349224
dqn,42,1603,17012,-10.38,38,0,1,0.7306433333333333,0.0013184432129492052,-0.9204455703496933
dqn,42,1604,17022,-10.1,10,0,1,0.730485,0.1615899910684675,-1.062531292438507
dqn,42,1605,17032,-10.1,10,0,1,0.7303266666666667,0.0030823922134004533,-0.6972544391949972
dqn,42,1606,17048,-10.16,16,0,1,0.7300733333333334,0.08074565161950886,-1.1935476809740067
dqn,42,1607,17070,-10.22,22,0,1,0.729725,0.0020830054651014506,-0.8319701075553894
dqn,42,1608,17071,-10.01,1,0,1,0.7297091666666666,,
dqn,42,1609,17072,-10.01,1,0,1,0.7296933333333333,0.0008752054418437183,-0.5631387233734131
dqn,42,1610,17076,-10.04,4,0,1,0.72963,0.0036898013204336166,-1.6930530071258545
dqn,42,1611,17098,-10.22,22,0,1,0.7292816666666667,0.0011731091071851552,-0.4893409550189972
dqn,42,1612,17110,-10.12,12,0,1,0.7290916666666667,0.0016340234239275258,-0.7767476638158163
dqn,42,1613,17113,-10.03,3,0,1,0.7290441666666667,0.0002654555719345808,-0.25178179144859314
dqn,42,1614,17123,-10.1,10,0,1,0.7288858333333333,0.00286121602403,-0.8841043412685394
dqn,42,1615,17126,-10.03,3,0,1,0.7288383333333334,0.00256443303078413,-1.3147433996200562
dqn,42,1616,17183,-10.57,57,0,1,0.7279358333333333,0.0016599143896850624,-0.7510196923145226
dqn,42,1617,17187,-10.04,4,0,1,0.7278725,0.0012511257082223892,-0.8742906451225281
dqn,42,1618,17235,-10.48,48,0,1,0.7271125,0.000955061371011349,-0.8716223364075025
dqn,42,1619,17238,-10.03,3,0,1,0.7270650000000001,0.0003335126384627074,-1.036699891090393
dqn,42,1620,17242,-10.04,4,0,1,0.7270016666666668,0.00037728002644144,-0.8840379118919373
dqn,42,1621,17256,-10.14,14,0,1,0.72678,0.00047713220556033775,-0.6394981145858765
dqn,42,1622,17289,-10.33,33,0,1,0.7262575,0.0005549019697355106,-0.8747197911143303
dqn,42,1623,17302,-10.129999999999999,13,0,1,0.7260516666666668,0.0024149793025571853,-0.7611288130283356
dqn,42,1624,17305,-10.03,3,0,1,0.7260041666666667,0.0009889407083392143,-1.0331957340240479
dqn,42,1625,17311,-10.06,6,0,1,0.7259091666666667,0.001312169013544917,-1.0385260581970215
dqn,42,1626,17346,-10.35,35,0,1,0.725355,0.03372400303487666,-0.8216373158825768
dqn,42,1627,17349,-10.03,3,0,1,0.7253075,0.0028965603560209274,-1.4829639196395874
dqn,42,1628,17357,-10.08,8,0,1,0.7251808333333334,0.0010613001068122685,-0.7869352698326111
dqn,42,1629,17409,-10.52,52,0,1,0.7243575,0.0009502502977668953,-0.8261065987440256
dqn,42,1630,17442,-10.33,33,0,1,0.723835,0.0004777764406753704,-0.9537473022937775
dqn,42,1631,17450,-10.08,8,0,1,0.7237083333333334,0.000620654274825938,-0.9520664215087891
dqn,42,1632,17457,-10.07,7,0,1,0.7235975,0.0003199175844201818,-1.0284289121627808
dqn,42,1633,17460,-10.03,3,0,1,0.72355,0.0007731753867119551,-1.204529881477356
dqn,42,1634,17465,-10.049999999999999,5,0,1,0.7234708333333333,0.00028126570396125317,-0.5683208703994751
dqn,42,1635,17475,-10.1,10,0,1,0.7233125,0.0005656181601807475,-1.4961897730827332
dqn,42,1636,17484,-10.09,9,0,1,0.7231700000000001,0.0011415272795905669,-0.9309147397677103
dqn,42,1637,17488,-10.04,4,0,1,0.7231066666666667,0.00021448569896165282,-0.7128689289093018
dqn,42,1638,17542,-10.54,54,0,1,0.7222516666666667,0.001231131399086175,-0.8990278358642871
dqn,42,1639,17554,-10.12,12,0,1,0.7220616666666667,0.0014109313390993823,-0.9145643711090088
dqn,42,1640,17564,-10.1,10,0,1,0.7219033333333333,0.0006627475571197768,-0.931411862373352
dqn,42,1641,17573,-10.09,9,0,1,0.7217608333333334,0.00048605838674120605,-1.0414102673530579
dqn,42,1642,17575,-10.02,2,0,1,0.7217291666666668,,
dqn,42,1643,17584,-10.09,9,0,1,0.7215866666666667,0.0006269901156580696,-1.3372146487236023
dqn,42,1644,17591,-10.07,7,0,1,0.7214758333333333,0.00069580995477736,-1.1890325546264648
dqn,42,1645,17599,-10.08,8,0,1,0.7213491666666667,0.0004388079541968182,-0.4888284206390381
dqn,42,1646,17601,-10.02,2,0,1,0.7213175000000001,0.0006957760779187083,-0.5719878673553467
dqn,42,1647,17606,-10.049999999999999,5,0,1,0.7212383333333334,0.0002810821169987321,-1.3457967042922974
dqn,42,1648,17626,-10.2,20,0,1,0.7209216666666667,0.0002808384291711263,-0.6168078184127808
dqn,42,1649,17659,-10.33,33,0,1,0.7203991666666667,0.0005912202650506515,-1.0126057621091604
dqn,42,1650,17662,-10.03,3,0,1,0.7203516666666667,0.0005776050384156406,-1.0400094985961914
dqn,42,1651,17665,-10.03,3,0,1,0.7203041666666667,8.326617535203695e-05,-0.5592590570449829
dqn,42,1652,17666,-10.01,1,0,1,0.7202883333333334,,
dqn,42,1653,17673,-10.07,7,0,1,0.7201775,0.000607419220614247,-1.6529043316841125
dqn,42,1654,17699,-10.26,26,0,1,0.7197658333333334,0.0007938737241299046,-0.9536378681659698
dqn,42,1655,17721,-10.22,22,0,1,0.7194175,0.0004598025479936041,-0.6400178571542104
dqn,42,1656,17744,-10.23,23,0,1,0.7190533333333333,0.0006513579646707512,-1.0265591889619827
dqn,42,1657,17751,-10.07,7,0,1,0.7189425,0.0017439699731767178,-0.7384135127067566
dqn,42,1658,17764,-10.129999999999999,13,0,1,0.7187366666666667,0.0011970836931141093,-0.6345218196511269
dqn,42,1659,17767,-10.03,3,0,1,0.7186891666666667,,
dqn,42,1660,17794,-10.27,27,0,1,0.7182616666666667,0.0009509058893724744,-1.0538370013237
dqn,42,1661,17806,-10.12,12,0,1,0.7180716666666667,0.000696422042286334,-0.9304524660110474
dqn,42,1662,17811,-10.049999999999999,5,0,1,0.7179925,0.0014453341718763113,-1.2136085033416748
dqn,42,1663,17812,-10.01,1,0,1,0.7179766666666667,0.0002239659079350531,-0.5597158670425415
dqn,42,1664,17819,-10.07,7,0,1,0.7178658333333334,0.0020364169031381607,-0.6981855630874634
dqn,42,1665,17845,-10.26,26,0,1,0.7174541666666667,0.0009766403984810626,-0.9192701705864498
dqn,42,1666,17861,-10.16,16,0,1,0.7172008333333333,0.0007927081460366026,-0.8717808127403259
dqn,42,1667,17865,-10.04,4,0,1,0.7171375,0.000458497554063797,-1.0298049449920654
dqn,42,1668,17882,-10.17,17,0,1,0.7168683333333334,0.0012750539990520338,-0.6365063916891813
dqn,42,1669,17895,-10.129999999999999,13,0,1,0.7166625,0.000652455200906843,-0.6062017902731895
dqn,42,1670,17899,-10.04,4,0,1,0.7165991666666667,0.0052382443100214005,-1.3860294818878174
dqn,42,1671,17901,-10.02,2,0,1,0.7165675,0.0014156551333144307,-0.5675615072250366
dqn,42,1672,17907,-10.06,6,0,1,0.7164725000000001,0.0012528591323643923,-1.0115323066711426
dqn,42,1673,17918,-10.11,11,0,1,0.7162983333333334,0.000984381273156032,-0.6012031783660253
dqn,42,1674,17939,-10.209999999999999,21,0,1,0.7159658333333334,0.0011403163662180305,-0.9426153659820556
dqn,42,1675,17943,-10.04,4,0,1,0.7159025000000001,0.0003904628101736307,-1.0218636989593506
dqn,42,1676,17948,-10.049999999999999,5,0,1,0.7158233333333334,0.0002728840845520608,-0.5566162765026093
dqn,42,1677,17957,-10.09,9,0,1,0.7156808333333333,0.0008273707353509963,-1.1947467625141144
dqn,42,1678,17960,-10.03,3,0,1,0.7156333333333333,0.31222113966941833,-1.2058820724487305
dqn,42,1679,17967,-10.07,7,0,1,0.7155225000000001,0.0027252493891865015,-1.3223142623901367
dqn,42,1680,17974,-10.07,7,0,1,0.7154116666666668,0.0010964464163407683,-0.8626440763473511
dqn,42,1681,17977,-10.03,3,0,1,0.7153641666666667,0.0022243550047278404,-1.2022705078125
dqn,42,1682,17989,-10.12,12,0,1,0.7151741666666667,0.001079698287261029,-0.8286821643511454
dqn,42,1683,17995,-10.06,6,0,1,0.7150791666666667,0.0005887792794965208,-0.5529181957244873
dqn,42,1684,17998,-10.03,3,0,1,0.7150316666666667,0.0005657218862324953,-1.181060791015625
dqn,42,1685,18017,-10.19,19,0,1,0.7147308333333333,0.0009034759015776217,-0.9986051678657532
dqn,42,1686,18018,-10.01,1,0,1,0.714715,,
dqn,42,1687,18025,-10.07,7,0,1,0.7146041666666667,0.000490192775032483,-1.107752501964569
dqn,42,1688,18047,-10.22,22,0,1,0.7142558333333333,0.00039889110485091805,-0.7150519371032715
dqn,42,1689,18064,-10.17,17,0,1,0.7139866666666668,0.0005955369328148663,-1.0904000401496887
dqn,42,1690,18082,-10.18,18,0,1,0.7137016666666667,0.0003393261577002704,-0.7560305297374725
dqn,42,1691,18146,-10.64,64,0,1,0.7126883333333334,0.00040447900937579107,-0.9600920528173447
dqn,42,1692,18156,-10.1,10,0,1,0.7125300000000001,0.000275223923381418,-0.8165573080380758
dqn,42,1693,18173,-10.17,17,0,1,0.7122608333333333,0.00034554249577922747,-0.9118448793888092
dqn,42,1694,18176,-10.03,3,0,1,0.7122133333333334,0.0004120442899875343,-1.0254313945770264
dqn,42,1695,18178,-10.02,2,0,1,0.7121816666666667,,
dqn,42,1696,18185,-10.07,7,0,1,0.7120708333333334,0.00018595720757730305,-0.6390373706817627
dqn,42,1697,18191,-10.06,6,0,1,0.7119758333333333,0.0005559674464166164,-0.400898814201355
dqn,42,1698,18213,-10.22,22,0,1,0.7116275000000001,0.0002518532079799722,-0.7934765865405401
dqn,42,1699,18221,-10.08,8,0,1,0.7115008333333332,0.0006830060301581398,-0.9394154995679855
dqn,42,1700,18259,-10.38,38,0,1,0.7108991666666666,0.0004127453155686251,-0.7131190200646719
dqn,42,1701,18283,-10.24,24,0,1,0.7105191666666666,0.04949667051065868,-0.8198048124710718
dqn,42,1702,18284,-10.01,1,0,1,0.7105033333333333,0.0023335085716098547,-1.3221691846847534
dqn,42,1703,18312,-10.28,28,0,1,0.7100599999999999,0.0017406773736833461,-0.8702299083982196
dqn,42,1704,18315,-10.03,3,0,1,0.7100124999999999,,
dqn,42,1705,18317,-10.02,2,0,1,0.7099808333333333,0.0002870373718906194,-0.39623919129371643
dqn,42,1706,18323,-10.06,6,0,1,0.7098858333333333,0.0005355222383514047,-0.8730798363685608
dqn,42,1707,18329,-10.06,6,0,1,0.7097908333333334,0.0010199954849667847,-0.7226807028055191
dqn,42,1708,18351,-10.22,22,0,1,0.7094425,0.0014695710735395551,-0.8661224007606506
dqn,42,1709,18390,-10.39,39,0,1,0.708825,0.0007257278834003955,-0.7777873069047928
dqn,42,1710,18403,-10.129999999999999,13,0,1,0.7086191666666666,0.09739560711507995,-0.7626978953679403
dqn,42,1711,18405,-10.02,2,0,1,0.7085874999999999,0.0012250732397660613,-0.22612033784389496
dqn,42,1712,18408,-10.03,3,0,1,0.70854,0.006130944937467575,-0.684644341468811
dqn,42,1713,18415,-10.07,7,0,1,0.7084291666666667,0.0009148067329078913,-0.7105178236961365
dqn,42,1714,18417,-10.02,2,0,1,0.7083975,0.00029364123474806547,-0.40628889203071594
dqn,42,1715,18449,-10.32,32,0,1,0.7078908333333334,0.002731844208028633,-0.8178011178970337
dqn,42,1716,18451,-10.02,2,0,1,0.7078591666666667,,
dqn,42,1717,18477,-10.26,26,0,1,0.7074475,0.0007139691484293767,-0.6889714407069343
dqn,42,1718,18496,-10.19,19,0,1,0.7071466666666666,0.0005701549351215362,-0.7438025951385498
dqn,42,1719,18527,-10.31,31,0,1,0.7066558333333333,0.0005234785754250229,-0.8506004086562565
dqn,42,1720,18550,-10.23,23,0,1,0.7062916666666668,0.0009868423633937102,-0.9228052248557409
dqn,42,1721,18564,-10.14,14,0,1,0.70607,0.001633501931792125,-1.180004358291626
dqn,42,1722,18565,-10.01,1,0,1,0.7060541666666666,,
dqn,42,1723,18594,-10.29,29,0,1,0.705595,0.0007136703643482178,-0.737055276121412
dqn,42,1724,18602,-10.08,8,0,1,0.7054683333333334,0.1519532074162271,-1.020916610956192
dqn,42,1725,18610,-10.08,8,0,1,0.7053416666666668,0.0003396355241420679,-0.4075317829847336
dqn,42,1726,18622,-10.12,12,0,1,0.7051516666666666,0.0012129157548770308,-0.8148712118466696
dqn,42,1727,18644,-10.22,22,0,1,0.7048033333333334,0.00037702021169631433,-0.6896574956675371
dqn,42,1728,18651,-10.07,7,0,1,0.7046924999999999,0.30910569429397583,-1.0274460315704346
dqn,42,1729,18653,-10.02,2,0,1,0.7046608333333333,0.0013300140853971243,-0.8540650010108948
dqn,42,1730,18655,-10.02,2,0,1,0.7046291666666666,,
dqn,42,1731,18664,-10.09,9,0,1,0.7044866666666667,0.0008871298050507903,-0.9199156363805135
dqn,42,1732,18679,-10.15,15,0,1,0.7042491666666666,0.0011558541445992887,-1.1414788166681926
dqn,42,1733,18706,-10.27,27,0,1,0.7038216666666667,0.000773925831059127,-0.9136244654655457
dqn,42,1734,18710,-10.04,4,0,1,0.7037583333333333,0.0016104868846014142,-1.0272009372711182
dqn,42,1735,18718,-10.08,8,0,1,0.7036316666666667,0.0019031026167795062,-0.961600124835968
dqn,42,1736,18720,-10.02,2,0,1,0.7036,0.0004682094731833786,-0.8706800937652588
dqn,42,1737,18733,-10.129999999999999,13,0,1,0.7033941666666668,0.002234270650660619,-0.8555237849553426
dqn,42,1738,18752,-10.19,19,0,1,0.7030933333333333,0.002180252014659345,-0.7541229963302613
dqn,42,1739,18775,-10.23,23,0,1,0.7027291666666666,0.0020361916744150222,-0.584341847896576
dqn,42,1740,18785,-10.1,10,0,1,0.7025708333333334,0.0019133816628406446,-0.8286363581816355
dqn,42,1741,18800,-10.15,15,0,1,0.7023333333333333,0.0030849237518850714,-0.9753942638635635
dqn,42,1742,18809,-10.09,9,0,1,0.7021908333333333,0.0061879068380221725,-0.33531954512000084
dqn,42,1743,18817,-10.08,8,0,1,0.7020641666666667,0.006126042630057782,-1.040213704109192
dqn,42,1744,18834,-10.17,17,0,1,0.701795,0.005711293255444616,-0.6584411859512329
dqn,42,1745,18847,-10.129999999999999,13,0,1,0.7015891666666667,0.004263743137319882,-0.6819586952527364
dqn,42,1746,18850,-10.03,3,0,1,0.7015416666666667,0.0017592394724488258,-0.6985189914703369
dqn,42,1747,18862,-10.12,12,0,1,0.7013516666666666,0.09917202591896057,-1.2646568218866985
dqn,42,1748,18869,-10.07,7,0,1,0.7012408333333333,0.0021472685621120036,-1.0446341633796692
dqn,42,1749,18879,-10.1,10,0,1,0.7010825,0.001446964975912124,-0.478314608335495
dqn,42,1750,18921,-10.42,42,0,1,0.7004174999999999,0.0015246214077871462,-0.9714940109036185
dqn,42,1751,18938,-10.17,17,0,1,0.7001483333333334,0.0015627467073500156,-0.981106773018837
dqn,42,1752,18947,-10.09,9,0,1,0.7000058333333333,0.0026329581160098314,-0.9693541824817657
dqn,42,1753,18950,-10.03,3,0,1,0.6999583333333333,0.0007817333680577576,-0.8724598288536072
dqn,42,1754,18952,-10.02,2,0,1,0.6999266666666666,0.0002972579386550933,-0.4032028019428253
dqn,42,1755,18954,-10.02,2,0,1,0.6998949999999999,,
dqn,42,1756,18956,-10.02,2,0,1,0.6998633333333333,0.0035801250487565994,-1.0041109323501587
dqn,42,1757,18964,-10.08,8,0,1,0.6997366666666667,0.0008234740234911442,-1.0247730612754822
dqn,42,1758,18971,-10.07,7,0,1,0.6996258333333334,0.0008572342921979725,-0.5609426498413086
dqn,42,1759,18982,-10.11,11,0,1,0.6994516666666666,0.0005108449889424568,-0.7732481360435486
dqn,42,1760,18997,-10.15,15,0,1,0.6992141666666667,0.0007267436885740608,-0.9043411016464233
dqn,42,1761,19025,-10.28,28,0,1,0.6987708333333333,0.0450826238645407,-0.7152205748217446
dqn,42,1762,19027,-10.02,2,0,1,0.6987391666666667,,
dqn,42,1763,19044,-10.17,17,0,1,0.6984699999999999,0.06185174330021255,-1.0267302513122558
dqn,42,1764,19074,-10.3,30,0,1,0.6979949999999999,0.0019119666519275466,-0.7824389125619616
dqn,42,1765,19128,-10.54,54,0,1,0.6971400000000001,0.0012071134759545593,-0.8368026954787118
dqn,42,1766,19136,-10.08,8,0,1,0.6970133333333333,0.0011203740286873654,-1.017208993434906
dqn,42,1767,19143,-10.07,7,0,1,0.6969025,0.0025436291471123695,-1.3630399703979492
dqn,42,1768,19167,-10.24,24,0,1,0.6965224999999999,0.0009869957284536213,-0.8450014491875967
dqn,42,1769,19173,-10.06,6,0,1,0.6964275,0.0003035631380043924,-0.7185670137405396
dqn,42,1770,19207,-10.34,34,0,1,0.6958891666666667,0.0006461540488089668,-0.7532921079546213
dqn,42,1771,19257,-10.5,50,0,1,0.6950974999999999,0.0007548056119748463,-0.7131766871764109
dqn,42,1772,19347,-10.9,90,0,1,0.6936725,0.0014207827632410706,-0.9216820699247447
dqn,42,1773,19358,-10.11,11,0,1,0.6934983333333333,0.00022715903469361365,-0.5589595809578896
dqn,42,1774,19366,-10.08,8,0,1,0.6933716666666667,0.0009010849607875571,-0.7137874364852905
dqn,42,1775,19373,-10.07,7,0,1,0.6932608333333333,0.0016989134310279042,-1.5111127495765686
dqn,42,1776,19395,-10.22,22,0,1,0.6929125,0.0016791464178822935,-1.1240105628967285
dqn,42,1777,19424,-10.29,29,0,1,0.6924533333333334,0.0014627796808781568,-0.9892512708902359
dqn,42,1778,19428,-10.04,4,0,1,0.6923900000000001,0.0009591517737135291,-0.8674498796463013
dqn,42,1779,19429,-10.01,1,0,1,0.6923741666666667,,
dqn,42,1780,19435,-10.06,6,0,1,0.6922791666666667,0.0003996005398221314,-0.38754406571388245
dqn,42,1781,19446,-10.11,11,0,1,0.692105,0.002183880230101446,-0.9207722345987955
dqn,42,1782,19454,-10.08,8,0,1,0.6919783333333334,0.001629288715776056,-0.654982402920723
dqn,42,1783,19456,-10.02,2,0,1,0.6919466666666667,0.0018085628980770707,-1.0220935344696045
dqn,42,1784,19470,-10.14,14,0,1,0.6917249999999999,0.0019386433026132484,-0.8101308544476827
dqn,42,1785,19479,-10.09,9,0,1,0.6915825,0.0007749246142338961,-0.799560159444809
dqn,42,1786,19487,-10.08,8,0,1,0.6914558333333334,0.0005427303694887087,-0.9394711554050446
dqn,42,1787,19502,-10.15,15,0,1,0.6912183333333333,0.07267798970497097,-0.9444778114557266
dqn,42,1788,19505,-10.03,3,0,1,0.6911708333333333,0.0012708043213933706,-1.1915205717086792
dqn,42,1789,19524,-10.19,19,0,1,0.69087,0.001425423618638888,-0.7099153637886048
dqn,42,1790,19539,-10.15,15,0,1,0.6906325,0.0015214800854058315,-1.30514129002889
dqn,42,1791,19550,-10.11,11,0,1,0.6904583333333334,0.0013586550291317205,-0.8117681344350179
dqn,42,1792,19558,-10.08,8,0,1,0.6903316666666667,0.000537242172867991,-0.9451944530010223
dqn,42,1793,19605,-10.47,47,0,1,0.6895875,0.0008266928792484881,-0.7279127190510432
dqn,42,1794,19617,-10.12,12,0,1,0.6893975,0.00031457255439211923,-0.8695902228355408
dqn,42,1795,19635,-10.18,18,0,1,0.6891125,0.0007943833006720524,-0.9192314222455025
dqn,42,1796,19656,-10.209999999999999,21,0,1,0.68878,0.0008620014074646557,-1.001753697792689
dqn,42,1797,19676,-10.2,20,0,1,0.6884633333333333,0.0009304875740781427,-0.7709022045135498
dqn,42,1798,19733,-10.57,57,0,1,0.6875608333333334,0.025003617228191746,-0.9512552512543542
dqn,42,1799,19736,-10.03,3,0,1,0.6875133333333333,0.02986721135675907,-1.0968413352966309
dqn,42,1800,19753,-10.17,17,0,1,0.6872441666666667,0.00977107195649296,-0.9290613085031509
dqn,42,1801,19758,-10.049999999999999,5,0,1,0.687165,0.004677427001297474,-0.5487054586410522
dqn,42,1802,19763,-10.049999999999999,5,0,1,0.6870858333333334,0.014470653608441353,-0.8261096477508545
dqn,42,1803,19791,-10.28,28,0,1,0.6866425,0.006395751776705895,-0.9563488789967128
dqn,42,1804,19805,-10.14,14,0,1,0.6864208333333334,0.003989163262303919,-0.7689898312091827
dqn,42,1805,19810,-10.049999999999999,5,0,1,0.6863416666666666,0.004107557702809572,-1.308051347732544
dqn,42,1806,19876,-10.66,66,0,1,0.6852966666666667,0.020056429579306173,-0.8233428702634924
dqn,42,1807,19895,-10.19,19,0,1,0.6849958333333334,0.0036002337146783248,-0.9110524505376816
dqn,42,1808,19912,-10.17,17,0,1,0.6847266666666667,0.003791011800058186,-0.9436745643615723
dqn,42,1809,19918,-10.06,6,0,1,0.6846316666666666,0.0058516403660178185,-0.8407684564590454
dqn,42,1810,19920,-10.02,2,0,1,0.6846,0.0029302071779966354,-0.694855809211731
dqn,42,1811,19924,-10.04,4,0,1,0.6845366666666667,0.0015276519116014242,-0.8473252654075623
dqn,42,1812,19932,-10.08,8,0,1,0.68441,0.0060137559194117785,-1.297234058380127
dqn,42,1813,19934,-10.02,2,0,1,0.6843783333333333,,
dqn,42,1814,19995,-10.61,61,0,1,0.6834125,0.008332387078553438,-0.776279533902804
dqn,42,1815,20018,-10.23,23,0,1,0.6830483333333334,0.004395257099531591,-0.7963445633649826
dqn,42,1816,20036,-10.18,18,0,1,0.6827633333333334,0.005064803571440279,-0.676318371295929
dqn,42,1817,20047,-10.11,11,0,1,0.6825891666666667,0.002787398174405098,-0.8146378397941589
dqn,42,1818,20108,-10.61,61,0,1,0.6816233333333334,0.0027252496988694475,-0.8746213093400002
dqn,42,1819,20110,-10.02,2,0,1,0.6815916666666667,,
dqn,42,1820,20192,-10.82,82,0,1,0.6802933333333333,0.018389638844555953,-0.6659375886831965
dqn,42,1821,20203,-10.11,11,0,1,0.6801191666666666,0.008119799196720123,-0.8440935015678406
dqn,42,1822,20208,-10.049999999999999,5,0,1,0.68004,0.15498305391520262,-1.302004635334015
dqn,42,1823,20275,-10.67,67,0,1,0.6789791666666667,0.002187699996284209,-0.7770792581140995
dqn,42,1824,20277,-10.02,2,0,1,0.6789475,0.0008776303729973733,-0.38575875759124756
dqn,42,1825,20281,-10.04,4,0,1,0.6788841666666667,0.0009749839082360268,-0.24096445739269257
dqn,42,1826,20283,-10.02,2,0,1,0.6788525000000001,,
dqn,42,1827,20302,-10.19,19,0,1,0.6785516666666667,0.0016606201068498194,-0.9734412550926208
dqn,42,1828,20322,-10.2,20,0,1,0.678235,0.0007389878737740219,-0.7196066796779632
dqn,42,1829,20326,-10.04,4,0,1,0.6781716666666666,0.0067428285256028175,-1.7041226625442505
dqn,42,1830,20356,-10.3,30,0,1,0.6776966666666666,0.0019931152746721637,-0.5767637025564909
dqn,42,1831,20371,-10.15,15,0,1,0.6774591666666667,0.002357622414516906,-0.7696593403816223
dqn,42,1832,20373,-10.02,2,0,1,0.6774275000000001,0.0011248452356085181,-0.2463255226612091
dqn,42,1833,20383,-10.1,10,0,1,0.6772691666666667,0.001544321363326162,-0.7157414555549622
dqn,42,1834,20396,-10.129999999999999,13,0,1,0.6770633333333334,0.0014677099643449765,-1.1529130190610886
dqn,42,1835,20401,-10.049999999999999,5,0,1,0.6769841666666667,0.0017405968392267823,-1.0198262929916382
dqn,42,1836,20409,-10.08,8,0,1,0.6768575,0.0011182893358636647,-0.8095477819442749
dqn,42,1837,20412,-10.03,3,0,1,0.67681,0.0011992359068244696,-0.552366316318512
dqn,42,1838,20421,-10.09,9,0,1,0.6766675,0.0014711481926497072,-0.39878347516059875
dqn,42,1839,20488,-10.67,67,0,1,0.6756066666666667,0.018952107280390065,-0.791586820693577
dqn,42,1840,20496,-10.08,8,0,1,0.6754800000000001,0.00038450819556601346,-0.8010905086994171
dqn,42,1841,20501,-10.049999999999999,5,0,1,0.6754008333333333,0.0015801003901287913,-1.0435431003570557
dqn,42,1842,20532,-10.31,31,0,1,0.67491,0.0015361801233666483,-0.838146636262536
dqn,42,1843,20542,-10.1,10,0,1,0.6747516666666666,0.0005120414789416827,-0.5597555115818977
dqn,42,1844,20556,-10.14,14,0,1,0.6745300000000001,0.001615575107280165,-0.9931808859109879
dqn,42,1845,20571,-10.15,15,0,1,0.6742925,0.001315693836659193,-0.9818342129389445
dqn,42,1846,20577,-10.06,6,0,1,0.6741975,0.0004606092843459919,-0.9501771703362465
dqn,42,1847,20594,-10.17,17,0,1,0.6739283333333334,0.00045678512469748966,-0.7223791405558586
dqn,42,1848,20614,-10.2,20,0,1,0.6736116666666667,0.0002950332884211093,-0.655514144897461
dqn,42,1849,20621,-10.07,7,0,1,0.6735008333333333,0.00038962558028288186,-0.6410240530967712
dqn,42,1850,20668,-10.47,47,0,1,0.6727566666666667,0.02394459678786613,-0.7146342769265175
dqn,42,1851,20670,-10.02,2,0,1,0.672725,,
dqn,42,1852,20676,-10.06,6,0,1,0.6726300000000001,0.0011024889536201954,-0.5674672722816467
dqn,42,1853,20726,-10.5,50,0,1,0.6718383333333333,0.0053829933555486304,-0.8379984920223554
dqn,42,1854,20757,-10.31,31,0,1,0.6713475,0.004690313391620293,-0.7981511484831572
dqn,42,1855,20765,-10.08,8,0,1,0.6712208333333334,0.0029894054168835282,-0.5446458458900452
dqn,42,1856,20791,-10.26,26,0,1,0.6708091666666667,0.0032577725554195545,-0.6456778943538666
dqn,42,1857,20810,-10.19,19,0,1,0.6705083333333334,0.002385856257751584,-1.0020136326551436
dqn,42,1858,20822,-10.12,12,0,1,0.6703183333333333,0.001920488119746248,-0.4458361069361369
dqn,42,1859,20826,-10.04,4,0,1,0.670255,0.003075469983741641,-0.8885645270347595
dqn,42,1860,20840,-10.14,14,0,1,0.6700333333333334,0.001120862209063489,-0.6017927080392838
dqn,42,1861,20854,-10.14,14,0,1,0.6698116666666667,0.0006379472324624658,-0.9260503699382147
dqn,42,1862,20878,-10.24,24,0,1,0.6694316666666666,0.0010805291628154616,-1.0333742996056874
dqn,42,1863,20889,-10.11,11,0,1,0.6692575000000001,0.0009672511174964408,-0.7278566757837931
dqn,42,1864,20893,-10.04,4,0,1,0.6691941666666668,0.00046029765508137643,-0.7169886827468872
dqn,42,1865,20898,-10.049999999999999,5,0,1,0.669115,0.0020708059892058372,-0.6998946666717529
dqn,42,1866,20918,-10.2,20,0,1,0.6687983333333334,0.0008326849900186061,-0.7841798901557923
dqn,42,1867,20922,-10.04,4,0,1,0.6687350000000001,0.0009212411241605878,-0.8647068738937378
dqn,42,1868,20930,-10.08,8,0,1,0.6686083333333334,0.0003850165812764317,-0.48384512960910797
dqn,42,1869,20944,-10.14,14,0,1,0.6683866666666667,0.002645117125211982,-1.0288120806217194
dqn,42,1870,20967,-10.23,23,0,1,0.6680225,0.001606745843309909,-0.8211589217185974
dqn,42,1871,20974,-10.07,7,0,1,0.6679116666666667,0.0015144033241085708,-0.7841019928455353
dqn,42,1872,20980,-10.06,6,0,1,0.6678166666666667,0.00016160113591467962,-0.40504004061222076
dqn,42,1873,21019,-10.39,39,0,1,0.6671991666666667,0.0018123209786911805,-0.7454226944181654
dqn,42,1874,21024,-10.049999999999999,5,0,1,0.66712,0.0016702319262549281,-0.8708197176456451
dqn,42,1875,21028,-10.04,4,0,1,0.6670566666666666,0.0013356946874409914,-0.4029258191585541
dqn,42,1876,21037,-10.09,9,0,1,0.6669141666666667,0.0023651430383324623,-1.210676908493042
dqn,42,1877,21048,-10.11,11,0,1,0.66674,0.0005643420445267111,-0.6782059470812479
dqn,42,1878,21050,-10.02,2,0,1,0.6667083333333333,,
dqn,42,1879,21098,-10.48,48,0,1,0.6659483333333334,0.0006593502936690735,-0.7808225651582082
dqn,42,1880,21101,-10.03,3,0,1,0.6659008333333334,0.0005981262074783444,-1.0542752742767334
dqn,42,1881,21105,-10.04,4,0,1,0.6658375000000001,0.0014448650181293488,-1.051080346107483
dqn,42,1882,21107,-10.02,2,0,1,0.6658058333333333,,
dqn,42,1883,21112,-10.049999999999999,5,0,1,0.6657266666666667,0.0013124239048920572,-0.5565831661224365
dqn,42,1884,21139,-10.27,27,0,1,0.6652991666666667,0.0007733997966473302,-0.9147847294807434
dqn,42,1885,21155,-10.16,16,0,1,0.6650458333333333,0.00038603403299930505,-0.5703306496143341
dqn,42,1886,21162,-10.07,7,0,1,0.664935,0.0005784292807220481,-0.8175908029079437
dqn,42,1887,21232,-10.7,70,0,1,0.6638266666666667,0.00027585578128410917,-0.6672419119212363
dqn,42,1888,21260,-10.28,28,0,1,0.6633833333333333,0.0006258076859272218,-0.9099440404347011
dqn,42,1889,21272,-10.12,12,0,1,0.6631933333333333,0.00031194164815436426,-0.5721632863084475
dqn,42,1890,21281,-10.09,9,0,1,0.6630508333333334,0.0007871985362726264,-0.6414496898651123
dqn,42,1891,21312,-10.31,31,0,1,0.66256,0.0007868766997489729,-0.7692956328392029
dqn,42,1892,21320,-10.08,8,0,1,0.6624333333333334,0.0003424716414883733,-1.1290234327316284
dqn,42,1893,21322,-10.02,2,0,1,0.6624016666666667,,
dqn,42,1894,21344,-10.22,22,0,1,0.6620533333333334,0.050850171658870146,-0.8039130171140035
dqn,42,1895,21347,-10.03,3,0,1,0.6620058333333334,,
dqn,42,1896,21367,-10.2,20,0,1,0.6616891666666667,0.0014482186787063255,-0.693113374710083
dqn,42,1897,21392,-10.25,25,0,1,0.6612933333333333,0.003396514004894665,-1.0055804763521468
dqn,42,1898,21409,-10.17,17,0,1,0.6610241666666667,0.0020984016882721335,-0.9915044605731964
dqn,42,1899,21421,-10.12,12,0,1,0.6608341666666667,0.0023656476890513054,-0.7457273503144582
dqn,42,1900,21453,-10.32,32,0,1,0.6603275,0.041006517014466226,-1.1384229809045792
dqn,42,1901,21470,-10.17,17,0,1,0.6600583333333334,0.0013292994844960049,-0.8418844193220139
dqn,42,1902,21485,-10.15,15,0,1,0.6598208333333333,0.001734142511850223,-0.7750960364937782
dqn,42,1903,21493,-10.08,8,0,1,0.6596941666666667,0.0018887006444856524,-0.7906327992677689
dqn,42,1904,21500,-10.07,7,0,1,0.6595833333333334,0.0012069482181686908,-1.044431447982788
dqn,42,1905,21504,-10.04,4,0,1,0.65952,0.00026512867771089077,-0.10520589351654053
dqn,42,1906,21507,-10.03,3,0,1,0.6594725,,
dqn,42,1907,21526,-10.19,19,0,1,0.6591716666666667,0.003396625816822052,-0.9775444746017456
dqn,42,1908,21533,-10.07,7,0,1,0.6590608333333334,0.0024514265824109316,-1.3738165497779846
dqn,42,1909,21541,-10.08,8,0,1,0.6589341666666667,0.004025495029054582,-1.5425256490707397
dqn,42,1910,21572,-10.31,31,0,1,0.6584433333333334,0.003485764333163388,-0.7842974439263344
dqn,42,1911,21598,-10.26,26,0,1,0.6580316666666667,0.0032282344376047454,-0.8584071199099222
dqn,42,1912,21604,-10.06,6,0,1,0.6579366666666667,0.006505765486508608,-0.8804723471403122
dqn,42,1913,21645,-10.41,41,0,1,0.6572875,0.0027314579754602166,-0.840446263551712
dqn,42,1914,21685,-10.4,40,0,1,0.6566541666666668,0.0012506844679592178,-0.9146194845438004
dqn,42,1915,21692,-10.07,7,0,1,0.6565433333333334,0.0005654400738421828,-0.8942883610725403
dqn,42,1916,21694,-10.02,2,0,1,0.6565116666666667,,
dqn,42,1917,21702,-10.08,8,0,1,0.656385,0.0004394449024403002,-0.41872164607048035
dqn,42,1918,21704,-10.02,2,0,1,0.6563533333333333,0.00043276543146930635,-0.7246416807174683
dqn,42,1919,21734,-10.3,30,0,1,0.6558783333333333,0.001831030797412885,-0.8192432352474758
dqn,42,1920,21754,-10.2,20,0,1,0.6555616666666667,0.0011286753899184987,-0.5729012846946716
dqn,42,1921,21758,-10.04,4,0,1,0.6554983333333333,0.0012435183161869645,-0.25528788566589355
dqn,42,1922,21808,-10.5,50,0,1,0.6547066666666668,0.0009526719491427335,-0.7774161066000278
dqn,42,1923,21810,-10.02,2,0,1,0.654675,,
dqn,42,1924,21853,-10.43,43,0,1,0.6539941666666667,0.0011458026777042753,-0.8844726952639493
dqn,42,1925,21871,-10.18,18,0,1,0.6537091666666667,0.0014035400236025453,-0.9337313026189804
dqn,42,1926,21905,-10.34,34,0,1,0.6531708333333334,0.0015245366860957195,-0.9676116241349114
dqn,42,1927,21909,-10.04,4,0,1,0.6531075000000001,0.0001282621524296701,-0.4217669665813446
dqn,42,1928,21917,-10.08,8,0,1,0.6529808333333333,0.0027025274466723204,-0.9123714864253998
dqn,42,1929,21922,-10.049999999999999,5,0,1,0.6529016666666667,0.0007542139501310885,-1.0295931100845337
dqn,42,1930,21957,-10.35,35,0,1,0.6523475000000001,0.0026770036929519847,-0.810853221350246
dqn,42,1931,21964,-10.07,7,0,1,0.6522366666666667,0.001003281824523583,-0.6523762047290802
dqn,42,1932,21967,-10.03,3,0,1,0.6521891666666667,,
dqn,42,1933,21969,-10.02,2,0,1,0.6521575000000001,0.010251105763018131,-1.099163293838501
dqn,42,1934,21971,-10.02,2,0,1,0.6521258333333333,,
dqn,42,1935,21979,-10.08,8,0,1,0.6519991666666667,0.0008759912743698806,-0.49151982739567757
dqn,42,1936,21996,-10.17,17,0,1,0.65173,0.002442048548255116,-0.6335112154483795
dqn,42,1937,22008,-10.12,12,0,1,0.65154,0.0015301600215025246,-0.7698261141777039
dqn,42,1938,22011,-10.03,3,0,1,0.6514925,,
dqn,42,1939,22012,-10.01,1,0,1,0.6514766666666667,0.00025214237393811345,0.07738485932350159
dqn,42,1940,22026,-10.14,14,0,1,0.651255,0.0013552184294288356,-0.7237314979235331
dqn,42,1941,22083,-10.57,57,0,1,0.6503525,0.0016444237168928208,-0.7990871742367744
dqn,42,1942,22132,-10.49,49,0,1,0.6495766666666667,0.001435146485723985,-0.829229283791322
dqn,42,1943,22147,-10.15,15,0,1,0.6493391666666667,0.0010296808322891593,-0.939564029375712
dqn,42,1944,22163,-10.16,16,0,1,0.6490858333333334,0.00221400228474522,-0.7151642143726349
dqn,42,1945,22168,-10.049999999999999,5,0,1,0.6490066666666667,0.0016385548515245318,-0.6384518146514893
dqn,42,1946,22182,-10.14,14,0,1,0.6487850000000001,0.0031297310100247464,-0.9493103822072347
dqn,42,1947,22227,-10.45,45,0,1,0.6480725,0.030863311935470185,-0.8270629183812575
dqn,42,1948,22252,-10.25,25,0,1,0.6476766666666667,0.00468383456713387,-0.8998960937772479
dqn,42,1949,22259,-10.07,7,0,1,0.6475658333333334,0.0062584346160292625,-0.7700303196907043
dqn,42,1950,22265,-10.06,6,0,1,0.6474708333333334,0.0043962044874206185,-0.4814664125442505
dqn,42,1951,22276,-10.11,11,0,1,0.6472966666666666,0.0051284598497052985,-0.9637923240661621
dqn,42,1952,22280,-10.04,4,0,1,0.6472333333333333,0.006931026931852102,-1.231507658958435
dqn,42,1953,22295,-10.15,15,0,1,0.6469958333333334,0.01409864705055952,-1.291304608186086
dqn,42,1954,22315,-10.2,20,0,1,0.6466791666666667,0.007976303552277386,-0.8005337357521057
dqn,42,1955,22317,-10.02,2,0,1,0.6466475,0.0017851139418780804,-0.5588932037353516
dqn,42,1956,22318,-10.01,1,0,1,0.6466316666666667,,
dqn,42,1957,22321,-10.03,3,0,1,0.6465841666666667,0.013171632774174213,-0.5079401731491089
dqn,42,1958,22326,-10.049999999999999,5,0,1,0.6465050000000001,0.00877408217638731,-0.508686900138855
dqn,42,1959,22339,-10.129999999999999,13,0,1,0.6462991666666666,0.005274575708123545,-0.618260125319163
dqn,42,1960,22344,-10.049999999999999,5,0,1,0.64622,0.006932937540113926,-0.7696416079998016
dqn,42,1961,22359,-10.15,15,0,1,0.6459825,0.004214447534953554,-0.5765012701352438
dqn,42,1962,22361,-10.02,2,0,1,0.6459508333333334,0.004885848145931959,-0.711332380771637
dqn,42,1963,22438,-10.77,77,0,1,0.6447316666666667,0.007863615614999282,-0.8367839032097867
dqn,42,1964,22449,-10.11,11,0,1,0.6445575,0.002527301859421035,-0.7851384878158569
dqn,42,1965,22453,-10.04,4,0,1,0.6444941666666667,0.005165549460798502,-0.862331748008728
dqn,42,1966,22473,-10.2,20,0,1,0.6441775000000001,0.003059492353349924,-0.8459069788455963
dqn,42,1967,22490,-10.17,17,0,1,0.6439083333333333,0.002512624254450202,-0.8408648669719696
dqn,42,1968,22498,-10.08,8,0,1,0.6437816666666667,0.0025323228328488767,-0.6238697171211243
dqn,42,1969,22505,-10.07,7,0,1,0.6436708333333334,0.0010854044230654836,-0.49307864904403687
dqn,42,1970,22512,-10.07,7,0,1,0.64356,0.0015385719598270953,-0.8189466297626495
dqn,42,1971,22515,-10.03,3,0,1,0.6435125,,
dqn,42,1972,22550,-10.35,35,0,1,0.6429583333333333,0.0318179472297844,-0.8865601221720377
dqn,42,1973,22556,-10.06,6,0,1,0.6428633333333333,0.0021350522874854505,-0.6318221092224121
dqn,42,1974,22558,-10.02,2,0,1,0.6428316666666667,,
dqn,42,1975,22567,-10.09,9,0,1,0.6426891666666668,0.0031994952587410808,-0.9784808158874512
dqn,42,1976,22581,-10.14,14,0,1,0.6424675,0.0077162675152067095,-0.8691345006227493
dqn,42,1977,22593,-10.12,12,0,1,0.6422775000000001,0.012945782703657946,-0.5405075947443644
dqn,42,1978,22613,-10.2,20,0,1,0.6419608333333333,0.017167204432189463,-0.8059095501899719
dqn,42,1979,22642,-10.29,29,0,1,0.6415016666666666,0.008732771534206612,-0.7634064470018659
dqn,42,1980,22647,-10.049999999999999,5,0,1,0.6414225,0.006552794948220253,-0.904876172542572
dqn,42,1981,22649,-10.02,2,0,1,0.6413908333333334,0.004284432157874107,-0.7219829559326172
dqn,42,1982,22671,-10.22,22,0,1,0.6410425,0.004860847443342209,-0.8359023094177246
dqn,42,1983,22682,-10.11,11,0,1,0.6408683333333334,0.0023038118767241635,-0.9278548856576284
dqn,42,1984,22705,-10.23,23,0,1,0.6405041666666667,0.0037613016999481865,-0.7802431980768839
dqn,42,1985,22725,-10.2,20,0,1,0.6401875,0.0024764440720900895,-0.5528059363365173
dqn,42,1986,22744,-10.19,19,0,1,0.6398866666666667,0.003247676161117852,-0.7768656492233277
dqn,42,1987,22752,-10.08,8,0,1,0.6397600000000001,0.004236157634295523,-1.0500109195709229
dqn,42,1988,22755,-10.03,3,0,1,0.6397125,,
dqn,42,1989,22767,-10.12,12,0,1,0.6395225,0.0026435155499105654,-0.9931900302569071
dqn,42,1990,22787,-10.2,20,0,1,0.6392058333333334,0.0020365779870189725,-0.6834537029266358
dqn,42,1991,22798,-10.11,11,0,1,0.6390316666666667,0.09116936059823881,-0.9707378149032593
dqn,42,1992,22806,-10.08,8,0,1,0.6389050000000001,0.12567534018307924,-0.8962117433547974
dqn,42,1993,22827,-10.209999999999999,21,0,1,0.6385725,0.0013642995560076087,-0.8503195166587829
dqn,42,1994,22848,-10.209999999999999,21,0,1,0.6382399999999999,0.009467018962216875,-0.8633889853954315
dqn,42,1995,22851,-10.03,3,0,1,0.6381924999999999,,
dqn,42,1996,22859,-10.08,8,0,1,0.6380658333333333,0.014991290285252035,-0.7518303990364075
dqn,42,1997,22883,-10.24,24,0,1,0.6376858333333333,0.05370836553629488,-0.7405342211325964
dqn,42,1998,22895,-10.12,12,0,1,0.6374958333333334,0.005516958422958851,-1.0407406290372212
dqn,42,1999,22943,-10.48,48,0,1,0.6367358333333333,0.0041341534233652055,-0.7764904784659544
dqn,42,2000,22945,-10.02,2,0,1,0.6367041666666666,0.0016093469457700849,-0.7083053588867188
dqn,42,2001,22953,-10.08,8,0,1,0.6365775,0.005027084029279649,-0.7708331495523453
dqn,42,2002,22964,-10.11,11,0,1,0.6364033333333334,0.0034730568101319173,-0.740542451540629
dqn,42,2003,23000,-10.36,36,0,1,0.6358333333333333,0.00366458009618024,-0.8608033590846591
dqn,42,2004,23021,-10.209999999999999,21,0,1,0.6355008333333334,0.0018254330847412349,-0.819704008102417
dqn,42,2005,23028,-10.07,7,0,1,0.6353900000000001,0.0006861873844172806,-0.6925829946994781
dqn,42,2006,23040,-10.12,12,0,1,0.6352,0.0017885483878975113,-0.6983510653177897
dqn,42,2007,23047,-10.07,7,0,1,0.6350891666666667,0.0006562120979651809,-0.7043724060058594
dqn,42,2008,23053,-10.06,6,0,1,0.6349941666666667,0.0014319846231956035,-0.784032791852951
dqn,42,2009,23062,-10.09,9,0,1,0.6348516666666666,0.0008147084736265242,-0.6086845397949219
dqn,42,2010,23090,-10.28,28,0,1,0.6344083333333334,0.0007851543112857533,-0.6789633354970387
dqn,42,2011,23092,-10.02,2,0,1,0.6343766666666666,0.0003892664681188762,-0.37069928646087646
dqn,42,2012,23096,-10.04,4,0,1,0.6343133333333333,0.0009753498598001897,-0.9942834973335266
dqn,42,2013,23098,-10.02,2,0,1,0.6342816666666666,,
dqn,42,2014,23127,-10.29,29,0,1,0.6338225,0.0009979828028008342,-0.6556539982557297
dqn,42,2015,23137,-10.1,10,0,1,0.6336641666666667,0.001241712908570965,-0.6373623410860697
dqn,42,2016,23142,-10.049999999999999,5,0,1,0.6335850000000001,0.0003317470836918801,-0.3970637619495392
dqn,42,2017,23151,-10.09,9,0,1,0.6334425,0.0013012210256420076,-0.7887103855609894
dqn,42,2018,23157,-10.06,6,0,1,0.6333475,0.0008327102405019104,-1.1595726907253265
dqn,42,2019,23187,-10.3,30,0,1,0.6328725,0.0007326020900758781,-0.6756606783185687
dqn,42,2020,23213,-10.26,26,0,1,0.6324608333333332,0.000773865554947406,-0.9232105399881091
dqn,42,2021,23242,-10.29,29,0,1,0.6320016666666667,0.0007980741460674576,-0.9211957710129874
dqn,42,2022,23256,-10.14,14,0,1,0.63178,0.06468890918768011,-1.1019503623247147
dqn,42,2023,23282,-10.26,26,0,1,0.6313683333333333,0.0012777074686406802,-0.49512291451295215
dqn,42,2024,23333,-10.51,51,0,1,0.6305608333333333,0.0038203351208581948,-0.6994317013483781
dqn,42,2025,23341,-10.08,8,0,1,0.6304341666666666,0.00943000242114067,-0.586473673582077
dqn,42,2026,23351,-10.1,10,0,1,0.6302758333333334,0.0034844501060433686,-0.5244933366775513
dqn,42,2027,23365,-10.14,14,0,1,0.6300541666666666,0.006539045280078426,-0.907245934009552
dqn,42,2028,23368,-10.03,3,0,1,0.6300066666666666,0.013784580864012241,-0.6555348634719849
dqn,42,2029,23382,-10.14,14,0,1,0.629785,0.004015608380238215,-0.7515486081441244
dqn,42,2030,23395,-10.129999999999999,13,0,1,0.6295791666666667,0.00792690614859263,-0.24445923417806625
dqn,42,2031,23409,-10.14,14,0,1,0.6293575,0.009871362941339612,-0.9811364710330963
dqn,42,2032,23414,-10.049999999999999,5,0,1,0.6292783333333334,0.01047243271023035,-1.3883440494537354
dqn,42,2033,23463,-10.49,49,0,1,0.6285025,0.02988258515445826,-0.8511599327127138
dqn,42,2034,23469,-10.06,6,0,1,0.6284075,0.002389665343798697,-0.8770836889743805
dqn,42,2035,23471,-10.02,2,0,1,0.6283758333333334,,
dqn,42,2036,23484,-10.129999999999999,13,0,1,0.62817,0.0033905995078384876,-0.7384283170104027
dqn,42,2037,23499,-10.15,15,0,1,0.6279325,0.003465202210160593,-0.6752432386080424
dqn,42,2038,23510,-10.11,11,0,1,0.6277583333333334,0.008537075870359937,-0.8517287274201711
dqn,42,2039,23519,-10.09,9,0,1,0.6276158333333333,0.15737254219129682,-0.7218918651342392
dqn,42,2040,23561,-10.42,42,0,1,0.6269508333333333,0.010062683585353872,-0.8478762019764293
dqn,42,2041,23571,-10.1,10,0,1,0.6267925000000001,0.011356017901562154,-0.40470955707132816
dqn,42,2042,23582,-10.11,11,0,1,0.6266183333333333,0.00875042968740066,-0.41869183381398517
dqn,42,2043,23615,-10.33,33,0,1,0.6260958333333333,0.008638477273052558,-0.8165519535541534
dqn,42,2044,23622,-10.07,7,0,1,0.625985,0.005029845982789993,-0.8859412670135498
dqn,42,2045,23628,-10.06,6,0,1,0.6258900000000001,0.001983343216124922,-0.6045065820217133
dqn,42,2046,23632,-10.04,4,0,1,0.6258266666666668,0.002218893961980939,-0.3662686049938202
dqn,42,2047,23683,-10.51,51,0,1,0.6250191666666667,0.002948807484547918,-0.8168119216958681
dqn,42,2048,23688,-10.049999999999999,5,0,1,0.62494,0.0027218182804062963,-0.45912227034568787
dqn,42,2049,23720,-10.32,32,0,1,0.6244333333333334,0.003996689978521317,-0.6711843386292458
dqn,42,2050,23749,-10.29,29,0,1,0.6239741666666667,0.04597927819538329,-0.8488746626036507
dqn,42,2051,23752,-10.03,3,0,1,0.6239266666666667,0.0024133031256496906,-0.69590163230896
dqn,42,2052,23780,-10.28,28,0,1,0.6234833333333334,0.039636831547665806,-0.8692837102072579
dqn,42,2053,23782,-10.02,2,0,1,0.6234516666666667,,
dqn,42,2054,23788,-10.06,6,0,1,0.6233566666666667,0.00335861265193671,-0.6151689291000366
dqn,42,2055,23794,-10.06,6,0,1,0.6232616666666666,0.002873325487598777,-1.2143182754516602
dqn,42,2056,23824,-10.3,30,0,1,0.6227866666666666,0.00169560823997017,-0.7979442439973354
dqn,42,2057,23833,-10.09,9,0,1,0.6226441666666667,0.0016949312994256616,-0.634126603603363
dqn,42,2058,23837,-10.04,4,0,1,0.6225808333333334,0.0012167694512754679,-1.004237174987793
dqn,42,2059,23839,-10.02,2,0,1,0.6225491666666667,,
dqn,42,2060,23860,-10.209999999999999,21,0,1,0.6222166666666666,0.0019649793781961002,-0.8527816534042358
dqn,42,2061,23862,-10.02,2,0,1,0.622185,,
dqn,42,2062,23867,-10.049999999999999,5,0,1,0.6221058333333334,0.0013896413147449493,-1.482858419418335
dqn,42,2063,23879,-10.12,12,0,1,0.6219158333333333,0.0019541883375495672,-1.2240450382232666
dqn,42,2064,23882,-10.03,3,0,1,0.6218683333333334,0.0005526955355890095,-0.36610549688339233
dqn,42,2065,23886,-10.04,4,0,1,0.6218049999999999,0.000653148046694696,-0.6894000768661499
dqn,42,2066,23897,-10.11,11,0,1,0.6216308333333334,0.0014443312926838796,-0.6992909908294678
dqn,42,2067,23948,9.49,51,1,0,0.6208233333333333,0.0010991578903765632,-0.8777227906080393
dqn,42,2068,23967,-10.19,19,0,1,0.6205225,0.0005867379295523278,-0.38857822865247726
dqn,42,2069,23985,-10.18,18,0,1,0.6202375,0.0014636823674663902,-0.8194443106651306
dqn,42,2070,23997,-10.12,12,0,1,0.6200475,0.0009465820039622486,-0.7089545329411825
dqn,42,2071,24012,-10.15,15,0,1,0.61981,0.0009367004386149347,-0.959307037293911
dqn,42,2072,24025,-10.129999999999999,13,0,1,0.6196041666666667,0.002691565042672058,-0.7351808547973633
dqn,42,2073,24050,-10.25,25,0,1,0.6192083333333334,0.0032832782841675603,-0.8667243495583534
dqn,42,2074,24076,-10.26,26,0,1,0.6187966666666667,0.003039581368544272,-0.8620381099837167
dqn,42,2075,24083,-10.07,7,0,1,0.6186858333333334,0.004350969567894936,-0.5520650148391724
dqn,42,2076,24098,-10.15,15,0,1,0.6184483333333333,0.002290054806508124,-0.7853575423359871
dqn,42,2077,24112,-10.14,14,0,1,0.6182266666666667,0.0023875353144831024,-0.7789404690265656
dqn,42,2078,24207,-10.950000000000001,95,0,1,0.6167225000000001,0.016837242479517085,-0.7743636024710925
dqn,42,2079,24231,-10.24,24,0,1,0.6163425,0.0009692829141082863,-0.8133080005645752
dqn,42,2080,24241,-10.1,10,0,1,0.6161841666666666,0.0018818638006147619,-0.7969750165939331
dqn,42,2081,24253,-10.12,12,0,1,0.6159941666666666,0.0012478330172598362,-0.573181688785553
dqn,42,2082,24263,-10.1,10,0,1,0.6158358333333334,0.12387598224449903,-0.7832350879907608
dqn,42,2083,24272,-10.09,9,0,1,0.6156933333333333,0.0009693764635206511,-0.6861088673273722
dqn,42,2084,24279,-10.07,7,0,1,0.6155825,0.00208770832978189,-1.0000343322753906
dqn,42,2085,24324,-10.45,45,0,1,0.61487,0.001402220522625915,-0.643757127225399
dqn,42,2086,24346,-10.22,22,0,1,0.6145216666666666,0.0007579466386232525,-0.4934233859181404
dqn,42,2087,24361,-10.15,15,0,1,0.6142841666666667,0.0015281418454833329,-0.5162954963743687
dqn,42,2088,24364,-10.03,3,0,1,0.6142366666666667,0.004223010037094355,-0.7063181400299072
dqn,42,2089,24375,-10.11,11,0,1,0.6140625,0.0009083887271117419,-0.7624778151512146
dqn,42,2090,24379,-10.04,4,0,1,0.6139991666666667,0.0020652730017900467,-0.8278375267982483
dqn,42,2091,24389,-10.1,10,0,1,0.6138408333333334,0.003927084539706509,-1.0438380440076191
dqn,42,2092,24403,-10.14,14,0,1,0.6136191666666666,0.003420448978431523,-0.8063001036643982
dqn,42,2093,24427,-10.24,24,0,1,0.6132391666666667,0.053939896839438006,-0.6752198388179144
dqn,42,2094,24455,-10.28,28,0,1,0.6127958333333333,0.007281294824289424,-0.845981206212725
dqn,42,2095,24468,-10.129999999999999,13,0,1,0.61259,0.00578045537986327,-0.7315717488527298
dqn,42,2096,24493,-10.25,25,0,1,0.6121941666666667,0.008129315683618188,-0.871537059545517
dqn,42,2097,24511,-10.18,18,0,1,0.6119091666666667,0.07645847520325333,-0.6025600507855415
dqn,42,2098,24572,-10.61,61,0,1,0.6109433333333334,0.01973577580974961,-0.7561154151335359
dqn,42,2099,24574,-10.02,2,0,1,0.6109116666666667,,
dqn,42,2100,24635,-10.61,61,0,1,0.6099458333333334,0.0015113769584180166,-0.7783862630526225
dqn,42,2101,24639,-10.04,4,0,1,0.6098825,0.0001733871758915484,-0.05460254102945328
dqn,42,2102,24643,-10.04,4,0,1,0.6098191666666667,0.0019194084452465177,-1.32216215133667
dqn,42,2103,24713,-10.7,70,0,1,0.6087108333333333,0.015773928732313734,-0.808294951915741
dqn,42,2104,24724,-10.11,11,0,1,0.6085366666666667,0.001762600343984862,-0.6944676438967387
dqn,42,2105,24727,-10.03,3,0,1,0.6084891666666667,,
dqn,42,2106,24735,-10.08,8,0,1,0.6083625,0.0017212640959769487,-0.9884614944458008
dqn,42,2107,24774,-10.39,39,0,1,0.607745,0.0010796859889524058,-0.49296135641634464
dqn,42,2108,24784,-10.1,10,0,1,0.6075866666666667,0.0013184396375436336,-0.5341030359268188
dqn,42,2109,24807,-10.23,23,0,1,0.6072225,0.0016913361847400664,-0.8051469683647156
dqn,42,2110,24859,-10.52,52,0,1,0.6063991666666667,0.02342321871009727,-0.6913634277880192
dqn,42,2111,24875,-10.16,16,0,1,0.6061458333333334,0.004500190989347175,-0.7150492444634438
dqn,42,2112,24881,-10.06,6,0,1,0.6060508333333333,0.01308208960108459,-0.8822156488895416
dqn,42,2113,24889,-10.08,8,0,1,0.6059241666666667,0.011982118943706155,-0.5549464821815491
dqn,42,2114,24906,-10.17,17,0,1,0.605655,0.008779044554103166,-0.6166103966534138
dqn,42,2115,24940,-10.34,34,0,1,0.6051166666666667,0.002980669455913206,-0.8217549522717794
dqn,42,2116,24975,-10.35,35,0,1,0.6045625,0.0046618906781077385,-0.577856183052063
dqn,42,2117,24987,-10.12,12,0,1,0.6043725,0.0025754490634426475,-0.6338231215874354
dqn,42,2118,25000,-10.129999999999999,13,0,1,0.6041666666666667,0.00167896956554614,-0.7506188489496708
dqn,42,2119,25022,-10.22,22,0,1,0.6038183333333333,0.0011101803509518504,-0.8937828421592713
dqn,42,2120,25062,-10.4,40,0,1,0.6031850000000001,0.0018267605744767934,-0.8565482705831527
dqn,42,2121,25091,-10.29,29,0,1,0.6027258333333334,0.04007973299095673,-0.9247032829693386
dqn,42,2122,25137,-10.46,46,0,1,0.6019975,0.019575725668498006,-0.7143855628867944
dqn,42,2123,25158,-10.209999999999999,21,0,1,0.601665,0.004251018562354147,-0.7957298219203949
dqn,42,2124,25166,-10.08,8,0,1,0.6015383333333333,0.0014055732171982527,-0.9067038297653198
dqn,42,2125,25204,9.62,38,1,0,0.6009366666666667,0.0014652018580818549,-0.6450496912002563
dqn,42,2126,25230,-10.26,26,0,1,0.600525,0.0027791163496052227,-0.8027426563203335
dqn,42,2127,25237,-10.07,7,0,1,0.6004141666666667,0.0008965768502093852,-0.5942621529102325
dqn,42,2128,25308,-10.71,71,0,1,0.59929,0.014036930739368673,-0.6568954255845811
dqn,42,2129,25316,-10.08,8,0,1,0.5991633333333334,0.006340184714645147,-0.8597300052642822
dqn,42,2130,25340,-10.24,24,0,1,0.5987833333333333,0.0029654263150102147,-0.797812432050705
dqn,42,2131,25356,-10.16,16,0,1,0.59853,0.0029813681612722576,-1.0202879309654236
dqn,42,2132,25403,-10.47,47,0,1,0.5977858333333333,0.0012301682846472513,-0.7513664469800212
dqn,42,2133,25441,-10.38,38,0,1,0.5971841666666666,0.0008447596745099872,-0.622555848956108
dqn,42,2134,25443,-10.02,2,0,1,0.5971525,,
dqn,42,2135,25460,-10.17,17,0,1,0.5968833333333333,0.000933480029925704,-0.6916133895516395
dqn,42,2136,25473,-10.129999999999999,13,0,1,0.5966775,0.0005016960979749759,-0.722564697265625
dqn,42,2137,25555,-10.82,82,0,1,0.5953791666666667,0.01704756534381886,-0.6740934900939465
dqn,42,2138,25573,-10.18,18,0,1,0.5950941666666667,0.0013796444283798337,-0.7582008421421051
dqn,42,2139,25576,-10.03,3,0,1,0.5950466666666667,0.00021696930343750864,-0.3485139310359955
dqn,42,2140,25606,-10.3,30,0,1,0.5945716666666667,0.0006986127742233553,-0.7371723864759717
dqn,42,2141,25637,-10.31,31,0,1,0.5940808333333334,0.0004908256669295952,-0.6665609739720821
dqn,42,2142,25645,-10.08,8,0,1,0.5939541666666667,0.0007054564775899053,-0.6629282832145691
dqn,42,2143,25674,-10.29,29,0,1,0.593495,0.030454244867931784,-0.8259400725364685
dqn,42,2144,25680,-10.06,6,0,1,0.5934,0.0003857361007248983,-0.5891164541244507
dqn,42,2145,25707,-10.27,27,0,1,0.5929725,0.0023567163734696805,-0.75075430671374
dqn,42,2146,25710,-10.03,3,0,1,0.592925,0.00041980872629210353,-0.19465067982673645
dqn,42,2147,25720,-10.1,10,0,1,0.5927666666666667,0.0008355849228488902,-0.7675679524739584
dqn,42,2148,25725,-10.049999999999999,5,0,1,0.5926875,0.0018210875568911433,-1.303730845451355
dqn,42,2149,25738,-10.129999999999999,13,0,1,0.5924816666666667,0.0012758309409643214,-0.7783429821332296
dqn,42,2150,25757,-10.19,19,0,1,0.5921808333333334,0.0008860688132699579,-0.6623267650604248
dqn,42,2151,25766,-10.09,9,0,1,0.5920383333333333,0.00040737539529800415,-0.7477099001407623
dqn,42,2152,25768,-10.02,2,0,1,0.5920066666666667,0.001485554501414299,-1.1322661638259888
dqn,42,2153,25814,-10.46,46,0,1,0.5912783333333334,0.0007468749774323607,-0.7946700995618646
dqn,42,2154,25820,-10.06,6,0,1,0.5911833333333334,0.09052320785121992,-0.6018916964530945
dqn,42,2155,25823,-10.03,3,0,1,0.5911358333333334,,
dqn,42,2156,25831,-10.08,8,0,1,0.5910091666666667,0.0015320437960326672,-0.24958660453557968
dqn,42,2157,25881,-10.5,50,0,1,0.5902175000000001,0.005220882236384428,-0.6170872839597555
dqn,42,2158,25885,-10.04,4,0,1,0.5901541666666668,0.011061183176934719,-0.3650975525379181
dqn,42,2159,25900,-10.15,15,0,1,0.5899166666666666,0.007840175996534526,-0.9839178770780563
dqn,42,2160,25947,-10.47,47,0,1,0.5891725000000001,0.0032312207199125128,-0.4960512735626914
dqn,42,2161,25949,-10.02,2,0,1,0.5891408333333333,0.0047721657902002335,-0.9810412526130676
dqn,42,2162,25963,-10.14,14,0,1,0.5889191666666667,0.002754824934527278,-0.543271392583847
dqn,42,2163,25969,-10.06,6,0,1,0.5888241666666667,0.0029993091011419892,-0.4659563973546028
dqn,42,2164,25981,-10.12,12,0,1,0.5886341666666667,0.0017618353789051373,-0.653543621301651
dqn,42,2165,26007,-10.26,26,0,1,0.5882225000000001,0.0026749702907788255,-0.7265966509779295
dqn,42,2166,26017,-10.1,10,0,1,0.5880641666666667,0.0025411269549901285,-0.6132467985153198
dqn,42,2167,26044,-10.27,27,0,1,0.5876366666666667,0.0027703245702598777,-0.738745276417051
dqn,42,2168,26046,-10.02,2,0,1,0.587605,,
dqn,42,2169,26072,-10.26,26,0,1,0.5871933333333333,0.002093405895201223,-0.605565994977951
dqn,42,2170,26077,-10.049999999999999,5,0,1,0.5871141666666667,0.002810168080031872,-0.6142251491546631
dqn,42,2171,26079,-10.02,2,0,1,0.5870825000000001,,
dqn,42,2172,26080,-10.01,1,0,1,0.5870666666666666,0.0008141985163092613,-0.7921798229217529
dqn,42,2173,26102,-10.22,22,0,1,0.5867183333333333,0.0025566650554537775,-0.5698900878429413
dqn,42,2174,26104,-10.02,2,0,1,0.5866866666666667,0.004808309953659773,-0.9167057871818542
dqn,42,2175,26112,-10.08,8,0,1,0.58656,0.002191460458561778,-0.9518314003944397
dqn,42,2176,26118,-10.06,6,0,1,0.586465,0.0033802823163568974,-1.1557224988937378
dqn,42,2177,26158,-10.4,40,0,1,0.5858316666666668,0.0011886908614542335,-0.6325078308582306
dqn,42,2178,26162,-10.04,4,0,1,0.5857683333333333,0.00205440865829587,-0.6438281536102295
dqn,42,2179,26186,-10.24,24,0,1,0.5853883333333334,0.0012295849980243172,-0.7757444381713867
dqn,42,2180,26188,-10.02,2,0,1,0.5853566666666667,0.0009158141328953207,-0.8172153234481812
dqn,42,2181,26211,-10.23,23,0,1,0.5849925,0.001013793802121654,-0.8055346071720123
dqn,42,2182,26232,-10.209999999999999,21,0,1,0.58466,0.001394492593438675,-0.7826736569404602
dqn,42,2183,26233,-10.01,1,0,1,0.5846441666666666,,
dqn,42,2184,26247,-10.14,14,0,1,0.5844225000000001,0.0017921010730788112,-0.8555886745452881
dqn,42,2185,26249,-10.02,2,0,1,0.5843908333333334,0.0022547473199665546,-1.1493401527404785
dqn,42,2186,26251,-10.02,2,0,1,0.5843591666666668,,
dqn,42,2187,26260,-10.09,9,0,1,0.5842166666666667,0.0013482453650794923,-0.8535595536231995
dqn,42,2188,26261,-10.01,1,0,1,0.5842008333333334,,
dqn,42,2189,26297,-10.36,36,0,1,0.5836308333333333,0.0016619453025567862,-0.7327698700957828
dqn,42,2190,26299,-10.02,2,0,1,0.5835991666666667,,
dqn,42,2191,26336,-10.37,37,0,1,0.5830133333333334,0.001002813916420564,-0.759955769777298
dqn,42,2192,26368,-10.32,32,0,1,0.5825066666666667,0.0007275921743712388,-0.729048065841198
dqn,42,2193,26382,-10.14,14,0,1,0.582285,0.0010125944584918518,-1.1597269376118977
dqn,42,2194,26460,-10.780000000000001,78,0,1,0.5810500000000001,0.0008104734479275066,-0.4907209545373917
dqn,42,2195,26472,-10.12,12,0,1,0.58086,0.0007536729196241746,-0.8594202995300293
dqn,42,2196,26481,-10.09,9,0,1,0.5807175,0.00031568395206704736,-0.4117542952299118
dqn,42,2197,26489,-10.08,8,0,1,0.5805908333333334,0.0009955921268556267,-0.8851552903652191
dqn,42,2198,26501,-10.12,12,0,1,0.5804008333333334,0.0004515337835376461,-0.3749048014481862
dqn,42,2199,26530,-10.29,29,0,1,0.5799416666666667,0.0008793990896914952,-0.783251975263868
dqn,42,2200,26532,-10.02,2,0,1,0.57991,0.00049442402087152,-0.6566964387893677
dqn,42,2201,26547,-10.15,15,0,1,0.5796725,0.000620152655756101,-0.9117993315060934
dqn,42,2202,26552,-10.049999999999999,5,0,1,0.5795933333333334,0.00041349773528054357,-0.4070902019739151
dqn,42,2203,26559,-10.07,7,0,1,0.5794825,0.0007558434153907001,-1.2830801010131836
dqn,42,2204,26560,-10.01,1,0,1,0.5794666666666667,0.00031177871278487146,-0.6447724103927612
dqn,42,2205,26564,-10.04,4,0,1,0.5794033333333334,0.0006222150987014174,-0.8105465769767761
dqn,42,2206,26573,-10.09,9,0,1,0.5792608333333333,0.000715639820555225,-0.7994103580713272
dqn,42,2207,26585,-10.12,12,0,1,0.5790708333333334,0.000603485619649291,-0.7085420290629069
dqn,42,2208,26587,-10.02,2,0,1,0.5790391666666668,,
dqn,42,2209,26592,-10.049999999999999,5,0,1,0.57896,0.00035990169271826744,-0.9604955613613129
dqn,42,2210,26677,-10.85,85,0,1,0.5776141666666668,0.0006089543693676768,-0.602635729170981
dqn,42,2211,26714,-10.37,37,0,1,0.5770283333333334,0.0008469785971101373,-0.7344088488154941
dqn,42,2212,26715,-10.01,1,0,1,0.5770125,,
dqn,42,2213,26750,-10.35,35,0,1,0.5764583333333333,0.0008631459786556661,-0.6097748130559921
dqn,42,2214,26768,-10.18,18,0,1,0.5761733333333334,0.0005501379549968987,-0.3657062008976936
dqn,42,2215,26788,-10.2,20,0,1,0.5758566666666667,0.03989383700827602,-0.5206960260868072
dqn,42,2216,26824,-10.36,36,0,1,0.5752866666666667,0.004100133141037077,-0.7499713094698058
dqn,42,2217,26868,-10.44,44,0,1,0.57459,0.004351965289308943,-0.6034977869553999
dqn,42,2218,26878,-10.1,10,0,1,0.5744316666666667,0.004577226238325238,-0.7150653302669525
dqn,42,2219,26882,-10.04,4,0,1,0.5743683333333334,0.0014719015453010798,-0.6641802191734314
dqn,42,2220,26917,-10.35,35,0,1,0.5738141666666667,0.0258906544962277,-0.6475761499669817
dqn,42,2221,26920,-10.03,3,0,1,0.5737666666666668,0.009711658582091331,-0.8479434847831726
dqn,42,2222,26961,-10.41,41,0,1,0.5731175,0.011177793052047491,-0.5142526492476464
dqn,42,2223,26970,-10.09,9,0,1,0.572975,0.004810248035937548,-0.4819798171520233
dqn,42,2224,26978,-10.08,8,0,1,0.5728483333333334,0.010739187127910554,-1.0695480108261108
dqn,42,2225,27004,-10.26,26,0,1,0.5724366666666667,0.007014071236231497,-0.7580421992710659
dqn,42,2226,27014,-10.1,10,0,1,0.5722783333333334,0.0027153274277225137,-0.5840752720832825
dqn,42,2227,27037,-10.23,23,0,1,0.5719141666666667,0.0034938661071161428,-0.5670740256706873
dqn,42,2228,27040,-10.03,3,0,1,0.5718666666666667,0.002366880886256695,-0.586682915687561
dqn,42,2229,27150,-11.100000000000001,110,0,1,0.570125,0.002915559327919726,-0.5674452638184583
dqn,42,2230,27206,-10.56,56,0,1,0.5692383333333333,0.0026423727228705373,-0.5638688376971653
dqn,42,2231,27208,-10.02,2,0,1,0.5692066666666666,0.0019481846829876304,-0.4417235255241394
dqn,42,2232,27261,-10.53,53,0,1,0.5683675,0.0023312579858331727,-0.744861350609706
dqn,42,2233,27264,-10.03,3,0,1,0.5683199999999999,0.002486619632691145,-0.7376681566238403
dqn,42,2234,27267,-10.03,3,0,1,0.5682725,,
dqn,42,2235,27359,-10.92,92,0,1,0.5668158333333333,0.0018345166286251144,-0.568334122714789
dqn,42,2236,27362,-10.03,3,0,1,0.5667683333333333,0.0006181643111631274,-0.5971029996871948
dqn,42,2237,27370,-10.08,8,0,1,0.5666416666666667,0.0014299368194770068,-0.8280460238456726
dqn,42,2238,27382,-10.12,12,0,1,0.5664516666666667,0.0016837733176847298,-0.5937684153517088
dqn,42,2239,27389,-10.07,7,0,1,0.5663408333333333,0.001409730815794319,-0.6101102530956268
dqn,42,2240,27403,-10.14,14,0,1,0.5661191666666667,0.0013092735898680985,-0.5471208319067955
dqn,42,2241,27411,-10.08,8,0,1,0.5659925000000001,0.0018070818623527884,-0.9788474440574646
dqn,42,2242,27490,-10.790000000000001,79,0,1,0.5647416666666667,0.0008862155111273751,-0.5726705525070429
dqn,42,2243,27512,-10.22,22,0,1,0.5643933333333333,0.0009814288932830095,-0.6539679119984309
dqn,42,2244,27516,-10.04,4,0,1,0.56433,0.305206835269928,-0.9157723784446716
dqn,42,2245,27523,-10.07,7,0,1,0.5642191666666667,0.01000394020229578,-1.03379225730896
dqn,42,2246,27553,-10.3,30,0,1,0.5637441666666667,0.0036330948933027685,-0.597262479364872
dqn,42,2247,27597,-10.44,44,0,1,0.5630474999999999,0.002530642970338125,-0.5553454956547781
dqn,42,2248,27606,-10.09,9,0,1,0.562905,0.001958809414645657,-0.600459098815918
dqn,42,2249,27614,-10.08,8,0,1,0.5627783333333334,0.0035675831604748964,-0.9091163277626038
dqn,42,2250,27623,-10.09,9,0,1,0.5626358333333334,0.0010977463098242879,-0.12092778831720352
dqn,42,2251,27630,-10.07,7,0,1,0.5625249999999999,0.0025896691950038075,-0.8366060554981232
dqn,42,2252,27699,-10.69,69,0,1,0.5614325,0.0021358514273100916,-0.7840669558328741
dqn,42,2253,27714,-10.15,15,0,1,0.5611950000000001,0.0034597883059177548,-0.7262442484498024
dqn,42,2254,27725,-10.11,11,0,1,0.5610208333333333,0.005531312587360541,-0.8312441905339559
dqn,42,2255,27771,-10.46,46,0,1,0.5602925000000001,0.003956459991803224,-0.5280687687071887
dqn,42,2256,27772,-10.01,1,0,1,0.5602766666666668,0.010751026682555676,-0.47494739294052124
dqn,42,2257,27778,-10.06,6,0,1,0.5601816666666667,0.0034383656457066536,-0.4558159112930298
dqn,42,2258,27779,-10.01,1,0,1,0.5601658333333333,,
dqn,42,2259,27783,-10.04,4,0,1,0.5601025,0.0013774096732959151,-0.2827313542366028
dqn,42,2260,27794,-10.11,11,0,1,0.5599283333333334,0.007570442782404522,-0.5162155032157898
dqn,42,2261,27802,-10.08,8,0,1,0.5598016666666668,0.0032662225130479783,-0.6838095784187317
dqn,42,2262,27821,-10.19,19,0,1,0.5595008333333333,0.04498438495211303,-0.4136057674884796
dqn,42,2263,27834,-10.129999999999999,13,0,1,0.5592950000000001,0.008282699040137231,-0.4767601986726125
dqn,42,2264,27877,-10.43,43,0,1,0.5586141666666666,0.0056884270161390305,-0.6152836328203027
dqn,42,2265,27970,-10.93,93,0,1,0.5571416666666666,0.005968166739204089,-0.7413209326889204
dqn,42,2266,27973,-10.03,3,0,1,0.5570941666666667,0.012935245409607887,-1.163032054901123
dqn,42,2267,27992,-10.19,19,0,1,0.5567933333333333,0.007486847322434187,-0.7846286416053772
dqn,42,2268,28062,-10.7,70,0,1,0.555685,0.017420848393264937,-0.624584865044145
dqn,42,2269,28065,-10.03,3,0,1,0.5556375,0.008956784382462502,-0.25272947549819946
dqn,42,2270,28102,-10.37,37,0,1,0.5550516666666667,0.012509992242687278,-0.5137449238035414
dqn,42,2271,28107,-10.049999999999999,5,0,1,0.5549725000000001,0.008290257304906845,-0.6008277535438538
dqn,42,2272,28113,-10.06,6,0,1,0.5548775,0.006683351472020149,-0.652158111333847
dqn,42,2273,28121,-10.08,8,0,1,0.5547508333333333,0.00858876807615161,-0.8590940237045288
dqn,42,2274,28154,-10.33,33,0,1,0.5542283333333333,0.008943291963078082,-0.6647166181355715
dqn,42,2275,28163,-10.09,9,0,1,0.5540858333333334,0.005895768059417605,-0.6617881953716278
dqn,42,2276,28196,-10.33,33,0,1,0.5535633333333334,0.0280445809993479,-0.6535666551854875
dqn,42,2277,28202,-10.06,6,0,1,0.5534683333333333,0.03940645232796669,-0.7260968685150146
dqn,42,2278,28221,-10.19,19,0,1,0.5531675,0.013508207257837057,-0.5617624521255493
dqn,42,2279,28281,-10.6,60,0,1,0.5522175,0.010701445071026683,-0.7202122519413631
dqn,42,2280,28295,-10.14,14,0,1,0.5519958333333334,0.005951637867838144,-0.5583747327327728
dqn,42,2281,28307,-10.12,12,0,1,0.5518058333333333,0.006806938986604412,-0.7087579270203909
dqn,42,2282,28338,-10.31,31,0,1,0.551315,0.0034763206349452958,-0.7394609861075878
dqn,42,2283,28343,-10.049999999999999,5,0,1,0.5512358333333334,0.0011661088792607188,-0.45195141434669495
dqn,42,2284,28350,-10.07,7,0,1,0.5511250000000001,0.003139318199828267,-0.8250443935394287
dqn,42,2285,28351,-10.01,1,0,1,0.5511091666666668,,
dqn,42,2286,28373,-10.22,22,0,1,0.5507608333333334,0.002292489652366688,-0.49126431345939636
dqn,42,2287,28396,-10.23,23,0,1,0.5503966666666666,0.0028077350192082426,-0.8632011612256368
dqn,42,2288,28401,-10.049999999999999,5,0,1,0.5503175,0.001092736260034144,-0.7419290542602539
dqn,42,2289,28424,-10.23,23,0,1,0.5499533333333333,0.003000222408445552,-0.7253916909297308
dqn,42,2290,28468,-10.44,44,0,1,0.5492566666666667,0.0035654042519375003,-0.6598929844119332
dqn,42,2291,28470,-10.02,2,0,1,0.5492250000000001,,
dqn,42,2292,28476,-10.06,6,0,1,0.54913,0.0042983226594515145,-0.5726355463266373
dqn,42,2293,28493,-10.17,17,0,1,0.5488608333333334,0.0020145839371252805,-0.45126256346702576
dqn,42,2294,28496,-10.03,3,0,1,0.5488133333333334,0.0019235627260059118,-1.0510144233703613
dqn,42,2295,28510,-10.14,14,0,1,0.5485916666666667,0.002500643914875885,-0.8452616631984711
dqn,42,2296,28525,-10.15,15,0,1,0.5483541666666667,0.003106280753854662,-0.45839259028434753
dqn,42,2297,28537,-10.12,12,0,1,0.5481641666666667,0.004438816259304683,-0.9927679598331451
dqn,42,2298,28540,-10.03,3,0,1,0.5481166666666667,0.00870595034211874,-0.7980731725692749
dqn,42,2299,28584,-10.44,44,0,1,0.54742,0.00611020656387237,-0.6945208771662279
dqn,42,2300,28596,-10.12,12,0,1,0.54723,0.0058942202012985945,-1.1589214603106182
dqn,42,2301,28603,-10.07,7,0,1,0.5471191666666666,0.0030861617997288704,-0.7717430591583252
dqn,42,2302,28608,-10.049999999999999,5,0,1,0.54704,0.003256733762100339,-0.3249488025903702
dqn,42,2303,28623,-10.15,15,0,1,0.5468025000000001,0.002494138665497303,-0.213093563914299
dqn,42,2304,28657,-10.34,34,0,1,0.5462641666666667,0.02666937145921919,-0.40716217706600827
dqn,42,2305,28691,-10.34,34,0,1,0.5457258333333334,0.001844739577791188,-0.5572377908974886
dqn,42,2306,28728,-10.37,37,0,1,0.54514,0.0013019775680731982,-0.6138564318418502
dqn,42,2307,28758,-10.3,30,0,1,0.544665,0.0013143609311165555,-0.5530991320099149
dqn,42,2308,28770,-10.12,12,0,1,0.544475,0.003996829516836442,-0.6275127455592155
dqn,42,2309,28778,-10.08,8,0,1,0.5443483333333333,0.14904318726621568,-0.5268282443284988
dqn,42,2310,28789,-10.11,11,0,1,0.5441741666666666,0.0016645533420766394,-0.37964194019635517
dqn,42,2311,28794,-10.049999999999999,5,0,1,0.544095,0.001968866679817438,-0.41867905855178833
dqn,42,2312,28807,-10.129999999999999,13,0,1,0.5438891666666666,0.006936611685280998,-0.5585092504819235
dqn,42,2313,28872,-10.65,65,0,1,0.54286,0.005248714765698156,-0.6258378011338851
dqn,42,2314,28889,-10.17,17,0,1,0.5425908333333334,0.0013303424639161676,-0.42554515413939953
dqn,42,2315,28899,-10.1,10,0,1,0.5424325,0.0021506001939997077,-0.6775624752044678
dqn,42,2316,28927,-10.28,28,0,1,0.5419891666666667,0.0019719404933441964,-0.8015495496136802
dqn,42,2317,28929,-10.02,2,0,1,0.5419575,0.0025408389046788216,-1.0817337036132812
dqn,42,2318,28937,-10.08,8,0,1,0.5418308333333334,0.001973776612430811,-0.9242629110813141
dqn,42,2319,28950,-10.129999999999999,13,0,1,0.541625,0.0013275977204709004,-0.7501050432523092
dqn,42,2320,28959,-10.09,9,0,1,0.5414825,0.0014708743547089398,-0.4317081868648529
dqn,42,2321,28973,-10.14,14,0,1,0.5412608333333333,0.0012666406983043998,-0.681975856423378
dqn,42,2322,28990,-10.17,17,0,1,0.5409916666666666,0.0018693119927775115,-0.7109564058482647
dqn,42,2323,28993,-10.03,3,0,1,0.5409441666666667,0.003383469535037875,-1.0961651802062988
dqn,42,2324,29005,-10.12,12,0,1,0.5407541666666666,0.10409447892258565,-0.5370019276936849
dqn,42,2325,29054,-10.49,49,0,1,0.5399783333333333,0.0022334994573611766,-0.6664374327907959
dqn,42,2326,29062,-10.08,8,0,1,0.5398516666666666,0.004745675716549158,-0.35521408915519714
dqn,42,2327,29094,-10.32,32,0,1,0.539345,0.003005676160682924,-0.7487848624587059
dqn,42,2328,29135,-10.41,41,0,1,0.5386958333333334,0.0020050222519785166,-0.6291779905557633
dqn,42,2329,29143,-10.08,8,0,1,0.5385691666666667,0.0011943226418225095,-0.5688795372843742
dqn,42,2330,29229,-10.86,86,0,1,0.5372075000000001,0.0013505352293247017,-0.5746215724132278
dqn,42,2331,29249,-10.2,20,0,1,0.5368908333333333,0.0008777737384662032,-0.3626288756728172
dqn,42,2332,29261,-10.12,12,0,1,0.5367008333333334,0.0010035261899853747,-0.5317656695842743
dqn,42,2333,29264,-10.03,3,0,1,0.5366533333333333,0.0020573087967932224,-0.7202861309051514
dqn,42,2334,29301,-10.37,37,0,1,0.5360675,0.034140051387819566,-0.49187518200940555
dqn,42,2335,29310,-10.09,9,0,1,0.535925,0.0017841633525677025,-0.6596778631210327
dqn,42,2336,29370,-10.6,60,0,1,0.534975,0.001982819706123943,-0.7679547548294068
dqn,42,2337,29374,-10.04,4,0,1,0.5349116666666667,0.0012766622239723802,-0.7436850666999817
dqn,42,2338,29377,-10.03,3,0,1,0.5348641666666667,0.0005369915743358433,0.04932627081871033
dqn,42,2339,29410,-10.33,33,0,1,0.5343416666666667,0.0009518565202597529,-0.6460366807878017
dqn,42,2340,29414,-10.04,4,0,1,0.5342783333333334,0.000684044964145869,-0.5988947153091431
dqn,42,2341,29449,-10.35,35,0,1,0.5337241666666667,0.0009979216718218392,-0.6216150298714638
dqn,42,2342,29452,-10.03,3,0,1,0.5336766666666667,0.00048718738253228366,-0.258340448141098
dqn,42,2343,29468,-10.16,16,0,1,0.5334233333333334,0.0008187100902432576,-0.6627763137221336
dqn,42,2344,29476,-10.08,8,0,1,0.5332966666666668,0.0006354983052005991,-0.11594946682453156
dqn,42,2345,29500,-10.24,24,0,1,0.5329166666666667,0.0014261332932316388,-0.7678855819006761
dqn,42,2346,29554,-10.54,54,0,1,0.5320616666666667,0.0009961365722119808,-0.6609393684909894
dqn,42,2347,29579,-10.25,25,0,1,0.5316658333333333,0.0005957793958562737,-0.6422929366429647
dqn,42,2348,29584,-10.049999999999999,5,0,1,0.5315866666666667,0.0010623977577779442,-1.2147326171398163
dqn,42,2349,29627,-10.43,43,0,1,0.5309058333333334,0.000817637360887602,-0.5536495801061392
dqn,42,2350,29629,-10.02,2,0,1,0.5308741666666666,0.00040023241308517754,-0.43137621879577637
dqn,42,2351,29638,-10.09,9,0,1,0.5307316666666667,0.000576299469685182,-0.7558647096157074
dqn,42,2352,29665,-10.27,27,0,1,0.5303041666666667,0.0005855132102234555,-0.3783818387559482
dqn,42,2353,29723,-10.58,58,0,1,0.5293858333333333,0.0005918782470481736,-0.7011701677526746
dqn,42,2354,29724,-10.01,1,0,1,0.52937,0.0006422157748602331,-0.8982519507408142
dqn,42,2355,29768,-10.44,44,0,1,0.5286733333333333,0.0005074504707326097,-0.6022734357552095
dqn,42,2356,29780,-10.12,12,0,1,0.5284833333333334,0.10154429118362411,-0.698091189066569
dqn,42,2357,29786,-10.06,6,0,1,0.5283883333333333,0.004129019565880299,-1.1946544647216797
dqn,42,2358,29851,-10.65,65,0,1,0.5273591666666667,0.0010407228764961474,-0.5464309263043106
dqn,42,2359,29920,-10.69,69,0,1,0.5262666666666667,0.01760048507518756,-0.548269851754109
dqn,42,2360,29959,9.61,39,1,0,0.5256491666666667,0.0038682789308950305,-0.7272409697373708
dqn,42,2361,29973,-10.14,14,0,1,0.5254275,0.0009933363617165014,-0.7075938582420349
dqn,42,2362,29986,-10.129999999999999,13,0,1,0.5252216666666667,0.0014782627113163471,-0.7347047130266825
dqn,42,2363,29990,-10.04,4,0,1,0.5251583333333334,0.0012885015457868576,-0.7291719913482666
dqn,42,2364,29999,-10.09,9,0,1,0.5250158333333333,0.0006858449487481266,-0.9216983318328857
dqn,42,2365,30039,-10.4,40,0,1,0.5243825,0.0008289870340377093,-0.44262988939881326
dqn,42,2366,30055,-10.16,16,0,1,0.5241291666666668,0.0003195955214323476,-0.49485181644558907
dqn,42,2367,30078,-10.23,23,0,1,0.523765,0.0007831509525810058,-0.8296573261419932
dqn,42,2368,30114,-10.36,36,0,1,0.5231950000000001,0.0008897909428924322,-0.6004751092857785
dqn,42,2369,30117,-10.03,3,0,1,0.5231475000000001,0.0006904236506670713,-0.2436157763004303
dqn,42,2370,30161,-10.44,44,0,1,0.5224508333333333,0.0006897968970323828,-0.6588488519191742
dqn,42,2371,30169,-10.08,8,0,1,0.5223241666666667,0.0007573144321213476,-0.670820415019989
dqn,42,2372,30195,-10.26,26,0,1,0.5219125,0.050315007911801025,-0.5783340781927109
dqn,42,2373,30275,-10.8,80,0,1,0.5206458333333333,0.0006431184927350841,-0.6731586486101151
dqn,42,2374,30307,-10.32,32,0,1,0.5201391666666667,0.000801884756583604,-0.7430633418262005
dqn,42,2375,30310,-10.03,3,0,1,0.5200916666666667,0.0006449997890740633,-0.42183488607406616
dqn,42,2376,30321,-10.11,11,0,1,0.5199175,0.0009018931111010412,-0.6492779950300852
dqn,42,2377,30348,-10.27,27,0,1,0.51949,0.000645444996605095,-0.3292469105550221
dqn,42,2378,30377,-10.29,29,0,1,0.5190308333333333,0.001424266815385116,-0.7212117740086147
dqn,42,2379,30389,-10.12,12,0,1,0.5188408333333334,0.0013885107279444735,-0.7533145348230997
dqn,42,2380,30419,-10.3,30,0,1,0.5183658333333334,0.000838918869184064,-0.629980879170554
dqn,42,2381,30455,-10.36,36,0,1,0.5177958333333332,0.0004451467070288749,-0.6182097618778547
dqn,42,2382,30510,-10.55,55,0,1,0.5169250000000001,0.0002922675609754931,-0.5068371365112918
dqn,42,2383,30537,-10.27,27,0,1,0.5164975,0.00046478698225525605,-0.6755336267607552
dqn,42,2384,30576,-10.39,39,0,1,0.5158799999999999,0.0007654674453078769,-0.6323609381914139
dqn,42,2385,30585,-10.09,9,0,1,0.5157375,0.00040094885480357334,-0.657913476228714
dqn,42,2386,30617,-10.32,32,0,1,0.5152308333333333,0.03869640283664921,-0.6742525584995747
dqn,42,2387,30635,-10.18,18,0,1,0.5149458333333334,0.0016203739432967268,-0.725583316758275
dqn,42,2388,30637,-10.02,2,0,1,0.5149141666666666,0.000500023365020752,-0.4217420220375061
dqn,42,2389,30651,-10.14,14,0,1,0.5146925,0.0017404176760464907,-0.5103688637415568
dqn,42,2390,30673,-10.22,22,0,1,0.5143441666666667,0.0018999027670361102,-0.5122725516557693
dqn,42,2391,30676,-10.03,3,0,1,0.5142966666666667,0.0013834197307005525,-0.2589321732521057
dqn,42,2392,30705,-10.29,29,0,1,0.5138375,0.08316198309018676,-0.6601793116756848
dqn,42,2393,30717,-10.12,12,0,1,0.5136475,0.007436834508553147,-0.5789905190467834
dqn,42,2394,30744,-10.27,27,0,1,0.51322,0.0035408026638573836,-0.612733278955732
dqn,42,2395,30763,-10.19,19,0,1,0.5129191666666666,0.000971201472566463,-0.4617443662136793
dqn,42,2396,30773,-10.1,10,0,1,0.5127608333333333,0.002188839251175523,-0.6401936113834381
dqn,42,2397,30852,-10.790000000000001,79,0,1,0.51151,0.004827261379978154,-0.6479641538113355
dqn,42,2398,30862,-10.1,10,0,1,0.5113516666666666,0.0015482359449379146,-0.6549277305603027
dqn,42,2399,30866,-10.04,4,0,1,0.5112883333333333,0.00234587537124753,-0.6176523566246033
dqn,42,2400,30888,-10.22,22,0,1,0.51094,0.0027416336621778705,-0.8205881814161936
dqn,42,2401,30892,-10.04,4,0,1,0.5108766666666666,0.002344184322282672,-0.4383361339569092
dqn,42,2402,30903,-10.11,11,0,1,0.5107025000000001,0.0033103813184425235,-0.7688491195440292
dqn,42,2403,30911,-10.08,8,0,1,0.5105758333333333,0.003000291413627565,-0.811468780040741
dqn,42,2404,30916,-10.049999999999999,5,0,1,0.5104966666666667,0.003367851400980726,-0.6480787396430969
dqn,42,2405,31016,-11.0,100,0,1,0.5089133333333333,0.005901740682311356,-0.4783532527089119
dqn,42,2406,31023,-10.07,7,0,1,0.5088025,0.0015789300668984652,-0.4199037253856659
dqn,42,2407,31026,-10.03,3,0,1,0.5087550000000001,0.002205017488449812,-0.5755544900894165
dqn,42,2408,31033,-10.07,7,0,1,0.5086441666666667,0.006496243528090417,-0.6748464405536652
dqn,42,2409,31036,-10.03,3,0,1,0.5085966666666667,0.001880086725577712,-0.5832688808441162
dqn,42,2410,31046,-10.1,10,0,1,0.5084383333333333,0.0012267433339729905,-0.3394618034362793
dqn,42,2411,31056,-10.1,10,0,1,0.5082800000000001,0.002209591407639285,-0.21565828224023184
dqn,42,2412,31070,-10.14,14,0,1,0.5080583333333333,0.004181355237960815,-0.33971816301345825
dqn,42,2413,31179,-11.09,109,0,1,0.5063325000000001,0.0022328498199823553,-0.6272737174122421
dqn,42,2414,31207,-10.28,28,0,1,0.5058891666666667,0.0012147571563088735,-0.638914059315409
dqn,42,2415,31262,-10.55,55,0,1,0.5050183333333333,0.0021755856022147263,-0.4899801007871117
dqn,42,2416,31274,-10.12,12,0,1,0.5048283333333334,0.0022194515137622752,-0.530675490697225
dqn,42,2417,31346,-10.72,72,0,1,0.5036883333333334,0.0014916853558841264,-0.4931541143192185
dqn,42,2418,31381,-10.35,35,0,1,0.5031341666666667,0.0007856534793972969,-0.5727974077065786
dqn,42,2419,31423,-10.42,42,0,1,0.5024691666666666,0.0009016769763547927,-0.63994430154562
dqn,42,2420,31436,-10.129999999999999,13,0,1,0.5022633333333333,0.0007116038468666375,-0.6723026037216187
dqn,42,2421,31454,-10.18,18,0,1,0.5019783333333334,0.000507618606206961,-0.6678512170910835
dqn,42,2422,31455,-10.01,1,0,1,0.5019625000000001,,
dqn,42,2423,31482,-10.27,27,0,1,0.501535,0.000687353965726548,-0.592886358499527
dqn,42,2424,31521,-10.39,39,0,1,0.5009175,0.00040650378286954947,-0.4650109723210335
dqn,42,2425,31531,-10.1,10,0,1,0.5007591666666666,0.0008015413186512887,-0.5219194889068604
dqn,42,2426,31546,-10.15,15,0,1,0.5005216666666666,0.0006041281903890194,-0.5062682554125786
dqn,42,2427,31590,-10.44,44,0,1,0.4998250000000001,0.047261436832327905,-0.6680801835927096
dqn,42,2428,31631,-10.41,41,0,1,0.4991758333333334,0.011569880181923509,-0.6915941715240479
dqn,42,2429,31632,-10.01,1,0,1,0.49916000000000005,0.01815137080848217,-0.9982803463935852
dqn,42,2430,31638,-10.06,6,0,1,0.499065,0.3213002383708954,-0.7780663967132568
dqn,42,2431,31646,-10.08,8,0,1,0.4989383333333334,0.017438951414078474,-0.5317013263702393
dqn,42,2432,31651,-10.049999999999999,5,0,1,0.49885916666666674,0.014121031388640404,-0.3748800754547119
dqn,42,2433,31666,-10.15,15,0,1,0.49862166666666663,0.009511265205219388,-0.7057520002126694
dqn,42,2434,31676,-10.1,10,0,1,0.49846333333333337,0.0038185163478677473,-0.3066251178582509
dqn,42,2435,31741,-10.65,65,0,1,0.4974341666666666,0.014966449110943358,-0.6307840636000037
dqn,42,2436,31750,-10.09,9,0,1,0.4972916666666667,0.025080441497266293,-0.7521349042654037
dqn,42,2437,31762,-10.12,12,0,1,0.49710166666666666,0.011951315371940533,-0.7372974554697672
dqn,42,2438,31777,-10.15,15,0,1,0.4968641666666668,0.007888799591455609,-0.692336231470108
dqn,42,2439,31820,9.57,43,1,0,0.4961833333333334,0.030667416751384735,-0.6404265151782469
dqn,42,2440,31861,-10.41,41,0,1,0.4955341666666667,0.003647749696392566,-0.3583210840821266
dqn,42,2441,31870,-10.09,9,0,1,0.4953916666666667,0.006443170888815075,-0.2953833267092705
dqn,42,2442,31877,-10.07,7,0,1,0.4952808333333334,0.011766351526603103,-0.7301903069019318
dqn,42,2443,31928,-10.51,51,0,1,0.4944733333333333,0.003451120753127795,-0.4048961406716934
dqn,42,2444,31941,-10.129999999999999,13,0,1,0.4942675000000001,0.005253069452010095,-0.5136178458730379
dqn,42,2445,31947,-10.06,6,0,1,0.4941725,0.0002824906841851771,-0.1286972165107727
dqn,42,2446,31964,-10.17,17,0,1,0.49390333333333336,0.003832625411450863,-0.5411405146121979
dqn,42,2447,32027,-10.63,63,0,1,0.49290583333333327,0.002940519119147211,-0.6257785320281982
dqn,42,2448,32032,-10.049999999999999,5,0,1,0.49282666666666664,0.0014721492771059275,-0.8434153199195862
dqn,42,2449,32043,-10.11,11,0,1,0.49265250000000005,0.0007557217322755605,-0.27293725311756134
dqn,42,2450,32085,-10.42,42,0,1,0.4919875,0.0005387874248712747,-0.4812069833278656
dqn,42,2451,32086,-10.01,1,0,1,0.4919716666666667,,
dqn,42,2452,32102,-10.16,16,0,1,0.49171833333333337,0.00045772195153404027,-0.4744112119078636
dqn,42,2453,32155,-10.53,53,0,1,0.49087916666666664,0.0012929965428506525,-0.5973927665215272
dqn,42,2454,32159,-10.04,4,0,1,0.49081583333333334,0.0017898466903716326,-0.5801576375961304
dqn,42,2455,32218,-10.59,59,0,1,0.48988166666666666,0.0218743466665425,-0.6384953732291857
dqn,42,2456,32222,-10.04,4,0,1,0.48981833333333336,0.0004897897015325725,-1.2274562120437622
dqn,42,2457,32235,-10.129999999999999,13,0,1,0.4896125,0.0005536022605762506,-0.33321035901705426
dqn,42,2458,32264,-10.29,29,0,1,0.48915333333333344,0.0005892995177418925,-0.6161951683461666
dqn,42,2459,32283,-10.19,19,0,1,0.4888525,0.000540772256499622,-0.7158805876970291
dqn,42,2460,32293,-10.1,10,0,1,0.48869416666666665,0.00030857339637198794,-0.38439299911260605
dqn,42,2461,32306,-10.129999999999999,13,0,1,0.4884883333333334,0.00033106976964821416,-0.32829565306504566
dqn,42,2462,32319,-10.129999999999999,13,0,1,0.48828250000000006,0.00044573847359667224,-0.6464350422223409
dqn,42,2463,32351,-10.32,32,0,1,0.4877758333333333,0.0006830772063040058,-0.415850811637938
dqn,42,2464,32353,-10.02,2,0,1,0.48774416666666665,0.0001637055102037266,-0.4427148699760437
dqn,42,2465,32367,-10.14,14,0,1,0.4875225000000001,0.0003007918179112797,-0.06689146161079407
dqn,42,2466,32405,-10.38,38,0,1,0.48692083333333336,0.0011150720325531437,-0.6140028744935989
dqn,42,2467,32407,-10.02,2,0,1,0.4868891666666667,,
dqn,42,2468,32429,-10.22,22,0,1,0.4865408333333334,0.0004651250274037011,-0.40772426190475625
dqn,42,2469,32441,-10.12,12,0,1,0.4863508333333334,0.0008784846286289394,-0.4905496637026469
dqn,42,2470,32474,-10.33,33,0,1,0.4858283333333333,0.00031479565404879395,-0.4776937998831272
dqn,42,2471,32479,-10.049999999999999,5,0,1,0.4857491666666667,0.0002574585669208318,-0.9221103191375732
dqn,42,2472,32495,-10.16,16,0,1,0.48549583333333335,0.0003545418567227898,-0.27305697463452816
dqn,42,2473,32502,-10.07,7,0,1,0.48538500000000007,0.0005185885529499501,-0.5181039720773697
dqn,42,2474,32513,-10.11,11,0,1,0.48521083333333326,0.00021309575580138093,-0.4388436923424403
dqn,42,2475,32522,-10.09,9,0,1,0.4850683333333333,0.00015926233027130365,-0.11915864981710911
dqn,42,2476,32569,-10.47,47,0,1,0.4843241666666668,0.02505096499226056,-0.5666540085027615
dqn,42,2477,32639,-10.7,70,0,1,0.4832158333333333,0.030112674145236856,-0.5686680766589501
dqn,42,2478,32655,-10.16,16,0,1,0.48296249999999996,0.006054165889509022,-0.6205349192023277
dqn,42,2479,32670,-10.15,15,0,1,0.48272500000000007,0.008374979952350259,-0.6192333251237869
dqn,42,2480,32678,-10.08,8,0,1,0.48259833333333335,0.12939056102186441,-0.6166577339172363
dqn,42,2481,32682,-10.04,4,0,1,0.48253500000000005,0.0024215788580477238,-0.25564849376678467
dqn,42,2482,32733,-10.51,51,0,1,0.4817275000000001,0.0019626797002274543,-0.5845332776124661
dqn,42,2483,32762,-10.29,29,0,1,0.4812683333333333,0.0015730464864256127,-0.48353448297296253
dqn,42,2484,32767,-10.049999999999999,5,0,1,0.48118916666666667,0.003244008868932724,-0.7488462924957275
dqn,42,2485,32785,-10.18,18,0,1,0.4809041666666667,0.0011419744114391506,-0.6285112276673317
dqn,42,2486,32800,-10.15,15,0,1,0.4806666666666667,0.0009971239705919288,-0.6319951042532921
dqn,42,2487,32849,-10.49,49,0,1,0.4798908333333334,0.002070893070291883,-0.5590997406591972
dqn,42,2488,32853,-10.04,4,0,1,0.4798275000000001,0.0009725609561428428,-0.41799095273017883
dqn,42,2489,32880,-10.27,27,0,1,0.47939999999999994,0.0021817408518732657,-0.480986659015928
dqn,42,2490,32926,-10.46,46,0,1,0.4786716666666667,0.0007604502448388798,-0.5392144173383713
dqn,42,2491,32941,-10.15,15,0,1,0.4784341666666666,0.0003292629662610125,-0.43545815348625183
dqn,42,2492,32943,-10.02,2,0,1,0.47840249999999995,,
dqn,42,2493,32949,-10.06,6,0,1,0.4783075,0.0007533515454269946,-0.5160440802574158
dqn,42,2494,32997,-10.48,48,0,1,0.4775475,0.0015318547278487433,-0.6794777779529492
dqn,42,2495,33039,-10.42,42,0,1,0.4768825000000001,0.002173415401193779,-0.517569138109684
dqn,42,2496,33047,-10.08,8,0,1,0.4767558333333334,0.004138313350267708,-0.5732612907886505
dqn,42,2497,33057,-10.1,10,0,1,0.4765975,0.0026631808917348585,-0.5649413093924522
dqn,42,2498,33063,-10.06,6,0,1,0.47650249999999994,0.0009386565652675927,-1.0799860954284668
dqn,42,2499,33099,-10.36,36,0,1,0.4759325000000001,0.0026415771442568963,-0.45485013061099583
dqn,42,2500,33109,-10.1,10,0,1,0.4757741666666667,0.0009252979846981665,-1.0735264420509338
dqn,42,2501,33116,-10.07,7,0,1,0.4756633333333333,0.0006014894534018822,-0.8378894329071045
dqn,42,2502,33126,-10.1,10,0,1,0.47550499999999996,0.0017600598512217402,-0.523836612701416
dqn,42,2503,33130,-10.04,4,0,1,0.47544166666666665,0.0007310630171559751,-1.0688304901123047
dqn,42,2504,33206,9.24,76,1,0,0.4742383333333333,0.0011675723661411258,-0.5316879329712767
dqn,42,2505,33215,-10.09,9,0,1,0.4740958333333334,0.0015127375372685492,-0.8327996134757996
dqn,42,2506,33226,-10.11,11,0,1,0.4739216666666667,0.0009022394272809228,-0.8119011720021566
dqn,42,2507,33228,-10.02,2,0,1,0.47389000000000003,0.00022481578344013542,-0.13011832535266876
dqn,42,2508,33233,-10.049999999999999,5,0,1,0.4738108333333334,0.0007687418255954981,-0.2814978361129761
dqn,42,2509,33241,-10.08,8,0,1,0.4736841666666667,0.0016252892091870308,-0.7455533146858215
dqn,42,2510,33247,-10.06,6,0,1,0.4735891666666666,0.000730424711946398,-0.5977351665496826
dqn,42,2511,33253,-10.06,6,0,1,0.47349416666666666,0.0014286700170487165,-0.5272641479969025
dqn,42,2512,33262,-10.09,9,0,1,0.4733516666666667,0.0024987534852698445,-1.0053194761276245
dqn,42,2513,33341,-10.790000000000001,79,0,1,0.4721008333333334,0.014064355983282439,-0.4819267001003027
dqn,42,2514,33383,-10.42,42,0,1,0.4714358333333334,0.0020609742554370315,-0.6454125612974166
dqn,42,2515,33386,-10.03,3,0,1,0.4713883333333334,0.0007611911278218031,-0.45341187715530396
dqn,42,2516,33400,-10.14,14,0,1,0.47116666666666673,0.0015097012656042352,-0.7201767712831497
dqn,42,2517,33407,-10.07,7,0,1,0.47105583333333334,0.0001846862433012575,-0.6000499725341797
dqn,42,2518,33424,-10.17,17,0,1,0.4707866666666667,0.0008603906841017306,-0.6964565992355347
dqn,42,2519,33427,-10.03,3,0,1,0.4707391666666667,,
dqn,42,2520,33452,-10.25,25,0,1,0.47034333333333334,0.0007001882809813001,-0.5276100358792714
dqn,42,2521,33490,-10.38,38,0,1,0.4697416666666666,0.0007200046739954916,-0.5266617246799998
dqn,42,2522,33546,-10.56,56,0,1,0.468855,0.0006891350125702697,-0.6685790861291545
dqn,42,2523,33577,-10.31,31,0,1,0.4683641666666667,0.000684769727740786,-0.47940550092607737
dqn,42,2524,33581,-10.04,4,0,1,0.4683008333333334,0.00033573913970030844,-0.44329431653022766
dqn,42,2525,33618,-10.37,37,0,1,0.467715,0.0003123886013377665,-0.4217986779080497
dqn,42,2526,33630,-10.12,12,0,1,0.4675250000000001,0.0003040980324537183,-0.4907627999782562
dqn,42,2527,33638,-10.08,8,0,1,0.46739833333333336,0.0003905541088897735,-0.4409134089946747
dqn,42,2528,33659,-10.209999999999999,21,0,1,0.4670658333333334,0.00044428349065128714,-0.5344124227762223
dqn,42,2529,33691,-10.32,32,0,1,0.46655916666666675,0.0006651067269558553,-0.5991331385448575
dqn,42,2530,33729,9.62,38,1,0,0.4659575,0.0005749920288508293,-0.5341665342450141
dqn,42,2531,33744,-10.15,15,0,1,0.46572,0.00039765057954355143,-0.4355056509375572
dqn,42,2532,33805,-10.61,61,0,1,0.4647541666666667,0.00030064045422477647,-0.5561332911252975
dqn,42,2533,33811,-10.06,6,0,1,0.46465916666666673,0.00016854965360835195,-0.2754378616809845
dqn,42,2534,33845,-10.34,34,0,1,0.4641208333333333,0.00020273202325269167,-0.5626621726486418
dqn,42,2535,33852,-10.07,7,0,1,0.46401000000000003,0.0003319059906061739,-0.6766463220119476
dqn,42,2536,33952,-11.0,100,0,1,0.46242666666666676,0.012231949984270614,-0.5414069032669068
dqn,42,2537,33974,-10.22,22,0,1,0.46207833333333337,0.0004916028177831322,-0.6237416803836823
dqn,42,2538,33983,-10.09,9,0,1,0.4619358333333333,0.000455244880868122,-0.8451396524906158
dqn,42,2539,33995,-10.12,12,0,1,0.4617458333333334,0.0001263443506710852,-0.22717278947432837
dqn,42,2540,33997,-10.02,2,0,1,0.46171416666666665,0.00022889449610374868,-0.9184324741363525
dqn,42,2541,34012,-10.15,15,0,1,0.46147666666666676,0.0015326634511438897,-0.4434583056718111
dqn,42,2542,34030,-10.18,18,0,1,0.46119166666666667,0.0007982874449226074,-0.455061174929142
dqn,42,2543,34064,-10.34,34,0,1,0.46065333333333336,0.0007414591754139918,-0.44902943405840134
dqn,42,2544,34088,-10.24,24,0,1,0.4602733333333333,0.00024670741034545546,-0.44552360475063324
dqn,42,2545,34094,-10.06,6,0,1,0.46017833333333336,0.0003241433296352625,-0.7734082937240601
dqn,42,2546,34111,-10.17,17,0,1,0.4599091666666667,0.00039922361611388624,-0.5287687554955482
dqn,42,2547,34131,-10.2,20,0,1,0.45959250000000007,0.0003094781510299072,-0.44874153584241866
dqn,42,2548,34137,-10.06,6,0,1,0.4594975000000001,0.0006288167205639184,-0.4529442936182022
dqn,42,2549,34158,-10.209999999999999,21,0,1,0.45916500000000005,0.0007947254285681993,-0.6344598174095154
dqn,42,2550,34175,-10.17,17,0,1,0.4588958333333334,0.00039364491021842696,-0.2946168854832649
dqn,42,2551,34206,-10.31,31,0,1,0.45840499999999995,0.036257084096178005,-0.6014658641070127
dqn,42,2552,34241,-10.35,35,0,1,0.4578508333333333,0.0018537059141736892,-0.6260844022035599
dqn,42,2553,34262,-10.209999999999999,21,0,1,0.45751833333333336,0.0006231509847566486,-0.38411722481250765
dqn,42,2554,34266,-10.04,4,0,1,0.45745499999999995,0.24556320905685425,-0.7202401161193848
dqn,42,2555,34334,9.32,68,1,0,0.45637833333333333,0.02184728936160408,-0.5047071181675967
dqn,42,2556,34349,-10.15,15,0,1,0.45614083333333333,0.008490121981594712,-0.7339677810668945
dqn,42,2557,34366,-10.17,17,0,1,0.4558716666666667,0.003567609761375934,-0.7098700553178787
dqn,42,2558,34378,-10.12,12,0,1,0.45568166666666676,0.004302167256052296,-0.8378952145576477
dqn,42,2559,34426,-10.48,48,0,1,0.45492166666666667,0.0029296550322518065,-0.6351412162184715
dqn,42,2560,34438,-10.12,12,0,1,0.45473166666666676,0.006102880152563254,-1.1300925811131795
dqn,42,2561,34462,-10.24,24,0,1,0.4543516666666667,0.0025547686964273453,-0.7696286886930466
dqn,42,2562,34471,-10.09,9,0,1,0.45420916666666666,0.00207117130048573,-0.5251808166503906
dqn,42,2563,34494,-10.23,23,0,1,0.45384500000000005,0.0014255502513454605,-0.4771183133125305
dqn,42,2564,34528,-10.34,34,0,1,0.45330666666666664,0.002036004026498025,-0.7080985771285163
dqn,42,2565,34578,-10.5,50,0,1,0.452515,0.0008161845131932447,-0.5458149537444115
dqn,42,2566,34588,-10.1,10,0,1,0.45235666666666663,0.00047196114125351113,-0.33372291922569275
dqn,42,2567,34597,-10.09,9,0,1,0.4522141666666667,0.00022479134349850938,-0.6895665377378464
dqn,42,2568,34600,-10.03,3,0,1,0.4521666666666667,0.0008388722781091928,-0.6211942434310913
dqn,42,2569,34607,-10.07,7,0,1,0.4520558333333333,0.00015791086480021477,-0.6154038906097412
dqn,42,2570,34644,-10.37,37,0,1,0.45147000000000004,0.00034149958519265057,-0.6376292258501053
dqn,42,2571,34715,9.29,71,1,0,0.45034583333333333,0.000475167078548111,-0.6086109806509579
dqn,42,2572,34717,-10.02,2,0,1,0.4503141666666667,0.00013142050011083484,-0.1280904859304428
dqn,42,2573,34719,-10.02,2,0,1,0.45028250000000003,,
dqn,42,2574,34730,-10.11,11,0,1,0.45010833333333333,0.0004466937146692847,-0.5055124660332998
dqn,42,2575,34746,-10.16,16,0,1,0.4498550000000001,0.0006681808736175299,-0.4836702346801758
dqn,42,2576,34753,-10.07,7,0,1,0.4497441666666666,0.0007971905870363116,-0.4590904265642166
dqn,42,2577,34784,-10.31,31,0,1,0.4492533333333334,0.03866243135644254,-0.4631866980344057
dqn,42,2578,34790,-10.06,6,0,1,0.4491583333333333,0.0021869679912924767,-0.7805860042572021
dqn,42,2579,34793,-10.03,3,0,1,0.44911083333333335,0.002818059641867876,-0.6192594766616821
dqn,42,2580,34827,-10.34,34,0,1,0.44857250000000004,0.0018935771367978305,-0.5899105854332447
dqn,42,2581,34838,-10.11,11,0,1,0.44839833333333334,0.0035862052657951913,-0.5382590790589651
dqn,42,2582,34843,-10.049999999999999,5,0,1,0.4483191666666667,0.001519331126473844,-0.6015628576278687
dqn,42,2583,34859,-10.16,16,0,1,0.4480658333333334,0.08161346917040646,-0.5768830552697182
dqn,42,2584,34883,-10.24,24,0,1,0.44768583333333334,0.05302353003935423,-0.6323914031187693
dqn,42,2585,34892,-10.09,9,0,1,0.4475433333333333,0.0008196045334140459,-0.5427543371915817
dqn,42,2586,34943,-10.51,51,0,1,0.44673583333333333,0.027055354507562395,-0.582091910764575
dqn,42,2587,34963,-10.2,20,0,1,0.4464191666666667,0.0008010293706320227,-0.5760050505399704
dqn,42,2588,35012,-10.49,49,0,1,0.4456433333333334,0.0009091398432456816,-0.6705044301656576
dqn,42,2589,35016,-10.04,4,0,1,0.44558,0.00018127227667719126,-0.14813332259655
dqn,42,2590,35046,-10.3,30,0,1,0.4451050000000001,0.0007239443345627348,-0.48177910276821684
dqn,42,2591,35096,-10.5,50,0,1,0.44431333333333334,0.02439080056893335,-0.6165959749084252
dqn,42,2592,35119,-10.23,23,0,1,0.4439491666666666,0.00140414580819197,-0.7144760608673095
dqn,42,2593,35128,-10.09,9,0,1,0.4438066666666667,0.0004252478975104168,-0.6134637395540873
dqn,42,2594,35163,-10.35,35,0,1,0.44325250000000005,0.030589390536988503,-0.5671700369566679
dqn,42,2595,35166,-10.03,3,0,1,0.44320500000000007,0.011500670574605465,-0.5766972303390503
dqn,42,2596,35169,-10.03,3,0,1,0.4431575000000001,0.0053271884098649025,-1.0687928199768066
dqn,42,2597,35203,-10.34,34,0,1,0.4426191666666667,0.04846855430514552,-0.5280351303517818
dqn,42,2598,35225,-10.22,22,0,1,0.4422708333333334,0.006465060616998623,-0.42722125599781674
dqn,42,2599,35247,-10.22,22,0,1,0.4419225,0.0073767946101725105,-0.5081469401717186
dqn,42,2600,35259,-10.12,12,0,1,0.4417325,0.0035234429912331202,-0.34210153420766193
dqn,42,2601,35263,-10.04,4,0,1,0.44166916666666667,0.0023137698881328106,-0.47211915254592896
dqn,42,2602,35310,9.53,47,1,0,0.440925,0.002410479576307504,-0.6077454121162494
dqn,42,2603,35318,-10.08,8,0,1,0.4407983333333334,0.004376336000859737,-0.7502846717834473
dqn,42,2604,35372,-10.54,54,0,1,0.43994333333333335,0.0018897945493725793,-0.5551614016294479
dqn,42,2605,35427,-10.55,55,0,1,0.4390725,0.0033428229642315553,-0.5066980765416071
dqn,42,2606,35445,-10.18,18,0,1,0.4387875,0.0018937214161269366,-0.6917068123817444
dqn,42,2607,35462,-10.17,17,0,1,0.43851833333333334,0.0011613508031587116,-0.4894307181239128
dqn,42,2608,35488,-10.26,26,0,1,0.43810666666666664,0.0012578052389601777,-0.7525753123419625
dqn,42,2609,35504,-10.16,16,0,1,0.4378533333333333,0.061220254145155195,-0.7727192938327789
dqn,42,2610,35601,-10.97,97,0,1,0.4363175,0.002730434430607905,-0.516096959511439
dqn,42,2611,35605,-10.04,4,0,1,0.4362541666666666,0.000519240740686655,-0.6087352633476257
dqn,42,2612,35617,-10.12,12,0,1,0.4360641666666667,0.0004203174952029561,-0.4632684489091237
dqn,42,2613,35692,-10.75,75,0,1,0.4348766666666667,0.000858616531140318,-0.6599862418676677
dqn,42,2614,35707,-10.15,15,0,1,0.4346391666666667,0.001736049191094935,-0.6060056785742441
dqn,42,2615,35748,-10.41,41,0,1,0.43399,0.0012431727240751075,-0.5925962125713174
dqn,42,2616,35824,-10.76,76,0,1,0.43278666666666676,0.018000354786636308,-0.6229523400727072
dqn,42,2617,35858,-10.34,34,0,1,0.43224833333333335,0.00672586978180334,-0.81341702491045
dqn,42,2618,35877,-10.19,19,0,1,0.43194750000000004,0.0036557227722369134,-0.5378870010375977
dqn,42,2619,35916,-10.39,39,0,1,0.43133,0.001683484562090598,-0.7412850320339203
dqn,42,2620,35940,-10.24,24,0,1,0.43095000000000006,0.0006805972952861339,-0.5896741449832916
dqn,42,2621,36011,-10.71,71,0,1,0.42982583333333335,0.013159672411240856,-0.5346528217196465
dqn,42,2622,36037,-10.26,26,0,1,0.42941416666666665,0.0024794935681191938,-0.46254530229738783
dqn,42,2623,36051,-10.14,14,0,1,0.4291925,0.10320672742091119,-0.6200607419013977
dqn,42,2624,36071,-10.2,20,0,1,0.42887583333333335,0.0014251918240915985,-0.5849511712789536
dqn,42,2625,36095,-10.24,24,0,1,0.4284958333333333,0.005613132147118449,-0.6020048459370931
dqn,42,2626,36116,-10.209999999999999,21,0,1,0.42816333333333334,0.0029978551416813084,-0.42502150560418767
dqn,42,2627,36144,9.72,28,1,0,0.42772,0.004183886872072305,-0.3721700885466167
dqn,42,2628,36147,-10.03,3,0,1,0.4276725,,
dqn,42,2629,36158,-10.11,11,0,1,0.4274983333333333,0.003978915357341369,-0.4017677307128906
dqn,42,2630,36172,-10.14,14,0,1,0.42727666666666675,0.003295283648185432,-0.6328887045383453
dqn,42,2631,36181,-10.09,9,0,1,0.4271341666666667,0.00421934766927734,-0.5130668319761753
dqn,42,2632,36201,-10.2,20,0,1,0.42681749999999996,0.004324103181716055,-0.7524355173110961
dqn,42,2633,36277,-10.76,76,0,1,0.4256141666666666,0.01017354362288882,-0.5279474791727568
dqn,42,2634,36339,-10.620000000000001,62,0,1,0.42463249999999997,0.0008380468692242479,-0.5564683943986892
dqn,42,2635,36412,-10.73,73,0,1,0.4234766666666667,0.017649112636909672,-0.7266093225855577
dqn,42,2636,36416,-10.04,4,0,1,0.4234133333333334,0.0021464789751917124,-0.633939802646637
dqn,42,2637,36487,-10.71,71,0,1,0.4222891666666667,0.010473946302440976,-0.5531585409360773
dqn,42,2638,36490,-10.03,3,0,1,0.42224166666666674,0.0012214219896122813,-0.6257777810096741
dqn,42,2639,36611,-11.21,121,0,1,0.4203258333333334,0.040791471759439445,-0.6243000812828541
dqn,42,2640,36612,-10.01,1,0,1,0.4203100000000001,0.0028201043605804443,-0.4877625107765198
dqn,42,2641,36637,-10.25,25,0,1,0.4199141666666667,0.005196618343082567,-0.5390244325002035
dqn,42,2642,36671,-10.34,34,0,1,0.4193758333333334,0.06856842260458507,-0.5624079434201121
dqn,42,2643,36697,-10.26,26,0,1,0.4189641666666667,0.0444861130256738,-0.3609830524240221
dqn,42,2644,36706,-10.09,9,0,1,0.41882166666666665,0.018950948491692543,-0.31632228940725327
dqn,42,2645,36725,-10.19,19,0,1,0.41852083333333334,0.01834310721606016,-0.40158268213272097
dqn,42,2646,36737,-10.12,12,0,1,0.41833083333333343,0.013279256876558065,-0.6495311657587687
dqn,42,2647,36749,-10.12,12,0,1,0.4181408333333333,0.005878273708124955,-0.540935883919398
dqn,42,2648,36757,-10.08,8,0,1,0.4180141666666667,0.016367014264687896,-0.5424294173717499
dqn,42,2649,36819,9.379999999999999,62,1,0,0.41703250000000003,0.017546404587725797,-0.7035105387369792
dqn,42,2650,36855,-10.36,36,0,1,0.41646250000000007,0.00514796435729497,-0.613228391442034
dqn,42,2651,36871,-10.16,16,0,1,0.41620916666666663,0.010062236746307462,-0.41020266339182854
dqn,42,2652,36887,-10.16,16,0,1,0.4159558333333333,0.017227310687303543,-0.6236676350235939
dqn,42,2653,36899,-10.12,12,0,1,0.4157658333333334,0.021922070533037186,-0.49635274211565655
dqn,42,2654,36938,-10.39,39,0,1,0.41514833333333334,0.036236265255138275,-0.4219720229506493
dqn,42,2655,36984,-10.46,46,0,1,0.4144200000000001,0.03891955096817886,-0.5149131044745445
dqn,42,2656,36985,-10.01,1,0,1,0.4144041666666668,,
dqn,42,2657,37004,-10.19,19,0,1,0.4141033333333334,0.021677805855870248,-0.798950982093811
dqn,42,2658,37032,-10.28,28,0,1,0.41366,0.023173601433102573,-0.5184161705630166
dqn,42,2659,37035,-10.03,3,0,1,0.41361250000000005,,
dqn,42,2660,37138,-11.030000000000001,103,0,1,0.4119816666666667,0.005700172793764908,-0.5199532867051088
dqn,42,2661,37167,-10.29,29,0,1,0.4115225000000001,0.002291950197624309,-0.3955605147140367
dqn,42,2662,37174,-10.07,7,0,1,0.4114116666666666,0.003531108843162656,-0.48310233652591705
dqn,42,2663,37187,-10.129999999999999,13,0,1,0.4112058333333334,0.005084965688486894,-0.5720813870429993
dqn,42,2664,37309,-11.22,122,0,1,0.4092741666666667,0.02909690380517033,-0.5062964669158382
dqn,42,2665,37311,-10.02,2,0,1,0.40924250000000006,,
dqn,42,2666,37317,-10.06,6,0,1,0.4091475,0.0028163149254396558,-0.2828964740037918
dqn,42,2667,37326,-10.09,9,0,1,0.40900500000000006,0.003332435619086027,-0.14361493289470673
dqn,42,2668,37328,-10.02,2,0,1,0.4089733333333334,0.0037381602451205254,-0.4587686061859131
dqn,42,2669,37332,-10.04,4,0,1,0.40891,0.0029984444845467806,-0.2804921269416809
dqn,42,2670,37340,-10.08,8,0,1,0.4087833333333334,0.0022485798690468073,-0.17746726796030998
dqn,42,2671,37346,-10.06,6,0,1,0.40868833333333343,0.014009492471814156,-0.3927317261695862
dqn,42,2672,37410,-10.64,64,0,1,0.407675,0.003191659528965829,-0.4071064649615437
dqn,42,2673,37488,-10.780000000000001,78,0,1,0.40644,0.02117368230246939,-0.5674640022218227
dqn,42,2674,37493,-10.049999999999999,5,0,1,0.4063608333333334,0.0017588749760761857,-0.26419663429260254
dqn,42,2675,37547,-10.54,54,0,1,0.40550583333333334,0.04898996920718883,-0.3397783436454259
dqn,42,2676,37549,-10.02,2,0,1,0.4054741666666667,0.30186575651168823,-0.7240210771560669
dqn,42,2677,37570,-10.209999999999999,21,0,1,0.40514166666666673,0.003070636745542288,-0.41519239395856855
dqn,42,2678,37663,-10.93,93,0,1,0.40366916666666663,0.030308538232930005,-0.47489722251244215
dqn,42,2679,37708,-10.45,45,0,1,0.40295666666666674,0.025646930560469627,-0.6421638938287894
dqn,42,2680,37741,-10.33,33,0,1,0.40243416666666665,0.0034786724718287587,-0.7168666273355484
dqn,42,2681,37757,-10.16,16,0,1,0.40218083333333343,0.007285328523721546,-0.7246417552232742
dqn,42,2682,37764,-10.07,7,0,1,0.40207000000000004,0.001607754034921527,-0.19755548983812332
dqn,42,2683,37797,-10.33,33,0,1,0.40154750000000006,0.03497091321332846,-0.481272148899734
dqn,42,2684,37804,-10.07,7,0,1,0.40143666666666666,0.1417790149571374,-0.7362612187862396
dqn,42,2685,37868,-10.64,64,0,1,0.40042333333333335,0.020515987409453373,-0.5746154501102865
dqn,42,2686,37908,-10.4,40,0,1,0.39979,0.0038574405247345568,-0.46469118893146516
dqn,42,2687,37944,-10.36,36,0,1,0.39922,0.0026682034238345092,-0.4504643860790465
dqn,42,2688,37962,-10.18,18,0,1,0.39893500000000004,0.003709497323143296,-0.4848104249686003
dqn,42,2689,37972,-10.1,10,0,1,0.39877666666666667,0.0016616741195321083,-0.23633151253064474
dqn,42,2690,38051,-10.790000000000001,79,0,1,0.39752583333333336,0.011252241445043566,-0.46878273000842646
dqn,42,2691,38091,-10.4,40,0,1,0.3968925,0.057883014692924915,-0.4077033933252096
dqn,42,2692,38099,-10.08,8,0,1,0.3967658333333334,0.007863711565732956,-0.6562561541795731
dqn,42,2693,38174,9.25,75,1,0,0.39557833333333337,0.017317614991426172,-0.5015546408923048
dqn,42,2694,38227,-10.53,53,0,1,0.39473916666666675,0.012302480402957791,-0.3836122327125989
dqn,42,2695,38256,-10.29,29,0,1,0.3942800000000001,0.0022759363637305796,-0.45564865320920944
dqn,42,2696,38291,-10.35,35,0,1,0.39372583333333333,0.003438420288148336,-0.500612298026681
dqn,42,2697,38312,-10.209999999999999,21,0,1,0.3933933333333334,0.0019508700352162123,-0.4977000951766968
dqn,42,2698,38359,-10.47,47,0,1,0.3926491666666667,0.0037251531797334214,-0.42258067429065704
dqn,42,2699,38407,-10.48,48,0,1,0.39188916666666673,0.025404946032116033,-0.4050617627799511
dqn,42,2700,38414,-10.07,7,0,1,0.39177833333333334,0.0005151792283868417,-0.264917328953743
dqn,42,2701,38424,-10.1,10,0,1,0.3916200000000001,0.001024239386121432,-0.4880419671535492
dqn,42,2702,38439,-10.15,15,0,1,0.39138249999999997,0.0011682511928180854,-0.6549968620141348
dqn,42,2703,38468,9.71,29,1,0,0.3909233333333334,0.0014265423378674313,-0.6937632896006107
dqn,42,2704,38477,-10.09,9,0,1,0.39078083333333336,0.0009209876006934792,-0.5193923115730286
dqn,42,2705,38533,-10.56,56,0,1,0.38989416666666665,0.012270578840148769,-0.5610505007207394
dqn,42,2706,38559,-10.26,26,0,1,0.38948249999999995,0.0015173820138443261,-0.22572177524367967
dqn,42,2707,38573,-10.14,14,0,1,0.3892608333333334,0.0011204676993656904,-0.5793933644890785
dqn,42,2708,38621,-10.48,48,0,1,0.3885008333333333,0.0010233337270619813,-0.32948264107108116
dqn,42,2709,38623,-10.02,2,0,1,0.38846916666666664,,
dqn,42,2710,38624,-10.01,1,0,1,0.3884533333333333,0.0013664918951690197,-0.7749203443527222
dqn,42,2711,38639,-10.15,15,0,1,0.3882158333333333,0.0009215969087866446,-0.4341844320297241
dqn,42,2712,38644,-10.049999999999999,5,0,1,0.3881366666666667,0.000633090065093711,-0.34468458592891693
dqn,42,2713,38650,-10.06,6,0,1,0.38804166666666673,0.00037649963633157313,-0.10827226936817169
dqn,42,2714,38664,-10.14,14,0,1,0.38782000000000005,0.0006566198499058373,-0.4810336232185364
dqn,42,2715,38673,-10.09,9,0,1,0.3876775000000001,0.0006002251247991808,-0.514868650585413
dqn,42,2716,38700,-10.27,27,0,1,0.38725,0.039702433427529674,-0.45346275184835705
dqn,42,2717,38705,-10.049999999999999,5,0,1,0.38717083333333335,0.001177496393211186,-0.2628309726715088
dqn,42,2718,38726,-10.209999999999999,21,0,1,0.3868383333333334,0.0024635866517201065,-0.4856924533843994
dqn,42,2719,38736,-10.1,10,0,1,0.38668,0.001803163419632862,-0.45617741346359253
dqn,42,2720,38787,-10.51,51,0,1,0.38587250000000006,0.0025263757791738803,-0.5797701322784027
dqn,42,2721,38816,9.71,29,1,0,0.3854133333333334,0.0007815825920260977,-0.47486814949661493
dqn,42,2722,38817,-10.01,1,0,1,0.38539750000000006,,
dqn,42,2723,38882,-10.65,65,0,1,0.3843683333333333,0.021410594950793893,-0.41282523749396205
dqn,42,2724,38894,-10.12,12,0,1,0.3841783333333334,0.005390161454367141,-0.6650878588358561
dqn,42,2725,38914,-10.2,20,0,1,0.38386166666666677,0.0059743398334831,-0.41214962154626844
dqn,42,2726,38917,-10.03,3,0,1,0.3838141666666668,0.003192768432199955,-0.6069414615631104
dqn,42,2727,38958,-10.41,41,0,1,0.3831650000000001,0.0027479383104946466,-0.5136695340275764
dqn,42,2728,38961,-10.03,3,0,1,0.3831175,0.001406232826411724,-0.2818962335586548
dqn,42,2729,38964,-10.03,3,0,1,0.38307,0.00563132856041193,-0.6190106868743896
dqn,42,2730,39009,-10.45,45,0,1,0.3823575,0.003197680936533619,-0.5360871837897734
dqn,42,2731,39046,-10.37,37,0,1,0.3817716666666666,0.001335677723141594,-0.4487974974844191
dqn,42,2732,39090,-10.44,44,0,1,0.38107500000000005,0.0008579032596158372,-0.42058424008163536
dqn,42,2733,39094,-10.04,4,0,1,0.38101166666666675,0.0013630941975861788,-0.7630139589309692
dqn,42,2734,39107,-10.129999999999999,13,0,1,0.3808058333333333,0.001037842109023283,-0.5330201089382172
dqn,42,2735,39260,-11.530000000000001,153,0,1,0.3783833333333334,0.0008414565896740756,-0.5581833007626045
dqn,42,2736,39282,-10.22,22,0,1,0.3780350000000001,0.000900105998152867,-0.727593058347702
dqn,42,2737,39345,-10.63,63,0,1,0.3770375,0.020286339220092486,-0.43225865764543414
dqn,42,2738,39363,-10.18,18,0,1,0.37675250000000005,0.0009564135725668166,-0.4702526666224003
dqn,42,2739,39370,-10.07,7,0,1,0.37664166666666665,0.0011081683333031833,-0.8394321799278259
dqn,42,2740,39373,-10.03,3,0,1,0.3765941666666667,0.00047884005471132696,-0.43716949224472046
dqn,42,2741,39404,-10.31,31,0,1,0.37610333333333346,0.0006789130511606345,-0.5555354468524456
dqn,42,2742,39435,-10.31,31,0,1,0.3756125,0.0004200247827351892,-0.36330133995839525
dqn,42,2743,39459,-10.24,24,0,1,0.3752325000000001,0.0005542457899233947,-0.30201619304716587
dqn,42,2744,39528,-10.69,69,0,1,0.37414000000000003,0.0006839469917597146,-0.6653578148947822
dqn,42,2745,39539,-10.11,11,0,1,0.37396583333333333,0.00010349843796575442,-0.19725795090198517
dqn,42,2746,39584,-10.45,45,0,1,0.37325333333333344,0.02631718507230592,-0.6067019045973817
dqn,42,2747,39611,-10.27,27,0,1,0.3728258333333333,0.00407462958052444,-0.569643377015988
dqn,42,2748,39641,-10.3,30,0,1,0.3723508333333334,0.002733777182584163,-0.5872999206185341
dqn,42,2749,39661,-10.2,20,0,1,0.37203416666666667,0.003208509169053286,-0.6318128407001495
dqn,42,2750,39775,-11.14,114,0,1,0.3702291666666666,0.002380683573262234,-0.44563435656683786
dqn,42,2751,39785,-10.1,10,0,1,0.37007083333333335,0.0004019463376607746,-0.2784747729698817
dqn,42,2752,39791,-10.06,6,0,1,0.3699758333333334,0.0012027472257614136,-0.592169463634491
dqn,42,2753,39800,-10.09,9,0,1,0.36983333333333335,0.0007014715229161084,-0.22239011029402414
dqn,42,2754,39818,-10.18,18,0,1,0.36954833333333337,0.0006117769153206609,-0.3093825988471508
dqn,42,2755,39824,-10.06,6,0,1,0.3694533333333334,0.00020619477436412126,-0.3565289191901684
dqn,42,2756,39835,-10.11,11,0,1,0.3692791666666666,0.00033184052153956145,-0.5110498070716858
dqn,42,2757,39856,-10.209999999999999,21,0,1,0.36894666666666665,0.0003301847609691322,-0.48813341682155925
dqn,42,2758,39893,-10.37,37,0,1,0.36836083333333336,0.0004161328583399558,-0.45093736549218494
dqn,42,2759,39899,-10.06,6,0,1,0.3682658333333333,0.0005089959595352411,-0.437644898891449
dqn,42,2760,39940,-10.41,41,0,1,0.3676166666666667,0.0005415069489655169,-0.5219254283742472
dqn,42,2761,39948,-10.08,8,0,1,0.3674900000000001,0.00031810853397473693,-0.3539292737841606
dqn,42,2762,39973,-10.25,25,0,1,0.3670941666666667,0.0004186259223691498,-0.46120915313561756
dqn,42,2763,40016,-10.43,43,0,1,0.36641333333333337,0.0005220925350758163,-0.5654692053794861
dqn,42,2764,40045,-10.29,29,0,1,0.3659541666666667,0.0007008351822150871,-0.6668211764522961
dqn,42,2765,40085,-10.4,40,0,1,0.3653208333333333,0.06120138099649921,-0.5740509800612926
dqn,42,2766,40111,-10.26,26,0,1,0.36490916666666673,0.012188352692949897,-0.48816588893532753
dqn,42,2767,40117,-10.06,6,0,1,0.3648141666666668,0.003959516528993845,-0.35295137763023376
dqn,42,2768,40124,-10.07,7,0,1,0.3647033333333334,0.011566136265173554,-0.38349512219429016
dqn,42,2769,40139,-10.15,15,0,1,0.3644658333333334,0.0026069191711333892,-0.3249368965625763
dqn,42,2770,40143,-10.04,4,0,1,0.36440249999999996,0.006238596048206091,-0.4775938391685486
dqn,42,2771,40153,-10.1,10,0,1,0.3642441666666667,0.004966162892136102,-0.45182059332728386
dqn,42,2772,40159,-10.06,6,0,1,0.36414916666666675,0.002892613410949707,-1.1996914148330688
dqn,42,2773,40178,-10.19,19,0,1,0.36384833333333344,0.061146594351157546,-0.5968787729740143
dqn,42,2774,40186,-10.08,8,0,1,0.3637216666666667,0.006342882523313165,-0.8985288143157959
dqn,42,2775,40212,-10.26,26,0,1,0.36331,0.04446996936375009,-0.5937552217926297
dqn,42,2776,40229,-10.17,17,0,1,0.36304083333333337,0.001945324009284377,-0.555505283176899
dqn,42,2777,40397,8.319999999999999,168,1,0,0.3603808333333334,0.008105699218850489,-0.44410754474146025
dqn,42,2778,40400,-10.03,3,0,1,0.3603333333333334,0.0002471096522640437,-0.9160894155502319
dqn,42,2779,40410,-10.1,10,0,1,0.360175,0.0007785943162161857,-0.11721989512443542
dqn,42,2780,40423,-10.129999999999999,13,0,1,0.3599691666666668,0.0008700307516846806,-0.712282677491506
dqn,42,2781,40467,-10.44,44,0,1,0.3592725,0.0008407247739590027,-0.6102945310148326
dqn,42,2782,40490,-10.23,23,0,1,0.3589083333333334,0.0005142788165054905,-0.5428809424241384
dqn,42,2783,40498,-10.08,8,0,1,0.35878166666666667,0.0001485449065512512,-0.3550189137458801
dqn,42,2784,40534,9.64,36,1,0,0.3582116666666667,0.0005326846375181857,-0.5269585202137629
dqn,42,2785,40538,-10.04,4,0,1,0.3581483333333334,0.0002541190478950739,-1.0804946422576904
dqn,42,2786,40595,-10.57,57,0,1,0.3572458333333334,0.02093406068992668,-0.37801436707377434
dqn,42,2787,40708,-11.13,113,0,1,0.35545666666666675,0.013698448881643406,-0.5579582385975739
dqn,42,2788,40759,9.49,51,1,0,0.3546491666666667,0.02483445290514889,-0.4543427589039008
dqn,42,2789,40782,-10.23,23,0,1,0.35428500000000007,0.033079302365270756,-0.47834037865201634
dqn,42,2790,40806,-10.24,24,0,1,0.353905,0.00784823663222293,-0.4295654309292634
dqn,42,2791,40860,-10.54,54,0,1,0.35305,0.006443421173441623,-0.5508311752762113
dqn,42,2792,40862,-10.02,2,0,1,0.3530183333333333,,
dqn,42,2793,40868,-10.06,6,0,1,0.35292333333333337,0.00500548561103642,-0.6227336525917053
dqn,42,2794,40871,-10.03,3,0,1,0.3528758333333334,,
dqn,42,2795,40911,-10.4,40,0,1,0.3522425000000001,0.001898478833027184,-0.41928735822439195
dqn,42,2796,40932,-10.209999999999999,21,0,1,0.35191000000000006,0.0010859745865066845,-0.3036566476027171
dqn,42,2797,40938,-10.06,6,0,1,0.351815,0.0032027128618210554,-0.755863606929779
dqn,42,2798,40943,-10.049999999999999,5,0,1,0.35173583333333336,0.0005420269444584846,-0.11605436354875565
dqn,42,2799,40980,-10.37,37,0,1,0.35114999999999996,0.0005878562820726074,-0.5012923885136843
dqn,42,2800,41032,-10.52,52,0,1,0.3503266666666668,0.00043319692933717027,-0.4250772549555852
dqn,42,2801,41064,-10.32,32,0,1,0.34982,0.035335953791218344,-0.4261350794695318
dqn,42,2802,41089,-10.25,25,0,1,0.34942416666666676,0.04923597375939911,-0.7999248802661896
dqn,42,2803,41101,-10.12,12,0,1,0.3492341666666666,0.0019934744341298938,-0.7200542887051901
dqn,42,2804,41137,-10.36,36,0,1,0.34866416666666666,0.0023651514978458485,-0.7951421837011973
dqn,42,2805,41186,-10.49,49,0,1,0.34788833333333335,0.001168146465109506,-0.5266840172310671
dqn,42,2806,41187,-10.01,1,0,1,0.34787250000000003,,
dqn,42,2807,41194,-10.07,7,0,1,0.34776166666666675,0.13820505235344172,-0.5141376256942749
dqn,42,2808,41209,-10.15,15,0,1,0.34752416666666675,0.0010102855012519285,-0.30582110583782196
dqn,42,2809,41215,-10.06,6,0,1,0.3474291666666668,0.002633221447467804,-0.6003643274307251
dqn,42,2810,41266,-10.51,51,0,1,0.3466216666666667,0.0018880259119144354,-0.5663432564872962
dqn,42,2811,41282,-10.16,16,0,1,0.3463683333333333,0.0018965931376442313,-0.6185635626316071
dqn,42,2812,41306,-10.24,24,0,1,0.34598833333333334,0.0011055369395762682,-0.5222470909357071
dqn,42,2813,41318,-10.12,12,0,1,0.34579833333333343,0.0011030562648860116,-0.4302554527918498
dqn,42,2814,41363,-10.45,45,0,1,0.3450858333333333,0.028668840560633478,-0.42281123115257785
dqn,42,2815,41365,-10.02,2,0,1,0.34505416666666666,0.000734215893317014,-0.2943607270717621
dqn,42,2816,41377,-10.12,12,0,1,0.34486416666666675,0.0005508940278862914,-0.647115558385849
dqn,42,2817,41385,-10.08,8,0,1,0.34473750000000003,0.00024146052601281554,-0.2720395103096962
dqn,42,2818,41389,-10.04,4,0,1,0.3446741666666667,0.00022413524857256562,-0.11822114884853363
dqn,42,2819,41410,-10.209999999999999,21,0,1,0.34434166666666666,0.0009706958022434265,-0.7912924766540528
dqn,42,2820,41471,-10.61,61,0,1,0.3433758333333333,0.039138808469094025,-0.550820791721344
dqn,42,2821,41484,-10.129999999999999,13,0,1,0.34317,0.00632840178150218,-0.5835379958152771
dqn,42,2822,41488,-10.04,4,0,1,0.34310666666666667,0.00519731268286705,-0.78745436668396
dqn,42,2823,41521,-10.33,33,0,1,0.3425841666666668,0.04412191919982433,-0.3073644917458296
dqn,42,2824,41563,9.58,42,1,0,0.34191916666666666,0.0046449298242805526,-0.37781131379306315
dqn,42,2825,41581,-10.18,18,0,1,0.3416341666666668,0.003573822695761919,-0.5412754058837891
dqn,42,2826,41592,-10.11,11,0,1,0.34146,0.0029579944675788283,-0.6914971470832825
dqn,42,2827,41614,-10.22,22,0,1,0.3411116666666667,0.0008412974566454068,-0.5608363449573517
dqn,42,2828,41616,-10.02,2,0,1,0.34108000000000005,0.003586707403883338,-0.626543402671814
dqn,42,2829,41624,-10.08,8,0,1,0.34095333333333333,0.0017804695526137948,-0.6789455711841583
dqn,42,2830,41691,-10.67,67,0,1,0.33989250000000004,0.001183005402708659,-0.5063267862424254
dqn,42,2831,41694,-10.03,3,0,1,0.33984500000000006,0.0006447721389122307,-0.1197713315486908
dqn,42,2832,41696,-10.02,2,0,1,0.3398133333333334,0.000843733549118042,-0.2743628919124603
dqn,42,2833,41709,-10.129999999999999,13,0,1,0.33960749999999995,0.002125253561340893,-0.537002275387446
dqn,42,2834,41715,-10.06,6,0,1,0.3395125,0.002843337133526802,-0.615252673625946
dqn,42,2835,41727,-10.12,12,0,1,0.33932249999999997,0.0007774663390591741,-0.7069458166758219
dqn,42,2836,41729,-10.02,2,0,1,0.3392908333333333,0.0008250487735494971,-0.43023642897605896
dqn,42,2837,41744,-10.15,15,0,1,0.33905333333333343,0.0011771347271860577,-0.588862057775259
dqn,42,2838,41794,-10.5,50,0,1,0.3382616666666667,0.0020679446824942715,-0.5341090330233177
dqn,42,2839,41795,-10.01,1,0,1,0.33824583333333336,,
dqn,42,2840,41841,-10.46,46,0,1,0.3375175,0.001995371106507567,-0.4746650215238333
dqn,42,2841,41843,-10.02,2,0,1,0.3374858333333334,,
dqn,42,2842,41848,-10.049999999999999,5,0,1,0.33740666666666663,0.0003984778595622629,-0.11985375359654427
dqn,42,2843,41909,-10.61,61,0,1,0.3364408333333333,0.03427585623091242,-0.34267246425151826
dqn,42,2844,41911,-10.02,2,0,1,0.33640916666666665,,
dqn,42,2845,41914,-10.03,3,0,1,0.33636166666666667,0.0006279491353780031,-0.599644660949707
dqn,42,2846,41935,-10.209999999999999,21,0,1,0.3360291666666667,0.007845326978713273,-0.6367628455162049
dqn,42,2847,41983,9.52,48,1,0,0.33526916666666673,0.023211571790549595,-0.492963549370567
dqn,42,2848,42026,-10.43,43,0,1,0.3345883333333334,0.023294204602610658,-0.49733327464623883
dqn,42,2849,42042,-10.16,16,0,1,0.33433500000000005,0.0008451775938738137,-0.2716017048805952
dqn,42,2850,42104,-10.620000000000001,62,0,1,0.3333533333333334,0.0011228026569369831,-0.4384220028296113
dqn,42,2851,42108,-10.04,4,0,1,0.3332900000000001,0.0003598607436288148,-0.2739872932434082
dqn,42,2852,42167,-10.59,59,0,1,0.3323558333333334,0.003238309742300771,-0.48547396276678356
dqn,42,2853,42170,-10.03,3,0,1,0.3323083333333334,0.0027748814318329096,-0.7191834449768066
dqn,42,2854,42173,-10.03,3,0,1,0.33226083333333334,0.003094625426456332,-1.2028913497924805
dqn,42,2855,42180,-10.07,7,0,1,0.33215000000000006,0.001451951771741733,-0.2879144549369812
dqn,42,2856,42185,-10.049999999999999,5,0,1,0.3320708333333334,0.00271966471336782,-0.43870893120765686
dqn,42,2857,42253,-10.68,68,0,1,0.3309941666666667,0.0021952061078456394,-0.4745728290256332
dqn,42,2858,42294,-10.41,41,0,1,0.3303450000000001,0.0012139897095039486,-0.5073158442974091
dqn,42,2859,42305,-10.11,11,0,1,0.3301708333333334,0.0020879097282886505,-0.5848013137777647
dqn,42,2860,42307,-10.02,2,0,1,0.33013916666666676,,
dqn,42,2861,42326,-10.19,19,0,1,0.32983833333333334,0.0014320927090011536,-0.6557517290115357
dqn,42,2862,42346,-10.2,20,0,1,0.3295216666666667,0.0005786077643278986,-0.2987963005900383
dqn,42,2863,42368,-10.22,22,0,1,0.32917333333333343,0.0014672427690432717,-0.40425734780728817
dqn,42,2864,42370,-10.02,2,0,1,0.32914166666666667,,
dqn,42,2865,42407,-10.37,37,0,1,0.3285558333333334,0.0008875899010389629,-0.5511139275299178
dqn,42,2866,42433,-10.26,26,0,1,0.3281441666666667,0.0019239586545154452,-0.31735286116600037
dqn,42,2867,42472,-10.39,39,0,1,0.32752666666666674,0.0008720355617697351,-0.44342569559812545
dqn,42,2868,42476,-10.04,4,0,1,0.32746333333333344,0.0005539626581594348,-0.581058144569397
dqn,42,2869,42528,-10.52,52,0,1,0.32664000000000004,0.04275579183684805,-0.5854587784180274
dqn,42,2870,42558,-10.3,30,0,1,0.32616500000000004,0.004293840511568955,-0.5503201293093818
dqn,42,2871,42584,-10.26,26,0,1,0.32575333333333334,0.009377745395925428,-0.3339115104504994
dqn,42,2872,42608,-10.24,24,0,1,0.3253733333333334,0.00273807030559207,-0.5286411171158155
dqn,42,2873,42621,-10.129999999999999,13,0,1,0.32516749999999994,0.0007503887269801149,-0.32838484396537143
dqn,42,2874,42659,9.62,38,1,0,0.32456583333333344,0.0014837820943082785,-0.30543019539780086
dqn,42,2875,42662,-10.03,3,0,1,0.32451833333333335,0.00033015961525961757,0.05761292576789856
dqn,42,2876,42696,-10.34,34,0,1,0.32398000000000005,0.0010987245025009746,-0.32295654548539054
dqn,42,2877,42698,-10.02,2,0,1,0.3239483333333334,,
dqn,42,2878,42706,-10.08,8,0,1,0.3238216666666667,0.0007574776536785066,-0.590685248374939
dqn,42,2879,42771,-10.65,65,0,1,0.32279250000000004,0.0008072422324403306,-0.4779127901419997
dqn,42,2880,42773,-10.02,2,0,1,0.3227608333333334,0.000559229520149529,-0.2725600004196167
dqn,42,2881,42862,-10.89,89,0,1,0.3213516666666667,0.000931278500832956,-0.41167733107100835
dqn,42,2882,42876,-10.14,14,0,1,0.32113,0.07258227403508499,-0.5928904861211777
dqn,42,2883,42887,-10.11,11,0,1,0.32095583333333333,0.007174948346801102,-0.4614732339978218
dqn,42,2884,42916,9.71,29,1,0,0.32049666666666665,0.029604136274429038,-0.4377025384455919
dqn,42,2885,42928,-10.12,12,0,1,0.32030666666666663,0.010592207157363495,-0.5162911911805471
dqn,42,2886,42931,-10.03,3,0,1,0.32025916666666665,,
dqn,42,2887,42970,-10.39,39,0,1,0.3196416666666667,0.05516150634502992,-0.6747214257717132
dqn,42,2888,43006,-10.36,36,0,1,0.31907166666666675,0.039743376067943044,-0.33991528385215336
dqn,42,2889,43059,9.47,53,1,0,0.31823250000000003,0.006141819247904305,-0.3223666259302543
dqn,42,2890,43074,-10.15,15,0,1,0.317995,0.002864486930775456,-0.47030410915613174
dqn,42,2891,43128,-10.54,54,0,1,0.3171400000000001,0.010474745633213647,-0.463214527283396
dqn,42,2892,43135,-10.07,7,0,1,0.3170291666666667,0.006748470943421125,0.09936793148517609
dqn,42,2893,43139,-10.04,4,0,1,0.3169658333333334,0.014665381982922554,-1.2399837970733643
dqn,42,2894,43174,-10.35,35,0,1,0.31641166666666665,0.037167218358566366,-0.6381368769539727
dqn,42,2895,43183,-10.09,9,0,1,0.3162691666666667,0.022402841597795486,-0.5281954407691956
dqn,42,2896,43202,-10.19,19,0,1,0.3159683333333334,0.006784459622576833,-0.3356154516339302
dqn,42,2897,43221,9.81,19,1,0,0.3156675,0.01339608933776617,-0.5118617743253708
dqn,42,2898,43234,-10.129999999999999,13,0,1,0.31546166666666664,0.007948456720138589,-0.2010213558872541
dqn,42,2899,43253,-10.19,19,0,1,0.31516083333333333,0.059639923833310605,-0.45237873792648314
dqn,42,2900,43258,-10.049999999999999,5,0,1,0.3150816666666667,0.06649867445230484,-0.6899697780609131
dqn,42,2901,43273,-10.15,15,0,1,0.3148441666666667,0.018789566413033754,-0.5622131116688251
dqn,42,2902,43311,-10.38,38,0,1,0.3142425000000001,0.029574393993243575,-0.6025279007024236
dqn,42,2903,43315,-10.04,4,0,1,0.3141791666666667,0.0023329947143793106,-0.37983816862106323
dqn,42,2904,43321,-10.06,6,0,1,0.3140841666666667,0.0018562793266028166,-0.1755320504307747
dqn,42,2905,43395,-10.74,74,0,1,0.31291250000000004,0.002319304657349777,-0.350927936948008
dqn,42,2906,43424,-10.29,29,0,1,0.31245333333333336,0.001673395607213024,-0.5503422878682613
dqn,42,2907,43438,-10.14,14,0,1,0.3122316666666667,0.0006076076727670928,-0.4002249538898468
dqn,42,2908,43447,-10.09,9,0,1,0.31208916666666675,0.002043957880232483,-0.7237118184566498
dqn,42,2909,43450,-10.03,3,0,1,0.3120416666666668,0.0012236739275977015,-0.9120503067970276
dqn,42,2910,43491,-10.41,41,0,1,0.31139250000000007,0.0010555792978266254,-0.4117316707968712
dqn,42,2911,43537,-10.46,46,0,1,0.31066416666666663,0.0006983737390934645,-0.3715019493053357
dqn,42,2912,43559,-10.22,22,0,1,0.31031583333333335,0.0005292416084557771,-0.4764140874147415
dqn,42,2913,43634,-10.75,75,0,1,0.30912833333333345,0.028379244579762024,-0.560311675855988
dqn,42,2914,43642,-10.08,8,0,1,0.3090016666666666,0.0039025885052978992,-0.5889009982347488
dqn,42,2915,43662,-10.2,20,0,1,0.308685,0.0024083287513349204,-0.3121930003166199
dqn,42,2916,43671,-10.09,9,0,1,0.30854250000000005,0.002857062383554876,-0.4258054792881012
dqn,42,2917,43677,-10.06,6,0,1,0.3084475000000001,0.0024369412567466497,-0.5015589818358421
dqn,42,2918,43713,-10.36,36,0,1,0.3078775,0.06590635962331565,-0.4728703573346138
dqn,42,2919,43719,-10.06,6,0,1,0.30778249999999996,0.019988954067230225,-0.8359980583190918
dqn,42,2920,43760,-10.41,41,0,1,0.30713333333333337,0.00784664471972395,-0.4544733945618976
dqn,42,2921,43771,-10.11,11,0,1,0.30695916666666667,0.0029942787950858474,-0.5684235095977783
dqn,42,2922,43796,-10.25,25,0,1,0.3065633333333334,0.003450755944608578,-0.4040470634187971
dqn,42,2923,43806,-10.1,10,0,1,0.30640500000000004,0.0007122777169570327,-0.39700306951999664
dqn,42,2924,43912,-11.06,106,0,1,0.3047266666666667,0.0018198610853653885,-0.5487224478964452
dqn,42,2925,43923,-10.11,11,0,1,0.3045525,0.0018915848922915757,-0.6550730466842651
dqn,42,2926,43965,-10.42,42,0,1,0.3038875,0.0010060375855325467,-0.38294570486653934
dqn,42,2927,43968,-10.03,3,0,1,0.30384,0.2696595788002014,-0.20380964875221252
dqn,42,2928,43983,-10.15,15,0,1,0.3036025,0.0021826131948425123,-0.3368491679430008
dqn,42,2929,43990,-10.07,7,0,1,0.3034916666666667,0.001125635753851384,-0.33591195195913315
dqn,42,2930,44001,-10.11,11,0,1,0.30331750000000013,0.0008808731799945235,-0.10323166350523631
dqn,42,2931,44066,9.35,65,1,0,0.30228833333333327,0.02888004011947487,-0.4781264145858586
dqn,42,2932,44078,-10.12,12,0,1,0.30209833333333336,0.003970543000226219,0.003394139309724172
dqn,42,2933,44161,-10.83,83,0,1,0.30078416666666674,0.004705300549089554,-0.31818515346163795
dqn,42,2934,44254,-10.93,93,0,1,0.29931166666666664,0.0027617358238152838,-0.5001978958430497
dqn,42,2935,44300,-10.46,46,0,1,0.2985833333333334,0.0023240902907370278,-0.3418954635659854
dqn,42,2936,44315,-10.15,15,0,1,0.2983458333333333,0.0015600180486217141,-0.4985537777344386
dqn,42,2937,44323,-10.08,8,0,1,0.2982191666666667,0.0005581314180744812,-0.24012760072946548
dqn,42,2938,44382,-10.59,59,0,1,0.297285,0.0015787133714184165,-0.42626169274250664
dqn,42,2939,44452,-10.7,70,0,1,0.29617666666666664,0.016648867253227055,-0.3563847550087505
dqn,42,2940,44460,-10.08,8,0,1,0.29605000000000004,0.001191315008327365,-0.6517980694770813
dqn,42,2941,44461,-10.01,1,0,1,0.2960341666666667,,
dqn,42,2942,44512,-10.51,51,0,1,0.29522666666666664,0.0010003336982873196,-0.4777014610859064
dqn,42,2943,44527,-10.15,15,0,1,0.29498916666666675,0.0009253094322048128,-0.4040660659472148
dqn,42,2944,44539,-10.12,12,0,1,0.2947991666666667,0.0005304428050294518,-0.46364861726760864
dqn,42,2945,44591,-10.52,52,0,1,0.29397583333333344,0.0009114756478363863,-0.44143235970001954
dqn,42,2946,44646,-10.55,55,0,1,0.29310500000000006,0.01894151029617725,-0.5140765687184674
dqn,42,2947,44688,-10.42,42,0,1,0.29244000000000003,0.001310310236559334,-0.3859196102077311
dqn,42,2948,44693,-10.049999999999999,5,0,1,0.2923608333333334,0.000620383711066097,-0.3909030556678772
dqn,42,2949,44735,-10.42,42,0,1,0.2916958333333334,0.0008100926803308539,-0.5193727225065231
dqn,42,2950,44991,-2.5599999999999894,256,0,0,0.2876425,0.005770967478611055,-0.46892471273895353
dqn,42,2951,45027,-10.36,36,0,1,0.28707250000000006,0.00037478872561930783,-0.26211946623192894
dqn,42,2952,45031,-10.04,4,0,1,0.28700916666666665,0.0009717117645777762,-0.5573641657829285
dqn,42,2953,45034,-10.03,3,0,1,0.28696166666666667,6.797246169298887e-05,0.08127765357494354
dqn,42,2954,45045,-10.11,11,0,1,0.2867875,0.00021659615837658444,-0.6100527246793112
dqn,42,2955,45053,-10.08,8,0,1,0.28666083333333336,0.00036809645825996995,-0.9707208275794983
dqn,42,2956,45074,-10.209999999999999,21,0,1,0.2863283333333334,0.061705741775222124,-0.588777731359005
dqn,42,2957,45075,-10.01,1,0,1,0.2863125000000001,,
dqn,42,2958,45127,-10.52,52,0,1,0.2854891666666667,0.0007434399258972218,-0.328083672775672
dqn,42,2959,45135,-10.08,8,0,1,0.2853625000000001,0.0005707595555577427,-0.5715492814779282
dqn,42,2960,45213,-10.780000000000001,78,0,1,0.2841275,0.03973347192841174,-0.5295855015516281
dqn,42,2961,45220,-10.07,7,0,1,0.2840166666666667,0.007427930366247892,-0.7576510608196259
dqn,42,2962,45382,-11.620000000000001,162,0,1,0.28145166666666677,0.006202069150094758,-0.41351723559200765
dqn,42,2963,45389,-10.07,7,0,1,0.2813408333333334,0.11952302925055847,-0.4467099606990814
dqn,42,2964,45410,9.790000000000001,21,1,0,0.2810083333333333,0.001672167016658932,-0.49743208587169646
dqn,42,2965,45433,-10.23,23,0,1,0.2806441666666667,0.030577869760842685,-0.4230305751164754
dqn,42,2966,45541,-11.08,108,0,1,0.2789341666666667,0.012730333372019231,-0.45104802441265845
dqn,42,2967,45554,-10.129999999999999,13,0,1,0.27872833333333336,0.001982258826804658,-0.4664934476216634
dqn,42,2968,45594,-10.4,40,0,1,0.278095,0.0020074860512977466,-0.4498466745018959
dqn,42,2969,45613,-10.19,19,0,1,0.2777941666666667,0.0010356044105719775,-0.17093827575445175
dqn,42,2970,45671,-10.58,58,0,1,0.27687583333333343,0.021346970349051326,-0.38970657012292315
dqn,42,2971,45674,-10.03,3,0,1,0.27682833333333334,0.009707517921924591,-0.20122262835502625
dqn,42,2972,45696,-10.22,22,0,1,0.27647999999999995,0.00150523839207987,-0.3851095537344615
dqn,42,2973,45705,-10.09,9,0,1,0.2763375,0.0018537113210186362,-0.22761224210262299
dqn,42,2974,45728,-10.23,23,0,1,0.2759733333333334,0.0035009297425858676,-0.6704540203015009
dqn,42,2975,45768,-10.4,40,0,1,0.27534000000000003,0.0014918604749254883,-0.5288176476955414
dqn,42,2976,45781,-10.129999999999999,13,0,1,0.2751341666666667,0.001448939583497122,-0.671636829773585
dqn,42,2977,45783,-10.02,2,0,1,0.2751025,,
dqn,42,2978,45830,-10.47,47,0,1,0.27435833333333337,0.00099067028228698,-0.3729434013366699
dqn,42,2979,45913,-10.83,83,0,1,0.27304416666666675,0.0018896624900489336,-0.4778582152156603
dqn,42,2980,45957,-10.44,44,0,1,0.27234749999999996,0.02803929965540936,-0.5289217640053142
dqn,42,2981,45994,-10.37,37,0,1,0.2717616666666668,0.0281706031964859,-0.10868741613295343
dqn,42,2982,46019,-10.25,25,0,1,0.2713658333333333,0.0020770885166712105,-0.43098676080505055
dqn,42,2983,46023,-10.04,4,0,1,0.2713025,0.0007118881912901998,0.07053817808628082
dqn,42,2984,46089,-10.66,66,0,1,0.27025750000000004,0.0013843400126514846,-0.4911314459408031
dqn,42,2985,46123,-10.34,34,0,1,0.2697191666666666,0.0010431943019284518,-0.6286198496818542
dqn,42,2986,46159,-10.36,36,0,1,0.2691491666666668,0.0008943601375600944,-0.47768840359316933
dqn,42,2987,46165,-10.06,6,0,1,0.2690541666666667,0.0013986830017529428,-0.6306107342243195
dqn,42,2988,46178,-10.129999999999999,13,0,1,0.26884833333333347,0.0010062751777392502,-0.13744214425484338
dqn,42,2989,46183,-10.049999999999999,5,0,1,0.2687691666666666,0.0012086130445823073,-0.41163355112075806
dqn,42,2990,46252,-10.69,69,0,1,0.2676766666666667,0.0004250930808969618,-0.4154427403377162
dqn,42,2991,46263,-10.11,11,0,1,0.2675025,0.00019809274817816913,-0.005987204611301422
dqn,42,2992,46349,-10.86,86,0,1,0.2661408333333334,0.0009697065900333903,-0.4137276776812293
dqn,42,2993,46395,-10.46,46,0,1,0.26541250000000005,0.0006236489028775726,-0.3931970169598406
dqn,42,2994,46431,-10.36,36,0,1,0.2648425,0.0005464350356810933,-0.44201498809787965
dqn,42,2995,46449,-10.18,18,0,1,0.2645575,0.0005055448098573833,-0.4075907602906227
dqn,42,2996,46478,-10.29,29,0,1,0.26409833333333343,0.001395077640024413,-0.43052895260708673
dqn,42,2997,46548,-10.7,70,0,1,0.26298999999999995,0.012774341837535353,-0.3964359126985073
dqn,42,2998,46593,-10.45,45,0,1,0.26227750000000005,0.0063748847500061274,-0.2733720615506172
dqn,42,2999,46655,-10.620000000000001,62,0,1,0.2612958333333334,0.029561479032660525,-0.43015459974606834
dqn,42,3000,46668,-10.129999999999999,13,0,1,0.26109000000000004,0.0056013861612882465,-0.17492502555251122
dqn,42,3001,46691,-10.23,23,0,1,0.2607258333333333,0.006412290153093636,-0.27727155536413195
dqn,42,3002,46708,-10.17,17,0,1,0.2604566666666668,0.006306892074644565,-0.40638995468616484
dqn,42,3003,46712,-10.04,4,0,1,0.26039333333333337,0.015227710828185081,-0.6136914491653442
dqn,42,3004,46733,-10.209999999999999,21,0,1,0.2600608333333333,0.00831632362678647,-0.5214222431182861
dqn,42,3005,46745,-10.12,12,0,1,0.2598708333333334,0.00551135706094404,-0.39463042219479877
dqn,42,3006,46785,-10.4,40,0,1,0.2592375,0.009388015256263316,-0.4341228768229485
dqn,42,3007,46796,-10.11,11,0,1,0.2590633333333333,0.010494008893147111,-0.4215400318304698
dqn,42,3008,46808,-10.12,12,0,1,0.2588733333333334,0.004646442520121734,-0.5368920167287191
dqn,42,3009,46825,-10.17,17,0,1,0.25860416666666675,0.044381284969858825,-0.29059378057718277
dqn,42,3010,46833,-10.08,8,0,1,0.2584775,0.0039936116663739085,-0.5132584348320961
dqn,42,3011,46848,-10.15,15,0,1,0.25824,0.052493192080873996,-0.3030676543712616
dqn,42,3012,46881,-10.33,33,0,1,0.25771750000000004,0.005375826949602924,-0.3013239111751318
dqn,42,3013,46904,-10.23,23,0,1,0.25735333333333343,0.0024117545205323645,-0.35189495608210564
dqn,42,3014,46917,-10.129999999999999,13,0,1,0.2571475,0.0025273398108159504,-0.46503711740175885
dqn,42,3015,46923,-10.06,6,0,1,0.2570525,0.001629512058570981,-0.42998170852661133
dqn,42,3016,46940,-10.17,17,0,1,0.25678333333333336,0.0012448418012354523,-0.33657239079475404
dqn,42,3017,46963,-10.23,23,0,1,0.25641916666666675,0.046093375771306455,-0.5183427035808563
dqn,42,3018,46996,-10.33,33,0,1,0.25589666666666666,0.001557394150748021,-0.46017423686054015
dqn,42,3019,47048,-10.52,52,0,1,0.2550733333333334,0.01181351007723536,-0.44598205444904476
dqn,42,3020,47087,-10.39,39,0,1,0.2544558333333333,0.04507812009089523,-0.6108028400275443
dqn,42,3021,47098,-10.11,11,0,1,0.25428166666666663,0.014136756615092358,-0.19064186761776605
dqn,42,3022,47144,-10.46,46,0,1,0.2535533333333334,0.07292233063102078,-0.3662411489834388
dqn,42,3023,47149,-10.049999999999999,5,0,1,0.25347416666666667,0.001963149756193161,-0.7393935918807983
dqn,42,3024,47155,-10.06,6,0,1,0.2533791666666667,0.002863807138055563,-0.11641330271959305
dqn,42,3025,47176,-10.209999999999999,21,0,1,0.25304666666666675,0.005698996731856217,-0.4578961779673894
dqn,42,3026,47181,-10.049999999999999,5,0,1,0.2529675,0.001621239585801959,-0.2610357105731964
dqn,42,3027,47212,-10.31,31,0,1,0.2524766666666667,0.004442205059604021,-0.3070357725955546
dqn,42,3028,47220,-10.08,8,0,1,0.25234999999999996,0.0033782870741561055,-0.6795733124017715
dqn,42,3029,47246,-10.26,26,0,1,0.2519383333333334,0.0033956688469819105,-0.30278125281135243
dqn,42,3030,47410,-11.64,164,0,1,0.24934166666666668,0.018112158565356102,-0.42919733393483045
dqn,42,3031,47452,-10.42,42,0,1,0.24867666666666666,0.031842159884532026,-0.40182824432849884
dqn,42,3032,47505,-10.53,53,0,1,0.24783750000000004,0.022034083828867342,-0.38530662197333115
dqn,42,3033,47544,-10.39,39,0,1,0.24722,0.002564432466169819,-0.46378672793507575
dqn,42,3034,47572,-10.28,28,0,1,0.24677666666666664,0.0017219079433873827,-0.5558454096317291
dqn,42,3035,47578,-10.06,6,0,1,0.2466816666666667,0.004193562548607588,-1.0094101428985596
dqn,42,3036,47586,-10.08,8,0,1,0.24655499999999997,0.0002623133041197434,-0.013559501618146896
dqn,42,3037,47595,-10.09,9,0,1,0.24641250000000003,0.0011855735210701823,-0.4323463160544634
dqn,42,3038,47664,-10.69,69,0,1,0.2453200000000001,0.0021969249484957093,-0.3361057210713625
dqn,42,3039,47770,-11.06,106,0,1,0.24364166666666665,0.001663912641771066,-0.5209424753601735
dqn,42,3040,47803,-10.33,33,0,1,0.24311916666666678,0.000659489323879825,-0.35108776949346066
dqn,42,3041,47879,-10.76,76,0,1,0.24191583333333333,0.022843824362529342,-0.44579090491721507
dqn,42,3042,47927,-10.48,48,0,1,0.24115583333333346,0.028434177715098485,-0.46758798385659855
dqn,42,3043,47968,-10.41,41,0,1,0.24050666666666676,0.026887018062883395,-0.2584635466337204
dqn,42,3044,47978,-10.1,10,0,1,0.24034833333333339,0.0012836108508054167,-0.4959661215543747
dqn,42,3045,48044,-10.66,66,0,1,0.23930333333333342,0.00239983103272286,-0.4683547195266275
dqn,42,3046,48054,-10.1,10,0,1,0.23914500000000005,0.004373479052446783,-0.39868590235710144
dqn,42,3047,48079,-10.25,25,0,1,0.23874916666666668,0.0027690184651874006,-0.5926239490509033
dqn,42,3048,48196,-11.17,117,0,1,0.23689666666666664,0.0008711485308595002,-0.36829881990949315
dqn,42,3049,48231,-10.35,35,0,1,0.23634250000000012,0.03379135280556511,-0.39829347282648087
dqn,42,3050,48307,-10.76,76,0,1,0.23513916666666668,0.0026580159411471534,-0.48676675793371704
dqn,42,3051,48367,-10.6,60,0,1,0.23418916666666667,0.000956211347753803,-0.38651795585950216
dqn,42,3052,48434,-10.67,67,0,1,0.23312833333333338,0.0007827659728183575,-0.5228137965588009
dqn,42,3053,48496,-10.620000000000001,62,0,1,0.23214666666666672,0.0005039064135416993,-0.4089949447661638
dqn,42,3054,48511,-10.15,15,0,1,0.23190916666666672,0.0005946543727380534,-0.5167074004809061
dqn,42,3055,48517,-10.06,6,0,1,0.23181416666666677,0.00019362651073606685,-0.3344525024294853
dqn,42,3056,48535,-10.18,18,0,1,0.23152916666666679,0.0003933477055397816,-0.4431813731789589
dqn,42,3057,48550,-10.15,15,0,1,0.23129166666666667,0.0003869322445098078,-0.4961617887020111
dqn,42,3058,48567,-10.17,17,0,1,0.23102250000000002,0.00018755512792267837,-0.16621392406523228
dqn,42,3059,48733,-11.66,166,0,1,0.22839416666666668,0.007378861108182242,-0.4424097623143877
dqn,42,3060,48763,-10.3,30,0,1,0.22791916666666667,0.0004975619314271691,-0.29820313304662704
dqn,42,3061,48779,-10.16,16,0,1,0.22766583333333346,0.0008014994527911767,-0.16813476756215096
dqn,42,3062,48797,-10.18,18,0,1,0.22738083333333337,0.0030098189279669898,-0.2424783393740654
dqn,42,3063,48806,-10.09,9,0,1,0.22723833333333332,0.0009532765834592283,-0.4257766604423523
dqn,42,3064,48840,-10.34,34,0,1,0.22670000000000012,0.030797291268956743,-0.36462857988145614
dqn,42,3065,48936,-10.96,96,0,1,0.22518000000000005,0.0009829305424015426,-0.40949313249439
dqn,42,3066,48940,-10.04,4,0,1,0.22511666666666674,0.0010058502666652203,-0.2443741261959076
dqn,42,3067,49002,-10.620000000000001,62,0,1,0.22413500000000008,0.000444315585870451,-0.30184038579463957
dqn,42,3068,49119,-11.17,117,0,1,0.22228250000000005,0.0007826682197227111,-0.42875461485879174
dqn,42,3069,49176,-10.57,57,0,1,0.22138000000000002,0.01955510537372902,-0.5340604235728582
dqn,42,3070,49180,-10.04,4,0,1,0.22131666666666672,6.54338946333155e-05,0.23307332396507263
dqn,42,3071,49215,-10.35,35,0,1,0.22076249999999997,0.005137008622114081,-0.3401682460680604
dqn,42,3072,49321,-11.06,106,0,1,0.21908416666666675,0.002263890466161279,-0.37043154763954655
dqn,42,3073,49328,-10.07,7,0,1,0.21897333333333335,0.0008580592693760991,-0.49042168259620667
dqn,42,3074,49369,9.59,41,1,0,0.21832416666666676,0.029577777022495866,-0.38898823484778405
dqn,42,3075,49372,-10.03,3,0,1,0.21827666666666679,0.005464642308652401,-0.8606829643249512
dqn,42,3076,49469,-10.97,97,0,1,0.21674083333333338,0.013074253074288814,-0.3803440236176054
dqn,42,3077,49573,-11.040000000000001,104,0,1,0.2150941666666667,0.006140600699626912,-0.3723021370287125
dqn,42,3078,49600,-10.27,27,0,1,0.21466666666666667,0.0032883589883567765,-0.49359634092875887
dqn,42,3079,49697,-10.97,97,0,1,0.21313083333333338,0.0016557392291360884,-0.36736035253852606
dqn,42,3080,49755,-10.58,58,0,1,0.21221250000000003,0.002196688228910456,-0.3252394917820181
dqn,42,3081,49785,9.7,30,1,0,0.21173750000000002,0.002437941511743702,-0.5272196172736585
dqn,42,3082,49792,-10.07,7,0,1,0.21162666666666674,0.00040725998405832797,-0.24270518869161606
dqn,42,3083,50000,-12.08,208,0,1,0.20833333333333337,0.007110244054414439,-0.41223433441840684
dqn,42,3084,50034,-10.34,34,0,1,0.20779500000000006,0.0005547445744014112,-0.40073452331125736
dqn,42,3085,50071,-10.37,37,0,1,0.20720916666666667,0.0004527357361641609,-0.29242005695899326
dqn,42,3086,50098,-10.27,27,0,1,0.20678166666666675,0.0005296392108513308,-0.2882482132741383
dqn,42,3087,50106,-10.08,8,0,1,0.20665500000000003,0.000653830255032517,-0.1558298096060753
dqn,42,3088,50145,-10.39,39,0,1,0.2060375000000001,0.00039287884937948546,-0.416941137611866
dqn,42,3089,50187,9.58,42,1,0,0.20537249999999996,0.05599128079411457,-0.29143272116780283
dqn,42,3090,50203,-10.16,16,0,1,0.20511916666666674,0.0014606759505113587,-0.4520076625049114
dqn,42,3091,50268,-10.65,65,0,1,0.20409,0.0015592202047735233,-0.40966398005976395
dqn,42,3092,50308,-10.4,40,0,1,0.20345666666666673,0.0005735399347031489,-0.3216126747429371
dqn,42,3093,50319,-10.11,11,0,1,0.20328250000000003,0.000569400901440531,-0.8766798377037048
dqn,42,3094,50321,-10.02,2,0,1,0.20325083333333338,0.0004123874241486192,-0.24316191673278809
dqn,42,3095,50330,-10.09,9,0,1,0.20310833333333334,0.0011272613774053752,-0.32934440299868584
dqn,42,3096,50409,-10.790000000000001,79,0,1,0.20185750000000013,0.015493660397623898,-0.33371998481452464
dqn,42,3097,50452,-10.43,43,0,1,0.20117666666666667,0.0008616053700362417,-0.3711208159273321
dqn,42,3098,50468,-10.16,16,0,1,0.20092333333333345,0.0011883846309501678,-0.29218824207782745
dqn,42,3099,50526,-10.58,58,0,1,0.2000050000000001,0.01939724034205678,-0.440071702003479
dqn,42,3100,50530,-10.04,4,0,1,0.1999416666666668,0.002920015947893262,-0.2148348093032837
dqn,42,3101,50559,9.71,29,1,0,0.1994825,0.03992289339657873,-0.5801454463175365
dqn,42,3102,50660,-11.01,101,0,1,0.1978833333333333,0.011774919952865904,-0.3286024375030628
dqn,42,3103,50730,-10.7,70,0,1,0.19677500000000003,0.0414751108011628,-0.29726654115845175
dqn,42,3104,50829,-10.99,99,0,1,0.1952075000000001,0.006063151630805805,-0.4360443161427975
dqn,42,3105,50848,-10.19,19,0,1,0.19490666666666667,0.0035029938677325844,-0.47926673069596293
dqn,42,3106,50855,-10.07,7,0,1,0.1947958333333334,0.0006578653701581061,-0.24675042927265167
dqn,42,3107,50877,-10.22,22,0,1,0.1944475000000001,0.003627435590412157,-0.3122922380765279
dqn,42,3108,50928,-10.51,51,0,1,0.19364000000000003,0.00228782803661978,-0.37338222792515385
dqn,42,3109,51025,-10.97,97,0,1,0.19210416666666663,0.016498878050091054,-0.36968079085151356
dqn,42,3110,51034,-10.09,9,0,1,0.1919616666666667,0.00591266923584044,-0.2767002210021019
dqn,42,3111,51048,-10.14,14,0,1,0.19174000000000002,0.007697090215515345,-0.36537526547908783
dqn,42,3112,51094,-10.46,46,0,1,0.1910116666666667,0.0053389932092448526,-0.37003053521568124
dqn,42,3113,51215,-11.21,121,0,1,0.18909583333333335,0.003065205669069352,-0.3495195296903451
dqn,42,3114,51292,9.23,77,1,0,0.1878766666666667,0.0022262895174208095,-0.2614656575024128
dqn,42,3115,51335,9.57,43,1,0,0.18719583333333334,0.028373862319858743,-0.4223592966794968
dqn,42,3116,51357,-10.22,22,0,1,0.18684750000000006,0.03337002521341977,-0.3877975543340047
dqn,42,3117,51410,-10.53,53,0,1,0.18600833333333333,0.004347934459264462,-0.2822743161366536
dqn,42,3118,51462,-10.52,52,0,1,0.18518500000000004,0.004138522047119645,-0.36074133962392807
dqn,42,3119,51482,-10.2,20,0,1,0.1848683333333334,0.0017717258422635495,-0.3991942048072815
dqn,42,3120,51535,-10.53,53,0,1,0.1840291666666667,0.003188344193264269,-0.33238768921448636
dqn,42,3121,51541,-10.06,6,0,1,0.18393416666666673,0.002186953672207892,-0.40205875039100647
dqn,42,3122,51590,-10.49,49,0,1,0.1831583333333333,0.03032037491599719,-0.4697180272390445
dqn,42,3123,51720,-11.3,130,0,1,0.18110000000000004,0.015270324201661755,-0.37410344849481725
dqn,42,3124,51956,-12.359999999999994,236,0,1,0.17736333333333332,0.006546935009359682,-0.27757208756471086
dqn,42,3125,52001,-10.45,45,0,1,0.1766508333333333,0.0017848647800168362,-0.26417304101315414
dqn,42,3126,52097,-10.96,96,0,1,0.17513083333333346,0.010207324297274075,-0.3778566538045804
dqn,42,3127,52116,-10.19,19,0,1,0.17483000000000004,0.004336165869608522,-0.14494810551404952
dqn,42,3128,52126,-10.1,10,0,1,0.17467166666666667,0.0018093388061970472,-0.2057592198252678
dqn,42,3129,52226,-11.0,100,0,1,0.1730883333333334,0.021558798961341382,-0.28086227387189866
dqn,42,3130,52333,-11.07,107,0,1,0.17139416666666674,0.00214459931615878,-0.28781529184844756
dqn,42,3131,52357,-10.24,24,0,1,0.1710141666666667,0.0007166179129853845,-0.30874205629030865
dqn,42,3132,52492,-11.350000000000001,135,0,1,0.16887666666666667,0.01512566931085209,-0.3448488268562976
dqn,42,3133,52516,-10.24,24,0,1,0.16849666666666674,0.006548015371663496,-0.46610382199287415
dqn,42,3134,52517,-10.01,1,0,1,0.1684808333333334,,
dqn,42,3135,52550,-10.33,33,0,1,0.16795833333333332,0.031734130083350465,-0.4290103316307068
dqn,42,3136,52571,-10.209999999999999,21,0,1,0.16762583333333336,0.04397803829051554,-0.20422670096158982
dqn,42,3137,52580,-10.09,9,0,1,0.16748333333333343,0.004706905921921134,-0.20899632076422373
dqn,42,3138,52608,-10.28,28,0,1,0.16703999999999997,0.004019058558956853,-0.38019744200365885
dqn,42,3139,52631,-10.23,23,0,1,0.16667583333333336,0.002149158529937267,-0.4063799798488617
dqn,42,3140,52648,-10.17,17,0,1,0.1664066666666667,0.05177033902145922,-0.3101170718669891
dqn,42,3141,52675,-10.27,27,0,1,0.16597916666666668,0.03785867841603855,-0.2636055226127307
dqn,42,3142,52711,-10.36,36,0,1,0.16540916666666672,0.00939178326451737,-0.3154427135984103
dqn,42,3143,52753,-10.42,42,0,1,0.1647441666666667,0.004219492161858149,-0.38313100080598483
dqn,42,3144,52774,-10.209999999999999,21,0,1,0.16441166666666662,0.03388337329961359,-0.4029604434967041
dqn,42,3145,52796,-10.22,22,0,1,0.16406333333333334,0.09618778565588097,-0.5046222060918808
dqn,42,3146,52913,-11.17,117,0,1,0.1622108333333333,0.010421543033865827,-0.1139187728022707
dqn,42,3147,52918,-10.049999999999999,5,0,1,0.16213166666666667,0.0021879521664232016,-0.21579408645629883
dqn,42,3148,52954,-10.36,36,0,1,0.1615616666666666,0.0015232332904512684,-0.45539113382498425
dqn,42,3149,53050,-10.96,96,0,1,0.16004166666666675,0.0010452068866773818,-0.2971872016787529
dqn,42,3150,53064,-10.14,14,0,1,0.15982000000000007,0.0006910769880050793,-0.22920357808470726
dqn,42,3151,53294,-12.299999999999995,230,0,1,0.15617833333333342,0.0139730663228731,-0.35384158894681095
dqn,42,3152,53303,-10.09,9,0,1,0.15603583333333337,0.0030012335628271103,-0.7663523852825165
dqn,42,3153,53430,-11.270000000000001,127,0,1,0.15402500000000008,0.019569211110592732,-0.250170556595549
dqn,42,3154,53509,-10.790000000000001,79,0,1,0.15277416666666666,0.012913982447935268,-0.3569012016057968
dqn,42,3155,53566,-10.57,57,0,1,0.15187166666666663,0.022465776664570773,-0.20582124963402748
dqn,42,3156,53610,-10.44,44,0,1,0.15117500000000006,0.005419623413631184,-0.21774530072103848
dqn,42,3157,53654,-10.44,44,0,1,0.15047833333333338,0.0030570740226804364,-0.3539939441464164
dqn,42,3158,53694,-10.4,40,0,1,0.149845,0.001849758785101585,-0.21239996030926706
dqn,42,3159,53749,-10.55,55,0,1,0.14897416666666663,0.014538573805891377,-0.23487257212400436
dqn,42,3160,53811,-10.620000000000001,62,0,1,0.14799249999999997,0.0010012433131729873,-0.20364840974410375
dqn,42,3161,53831,-10.2,20,0,1,0.14767583333333334,0.0004713229485787451,-0.15557417124509812
dqn,42,3162,53837,-10.06,6,0,1,0.14758083333333338,0.0004901474894722924,-0.30442988127470016
dqn,42,3163,54073,7.640000000000006,236,1,0,0.14384416666666666,0.007742147409787275,-0.2901550050256616
dqn,42,3164,54097,-10.24,24,0,1,0.14346416666666673,0.036226597095568046,-0.24967647343873978
dqn,42,3165,54104,-10.07,7,0,1,0.14335333333333333,0.002094192896038294,-0.23824173212051392
dqn,42,3166,54128,-10.24,24,0,1,0.1429733333333334,0.0014002800332188297,-0.1667469230790933
dqn,42,3167,54140,-10.12,12,0,1,0.14278333333333337,0.0012899974244646728,-0.48659996191660565
dqn,42,3168,54184,-10.44,44,0,1,0.1420866666666667,0.0018199900355698032,-0.23909525234590878
dqn,42,3169,54199,-10.15,15,0,1,0.1418491666666667,0.0003941851027775556,-0.5392101109027863
dqn,42,3170,54276,-10.77,77,0,1,0.14063000000000003,0.011419319453489151,-0.20187144689261913
dqn,42,3171,54284,-10.08,8,0,1,0.14050333333333342,0.0008405011758441105,-0.14179112017154694
dqn,42,3172,54505,-12.209999999999997,221,0,1,0.1370041666666667,0.010633715815492906,-0.32347225167534566
dqn,42,3173,54511,-10.06,6,0,1,0.13690916666666675,0.0010816118447110057,-0.23794589936733246
dqn,42,3174,54531,-10.2,20,0,1,0.1365925,0.0011453011829871684,-0.40677589625120164
dqn,42,3175,54567,-10.36,36,0,1,0.13602250000000005,0.0007415921605166255,-0.43907155593236286
dqn,42,3176,54635,-10.68,68,0,1,0.13494583333333343,0.00047642638716805614,-0.31693080462077083
dqn,42,3177,54792,-11.57,157,0,1,0.13246000000000002,0.028673431620336486,-0.241721816919744
dqn,42,3178,54859,-10.67,67,0,1,0.13139916666666673,0.004523741139564663,-0.19907525787129998
dqn,42,3179,54896,-10.37,37,0,1,0.13081333333333334,0.024035955654107967,-0.18024546951055526
dqn,42,3180,55058,-11.620000000000001,162,0,1,0.1282483333333334,0.013255809752445202,-0.2599013840779662
dqn,42,3181,55209,8.489999999999998,151,1,0,0.12585750000000007,0.016277433505341544,-0.3168013344861959
dqn,42,3182,55288,-10.790000000000001,79,0,1,0.12460666666666675,0.01837543838628335,-0.40982110761106016
dqn,42,3183,55355,-10.67,67,0,1,0.12354583333333335,0.0007674436883462477,-0.2972151399590075
dqn,42,3184,55367,9.88,12,1,0,0.12335583333333344,0.05613288143649697,-0.3943137774864833
dqn,42,3185,55449,-10.82,82,0,1,0.12205750000000004,0.027573725167063197,-0.16000915283248537
dqn,42,3186,55453,-10.04,4,0,1,0.12199416666666674,0.005338367074728012,-0.22856706380844116
dqn,42,3187,55630,-11.770000000000001,177,0,1,0.1191916666666667,0.0014837258965020408,-0.23806813257661733
dqn,42,3188,55745,-11.15,115,0,1,0.11737083333333331,0.0006691090978886772,-0.2500513242236499
dqn,42,3189,55763,-10.18,18,0,1,0.11708583333333333,0.0962689276857418,-0.24857501685619354
dqn,42,3190,55784,-10.209999999999999,21,0,1,0.11675333333333338,0.004310022472054698,-0.20272347331047058
dqn,42,3191,55916,8.68,132,1,0,0.11466333333333345,0.018804085818401567,-0.2193424997456146
dqn,42,3192,55925,-10.09,9,0,1,0.1145208333333333,0.005930492654442787,-0.2184947021305561
dqn,42,3193,55981,-10.56,56,0,1,0.1136341666666667,0.01188607067992312,-0.11798839696816035
dqn,42,3194,55994,-10.129999999999999,13,0,1,0.11342833333333335,0.0025312415091320872,-0.33022098739941913
dqn,42,3195,56012,-10.18,18,0,1,0.11314333333333337,0.006381530594080686,-0.3693474933505058
dqn,42,3196,56083,-10.71,71,0,1,0.11201916666666678,0.0031317192119518843,-0.2690556461320204
dqn,42,3197,56320,7.630000000000006,237,1,0,0.10826666666666673,0.012259131436682462,-0.25262958457072576
dqn,42,3198,56375,9.45,55,1,0,0.10739583333333336,0.009919555260029692,-0.26392817611877734
dqn,42,3199,56380,-10.049999999999999,5,0,1,0.10731666666666673,0.07307876832783222,-0.378571555018425
dqn,42,3200,56382,-10.02,2,0,1,0.10728500000000007,,
dqn,42,3201,56414,-10.32,32,0,1,0.10677833333333331,0.0027890652854694054,-0.1655199881643057
dqn,42,3202,56466,-10.52,52,0,1,0.10595500000000002,0.01949567280602283,-0.2158829033947908
dqn,42,3203,56483,-10.17,17,0,1,0.10568583333333337,0.01657280162908137,-0.2207616288214922
dqn,42,3204,56532,-10.49,49,0,1,0.10491000000000006,0.038206444963669546,-0.3127223920936768
dqn,42,3205,56726,-11.940000000000001,194,0,1,0.10183833333333336,0.01690783424419351,-0.2903249906376004
dqn,42,3206,56982,-2.5599999999999894,256,0,0,0.09778500000000001,0.010093070619859645,-0.3029222149052657
dqn,42,3207,57038,-10.56,56,0,1,0.09689833333333342,0.0006312037075986154,-0.17567145930869238
dqn,42,3208,57050,-10.12,12,0,1,0.0967083333333334,0.0011103898965908836,-0.24720580130815506
dqn,42,3209,57306,-2.5599999999999894,256,0,0,0.09265500000000004,0.007389111855616193,-0.25460769358323887
dqn,42,3210,57380,-10.74,74,0,1,0.09148333333333336,0.020431256745819394,-0.335057352718554
dqn,42,3211,57538,8.419999999999998,158,1,0,0.08898166666666674,0.01181486647319383,-0.2914229683004893
dqn,42,3212,57580,9.58,42,1,0,0.08831666666666671,0.026105475762795486,-0.2364106300202283
dqn,42,3213,57596,9.84,16,1,0,0.08806333333333338,0.0013521189684979618,-0.18362150341272354
dqn,42,3214,57658,9.379999999999999,62,1,0,0.08708166666666672,0.0006838148226961493,-0.20807726830244064
dqn,42,3215,57719,9.39,61,1,0,0.08611583333333339,0.01050387848323832,-0.19077068815628687
dqn,42,3216,57818,-10.99,99,0,1,0.08454833333333334,0.01957138143014163,-0.24724648624658585
dqn,42,3217,58011,8.069999999999999,193,1,0,0.08149250000000008,0.0160160889860587,-0.29654139024205506
dqn,42,3218,58136,-11.25,125,0,1,0.07951333333333344,0.009986612482862256,-0.3026977686677128
dqn,42,3219,58162,9.74,26,1,0,0.07910166666666663,0.03161990137111085,-0.22741205990314484
dqn,42,3220,58217,9.45,55,1,0,0.07823083333333336,0.030547125164178266,-0.2662888392806053
dqn,42,3221,58337,8.799999999999999,120,1,0,0.07633083333333335,0.006715606042416766,-0.2273221019655466
dqn,42,3222,58346,-10.09,9,0,1,0.0761883333333333,0.0009284898987971246,-0.17079361900687218
dqn,42,3223,58393,9.53,47,1,0,0.07544416666666676,0.012872822902863845,-0.3986464198678732
dqn,42,3224,58439,-10.46,46,0,1,0.07471583333333343,0.012670277437957173,-0.09142590652812611
dqn,42,3225,58476,9.63,37,1,0,0.07413000000000003,0.01552321956551168,-0.2164502240717411
dqn,42,3226,58559,9.17,83,1,0,0.07281583333333341,0.01582518432915094,-0.2191999949514866
dqn,42,3227,58579,-10.2,20,0,1,0.07249916666666667,0.04397715947125107,-0.3501391291618347
dqn,42,3228,58627,-10.48,48,0,1,0.07173916666666669,0.03463654825463891,-0.28135382011532784
dqn,42,3229,58649,9.78,22,1,0,0.07139083333333329,0.03385906828043517,-0.11609398325284322
dqn,42,3230,58716,-10.67,67,0,1,0.07033,0.011049658768837723,-0.18334047101876316
dqn,42,3231,58789,-10.73,73,0,1,0.06917416666666676,0.0110628476832062,-0.2764931863380803
dqn,42,3232,58916,-11.270000000000001,127,0,1,0.06716333333333335,0.007928267983061232,-0.19536358129698783
dqn,42,3233,58961,9.55,45,1,0,0.06645083333333335,0.039657070994673464,-0.09147775037722154
dqn,42,3234,58975,-10.14,14,0,1,0.06622916666666667,0.052930858762313925,-0.32704473038514453
dqn,42,3235,58984,-10.09,9,0,1,0.06608666666666674,0.023046981698522966,-0.19237137337525687
dqn,42,3236,59108,-11.24,124,0,1,0.06412333333333342,0.005850664123089143,-0.21686235094262707
dqn,42,3237,59294,8.139999999999999,186,1,0,0.061178333333333446,0.015423022645890065,-0.14959624668826227
dqn,42,3238,59321,9.73,27,1,0,0.06075083333333331,0.0037292774567114456,-0.3126684831721442
dqn,42,3239,59337,-10.16,16,0,1,0.06049750000000009,0.0016995202749967575,-0.18891705106943846
dqn,42,3240,59405,9.32,68,1,0,0.05942083333333337,0.009829840304412167,-0.2935952390818035
dqn,42,3241,59552,8.53,147,1,0,0.05709333333333333,0.02077481083295031,-0.22361791375521067
dqn,42,3242,59578,-10.26,26,0,1,0.05668166666666674,0.003663966509823998,-0.20916076625386873
dqn,42,3243,59602,-10.24,24,0,1,0.056301666666666805,0.0028654017175237336,-0.05105461676915487
dqn,42,3244,59683,9.19,81,1,0,0.05501916666666673,0.0019201733579393477,-0.1958544973284006
dqn,42,3245,59712,9.71,29,1,0,0.05456000000000005,0.0017575780730112456,-0.13761822506785393
dqn,42,3246,59748,9.64,36,1,0,0.05398999999999998,0.01806259577925731,-0.21971928079922995
dqn,42,3247,59783,9.65,35,1,0,0.05343583333333346,0.018500200865673833,-0.2318593254312873
dqn,42,3248,59795,-10.12,12,0,1,0.053245833333333326,0.04508180407962451,-0.1478905181090037
dqn,42,3249,59816,9.790000000000001,21,1,0,0.05291333333333337,0.02406159685536598,-0.13333831106623015
dqn,42,3250,59878,-10.620000000000001,62,0,1,0.05193166666666671,0.04207252748310566,-0.14404631157716116
dqn,42,3251,60081,-12.030000000000001,203,0,1,0.050000000000000044,0.014557294522448644,-0.18977186770415774
dqn,42,3252,60110,9.71,29,1,0,0.050000000000000044,0.002728425930919392,-0.18098540710551397
dqn,42,3253,60133,9.77,23,1,0,0.050000000000000044,0.008398534768881897,-0.2170419543981552
dqn,42,3254,60262,8.709999999999999,129,1,0,0.050000000000000044,0.01864883215239388,-0.08586265379562974
dqn,42,3255,60267,-10.049999999999999,5,0,1,0.050000000000000044,0.0018660571658983827,-0.22838957607746124
dqn,42,3256,60402,8.649999999999999,135,1,0,0.050000000000000044,0.01715045714038698,-0.12413183029960184
dqn,42,3257,60429,9.73,27,1,0,0.050000000000000044,0.021123147503073727,-0.18397883964436396
dqn,42,3258,60597,8.319999999999999,168,1,0,0.050000000000000044,0.02361769975063258,-0.19441380192126548
dqn,42,3259,60619,-10.22,22,0,1,0.050000000000000044,0.005318694375455379,-0.09895948171615601
dqn,42,3260,60637,-10.18,18,0,1,0.050000000000000044,0.004035808984190226,0.02677927166223526
dqn,42,3261,60705,9.32,68,1,0,0.050000000000000044,0.02076180647675167,-0.11488273608333924
dqn,42,3262,60776,9.29,71,1,0,0.050000000000000044,0.031740354800907276,-0.1431013759639528
dqn,42,3263,60940,-11.64,164,0,1,0.050000000000000044,0.016315476750250815,-0.12278079477752127
dqn,42,3264,60951,9.89,11,1,0,0.050000000000000044,0.0023600261192768812,0.10955099016427994
dqn,42,3265,61009,-10.58,58,0,1,0.050000000000000044,0.044130288111045954,-0.11619052837292353
dqn,42,3266,61052,-10.43,43,0,1,0.050000000000000044,0.017197922020303933,-0.10813291032205928
dqn,42,3267,61089,9.63,37,1,0,0.050000000000000044,0.007851984636444185,-0.040639364884959325
dqn,42,3268,61100,9.89,11,1,0,0.050000000000000044,0.05265205462152759,-0.01639830817778905
dqn,42,3269,61113,9.870000000000001,13,1,0,0.050000000000000044,0.03907052854386469,-0.27455224096775055
dqn,42,3270,61170,-10.57,57,0,1,0.050000000000000044,0.006475402998538422,-0.010212346379246031
dqn,42,3271,61294,8.76,124,1,0,0.050000000000000044,0.04010093042386636,-0.07072466311435546
dqn,42,3272,61308,9.86,14,1,0,0.050000000000000044,0.0332730102527421,-0.09057211875915527
dqn,42,3273,61347,9.61,39,1,0,0.050000000000000044,0.014407148403632972,-0.17981703827778497
dqn,42,3274,61355,-10.08,8,0,1,0.050000000000000044,0.016216702293604612,-0.16930337250232697
dqn,42,3275,61392,9.63,37,1,0,0.050000000000000044,0.007015976635739207,-0.058041135966777804
dqn,42,3276,61478,9.14,86,1,0,0.050000000000000044,0.040586097504100985,-0.1234523295646622
dqn,42,3277,61489,9.89,11,1,0,0.050000000000000044,0.0035369197527567544,0.029639648894468944
dqn,42,3278,61513,9.76,24,1,0,0.050000000000000044,0.006944874495578309,0.044182038555542626
dqn,42,3279,61532,9.81,19,1,0,0.050000000000000044,0.01022950317710638,-0.27380223870277404
dqn,42,3280,61562,9.7,30,1,0,0.050000000000000044,0.0053027886731017914,-0.14882888006312506
dqn,42,3281,61580,9.82,18,1,0,0.050000000000000044,0.05368266869336367,0.11740179359912872
dqn,42,3282,61595,9.85,15,1,0,0.050000000000000044,0.04090228568141659,0.1992319772640864
dqn,42,3283,61623,9.72,28,1,0,0.050000000000000044,0.043339031149766276,-0.04047009561743055
dqn,42,3284,61669,9.54,46,1,0,0.050000000000000044,0.01770516981681188,-0.16605154797434807
dqn,42,3285,61723,9.46,54,1,0,0.050000000000000044,0.023706313885318544,-0.12775936837379748
dqn,42,3286,61750,9.73,27,1,0,0.050000000000000044,0.018550074808964773,-0.14620166271924973
dqn,42,3287,61889,8.61,139,1,0,0.050000000000000044,0.01946217983162829,-0.061892120327268325
dqn,42,3288,61938,9.51,49,1,0,0.050000000000000044,0.030266487194846075,0.013341510047515234
dqn,42,3289,61960,9.78,22,1,0,0.050000000000000044,0.03999822627520189,-0.200431061287721
dqn,42,3290,62113,8.469999999999999,153,1,0,0.050000000000000044,0.023407335687232644,-0.06305152256237834
dqn,42,3291,62124,9.89,11,1,0,0.050000000000000044,0.05231924168765545,0.11203562964995702
dqn,42,3292,62290,8.34,166,1,0,0.050000000000000044,0.0358540236995351,-0.0819565252196498
dqn,42,3293,62325,9.65,35,1,0,0.050000000000000044,0.023098925542500284,-0.11484008530775706
dqn,42,3294,62349,9.76,24,1,0,0.050000000000000044,0.02780375813987727,0.00041507060329119366
dqn,42,3295,62386,9.63,37,1,0,0.050000000000000044,0.037545146161897316,0.05653506682978736
dqn,42,3296,62398,-10.12,12,0,1,0.050000000000000044,0.02032311214134097,0.017648582657178242
dqn,42,3297,62406,-10.08,8,0,1,0.050000000000000044,0.03167218156158924,-0.0026927441358566284
dqn,42,3298,62510,8.959999999999999,104,1,0,0.050000000000000044,0.02186236470543708,-0.00636125012085988
dqn,42,3299,62540,9.7,30,1,0,0.050000000000000044,0.023928611888550222,-0.22710543312132359
dqn,42,3300,62582,9.58,42,1,0,0.050000000000000044,0.03946944531053305,-0.046123523637652396
dqn,42,3301,62614,-10.32,32,0,1,0.050000000000000044,0.011853754753246903,-0.0799790620803833
dqn,42,3302,62657,9.57,43,1,0,0.050000000000000044,0.0491682285527614,0.01662272418087179
dqn,42,3303,62670,9.870000000000001,13,1,0,0.050000000000000044,0.005619103477026026,-0.044510871171951294
dqn,42,3304,62744,9.26,74,1,0,0.050000000000000044,0.028822608096034902,-0.06681161334640101
dqn,42,3305,62798,9.46,54,1,0,0.050000000000000044,0.02410327852703631,-0.09216086537792133
dqn,42,3306,62834,9.64,36,1,0,0.050000000000000044,0.011138713970366452,-0.013397537171840668
dqn,42,3307,62854,9.8,20,1,0,0.050000000000000044,0.022481346596032382,-0.08537995666265488
dqn,42,3308,62918,9.36,64,1,0,0.050000000000000044,0.022485010224045254,-0.033144562505185604
dqn,42,3309,63061,8.569999999999999,143,1,0,0.050000000000000044,0.03155425552459848,-0.01769744356473287
dqn,42,3310,63079,9.82,18,1,0,0.050000000000000044,0.04576294729486108,0.18750564381480217
dqn,42,3311,63104,9.75,25,1,0,0.050000000000000044,0.0651646652924163,0.028678704585347856
dqn,42,3312,63161,9.43,57,1,0,0.050000000000000044,0.03756891969325287,-0.10182906314730644
dqn,42,3313,63181,9.8,20,1,0,0.050000000000000044,0.05492949225008488,0.1372280791401863
dqn,42,3314,63198,9.83,17,1,0,0.050000000000000044,0.01912073465064168,0.03218802995979786
dqn,42,3315,63226,9.72,28,1,0,0.050000000000000044,0.04675012274778315,0.01662022407565798
dqn,42,3316,63241,9.85,15,1,0,0.050000000000000044,0.08994490932673216,0.007690822705626488
dqn,42,3317,63269,-10.28,28,0,1,0.050000000000000044,0.026841972954571247,0.03978248792035239
dqn,42,3318,63386,8.83,117,1,0,0.050000000000000044,0.03659256460980095,-0.09003018536444368
dqn,42,3319,63440,9.46,54,1,0,0.050000000000000044,0.026128899306058884,-0.042525653328214376
dqn,42,3320,63541,8.99,101,1,0,0.050000000000000044,0.026626921482384203,-0.05083056956529617
dqn,42,3321,63678,8.629999999999999,137,1,0,0.050000000000000044,0.033668087973423744,0.029158394126331106
dqn,42,3322,63765,9.129999999999999,87,1,0,0.050000000000000044,0.032150905494662846,0.024897858500480652
dqn,42,3323,63843,9.219999999999999,78,1,0,0.050000000000000044,0.042022805170793286,0.14195838139245384
dqn,42,3324,63879,9.64,36,1,0,0.050000000000000044,0.03986967753411995,-0.05247230993376838
dqn,42,3325,63922,9.57,43,1,0,0.050000000000000044,0.038443843156776646,-0.050725772976875305
dqn,42,3326,63935,9.870000000000001,13,1,0,0.050000000000000044,0.05388806977619728,-0.10836690415938695
dqn,42,3327,63979,9.56,44,1,0,0.050000000000000044,0.03168003574352373,-0.11321975155310197
dqn,42,3328,64021,9.58,42,1,0,0.050000000000000044,0.03634321219711141,0.13781636953353882
dqn,42,3329,64074,9.47,53,1,0,0.050000000000000044,0.04139293295044739,0.09551222278521611
dqn,42,3330,64114,9.6,40,1,0,0.050000000000000044,0.024234597105532885,0.0784513633698225
dqn,42,3331,64125,-10.11,11,0,1,0.050000000000000044,0.032714776073892914,0.18115640928347906
dqn,42,3332,64150,9.75,25,1,0,0.050000000000000044,0.018796379445120692,0.012790210545063019
dqn,42,3333,64173,9.77,23,1,0,0.050000000000000044,0.06039247786005338,0.16923517982165018
dqn,42,3334,64192,9.81,19,1,0,0.050000000000000044,0.024525773152709006,0.0878877580165863
dqn,42,3335,64220,-10.28,28,0,1,0.050000000000000044,0.03396625377769981,-0.047387992697102685
dqn,42,3336,64274,9.46,54,1,0,0.050000000000000044,0.04676314597376264,0.013125526217313914
dqn,42,3337,64498,7.760000000000003,224,1,0,0.050000000000000044,0.04868489721723433,0.05863968189805746
dqn,42,3338,64524,-10.26,26,0,1,0.050000000000000044,0.034084417058953216,0.08264023065567017
dqn,42,3339,64553,9.71,29,1,0,0.050000000000000044,0.030783964121448144,-0.007839260356766837
dqn,42,3340,64569,9.84,16,1,0,0.050000000000000044,0.043861259473487735,-0.04020792804658413
dqn,42,3341,64627,9.42,58,1,0,0.050000000000000044,0.02966625607639019,-0.06467921340039798
dqn,42,3342,64649,9.78,22,1,0,0.050000000000000044,0.024753447660865884,-0.038679382453362145
dqn,42,3343,64730,9.19,81,1,0,0.050000000000000044,0.052388306334614755,-0.03561288043856621
dqn,42,3344,64797,-10.67,67,0,1,0.050000000000000044,0.0328972940607106,0.062460915130727435
dqn,42,3345,64856,9.41,59,1,0,0.050000000000000044,0.030859861647089322,0.11106494466463725
dqn,42,3346,64929,9.27,73,1,0,0.050000000000000044,0.022077898973495595,-0.034814355687962636
dqn,42,3347,64958,9.71,29,1,0,0.050000000000000044,0.04189128814531224,0.0053709324981485096
dqn,42,3348,65005,9.53,47,1,0,0.050000000000000044,0.035023096250370145,0.06738164586325486
dqn,42,3349,65009,-10.04,4,0,1,0.050000000000000044,0.011323140934109688,0.33639785647392273
dqn,42,3350,65064,9.45,55,1,0,0.050000000000000044,0.058445678026016266,0.204532868627991
dqn,42,3351,65157,-10.93,93,0,1,0.050000000000000044,0.07437644668085419,0.03975110274294148
dqn,42,3352,65191,9.66,34,1,0,0.050000000000000044,0.0642953016795218,0.19920086301863194
dqn,42,3353,65202,9.89,11,1,0,0.050000000000000044,0.06032684693733851,0.03494610885779063
dqn,42,3354,65232,9.7,30,1,0,0.050000000000000044,0.044316100887954235,0.09697708114981651
dqn,42,3355,65376,-11.440000000000001,144,0,1,0.050000000000000044,0.08524851738992664,0.13473464486499628
dqn,42,3356,65410,9.66,34,1,0,0.050000000000000044,0.09414925100281835,0.1243150383234024
dqn,42,3357,65480,9.3,70,1,0,0.050000000000000044,0.06106244224227137,0.07263503223657608
dqn,42,3358,65524,9.56,44,1,0,0.050000000000000044,0.07255725968967784,0.2594038661230694
dqn,42,3359,65530,-10.06,6,0,1,0.050000000000000044,0.08777854591608047,0.5060948133468628
dqn,42,3360,65544,9.86,14,1,0,0.050000000000000044,0.033465529792010784,0.10160179249942303
dqn,42,3361,65556,-10.12,12,0,1,0.050000000000000044,0.04797013849020004,0.15914464990297952
dqn,42,3362,65587,9.69,31,1,0,0.050000000000000044,0.06482563806431633,0.18286204763821193
dqn,42,3363,65610,9.77,23,1,0,0.050000000000000044,0.05025381532808145,0.03181406110525131
dqn,42,3364,65668,9.42,58,1,0,0.050000000000000044,0.03493130349864562,0.07695042788982391
dqn,42,3365,65724,9.44,56,1,0,0.050000000000000044,0.05088145107895668,0.0868390282349927
dqn,42,3366,65758,9.66,34,1,0,0.050000000000000044,0.09632206475362182,0.19950391398742795
dqn,42,3367,65796,9.62,38,1,0,0.050000000000000044,0.06319322865456342,0.009570777416229248
dqn,42,3368,65807,9.89,11,1,0,0.050000000000000044,0.0172520000487566,-0.20493563637137413
dqn,42,3369,65865,9.42,58,1,0,0.050000000000000044,0.0492230078826348,0.11630701869726182
dqn,42,3370,65890,9.75,25,1,0,0.050000000000000044,0.035262949454287686,0.3164553406337897
dqn,42,3371,65918,9.72,28,1,0,0.050000000000000044,0.057686141825148037,-0.053916748080934794
dqn,42,3372,65945,9.73,27,1,0,0.050000000000000044,0.04979724037860121,0.1759403156382697
dqn,42,3373,65977,9.68,32,1,0,0.050000000000000044,0.04892490792553872,0.09913072222843766
dqn,42,3374,65990,9.870000000000001,13,1,0,0.050000000000000044,0.034059152860815324,-0.10741914808750153
dqn,42,3375,66015,9.75,25,1,0,0.050000000000000044,0.06446362535158794,0.14604008942842484
dqn,42,3376,66026,9.89,11,1,0,0.050000000000000044,0.052533055345217385,0.5725731054941813
dqn,42,3377,66071,-10.45,45,0,1,0.050000000000000044,0.04188662648878314,0.06685367226600647
dqn,42,3378,66101,9.7,30,1,0,0.050000000000000044,0.07568228198215365,-0.0008594207465648651
dqn,42,3379,66117,9.84,16,1,0,0.050000000000000044,0.06316885771229863,0.06662847474217415
dqn,42,3380,66148,-10.31,31,0,1,0.050000000000000044,0.07681788294576108,0.23243215214461088
dqn,42,3381,66163,9.85,15,1,0,0.050000000000000044,0.1154150419558088,0.3620544721682866
dqn,42,3382,66192,9.71,29,1,0,0.050000000000000044,0.05020616436377168,0.28219904471188784
dqn,42,3383,66206,9.86,14,1,0,0.050000000000000044,0.048149614284435906,0.4408304790655772
dqn,42,3384,66222,9.84,16,1,0,0.050000000000000044,0.041923423297703266,0.3218204975128174
dqn,42,3385,66237,9.85,15,1,0,0.050000000000000044,0.07643214124254882,0.2885775677859783
dqn,42,3386,66258,-10.209999999999999,21,0,1,0.050000000000000044,0.04367916900664568,0.3797238916158676
dqn,42,3387,66321,9.37,63,1,0,0.050000000000000044,0.0910953419515863,0.3634159089997411
dqn,42,3388,66369,9.52,48,1,0,0.050000000000000044,0.04890757550795873,0.29536239492396515
dqn,42,3389,66384,9.85,15,1,0,0.050000000000000044,0.09894899558275938,0.20242973789572716
dqn,42,3390,66403,-10.19,19,0,1,0.050000000000000044,0.0656095091253519,0.2576352283358574
dqn,42,3391,66433,9.7,30,1,0,0.050000000000000044,0.06711079552769661,0.15469535253942013
dqn,42,3392,66452,9.81,19,1,0,0.050000000000000044,0.06658573281019926,0.39435878992080686
dqn,42,3393,66468,9.84,16,1,0,0.050000000000000044,0.10508101363666356,0.3015431761741638
dqn,42,3394,66499,9.69,31,1,0,0.050000000000000044,0.02403905801475048,0.3570519057767732
dqn,42,3395,66517,9.82,18,1,0,0.050000000000000044,0.07887553684413433,0.36963324844837187
dqn,42,3396,66602,9.15,85,1,0,0.050000000000000044,0.06692636882265408,0.30022204099666505
dqn,42,3397,66648,9.54,46,1,0,0.050000000000000044,0.06875200344560047,0.20143995558222136
dqn,42,3398,66728,9.2,80,1,0,0.050000000000000044,0.05021662646904588,0.2517646886408329
dqn,42,3399,66756,9.72,28,1,0,0.050000000000000044,0.0741911136678287,0.3918267531054361
dqn,42,3400,66771,9.85,15,1,0,0.050000000000000044,0.1293414607644081,0.09444134434064229
dqn,42,3401,66805,9.66,34,1,0,0.050000000000000044,0.057856676116999656,0.10514588571257061
dqn,42,3402,66824,9.81,19,1,0,0.050000000000000044,0.09339693766087294,0.46591231822967527
dqn,42,3403,66837,9.870000000000001,13,1,0,0.050000000000000044,0.05413683752218882,0.4931463400522868
dqn,42,3404,66854,9.83,17,1,0,0.050000000000000044,0.042309597600251436,0.02379356510937214
dqn,42,3405,66899,9.55,45,1,0,0.050000000000000044,0.07614999552342025,0.323802880265496
dqn,42,3406,66910,9.89,11,1,0,0.050000000000000044,0.08362877865632375,0.2778841356436412
dqn,42,3407,66921,9.89,11,1,0,0.050000000000000044,0.06283124536275864,0.5502520501613617
dqn,42,3408,66938,9.83,17,1,0,0.050000000000000044,0.05958720529451966,0.31963710859417915
dqn,42,3409,66959,9.790000000000001,21,1,0,0.050000000000000044,0.061441664770245555,0.27056778520345687
dqn,42,3410,67077,8.82,118,1,0,0.050000000000000044,0.07686431525895993,0.3390436001121998
dqn,42,3411,67093,9.84,16,1,0,0.050000000000000044,0.06966705620288849,0.3029267229139805
dqn,42,3412,67110,-10.17,17,0,1,0.050000000000000044,0.051425079349428415,0.48182184249162674
dqn,42,3413,67134,9.76,24,1,0,0.050000000000000044,0.12112732852498691,0.39056141177813214
dqn,42,3414,67161,9.73,27,1,0,0.050000000000000044,0.038626647155199735,0.2763921746185848
dqn,42,3415,67184,9.77,23,1,0,0.050000000000000044,0.045587524150808655,0.3840399483839671
dqn,42,3416,67195,-10.11,11,0,1,0.050000000000000044,0.08797090128064156,0.31319546699523926
dqn,42,3417,67209,-10.14,14,0,1,0.050000000000000044,0.07104395097121596,0.3607201911509037
dqn,42,3418,67220,9.89,11,1,0,0.050000000000000044,0.030665674557288487,0.4161257247130076
dqn,42,3419,67237,9.83,17,1,0,0.050000000000000044,0.05356760951690376,0.3786850292235613
dqn,42,3420,67255,9.82,18,1,0,0.050000000000000044,0.08611343987286091,0.37554995715618134
dqn,42,3421,67273,9.82,18,1,0,0.050000000000000044,0.11450464203953743,0.4843471676111221
dqn,42,3422,67282,-10.09,9,0,1,0.050000000000000044,0.031972503289580345,0.31808777153491974
dqn,42,3423,67305,9.77,23,1,0,0.050000000000000044,0.15288968508442244,0.22153304144740105
dqn,42,3424,67328,9.77,23,1,0,0.050000000000000044,0.06469411651293437,0.5435513108968735
dqn,42,3425,67378,9.5,50,1,0,0.050000000000000044,0.060044985031709075,0.30411560212572414
dqn,42,3426,67434,-10.56,56,0,1,0.050000000000000044,0.06915651634335518,0.380572361605508
dqn,42,3427,67453,9.81,19,1,0,0.050000000000000044,0.10072902217507362,0.3612867951393127
dqn,42,3428,67476,9.77,23,1,0,0.050000000000000044,0.07331994346653421,0.3527957449356715
dqn,42,3429,67497,9.790000000000001,21,1,0,0.050000000000000044,0.05777622386813164,0.36300880163908006
dqn,42,3430,67521,-10.24,24,0,1,0.050000000000000044,0.04653991603602966,0.260798371086518
dqn,42,3431,67542,9.790000000000001,21,1,0,0.050000000000000044,0.15874467715620993,0.5332079082727432
dqn,42,3432,67551,-10.09,9,0,1,0.050000000000000044,0.013164305593818426,0.4289514720439911
dqn,42,3433,67584,9.67,33,1,0,0.050000000000000044,0.07772251311689615,0.29583653890424305
dqn,42,3434,67619,9.65,35,1,0,0.050000000000000044,0.10165125434286892,0.3013976961374283
dqn,42,3435,67649,9.7,30,1,0,0.050000000000000044,0.10493187140673399,0.4458324555307627
dqn,42,3436,67680,9.69,31,1,0,0.050000000000000044,0.09221328306011856,0.4771228153258562
dqn,42,3437,67700,9.8,20,1,0,0.050000000000000044,0.054863082244992256,0.23899906277656555
dqn,42,3438,67731,9.69,31,1,0,0.050000000000000044,0.11624372085290295,0.5421550210033145
dqn,42,3439,67751,9.8,20,1,0,0.050000000000000044,0.07403507009148598,0.26245449781417846
dqn,42,3440,67784,9.67,33,1,0,0.050000000000000044,0.12715713017516667,0.42479860451486373
dqn,42,3441,67806,9.78,22,1,0,0.050000000000000044,0.08528532534837723,0.3581079840660095
dqn,42,3442,67844,9.62,38,1,0,0.050000000000000044,0.09722898937761784,0.5151502713561058
dqn,42,3443,67881,9.63,37,1,0,0.050000000000000044,0.0853514698230558,0.39621618058946395
dqn,42,3444,67916,9.65,35,1,0,0.050000000000000044,0.130908056265778,0.4443323579099443
dqn,42,3445,67931,9.85,15,1,0,0.050000000000000044,0.1038416251540184,0.27738602459430695
dqn,42,3446,67946,-10.15,15,0,1,0.050000000000000044,0.05551372701302171,0.4152240790426731
dqn,42,3447,67959,9.870000000000001,13,1,0,0.050000000000000044,0.135615145166715,0.40363970398902893
dqn,42,3448,67991,9.68,32,1,0,0.050000000000000044,0.10469502897467464,0.5509944185614586
dqn,42,3449,68002,9.89,11,1,0,0.050000000000000044,0.1135817642013232,0.5945088714361191
dqn,42,3450,68013,9.89,11,1,0,0.050000000000000044,0.08947863181432088,0.18318966527779898
dqn,42,3451,68027,9.86,14,1,0,0.050000000000000044,0.17329232643047968,0.4001373002926509
dqn,42,3452,68032,-10.049999999999999,5,0,1,0.050000000000000044,0.19389944523572922,0.821284681558609
dqn,42,3453,68061,-10.29,29,0,1,0.050000000000000044,0.17124083372099058,0.619807243347168
dqn,42,3454,68075,9.86,14,1,0,0.050000000000000044,0.13100320597489676,0.4288812180360158
dqn,42,3455,68088,-10.129999999999999,13,0,1,0.050000000000000044,0.13609158247709274,0.5078131705522537
dqn,42,3456,68125,9.63,37,1,0,0.050000000000000044,0.12740451180272633,0.565974597301748
dqn,42,3457,68136,9.89,11,1,0,0.050000000000000044,0.22447271645069122,0.7692245841026306
dqn,42,3458,68165,9.71,29,1,0,0.050000000000000044,0.1446098035999707,0.6596410231930869
dqn,42,3459,68183,9.82,18,1,0,0.050000000000000044,0.15281654708087444,0.5982072949409485
dqn,42,3460,68205,9.78,22,1,0,0.050000000000000044,0.1809427303572496,0.7103977302710215
dqn,42,3461,68233,-10.28,28,0,1,0.050000000000000044,0.16534541015114104,0.6897340714931488
dqn,42,3462,68247,9.86,14,1,0,0.050000000000000044,0.11229703327020009,0.7265010376771291
dqn,42,3463,68320,9.27,73,1,0,0.050000000000000044,0.11031661986520416,0.7165140838999497
dqn,42,3464,68341,-10.209999999999999,21,0,1,0.050000000000000044,0.1378864601254463,0.6989339411258697
dqn,42,3465,68356,-10.15,15,0,1,0.050000000000000044,0.2572987377643585,0.7291489914059639
dqn,42,3466,68381,9.75,25,1,0,0.050000000000000044,0.09868843915561835,0.6821224987506866
dqn,42,3467,68403,9.78,22,1,0,0.050000000000000044,0.07618877068161964,0.7480467975139617
dqn,42,3468,68427,-10.24,24,0,1,0.050000000000000044,0.15243446826934814,0.5023399417599043
dqn,42,3469,68451,9.76,24,1,0,0.050000000000000044,0.1554138921201229,0.7551640371481577
dqn,42,3470,68480,9.71,29,1,0,0.050000000000000044,0.10054464149288833,0.6964677348732948
dqn,42,3471,68507,9.73,27,1,0,0.050000000000000044,0.08886217667410772,0.587160105506579
dqn,42,3472,68561,9.46,54,1,0,0.050000000000000044,0.1470539523953838,0.7144211530685425
dqn,42,3473,68607,9.54,46,1,0,0.050000000000000044,0.09450341253118082,0.5894953012466431
dqn,42,3474,68627,9.8,20,1,0,0.050000000000000044,0.12821449860930442,0.6086686134338379
dqn,42,3475,68643,9.84,16,1,0,0.050000000000000044,0.1347947772592306,0.3836506977677345
dqn,42,3476,68654,9.89,11,1,0,0.050000000000000044,0.12580816696087518,0.9137582580248514
dqn,42,3477,68672,-10.18,18,0,1,0.050000000000000044,0.06853216886520386,0.697121924161911
dqn,42,3478,68690,-10.18,18,0,1,0.050000000000000044,0.11080570658668876,0.46167878806591034
dqn,42,3479,68735,-10.45,45,0,1,0.050000000000000044,0.14701531251723116,0.5979472019455649
dqn,42,3480,68749,9.86,14,1,0,0.050000000000000044,0.0987425115890801,0.7889755517244339
dqn,42,3481,68794,9.55,45,1,0,0.050000000000000044,0.12548529424450613,0.6384772522882982
dqn,42,3482,68863,9.31,69,1,0,0.050000000000000044,0.13055782348794095,0.6915871167884153
dqn,42,3483,68874,9.89,11,1,0,0.050000000000000044,0.0586236243446668,0.9088504711786906
dqn,42,3484,68891,9.83,17,1,0,0.050000000000000044,0.08818794507533312,0.8724867701530457
dqn,42,3485,68906,-10.15,15,0,1,0.050000000000000044,0.13500637374818325,0.8165097683668137
dqn,42,3486,68920,9.86,14,1,0,0.050000000000000044,0.1585298739373684,0.7667226493358612
dqn,42,3487,69019,9.01,99,1,0,0.050000000000000044,0.156029886022831,0.6889227094749609
dqn,42,3488,69064,9.55,45,1,0,0.050000000000000044,0.17175854338953891,0.7405458241701126
dqn,42,3489,69095,9.69,31,1,0,0.050000000000000044,0.2314677493912833,0.7098779082298279
dqn,42,3490,69106,9.89,11,1,0,0.050000000000000044,0.16852385799090067,0.43158699323733646
dqn,42,3491,69121,9.85,15,1,0,0.050000000000000044,0.17359152249991894,0.6327851489186287
dqn,42,3492,69159,9.62,38,1,0,0.050000000000000044,0.1435014112955994,0.715958038965861
dqn,42,3493,69170,9.89,11,1,0,0.050000000000000044,0.26589198410511017,0.920816699663798
dqn,42,3494,69333,8.37,163,1,0,0.050000000000000044,0.1708558015525341,0.7361276433235262
dqn,42,3495,69344,9.89,11,1,0,0.050000000000000044,0.13623098159829775,0.6488608419895172
dqn,42,3496,69345,-10.01,1,0,1,0.050000000000000044,,
dqn,42,3497,69370,9.75,25,1,0,0.050000000000000044,0.16149718935290971,0.7009764512379965
dqn,42,3498,69401,9.69,31,1,0,0.050000000000000044,0.14358021598309278,0.6275366768240929
dqn,42,3499,69420,-10.19,19,0,1,0.050000000000000044,0.1504235088825226,0.9259250283241272
dqn,42,3500,69437,9.83,17,1,0,0.050000000000000044,0.13623751513659954,1.0346788167953491
dqn,42,3501,69483,9.54,46,1,0,0.050000000000000044,0.208556053313342,0.6117152070457285
dqn,42,3502,69510,9.73,27,1,0,0.050000000000000044,0.1400421048913683,0.6963555408375603
dqn,42,3503,69548,9.62,38,1,0,0.050000000000000044,0.14677630476653575,0.724893045425415
dqn,42,3504,69601,9.47,53,1,0,0.050000000000000044,0.12409488813808331,0.8302185535430908
dqn,42,3505,69646,9.55,45,1,0,0.050000000000000044,0.14020141044800932,0.7035340477119792
dqn,42,3506,69730,9.16,84,1,0,0.050000000000000044,0.13514155184938795,0.808023431471416
dqn,42,3507,69753,9.77,23,1,0,0.050000000000000044,0.09875928393254678,0.8533042967319489
dqn,42,3508,69840,9.129999999999999,87,1,0,0.050000000000000044,0.1334038461473855,0.7945419536395506
dqn,42,3509,69880,9.6,40,1,0,0.050000000000000044,0.1150314211845398,0.7238494634628296
dqn,42,3510,69929,9.51,49,1,0,0.050000000000000044,0.11447431915439665,0.8558896407485008
dqn,42,3511,70003,-10.74,74,0,1,0.050000000000000044,0.10681065089172787,0.7832792070176866
dqn,42,3512,70025,9.78,22,1,0,0.050000000000000044,0.25662946204344433,1.0309086342652638
dqn,42,3513,70044,9.81,19,1,0,0.050000000000000044,0.2029978573322296,1.016303503513336
dqn,42,3514,70089,9.55,45,1,0,0.050000000000000044,0.23896496336568485,1.0429351113059304
dqn,42,3515,70112,9.77,23,1,0,0.050000000000000044,0.22653241579731306,0.9709876477718353
dqn,42,3516,70125,9.870000000000001,13,1,0,0.050000000000000044,0.21367420504490534,1.262151579062144
dqn,42,3517,70162,9.63,37,1,0,0.050000000000000044,0.17879747268226412,1.0418197909990947
dqn,42,3518,70190,9.72,28,1,0,0.050000000000000044,0.19124687995229447,1.3026960917881556
dqn,42,3519,70205,9.85,15,1,0,0.050000000000000044,0.17155080661177635,1.046473190188408
dqn,42,3520,70229,9.76,24,1,0,0.050000000000000044,0.1923763838907083,1.3433263500531514
dqn,42,3521,70257,9.72,28,1,0,0.050000000000000044,0.16634628176689148,0.996963483946664
dqn,42,3522,70284,9.73,27,1,0,0.050000000000000044,0.1823811930205141,1.0454233373914446
dqn,42,3523,70391,8.93,107,1,0,0.050000000000000044,0.1791564246209768,1.127953256552036
dqn,42,3524,70417,9.74,26,1,0,0.050000000000000044,0.1992887780070305,1.1636414613042558
dqn,42,3525,70466,9.51,49,1,0,0.050000000000000044,0.18842917680740356,1.2712043821811676
dqn,42,3526,70503,9.63,37,1,0,0.050000000000000044,0.1757316059536404,0.9757450819015503
dqn,42,3527,70526,9.77,23,1,0,0.050000000000000044,0.10339824669063091,1.0797279477119446
dqn,42,3528,70543,9.83,17,1,0,0.050000000000000044,0.14086232148110867,0.9481112658977509
dqn,42,3529,70545,-10.02,2,0,1,0.050000000000000044,0.223886638879776,1.0150303840637207
dqn,42,3530,70661,8.84,116,1,0,0.050000000000000044,0.16539459502131776,1.2786483620775158
dqn,42,3531,70721,9.4,60,1,0,0.050000000000000044,0.16836148574948312,1.1362692991892496
dqn,42,3532,70761,9.6,40,1,0,0.050000000000000044,0.15491576567292215,1.1285083711147308
dqn,42,3533,70782,9.790000000000001,21,1,0,0.050000000000000044,0.18000680357217788,0.9128067016601562
dqn,42,3534,70804,9.78,22,1,0,0.050000000000000044,0.1996880459288756,1.2961565554141998
dqn,42,3535,70877,9.27,73,1,0,0.050000000000000044,0.13612174491087595,1.0985569341315164
dqn,42,3536,70881,-10.04,4,0,1,0.050000000000000044,0.07200196385383606,1.118324637413025
dqn,42,3537,70906,-10.25,25,0,1,0.050000000000000044,0.11973294988274574,1.1664454638957977
dqn,42,3538,70921,-10.15,15,0,1,0.050000000000000044,0.14979147911071777,1.4527993202209473
dqn,42,3539,70974,-10.53,53,0,1,0.050000000000000044,0.1792208901964701,1.1607722502488356
dqn,42,3540,70989,9.85,15,1,0,0.050000000000000044,0.08176907896995544,1.020700789988041
dqn,42,3541,71006,9.83,17,1,0,0.050000000000000044,0.22172997519373894,1.0863983184099197
dqn,42,3542,71035,9.71,29,1,0,0.050000000000000044,0.32890125257628305,1.5929622139249529
dqn,42,3543,71075,9.6,40,1,0,0.050000000000000044,0.28155374974012376,1.395831972360611
dqn,42,3544,71079,-10.04,4,0,1,0.050000000000000044,0.1579785794019699,1.1296637058258057
dqn,42,3545,71094,9.85,15,1,0,0.050000000000000044,0.3802633285522461,1.8051542937755585
dqn,42,3546,71118,9.76,24,1,0,0.050000000000000044,0.30437444150447845,1.5890786250432332
dqn,42,3547,71143,9.75,25,1,0,0.050000000000000044,0.37871046364307404,1.852716366449992
dqn,42,3548,71174,-10.31,31,0,1,0.050000000000000044,0.2535031624138355,1.6158999055624008
dqn,42,3549,71177,-10.03,3,0,1,0.050000000000000044,0.27330896258354187,2.010953664779663
dqn,42,3550,71193,9.84,16,1,0,0.050000000000000044,0.3926735930144787,1.5213002264499664
dqn,42,3551,71247,9.46,54,1,0,0.050000000000000044,0.25808487030176014,1.696282331760113
dqn,42,3552,71251,-10.04,4,0,1,0.050000000000000044,0.3086763024330139,1.1295559406280518
dqn,42,3553,71303,9.48,52,1,0,0.050000000000000044,0.22643595647353393,1.7553776777707613
dqn,42,3554,71318,9.85,15,1,0,0.050000000000000044,0.2850417457520962,1.8218438625335693
dqn,42,3555,71338,9.8,20,1,0,0.050000000000000044,0.23909371495246887,1.865403652191162
dqn,42,3556,71354,9.84,16,1,0,0.050000000000000044,0.21306344866752625,1.518705427646637
dqn,42,3557,71368,9.86,14,1,0,0.050000000000000044,0.2549043856561184,1.6467526853084564
dqn,42,3558,71393,-10.25,25,0,1,0.050000000000000044,0.2552225689093272,1.5809311072031658
dqn,42,3559,71439,-10.46,46,0,1,0.050000000000000044,0.21107152104377747,1.697114115411585
dqn,42,3560,71501,9.379999999999999,62,1,0,0.050000000000000044,0.25865021208301187,1.7602948918938637
dqn,42,3561,71514,9.870000000000001,13,1,0,0.050000000000000044,0.23255550861358643,1.6794222593307495
dqn,42,3562,71613,9.01,99,1,0,0.050000000000000044,0.20541386425495148,1.610537359714508
dqn,42,3563,71667,9.46,54,1,0,0.050000000000000044,0.1998085448375115,1.6147225774251497
dqn,42,3564,71706,-10.39,39,0,1,0.050000000000000044,0.20003786608576773,1.5769202351570129
dqn,42,3565,71809,-11.030000000000001,103,0,1,0.050000000000000044,0.2436141251371457,1.7628756715701177
dqn,42,3566,71826,9.83,17,1,0,0.050000000000000044,0.24205594882369041,1.8085897862911224
dqn,42,3567,71845,9.81,19,1,0,0.050000000000000044,0.2032599151134491,1.5684134244918824
dqn,42,3568,71915,9.3,70,1,0,0.050000000000000044,0.2554576475830639,1.9366194570765776
dqn,42,3569,71946,9.69,31,1,0,0.050000000000000044,0.18668870767578483,1.6326560080051422
dqn,42,3570,71966,9.8,20,1,0,0.050000000000000044,0.2406505435705185,1.3956345200538636
dqn,42,3571,71990,9.76,24,1,0,0.050000000000000044,0.2768752897779147,1.6770168940226238
dqn,42,3572,72010,-10.2,20,0,1,0.050000000000000044,0.3770317077636719,1.834618091583252
dqn,42,3573,72028,9.82,18,1,0,0.050000000000000044,0.4998574614524841,2.657988166809082
dqn,42,3574,72079,9.49,51,1,0,0.050000000000000044,0.5193434879183769,2.3715931276480355
dqn,42,3575,72132,9.47,53,1,0,0.050000000000000044,0.4186213229383741,2.4914171525410245
dqn,42,3576,72151,9.81,19,1,0,0.050000000000000044,0.31631649285554886,2.294764220714569
dqn,42,3577,72207,-10.56,56,0,1,0.050000000000000044,0.38854791649750303,2.3458896619932994
dqn,42,3578,72225,-10.18,18,0,1,0.050000000000000044,0.4107192069292068,2.6340168476104737
dqn,42,3579,72247,-10.22,22,0,1,0.050000000000000044,0.2967112123966217,2.5744446754455566
dqn,42,3580,72288,-10.41,41,0,1,0.050000000000000044,0.28671278059482574,2.2474566372958096
dqn,42,3581,72294,-10.06,6,0,1,0.050000000000000044,0.339772492647171,2.686187744140625
dqn,42,3582,72417,8.77,123,1,0,0.050000000000000044,0.30071506721358143,2.5262735351439445
dqn,42,3583,72460,-10.43,43,0,1,0.050000000000000044,0.29754928973588074,2.522077733820135
dqn,42,3584,72547,9.129999999999999,87,1,0,0.050000000000000044,0.2802063042209262,2.40130078792572
dqn,42,3585,72747,7.999999999999998,200,1,0,0.050000000000000044,0.2829172027111053,2.5272085881233215
dqn,42,3586,72785,-10.38,38,0,1,0.050000000000000044,0.2877192452549934,2.6602530241012574
dqn,42,3587,72916,8.69,131,1,0,0.050000000000000044,0.23258739280881305,2.6036632133252695
dqn,42,3588,72930,-10.14,14,0,1,0.050000000000000044,0.34501855075359344,3.091456492741903
dqn,42,3589,72933,-10.03,3,0,1,0.050000000000000044,0.36732247471809387,2.622732162475586
dqn,42,3590,72936,-10.03,3,0,1,0.050000000000000044,0.23453205823898315,2.3661346435546875
dqn,42,3591,72949,-10.129999999999999,13,0,1,0.050000000000000044,0.29923147956530255,2.6757171948750815
dqn,42,3592,73023,-10.74,74,0,1,0.050000000000000044,0.35206983817948234,2.57521124680837
dqn,42,3593,73108,-10.85,85,0,1,0.050000000000000044,0.5298202173276381,3.3267027898268267
dqn,42,3594,73209,-11.01,101,0,1,0.050000000000000044,0.43597925186157227,3.2895552635192873
dqn,42,3595,73259,9.5,50,1,0,0.050000000000000044,0.41862496982018155,3.235479176044464
dqn,42,3596,73289,9.7,30,1,0,0.050000000000000044,0.3971386291086674,3.3787301778793335
dqn,42,3597,73295,-10.06,6,0,1,0.050000000000000044,0.3139832019805908,2.6427364349365234
dqn,42,3598,73333,9.62,38,1,0,0.050000000000000044,0.31184792667627337,3.2606045722961428
dqn,42,3599,73350,9.83,17,1,0,0.050000000000000044,0.3306795135140419,3.1777833104133606
dqn,42,3600,73367,-10.17,17,0,1,0.050000000000000044,0.39532461017370224,3.399978458881378
dqn,42,3601,73411,9.56,44,1,0,0.050000000000000044,0.30679271573370154,3.485744497992776
dqn,42,3602,73452,-10.41,41,0,1,0.050000000000000044,0.2980156662789258,3.1917934634468774
dqn,42,3603,73521,-10.69,69,0,1,0.050000000000000044,0.3089040938545676,3.410026227726656
dqn,42,3604,73594,-10.73,73,0,1,0.050000000000000044,0.26591552876763874,3.5698223378923206
dqn,42,3605,73823,7.710000000000004,229,1,0,0.050000000000000044,0.31604556530191186,3.501978953679403
dqn,42,3606,73909,-10.86,86,0,1,0.050000000000000044,0.33778808130459353,3.5060315782373603
dqn,42,3607,73931,9.78,22,1,0,0.050000000000000044,0.24003947973251344,3.615181303024292
dqn,42,3608,73939,-10.08,8,0,1,0.050000000000000044,0.3327072858810425,3.8315744400024414
dqn,42,3609,74024,9.15,85,1,0,0.050000000000000044,0.3772491988810626,3.6125214966860684
dqn,42,3610,74105,9.19,81,1,0,0.050000000000000044,0.5759399190545083,4.337516582012176
dqn,42,3611,74242,-11.370000000000001,137,0,1,0.050000000000000044,0.4629000118550132,4.321745290475733
dqn,42,3612,74273,-10.31,31,0,1,0.050000000000000044,0.4499292243272066,4.421696037054062
dqn,42,3613,74326,-10.53,53,0,1,0.050000000000000044,0.38928398260703456,4.277373167184683
dqn,42,3614,74364,9.62,38,1,0,0.050000000000000044,0.38635353147983553,4.451435828208924
dqn,42,3615,74460,-10.96,96,0,1,0.050000000000000044,0.3665826413780451,4.244106203317642
dqn,42,3616,74480,-10.2,20,0,1,0.050000000000000044,0.34428195357322694,4.361330223083496
dqn,42,3617,74510,9.7,30,1,0,0.050000000000000044,0.3866227226597922,4.462272780282157
dqn,42,3618,74556,-10.46,46,0,1,0.050000000000000044,0.3668198697268963,4.2908735871315
dqn,42,3619,74603,9.53,47,1,0,0.050000000000000044,0.35947046090256085,4.5690437230196865
dqn,42,3620,74613,-10.1,10,0,1,0.050000000000000044,0.24271697799364725,4.223978916803996
dqn,42,3621,74680,-10.67,67,0,1,0.050000000000000044,0.3377760052680969,4.800664957831888
dqn,42,3622,74905,7.7500000000000036,225,1,0,0.050000000000000044,0.32543813144522055,4.567406581980841
dqn,42,3623,74937,9.68,32,1,0,0.050000000000000044,0.2709830831736326,4.797264128923416
dqn,42,3624,74980,9.57,43,1,0,0.050000000000000044,0.270243457772515,4.282383918762207
dqn,42,3625,74995,-10.15,15,0,1,0.050000000000000044,0.28563948969046277,4.242138226826985
dqn,42,3626,75019,9.76,24,1,0,0.050000000000000044,0.6542203028996786,5.204428037007649
dqn,42,3627,75027,-10.08,8,0,1,0.050000000000000044,0.7425627112388611,6.226701498031616
dqn,42,3628,75174,8.53,147,1,0,0.050000000000000044,0.5891757075851028,5.596700797209868
dqn,42,3629,75205,-10.31,31,0,1,0.050000000000000044,0.4552634693682194,5.387040495872498
dqn,42,3630,75257,-10.52,52,0,1,0.050000000000000044,0.39055089767162615,5.713106815631573
dqn,42,3631,75479,-12.219999999999997,222,0,1,0.050000000000000044,0.4187555578621951,5.773513689908114
dqn,42,3632,75531,-10.52,52,0,1,0.050000000000000044,0.3644443521132836,5.728599144862248
dqn,42,3633,75563,-10.32,32,0,1,0.050000000000000044,0.4342271275818348,5.552884340286255
dqn,42,3634,75581,-10.18,18,0,1,0.050000000000000044,0.3928143262863159,5.579114151000977
dqn,42,3635,75637,-10.56,56,0,1,0.050000000000000044,0.35404265778405325,5.911494016647339
dqn,42,3636,75729,-10.92,92,0,1,0.050000000000000044,0.33811037307200226,6.004833179971446
dqn,42,3637,75779,9.5,50,1,0,0.050000000000000044,0.3447619403402011,5.504764755566915
dqn,42,3638,75796,-10.17,17,0,1,0.050000000000000044,0.3650983452796936,5.849833393096924
dqn,42,3639,75856,9.4,60,1,0,0.050000000000000044,0.3706704040368398,5.883887068430583
dqn,42,3640,75870,-10.14,14,0,1,0.050000000000000044,0.35899601380030316,5.656447251637776
dqn,42,3641,75941,-10.71,71,0,1,0.050000000000000044,0.3557263712088267,5.786636405520969
dqn,42,3642,75975,-10.34,34,0,1,0.050000000000000044,0.3022329192608595,5.951293885707855
dqn,42,3643,75998,9.77,23,1,0,0.050000000000000044,0.38311276336510974,5.817928473154704
dqn,42,3644,76145,-11.47,147,0,1,0.050000000000000044,0.5515281976880254,6.689249567083411
dqn,42,3645,76202,-10.57,57,0,1,0.050000000000000044,0.43734095990657806,6.5754020895276755
dqn,42,3646,76348,-11.46,146,0,1,0.050000000000000044,0.3606988002319594,6.750986047693201
dqn,42,3647,76432,-10.84,84,0,1,0.050000000000000044,0.3542989691098531,6.676715078808012
dqn,42,3648,76688,-2.5599999999999894,256,0,0,0.050000000000000044,0.3281486809719354,6.814120538532734
dqn,42,3649,76766,9.219999999999999,78,1,0,0.050000000000000044,0.3157401641732768,6.678627666674163
dqn,42,3650,76848,-10.82,82,0,1,0.050000000000000044,0.28530948431718917,6.622918424152193
dqn,42,3651,76908,-10.6,60,0,1,0.050000000000000044,0.28072813947995506,6.895598316192627
dqn,42,3652,77083,-11.750000000000002,175,0,1,0.050000000000000044,0.39692449777625327,7.05034601965616
dqn,42,3653,77128,-10.45,45,0,1,0.050000000000000044,0.3683473914861679,8.078505516052246
dqn,42,3654,77284,-11.56,156,0,1,0.050000000000000044,0.3136637103863252,7.838927097809621
dqn,42,3655,77359,-10.75,75,0,1,0.050000000000000044,0.2822481062677171,7.96896227200826
dqn,42,3656,77615,-2.5599999999999894,256,0,0,0.050000000000000044,0.248061511432752,7.7616929560899734
dqn,42,3657,77841,-12.259999999999996,226,0,1,0.050000000000000044,0.23505773735150956,7.965181057913261
dqn,42,3658,77894,-10.53,53,0,1,0.050000000000000044,0.23171285941050604,8.018583151010366
dqn,42,3659,77936,-10.42,42,0,1,0.050000000000000044,0.2402159639380195,7.785700104453347
dqn,42,3660,78015,-10.790000000000001,79,0,1,0.050000000000000044,0.27596989117170634,8.00069849114669
dqn,42,3661,78102,-10.870000000000001,87,0,1,0.050000000000000044,0.3833031708543951,8.96363353729248
dqn,42,3662,78229,8.729999999999999,127,1,0,0.050000000000000044,0.24479065230116248,8.959295451641083
dqn,42,3663,78257,-10.28,28,0,1,0.050000000000000044,0.19394713108028686,9.015804018293109
dqn,42,3664,78267,-10.1,10,0,1,0.050000000000000044,0.2883963882923126,9.177093982696533
dqn,42,3665,78344,-10.77,77,0,1,0.050000000000000044,0.20440409407019616,9.009284496307373
dqn,42,3666,78527,8.169999999999998,183,1,0,0.050000000000000044,0.19613311174843046,9.149326048956977
dqn,42,3667,78654,8.729999999999999,127,1,0,0.050000000000000044,0.20022528734989464,8.984796911478043
dqn,42,3668,78720,-10.66,66,0,1,0.050000000000000044,0.18029231928727207,9.12338498059441
dqn,42,3669,78976,-2.5599999999999894,256,0,0,0.050000000000000044,0.19236461375840008,8.980772346258163
dqn,42,3670,78980,-10.04,4,0,1,0.050000000000000044,0.143044576048851,7.771638870239258
dqn,42,3671,79111,-11.31,131,0,1,0.050000000000000044,0.24219035636633635,9.710999518632889
dqn,42,3672,79172,9.39,61,1,0,0.050000000000000044,0.1644810540601611,9.92674994468689
dqn,42,3673,79218,-10.46,46,0,1,0.050000000000000044,0.18051734973083844,9.814116911454635
dqn,42,3674,79260,-10.42,42,0,1,0.050000000000000044,0.15537703917785126,9.769539052789861
dqn,42,3675,79516,-2.5599999999999894,256,0,0,0.050000000000000044,0.13499608827987686,9.837599858641624
dqn,42,3676,79580,-10.64,64,0,1,0.050000000000000044,0.15303438529372215,9.818669199943542
dqn,42,3677,79710,-11.3,130,0,1,0.050000000000000044,0.13646557764150202,9.84505981206894
dqn,42,3678,79754,-10.44,44,0,1,0.050000000000000044,0.11638838391412389,9.931556008078836
dqn,42,3679,80010,-2.5599999999999894,256,0,0,0.050000000000000044,0.13194226252380759,9.847523018717766
dqn,42,3680,80032,-10.22,22,0,1,0.050000000000000044,0.25733670343955356,10.45550791422526
dqn,42,3681,80100,-10.68,68,0,1,0.050000000000000044,0.164955776403932,10.40706724279067
dqn,42,3682,80118,-10.18,18,0,1,0.050000000000000044,0.1713368259370327,10.174130916595459
dqn,42,3683,80374,-2.5599999999999894,256,0,0,0.050000000000000044,0.11613372166175395,10.34263214468956
dqn,42,3684,80390,-10.16,16,0,1,0.050000000000000044,0.1004284918308258,10.435784816741943
dqn,42,3685,80646,-2.5599999999999894,256,0,0,0.050000000000000044,0.10492094600340351,10.352062851190567
dqn,42,3686,80736,-10.9,90,0,1,0.050000000000000044,0.0936822068432103,10.401322198950727
dqn,42,3687,80751,-10.15,15,0,1,0.050000000000000044,0.17866117507219315,10.193462053934732
dqn,42,3688,81007,-2.5599999999999894,256,0,0,0.050000000000000044,0.11479586735367775,10.430962279438972
dqn,42,3689,81195,-11.88,188,0,1,0.050000000000000044,0.11495595552185749,10.785864160415974
dqn,42,3690,81232,-10.37,37,0,1,0.050000000000000044,0.07658929191529751,10.768424129486084
dqn,42,3691,81276,-10.44,44,0,1,0.050000000000000044,0.08911182257262143,10.850530624389648
dqn,42,3692,81282,-10.06,6,0,1,0.050000000000000044,0.04250934347510338,11.233319282531738
dqn,42,3693,81384,8.98,102,1,0,0.050000000000000044,0.08625008910894394,10.826357658092792
dqn,42,3694,81493,-11.09,109,0,1,0.050000000000000044,0.07548457094364697,10.629657851325142
dqn,42,3695,81693,7.999999999999998,200,1,0,0.050000000000000044,0.08654104739427566,10.753484725952148
dqn,42,3696,81717,-10.24,24,0,1,0.050000000000000044,0.11207309054831664,10.833756605784098
dqn,42,3697,81828,-11.110000000000001,111,0,1,0.050000000000000044,0.06362972368619271,10.791345460074288
dqn,42,3698,81909,9.19,81,1,0,0.050000000000000044,0.07331686615943908,10.859403038024903
dqn,42,3699,82048,-11.39,139,0,1,0.050000000000000044,0.09674534127116204,10.76474358694894
dqn,42,3700,82077,-10.29,29,0,1,0.050000000000000044,0.07566490343638829,10.913693972996303
dqn,42,3701,82333,-2.5599999999999894,256,0,0,0.050000000000000044,0.061929362098453566,10.927689775824547
dqn,42,3702,82570,-12.369999999999994,237,0,1,0.050000000000000044,0.04862592628194114,11.072565903097896
dqn,42,3703,82628,-10.58,58,0,1,0.050000000000000044,0.049669929593801496,10.988063557942708
dqn,42,3704,82755,-11.270000000000001,127,0,1,0.050000000000000044,0.04691238551130218,11.011981471892327
dqn,42,3705,82802,-10.47,47,0,1,0.050000000000000044,0.03793313695738713,11.188522656758627
dqn,42,3706,83058,-2.5599999999999894,256,0,0,0.050000000000000044,0.05261210075695999,11.086604863405228
dqn,42,3707,83228,-11.700000000000001,170,0,1,0.050000000000000044,0.045593958261401155,11.076534160347872
dqn,42,3708,83416,8.12,188,1,0,0.050000000000000044,0.04314067856745517,11.056198059244359
dqn,42,3709,83485,9.31,69,1,0,0.050000000000000044,0.04911717279430698,11.07591309266932
dqn,42,3710,83741,-2.5599999999999894,256,0,0,0.050000000000000044,0.036490022379439324,11.130070582032204
dqn,42,3711,83828,-10.870000000000001,87,0,1,0.050000000000000044,0.03918050915341486,10.993953661485152
dqn,42,3712,84084,-2.5599999999999894,256,0,0,0.050000000000000044,0.04389028312289156,11.133644685149193
dqn,42,3713,84156,-10.72,72,0,1,0.050000000000000044,0.041478878611491785,11.22815031475491
dqn,42,3714,84209,-10.53,53,0,1,0.050000000000000044,0.037763213738799095,11.210463670583872
dqn,42,3715,84294,-10.85,85,0,1,0.050000000000000044,0.03713702933774108,11.34654104141962
dqn,42,3716,84295,-10.01,1,0,1,0.050000000000000044,,
dqn,42,3717,84407,-11.120000000000001,112,0,1,0.050000000000000044,0.03246516508183309,11.370731626238141
dqn,42,3718,84472,-10.65,65,0,1,0.050000000000000044,0.026981079896145007,11.32009365979363
dqn,42,3719,84559,-10.870000000000001,87,0,1,0.050000000000000044,0.02796685252161253,11.2493801571074
dqn,42,3720,84731,-11.72,172,0,1,0.050000000000000044,0.03498639348287915,11.340861786243527
dqn,42,3721,84944,7.870000000000001,213,1,0,0.050000000000000044,0.028598258358046965,11.217575444115532
dqn,42,3722,84958,-10.14,14,0,1,0.050000000000000044,0.022525192548831303,11.236139615376791
dqn,42,3723,85071,-11.13,113,0,1,0.050000000000000044,0.0397967799300594,11.517301389149257
dqn,42,3724,85244,-11.73,173,0,1,0.050000000000000044,0.03326751778579571,11.40829068964178
dqn,42,3725,85500,-2.5599999999999894,256,0,0,0.050000000000000044,0.02751205346430652,11.480591982603073
dqn,42,3726,85692,8.079999999999998,192,1,0,0.050000000000000044,0.03322672397674372,11.3693834344546
dqn,42,3727,85928,-12.359999999999994,236,0,1,0.050000000000000044,0.03879924746766939,11.456873829081907
dqn,42,3728,86078,-11.5,150,0,1,0.050000000000000044,0.036530692331694266,11.542947176340464
dqn,42,3729,86334,-2.5599999999999894,256,0,0,0.050000000000000044,0.03602142744057346,11.613851979374886
dqn,42,3730,86351,-10.17,17,0,1,0.050000000000000044,0.027677019592374563,11.55647087097168
dqn,42,3731,86381,-10.3,30,0,1,0.050000000000000044,0.0625740485265851,11.613123416900635
dqn,42,3732,86404,-10.23,23,0,1,0.050000000000000044,0.0393621933956941,11.746576150258383
dqn,42,3733,86413,-10.09,9,0,1,0.050000000000000044,0.03298798203468323,11.736069202423096
dqn,42,3734,86415,-10.02,2,0,1,0.050000000000000044,,
dqn,42,3735,86561,-11.46,146,0,1,0.050000000000000044,0.04455225275376359,11.631898544930124
dqn,42,3736,86706,-11.450000000000001,145,0,1,0.050000000000000044,0.04440548855604397,11.709603733486599
dqn,42,3737,86748,-10.42,42,0,1,0.050000000000000044,0.049740498546849594,11.752606478604404
dqn,42,3738,87004,-12.55999999999999,256,0,1,0.050000000000000044,0.03802741429535672,11.648442476987839
dqn,42,3739,87260,-2.5599999999999894,256,0,0,0.050000000000000044,0.03590493800584227,11.797829419374466
dqn,42,3740,87516,-2.5599999999999894,256,0,0,0.050000000000000044,0.03308178612496704,11.70911817252636
dqn,42,3741,87647,-11.31,131,0,1,0.050000000000000044,0.025122340419329703,11.785020112991333
dqn,42,3742,87903,-2.5599999999999894,256,0,0,0.050000000000000044,0.02424896832962986,11.814066857099533
dqn,42,3743,87935,-10.32,32,0,1,0.050000000000000044,0.05627868080046028,11.73557448387146
dqn,42,3744,88167,-12.319999999999995,232,0,1,0.050000000000000044,0.026391614951064873,11.792666287257754
dqn,42,3745,88423,-2.5599999999999894,256,0,0,0.050000000000000044,0.024476277409121394,11.815824046730995
dqn,42,3746,88679,-2.5599999999999894,256,0,0,0.050000000000000044,0.024712102371267974,11.83100226521492
dqn,42,3747,88705,-10.26,26,0,1,0.050000000000000044,0.019650803080626895,11.902105058942523
dqn,42,3748,88807,-11.02,102,0,1,0.050000000000000044,0.029272889271378517,11.840149612426758
dqn,42,3749,88902,-10.950000000000001,95,0,1,0.050000000000000044,0.01678926800377667,11.71514117717743
dqn,42,3750,89090,-11.88,188,0,1,0.050000000000000044,0.02036776290612018,11.902211453052278
dqn,42,3751,89102,-10.12,12,0,1,0.050000000000000044,0.014892912780245146,11.632510821024576
dqn,42,3752,89226,-11.24,124,0,1,0.050000000000000044,0.025531649349197265,11.818819569003198
dqn,42,3753,89337,-11.110000000000001,111,0,1,0.050000000000000044,0.019247959251515567,11.758921350751605
dqn,42,3754,89593,-2.5599999999999894,256,0,0,0.050000000000000044,0.0239757982417359,11.692312076687813
dqn,42,3755,89654,9.39,61,1,0,0.050000000000000044,0.015761717595160006,11.93892879486084
dqn,42,3756,89910,-2.5599999999999894,256,0,0,0.050000000000000044,0.029775145565508865,11.765310525894165
dqn,42,3757,89941,-10.31,31,0,1,0.050000000000000044,0.012799147167243063,11.72639799118042
dqn,42,3758,90197,-2.5599999999999894,256,0,0,0.050000000000000044,0.030082888901233673,11.870231807231903
dqn,42,3759,90265,-10.68,68,0,1,0.050000000000000044,0.016019023900084636,11.85978334090289
dqn,42,3760,90521,-2.5599999999999894,256,0,0,0.050000000000000044,0.018703743437072262,11.837344482541084
dqn,42,3761,90584,-10.63,63,0,1,0.050000000000000044,0.015415574598591775,11.8651642203331
dqn,42,3762,90840,-2.5599999999999894,256,0,0,0.050000000000000044,0.02014193790819263,11.807227537035942
dqn,42,3763,91096,-2.5599999999999894,256,0,0,0.050000000000000044,0.018373939135926776,11.811890915036201
dqn,42,3764,91213,-11.17,117,0,1,0.050000000000000044,0.019275056712072473,11.878520110557819
dqn,42,3765,91224,-10.11,11,0,1,0.050000000000000044,0.008782942468921343,12.001934051513672
dqn,42,3766,91480,-2.5599999999999894,256,0,0,0.050000000000000044,0.02650493474357063,11.785941913723946
dqn,42,3767,91488,-10.08,8,0,1,0.050000000000000044,0.010648945579305291,11.83177661895752
dqn,42,3768,91679,-11.910000000000002,191,0,1,0.050000000000000044,0.025112068161685416,11.858150137231705
dqn,42,3769,91935,-2.5599999999999894,256,0,0,0.050000000000000044,0.013951780936622526,11.801295161247253
dqn,42,3770,91955,-10.2,20,0,1,0.050000000000000044,0.010096540674567223,11.846570777893067
dqn,42,3771,92076,-11.21,121,0,1,0.050000000000000044,0.024640486545620427,11.790876911532495
dqn,42,3772,92113,-10.37,37,0,1,0.050000000000000044,0.013501568593912654,11.661133236355251
dqn,42,3773,92369,-2.5599999999999894,256,0,0,0.050000000000000044,0.017390480119502172,11.700675427913666
dqn,42,3774,92385,-10.16,16,0,1,0.050000000000000044,0.01189332571811974,11.734838724136353
dqn,42,3775,92396,-10.11,11,0,1,0.050000000000000044,0.01068226806819439,11.796462059020996
dqn,42,3776,92652,-2.5599999999999894,256,0,0,0.050000000000000044,0.02073577531700721,11.677774548530579
dqn,42,3777,92908,-2.5599999999999894,256,0,0,0.050000000000000044,0.012682397922617383,11.768452867865562
dqn,42,3778,93164,-2.5599999999999894,256,0,0,0.050000000000000044,0.024246497756394092,11.77543817460537
dqn,42,3779,93183,-10.19,19,0,1,0.050000000000000044,0.01010438078083098,11.44826340675354
dqn,42,3780,93439,-2.5599999999999894,256,0,0,0.050000000000000044,0.02240555296157254,11.71103549003601
dqn,42,3781,93695,-2.5599999999999894,256,0,0,0.050000000000000044,0.018850134994863765,11.743502870202065
dqn,42,3782,93711,-10.16,16,0,1,0.050000000000000044,0.006812673062086105,11.841420888900757
dqn,42,3783,93950,-12.389999999999993,239,0,1,0.050000000000000044,0.008335882433069248,11.74666550954183
dqn,42,3784,93983,-10.33,33,0,1,0.050000000000000044,0.03487805405166,11.637519598007202
dqn,42,3785,93995,-10.12,12,0,1,0.050000000000000044,0.1309089045971632,11.738325119018555
dqn,42,3786,94089,-10.940000000000001,94,0,1,0.050000000000000044,0.012520772191540649,11.719523111979166
dqn,42,3787,94131,-10.42,42,0,1,0.050000000000000044,0.011156679457053542,11.792964839935303
dqn,42,3788,94154,-10.23,23,0,1,0.050000000000000044,0.07194877928122878,11.544645627339682
dqn,42,3789,94160,-10.06,6,0,1,0.050000000000000044,0.013483957387506962,11.827834129333496
dqn,42,3790,94223,-10.63,63,0,1,0.050000000000000044,0.024560237551728883,11.719962628682454
dqn,42,3791,94376,-11.530000000000001,153,0,1,0.050000000000000044,0.00911440770738782,11.650449043665176
dqn,42,3792,94495,-11.190000000000001,119,0,1,0.050000000000000044,0.021850588201577294,11.723810722087991
dqn,42,3793,94751,-2.5599999999999894,256,0,0,0.050000000000000044,0.015936305360810366,11.70648318529129
dqn,42,3794,94925,-11.740000000000002,174,0,1,0.050000000000000044,0.00982287935700945,11.682725472883744
dqn,42,3795,95073,-11.48,148,0,1,0.050000000000000044,0.015794483762284792,11.758668925311115
dqn,42,3796,95261,-11.88,188,0,1,0.050000000000000044,0.029096364558852734,11.675374457176696
dqn,42,3797,95334,9.27,73,1,0,0.050000000000000044,0.02743490661183993,11.620274172888863
dqn,42,3798,95590,-2.5599999999999894,256,0,0,0.050000000000000044,0.02283889266254846,11.642877414822578
dqn,42,3799,95598,-10.08,8,0,1,0.050000000000000044,0.010764139937236905,11.7367844581604
dqn,42,3800,95854,-2.5599999999999894,256,0,0,0.050000000000000044,0.018565612852398772,11.650586977601051
dqn,42,3801,96110,-2.5599999999999894,256,0,0,0.050000000000000044,0.011834020493552089,11.677868038415909
dqn,42,3802,96366,-2.5599999999999894,256,0,0,0.050000000000000044,0.019236561020079535,11.638503313064575
dqn,42,3803,96622,-2.5599999999999894,256,0,0,0.050000000000000044,0.015448711965291295,11.60710096359253
dqn,42,3804,96705,-10.83,83,0,1,0.050000000000000044,0.006440420091773073,11.619091351826986
dqn,42,3805,96715,-10.1,10,0,1,0.050000000000000044,0.006707629654556513,11.572489261627197
dqn,42,3806,96971,-12.55999999999999,256,0,1,0.050000000000000044,0.01665418565244181,11.59007142484188
dqn,42,3807,97125,-11.540000000000001,154,0,1,0.050000000000000044,0.024680152595138703,11.616529611440805
dqn,42,3808,97381,-2.5599999999999894,256,0,0,0.050000000000000044,0.01193557566148229,11.566569700837135
dqn,42,3809,97637,-2.5599999999999894,256,0,0,0.050000000000000044,0.017940115325473016,11.612960457801819
dqn,42,3810,97764,-11.270000000000001,127,0,1,0.050000000000000044,0.016758892896177713,11.596374303102493
dqn,42,3811,98020,-2.5599999999999894,256,0,0,0.050000000000000044,0.010529736620810581,11.615489572286606
dqn,42,3812,98276,-2.5599999999999894,256,0,0,0.050000000000000044,0.01795000454512774,11.565354093909264
dqn,42,3813,98456,-11.8,180,0,1,0.050000000000000044,0.013605466391891242,11.502773030598958
dqn,42,3814,98674,-12.179999999999998,218,0,1,0.050000000000000044,0.008583740891750765,11.588065129739267
dqn,42,3815,98930,-2.5599999999999894,256,0,0,0.050000000000000044,0.020791691404156154,11.611749902367592
dqn,42,3816,99059,-11.290000000000001,129,0,1,0.050000000000000044,0.01791065057477681,11.549593836069107
dqn,42,3817,99263,-12.040000000000001,204,0,1,0.050000000000000044,0.020198215036561676,11.534831103156595
dqn,42,3818,99385,-11.22,122,0,1,0.050000000000000044,0.016164397347658392,11.534644342237904
dqn,42,3819,99641,-2.5599999999999894,256,0,0,0.050000000000000044,0.02302838789182715,11.572637617588043
dqn,42,3820,99674,-10.33,33,0,1,0.050000000000000044,0.027312615246046335,11.6249760389328
dqn,42,3821,99728,-10.54,54,0,1,0.050000000000000044,0.07100696321244218,11.614297934940883
dqn,42,3822,99973,-12.449999999999992,245,0,1,0.050000000000000044,0.02966600422533687,11.600080880962434
dqn,42,3823,99976,-10.03,3,0,1,0.050000000000000044,0.18235480785369873,11.782014846801758
