algorithm,seed,episode,global_step,episode_return,episode_steps,success,collision,epsilon,mean_loss,mean_q
dqn,123,1,4,-10.04,4,0,1,0.9999366666666667,,
dqn,123,2,21,-10.17,17,0,1,0.9996675,,
dqn,123,3,26,-10.049999999999999,5,0,1,0.9995883333333333,,
dqn,123,4,36,-10.1,10,0,1,0.99943,,
dqn,123,5,71,-10.35,35,0,1,0.9988758333333333,,
dqn,123,6,77,-10.06,6,0,1,0.9987808333333333,,
dqn,123,7,93,-10.16,16,0,1,0.9985275,,
dqn,123,8,97,-10.04,4,0,1,0.9984641666666667,,
dqn,123,9,99,-10.02,2,0,1,0.9984325,,
dqn,123,10,107,-10.08,8,0,1,0.9983058333333333,,
dqn,123,11,112,-10.049999999999999,5,0,1,0.9982266666666667,,
dqn,123,12,132,-10.2,20,0,1,0.99791,,
dqn,123,13,137,-10.049999999999999,5,0,1,0.9978308333333333,,
dqn,123,14,159,-10.22,22,0,1,0.9974825,,
dqn,123,15,164,-10.049999999999999,5,0,1,0.9974033333333333,,
dqn,123,16,187,-10.23,23,0,1,0.9970391666666667,,
dqn,123,17,192,-10.049999999999999,5,0,1,0.99696,,
dqn,123,18,202,-10.1,10,0,1,0.9968016666666667,,
dqn,123,19,225,-10.23,23,0,1,0.9964375,,
dqn,123,20,227,-10.02,2,0,1,0.9964058333333333,,
dqn,123,21,236,-10.09,9,0,1,0.9962633333333333,,
dqn,123,22,244,-10.08,8,0,1,0.9961366666666667,,
dqn,123,23,261,-10.17,17,0,1,0.9958675,,
dqn,123,24,292,-10.31,31,0,1,0.9953766666666667,,
dqn,123,25,300,-10.08,8,0,1,0.99525,,
dqn,123,26,305,-10.049999999999999,5,0,1,0.9951708333333333,,
dqn,123,27,309,-10.04,4,0,1,0.9951075,,
dqn,123,28,320,-10.11,11,0,1,0.9949333333333333,,
dqn,123,29,327,-10.07,7,0,1,0.9948225,,
dqn,123,30,341,-10.14,14,0,1,0.9946008333333334,,
dqn,123,31,353,-10.12,12,0,1,0.9944108333333334,,
dqn,123,32,356,-10.03,3,0,1,0.9943633333333334,,
dqn,123,33,373,-10.17,17,0,1,0.9940941666666667,,
dqn,123,34,392,-10.19,19,0,1,0.9937933333333333,,
dqn,123,35,394,-10.02,2,0,1,0.9937616666666667,,
dqn,123,36,400,-10.06,6,0,1,0.9936666666666667,,
dqn,123,37,462,-10.620000000000001,62,0,1,0.992685,,
dqn,123,38,466,-10.04,4,0,1,0.9926216666666666,,
dqn,123,39,472,-10.06,6,0,1,0.9925266666666667,,
dqn,123,40,477,-10.049999999999999,5,0,1,0.9924475,,
dqn,123,41,506,-10.29,29,0,1,0.9919883333333334,,
dqn,123,42,508,-10.02,2,0,1,0.9919566666666667,,
dqn,123,43,515,-10.07,7,0,1,0.9918458333333333,,
dqn,123,44,525,-10.1,10,0,1,0.9916875,,
dqn,123,45,552,-10.27,27,0,1,0.99126,,
dqn,123,46,557,-10.049999999999999,5,0,1,0.9911808333333333,,
dqn,123,47,577,-10.2,20,0,1,0.9908641666666667,,
dqn,123,48,588,-10.11,11,0,1,0.99069,,
dqn,123,49,591,-10.03,3,0,1,0.9906425,,
dqn,123,50,610,-10.19,19,0,1,0.9903416666666667,,
dqn,123,51,616,-10.06,6,0,1,0.9902466666666667,,
dqn,123,52,619,-10.03,3,0,1,0.9901991666666666,,
dqn,123,53,621,-10.02,2,0,1,0.9901675,,
dqn,123,54,625,-10.04,4,0,1,0.9901041666666667,,
dqn,123,55,628,-10.03,3,0,1,0.9900566666666667,,
dqn,123,56,633,-10.049999999999999,5,0,1,0.9899775,,
dqn,123,57,656,-10.23,23,0,1,0.9896133333333333,,
dqn,123,58,667,-10.11,11,0,1,0.9894391666666666,,
dqn,123,59,670,-10.03,3,0,1,0.9893916666666667,,
dqn,123,60,672,-10.02,2,0,1,0.98936,,
dqn,123,61,685,-10.129999999999999,13,0,1,0.9891541666666667,,
dqn,123,62,687,-10.02,2,0,1,0.9891225,,
dqn,123,63,699,-10.12,12,0,1,0.9889325,,
dqn,123,64,714,-10.15,15,0,1,0.988695,,
dqn,123,65,744,-10.3,30,0,1,0.98822,,
dqn,123,66,749,-10.049999999999999,5,0,1,0.9881408333333334,,
dqn,123,67,754,-10.049999999999999,5,0,1,0.9880616666666666,,
dqn,123,68,765,-10.11,11,0,1,0.9878875,,
dqn,123,69,781,-10.16,16,0,1,0.9876341666666667,,
dqn,123,70,790,-10.09,9,0,1,0.9874916666666667,,
dqn,123,71,795,-10.049999999999999,5,0,1,0.9874125,,
dqn,123,72,797,-10.02,2,0,1,0.9873808333333334,,
dqn,123,73,803,-10.06,6,0,1,0.9872858333333333,,
dqn,123,74,806,-10.03,3,0,1,0.9872383333333333,,
dqn,123,75,815,-10.09,9,0,1,0.9870958333333333,,
dqn,123,76,820,-10.049999999999999,5,0,1,0.9870166666666667,,
dqn,123,77,827,-10.07,7,0,1,0.9869058333333334,,
dqn,123,78,831,-10.04,4,0,1,0.9868425,,
dqn,123,79,834,-10.03,3,0,1,0.986795,,
dqn,123,80,835,-10.01,1,0,1,0.9867791666666667,,
dqn,123,81,841,-10.06,6,0,1,0.9866841666666667,,
dqn,123,82,857,-10.16,16,0,1,0.9864308333333334,,
dqn,123,83,863,-10.06,6,0,1,0.9863358333333333,,
dqn,123,84,904,-10.41,41,0,1,0.9856866666666667,,
dqn,123,85,918,-10.14,14,0,1,0.985465,,
dqn,123,86,966,-10.48,48,0,1,0.984705,,
dqn,123,87,969,-10.03,3,0,1,0.9846575,,
dqn,123,88,976,-10.07,7,0,1,0.9845466666666667,,
dqn,123,89,978,-10.02,2,0,1,0.984515,,
dqn,123,90,993,-10.15,15,0,1,0.9842775,,
dqn,123,91,997,-10.04,4,0,1,0.9842141666666666,,
dqn,123,92,1006,-10.09,9,0,1,0.9840716666666667,,
dqn,123,93,1024,-10.18,18,0,1,0.9837866666666667,,
dqn,123,94,1027,-10.03,3,0,1,0.9837391666666667,,
dqn,123,95,1036,-10.09,9,0,1,0.9835966666666667,,
dqn,123,96,1049,-10.129999999999999,13,0,1,0.9833908333333333,,
dqn,123,97,1053,-10.04,4,0,1,0.9833275,,
dqn,123,98,1081,-10.28,28,0,1,0.9828841666666667,,
dqn,123,99,1085,-10.04,4,0,1,0.9828208333333334,,
dqn,123,100,1088,-10.03,3,0,1,0.9827733333333333,,
dqn,123,101,1090,-10.02,2,0,1,0.9827416666666666,,
dqn,123,102,1102,-10.12,12,0,1,0.9825516666666667,,
dqn,123,103,1121,-10.19,19,0,1,0.9822508333333333,,
dqn,123,104,1126,-10.049999999999999,5,0,1,0.9821716666666667,,
dqn,123,105,1141,-10.15,15,0,1,0.9819341666666667,,
dqn,123,106,1142,-10.01,1,0,1,0.9819183333333333,,
dqn,123,107,1159,-10.17,17,0,1,0.9816491666666667,,
dqn,123,108,1167,-10.08,8,0,1,0.9815225,,
dqn,123,109,1177,-10.1,10,0,1,0.9813641666666667,,
dqn,123,110,1179,-10.02,2,0,1,0.9813325,,
dqn,123,111,1187,-10.08,8,0,1,0.9812058333333333,,
dqn,123,112,1194,-10.07,7,0,1,0.981095,,
dqn,123,113,1241,-10.47,47,0,1,0.9803508333333333,,
dqn,123,114,1257,-10.16,16,0,1,0.9800975,,
dqn,123,115,1266,-10.09,9,0,1,0.979955,,
dqn,123,116,1269,-10.03,3,0,1,0.9799075,,
dqn,123,117,1275,-10.06,6,0,1,0.9798125,,
dqn,123,118,1292,-10.17,17,0,1,0.9795433333333333,,
dqn,123,119,1297,-10.049999999999999,5,0,1,0.9794641666666667,,
dqn,123,120,1298,-10.01,1,0,1,0.9794483333333334,,
dqn,123,121,1306,-10.08,8,0,1,0.9793216666666666,,
dqn,123,122,1308,-10.02,2,0,1,0.97929,,
dqn,123,123,1311,-10.03,3,0,1,0.9792425,,
dqn,123,124,1324,-10.129999999999999,13,0,1,0.9790366666666667,,
dqn,123,125,1328,-10.04,4,0,1,0.9789733333333334,,
dqn,123,126,1355,-10.27,27,0,1,0.9785458333333333,,
dqn,123,127,1357,-10.02,2,0,1,0.9785141666666667,,
dqn,123,128,1360,-10.03,3,0,1,0.9784666666666667,,
dqn,123,129,1375,-10.15,15,0,1,0.9782291666666667,,
dqn,123,130,1386,-10.11,11,0,1,0.978055,,
dqn,123,131,1393,-10.07,7,0,1,0.9779441666666666,,
dqn,123,132,1396,-10.03,3,0,1,0.9778966666666666,,
dqn,123,133,1399,-10.03,3,0,1,0.9778491666666667,,
dqn,123,134,1404,-10.049999999999999,5,0,1,0.97777,,
dqn,123,135,1427,-10.23,23,0,1,0.9774058333333333,,
dqn,123,136,1436,-10.09,9,0,1,0.9772633333333334,,
dqn,123,137,1445,-10.09,9,0,1,0.9771208333333333,,
dqn,123,138,1470,-10.25,25,0,1,0.976725,,
dqn,123,139,1472,-10.02,2,0,1,0.9766933333333333,,
dqn,123,140,1526,-10.54,54,0,1,0.9758383333333334,,
dqn,123,141,1530,-10.04,4,0,1,0.9757750000000001,,
dqn,123,142,1533,-10.03,3,0,1,0.9757275,,
dqn,123,143,1535,-10.02,2,0,1,0.9756958333333333,,
dqn,123,144,1555,-10.2,20,0,1,0.9753791666666667,,
dqn,123,145,1562,-10.07,7,0,1,0.9752683333333333,,
dqn,123,146,1577,-10.15,15,0,1,0.9750308333333333,,
dqn,123,147,1584,-10.07,7,0,1,0.97492,,
dqn,123,148,1593,-10.09,9,0,1,0.9747775,,
dqn,123,149,1604,-10.11,11,0,1,0.9746033333333334,,
dqn,123,150,1610,-10.06,6,0,1,0.9745083333333333,,
dqn,123,151,1613,-10.03,3,0,1,0.9744608333333333,,
dqn,123,152,1616,-10.03,3,0,1,0.9744133333333334,,
dqn,123,153,1620,-10.04,4,0,1,0.97435,,
dqn,123,154,1626,-10.06,6,0,1,0.974255,,
dqn,123,155,1627,-10.01,1,0,1,0.9742391666666667,,
dqn,123,156,1632,-10.049999999999999,5,0,1,0.97416,,
dqn,123,157,1633,-10.01,1,0,1,0.9741441666666667,,
dqn,123,158,1637,-10.04,4,0,1,0.9740808333333333,,
dqn,123,159,1643,-10.06,6,0,1,0.9739858333333333,,
dqn,123,160,1656,-10.129999999999999,13,0,1,0.97378,,
dqn,123,161,1657,-10.01,1,0,1,0.9737641666666667,,
dqn,123,162,1670,-10.129999999999999,13,0,1,0.9735583333333333,,
dqn,123,163,1672,-10.02,2,0,1,0.9735266666666667,,
dqn,123,164,1677,-10.049999999999999,5,0,1,0.9734475,,
dqn,123,165,1714,-10.37,37,0,1,0.9728616666666666,,
dqn,123,166,1724,-10.1,10,0,1,0.9727033333333334,,
dqn,123,167,1727,-10.03,3,0,1,0.9726558333333334,,
dqn,123,168,1730,-10.03,3,0,1,0.9726083333333333,,
dqn,123,169,1733,-10.03,3,0,1,0.9725608333333333,,
dqn,123,170,1735,-10.02,2,0,1,0.9725291666666667,,
dqn,123,171,1738,-10.03,3,0,1,0.9724816666666667,,
dqn,123,172,1739,-10.01,1,0,1,0.9724658333333334,,
dqn,123,173,1772,-10.33,33,0,1,0.9719433333333334,,
dqn,123,174,1788,-10.16,16,0,1,0.97169,,
dqn,123,175,1812,-10.24,24,0,1,0.97131,,
dqn,123,176,1818,-10.06,6,0,1,0.971215,,
dqn,123,177,1822,-10.04,4,0,1,0.9711516666666666,,
dqn,123,178,1865,-10.43,43,0,1,0.9704708333333333,,
dqn,123,179,1871,-10.06,6,0,1,0.9703758333333333,,
dqn,123,180,1881,-10.1,10,0,1,0.9702175,,
dqn,123,181,1885,-10.04,4,0,1,0.9701541666666667,,
dqn,123,182,1892,-10.07,7,0,1,0.9700433333333334,,
dqn,123,183,1909,-10.17,17,0,1,0.9697741666666667,,
dqn,123,184,1925,-10.16,16,0,1,0.9695208333333334,,
dqn,123,185,1930,-10.049999999999999,5,0,1,0.9694416666666666,,
dqn,123,186,1947,-10.17,17,0,1,0.9691725,,
dqn,123,187,1957,-10.1,10,0,1,0.9690141666666666,,
dqn,123,188,1962,-10.049999999999999,5,0,1,0.968935,,
dqn,123,189,1979,-10.17,17,0,1,0.9686658333333333,,
dqn,123,190,1987,-10.08,8,0,1,0.9685391666666666,,
dqn,123,191,1990,-10.03,3,0,1,0.9684916666666666,,
dqn,123,192,2012,-10.22,22,0,1,0.9681433333333334,1.2070716619491577,-0.07223441521637142
dqn,123,193,2014,-10.02,2,0,1,0.9681116666666667,,
dqn,123,194,2016,-10.02,2,0,1,0.96808,0.7347253561019897,-0.15220659971237183
dqn,123,195,2019,-10.03,3,0,1,0.9680325,,
dqn,123,196,2021,-10.02,2,0,1,0.9680008333333333,0.7456669807434082,-0.18518662452697754
dqn,123,197,2033,-10.12,12,0,1,0.9678108333333333,1.050998290379842,-0.1394999846816063
dqn,123,198,2068,-10.35,35,0,1,0.9672566666666667,0.8353831271330515,-0.0891588425470723
dqn,123,199,2079,-10.11,11,0,1,0.9670825,0.862663984298706,-0.13068987429141998
dqn,123,200,2082,-10.03,3,0,1,0.967035,0.9920821189880371,-0.1839897334575653
dqn,123,201,2085,-10.03,3,0,1,0.9669875,1.5470643043518066,-0.28474217653274536
dqn,123,202,2097,-10.12,12,0,1,0.9667975,0.9143949548403422,-0.2052008112271627
dqn,123,203,2102,-10.049999999999999,5,0,1,0.9667183333333333,0.855643630027771,-0.20982307195663452
dqn,123,204,2117,-10.15,15,0,1,0.9664808333333333,0.9455106854438782,-0.14299582690000534
dqn,123,205,2138,-10.209999999999999,21,0,1,0.9661483333333334,0.883745265007019,-0.13662189245224
dqn,123,206,2148,-10.1,10,0,1,0.96599,0.9191774129867554,-0.2242808242638906
dqn,123,207,2150,-10.02,2,0,1,0.9659583333333334,,
dqn,123,208,2153,-10.03,3,0,1,0.9659108333333333,0.7942701578140259,-0.1834227591753006
dqn,123,209,2155,-10.02,2,0,1,0.9658791666666666,,
dqn,123,210,2160,-10.049999999999999,5,0,1,0.9658,1.0156207084655762,-0.2548869401216507
dqn,123,211,2186,-10.26,26,0,1,0.9653883333333333,0.7352094501256943,-0.20382696141799292
dqn,123,212,2195,-10.09,9,0,1,0.9652458333333334,0.8382003605365753,-0.15031804889440536
dqn,123,213,2214,-10.19,19,0,1,0.9649449999999999,0.5824221491813659,-0.24217793941497803
dqn,123,214,2225,-10.11,11,0,1,0.9647708333333334,0.7899966239929199,-0.35566307107607525
dqn,123,215,2229,-10.04,4,0,1,0.9647075,0.6808939576148987,-0.43935203552246094
dqn,123,216,2233,-10.04,4,0,1,0.9646441666666666,0.5401532649993896,-0.352800190448761
dqn,123,217,2245,-10.12,12,0,1,0.9644541666666666,0.9496991237004598,-0.5575878222783407
dqn,123,218,2250,-10.049999999999999,5,0,1,0.964375,0.6699237823486328,-0.3130747079849243
dqn,123,219,2252,-10.02,2,0,1,0.9643433333333333,0.60638427734375,-0.4181077480316162
dqn,123,220,2257,-10.049999999999999,5,0,1,0.9642641666666667,0.6108710765838623,-0.43204066157341003
dqn,123,221,2271,-10.14,14,0,1,0.9640425,0.7294016083081564,-0.5725738604863485
dqn,123,222,2348,-10.77,77,0,1,0.9628233333333334,0.5922590389847755,-0.9915624797344208
dqn,123,223,2360,-10.12,12,0,1,0.9626333333333333,0.20120446383953094,-0.5625563412904739
dqn,123,224,2369,-10.09,9,0,1,0.9624908333333333,0.3477097600698471,-0.43857939541339874
dqn,123,225,2372,-10.03,3,0,1,0.9624433333333333,0.22830769419670105,-0.6388617753982544
dqn,123,226,2375,-10.03,3,0,1,0.9623958333333333,,
dqn,123,227,2378,-10.03,3,0,1,0.9623483333333334,0.5232614278793335,-0.7991322875022888
dqn,123,228,2397,-10.19,19,0,1,0.9620474999999999,0.31902559399604796,-0.528760302066803
dqn,123,229,2399,-10.02,2,0,1,0.9620158333333333,,
dqn,123,230,2412,-10.129999999999999,13,0,1,0.96181,0.32932325080037117,-0.6374687552452087
dqn,123,231,2416,-10.04,4,0,1,0.9617466666666666,0.6878982186317444,-0.8089940547943115
dqn,123,232,2420,-10.04,4,0,1,0.9616833333333333,0.44282266497612,-1.2154204845428467
dqn,123,233,2424,-10.04,4,0,1,0.96162,0.4310697615146637,-0.8026173114776611
dqn,123,234,2429,-10.049999999999999,5,0,1,0.9615408333333333,0.20771391689777374,-0.13880079984664917
dqn,123,235,2440,-10.11,11,0,1,0.9613666666666667,0.43826698263486225,-0.7360917131106058
dqn,123,236,2445,-10.049999999999999,5,0,1,0.9612875,0.1281629353761673,-0.8218289613723755
dqn,123,237,2449,-10.04,4,0,1,0.9612241666666667,0.21668583154678345,-0.3431475758552551
dqn,123,238,2460,-10.11,11,0,1,0.96105,0.4850748082002004,-1.0420210162798564
dqn,123,239,2470,-10.1,10,0,1,0.9608916666666667,0.4214687943458557,-1.3945563435554504
dqn,123,240,2480,-10.1,10,0,1,0.9607333333333333,0.20327712098757425,-0.5343318084875742
dqn,123,241,2487,-10.07,7,0,1,0.9606225,0.21440231800079346,-0.5504621863365173
dqn,123,242,2502,-10.15,15,0,1,0.960385,0.2913145665079355,-1.1038419157266617
dqn,123,243,2504,-10.02,2,0,1,0.9603533333333334,0.2854948043823242,-0.48761940002441406
dqn,123,244,2515,-10.11,11,0,1,0.9601791666666667,0.2795979976654053,-0.7040530443191528
dqn,123,245,2521,-10.06,6,0,1,0.9600841666666666,0.5142323300242424,-0.29766668379306793
dqn,123,246,2548,-10.27,27,0,1,0.9596566666666667,0.30851603618689943,-0.7604425719806126
dqn,123,247,2552,-10.04,4,0,1,0.9595933333333333,0.33813902735710144,-0.29886937141418457
dqn,123,248,2597,-10.45,45,0,1,0.9588808333333333,0.28375079279596155,-0.7552133717320182
dqn,123,249,2600,-10.03,3,0,1,0.9588333333333333,0.16549144685268402,-0.6999292373657227
dqn,123,250,2602,-10.02,2,0,1,0.9588016666666667,,
dqn,123,251,2604,-10.02,2,0,1,0.95877,0.0753595381975174,-0.6983548402786255
dqn,123,252,2612,-10.08,8,0,1,0.9586433333333333,0.22054926119744778,-0.7963755428791046
dqn,123,253,2614,-10.02,2,0,1,0.9586116666666666,,
dqn,123,254,2617,-10.03,3,0,1,0.9585641666666667,0.1947007030248642,-0.5796817541122437
dqn,123,255,2619,-10.02,2,0,1,0.9585325,,
dqn,123,256,2621,-10.02,2,0,1,0.9585008333333334,0.4802851676940918,-1.1586726903915405
dqn,123,257,2625,-10.04,4,0,1,0.9584375,0.4327467083930969,-0.5410830974578857
dqn,123,258,2631,-10.06,6,0,1,0.9583425,0.15592792630195618,-0.5630549192428589
dqn,123,259,2655,-10.24,24,0,1,0.9579625,0.1843091348807017,-0.9939847985903422
dqn,123,260,2672,-10.17,17,0,1,0.9576933333333333,0.23821477591991425,-0.5957599222660065
dqn,123,261,2674,-10.02,2,0,1,0.9576616666666666,,
dqn,123,262,2679,-10.049999999999999,5,0,1,0.9575825,0.20392808318138123,-1.4009836912155151
dqn,123,263,2686,-10.07,7,0,1,0.9574716666666667,0.16816096007823944,-0.7190539911389351
dqn,123,264,2700,-10.14,14,0,1,0.95725,0.20230782777071,-0.8871452957391739
dqn,123,265,2733,-10.33,33,0,1,0.9567275,0.16025975183583796,-0.6217794604599476
dqn,123,266,2738,-10.049999999999999,5,0,1,0.9566483333333333,0.21084089577198029,-0.7114178538322449
dqn,123,267,2792,-10.54,54,0,1,0.9557933333333334,0.2850754979465689,-0.9540466474635261
dqn,123,268,2796,-10.04,4,0,1,0.95573,0.30455127358436584,-1.072571039199829
dqn,123,269,2811,-10.15,15,0,1,0.9554925,0.19937231888373694,-0.7262745896975199
dqn,123,270,2820,-10.09,9,0,1,0.95535,0.2748042196035385,-0.7010555764039358
dqn,123,271,2823,-10.03,3,0,1,0.9553024999999999,,
dqn,123,272,2826,-10.03,3,0,1,0.955255,0.2781517207622528,-0.7512705326080322
dqn,123,273,2835,-10.09,9,0,1,0.9551125,0.2224787101149559,-0.30352316051721573
dqn,123,274,2854,-10.19,19,0,1,0.9548116666666666,0.16977749541401863,-0.790453565120697
dqn,123,275,2871,-10.17,17,0,1,0.9545425,0.26039790734648705,-0.5270627290010452
dqn,123,276,2874,-10.03,3,0,1,0.954495,0.04900270327925682,-0.8364219665527344
dqn,123,277,2876,-10.02,2,0,1,0.9544633333333333,0.050977468490600586,-0.8818082213401794
dqn,123,278,2878,-10.02,2,0,1,0.9544316666666667,,
dqn,123,279,2904,-10.26,26,0,1,0.95402,0.23841559634144818,-0.6434467349733625
dqn,123,280,2916,-10.12,12,0,1,0.95383,0.1397855281829834,-0.5634482403596243
dqn,123,281,2919,-10.03,3,0,1,0.9537825,,
dqn,123,282,2921,-10.02,2,0,1,0.9537508333333333,0.18899847567081451,-0.3516990542411804
dqn,123,283,2928,-10.07,7,0,1,0.95364,0.2503404198214412,-0.4997013807296753
dqn,123,284,2933,-10.049999999999999,5,0,1,0.9535608333333333,0.28952473402023315,-0.020316731184720993
dqn,123,285,2938,-10.049999999999999,5,0,1,0.9534816666666667,0.03841148689389229,-0.544453501701355
dqn,123,286,2947,-10.09,9,0,1,0.9533391666666666,0.2780681625008583,-0.5511143654584885
dqn,123,287,2949,-10.02,2,0,1,0.9533075,0.34807413816452026,-1.1167491674423218
dqn,123,288,2955,-10.06,6,0,1,0.9532125,0.24782168865203857,-0.9032762050628662
dqn,123,289,2966,-10.11,11,0,1,0.9530383333333333,0.17738889157772064,-0.6925900479157766
dqn,123,290,2968,-10.02,2,0,1,0.9530066666666667,0.2769383192062378,-1.0169095993041992
dqn,123,291,2971,-10.03,3,0,1,0.9529591666666667,,
dqn,123,292,2974,-10.03,3,0,1,0.9529116666666667,0.02080700546503067,-0.7993181943893433
dqn,123,293,2994,-10.2,20,0,1,0.952595,0.12587303556501866,-0.900778341293335
dqn,123,294,3000,-10.06,6,0,1,0.9525,0.2418388519436121,-0.7966004610061646
dqn,123,295,3011,-10.11,11,0,1,0.9523258333333333,0.34644464030861855,-0.8340818285942078
dqn,123,296,3016,-10.049999999999999,5,0,1,0.9522466666666667,0.21992093324661255,-0.5919311791658401
dqn,123,297,3022,-10.06,6,0,1,0.9521516666666667,0.30380719900131226,-1.3839802742004395
dqn,123,298,3025,-10.03,3,0,1,0.9521041666666666,0.32797935605049133,-0.7600067853927612
dqn,123,299,3063,-10.38,38,0,1,0.9515025,0.18214090706573594,-0.6572530335850186
dqn,123,300,3075,-10.12,12,0,1,0.9513125,0.20117903500795364,-1.173274556795756
dqn,123,301,3080,-10.049999999999999,5,0,1,0.9512333333333334,0.15013854950666428,-0.3749160170555115
dqn,123,302,3094,-10.14,14,0,1,0.9510116666666667,0.0648494300742944,-0.6742844581604004
dqn,123,303,3107,-10.129999999999999,13,0,1,0.9508058333333334,0.18766904001434645,-0.23906803907205662
dqn,123,304,3110,-10.03,3,0,1,0.9507583333333334,0.1697770655155182,-0.9910257458686829
dqn,123,305,3120,-10.1,10,0,1,0.9506,0.2217773695786794,-1.3101526101430256
dqn,123,306,3126,-10.06,6,0,1,0.950505,0.20448996126651764,-0.8143033385276794
dqn,123,307,3128,-10.02,2,0,1,0.9504733333333333,0.40447646379470825,-0.6184963583946228
dqn,123,308,3129,-10.01,1,0,1,0.9504575,,
dqn,123,309,3135,-10.06,6,0,1,0.9503625,0.2845951318740845,-0.5015475153923035
dqn,123,310,3141,-10.06,6,0,1,0.9502675,0.1780052799731493,-1.1948014795780182
dqn,123,311,3147,-10.06,6,0,1,0.9501725,0.14004914462566376,-0.375277578830719
dqn,123,312,3149,-10.02,2,0,1,0.9501408333333333,0.2912946045398712,-0.8634344935417175
dqn,123,313,3167,-10.18,18,0,1,0.9498558333333333,0.17692848108708858,-1.0471667349338531
dqn,123,314,3171,-10.04,4,0,1,0.9497925,0.055102236568927765,-1.1845040321350098
dqn,123,315,3172,-10.01,1,0,1,0.9497766666666667,0.19663618505001068,-0.7632289528846741
dqn,123,316,3181,-10.09,9,0,1,0.9496341666666667,0.14728783816099167,-0.6744720637798309
dqn,123,317,3194,-10.129999999999999,13,0,1,0.9494283333333333,0.27591366817553836,-0.44225071370601654
dqn,123,318,3197,-10.03,3,0,1,0.9493808333333333,0.17682884633541107,-0.7608273029327393
dqn,123,319,3214,-10.17,17,0,1,0.9491116666666667,0.2828923356719315,-1.0429173409938812
dqn,123,320,3219,-10.049999999999999,5,0,1,0.9490325,0.40307310223579407,-0.8732892870903015
dqn,123,321,3221,-10.02,2,0,1,0.9490008333333333,0.11032950133085251,-1.3161625862121582
dqn,123,322,3224,-10.03,3,0,1,0.9489533333333333,0.21624374389648438,-0.9831979274749756
dqn,123,323,3229,-10.049999999999999,5,0,1,0.9488741666666667,0.11246812343597412,-0.21143612265586853
dqn,123,324,3239,-10.1,10,0,1,0.9487158333333333,0.3557584881782532,-1.2757028341293335
dqn,123,325,3249,-10.1,10,0,1,0.9485575,0.2529254946857691,-0.8458520770072937
dqn,123,326,3251,-10.02,2,0,1,0.9485258333333333,,
dqn,123,327,3252,-10.01,1,0,1,0.94851,0.4989193081855774,-0.9334863424301147
dqn,123,328,3254,-10.02,2,0,1,0.9484783333333333,,
dqn,123,329,3271,-10.17,17,0,1,0.9482091666666667,0.19297160115092993,-1.08505117893219
dqn,123,330,3278,-10.07,7,0,1,0.9480983333333334,0.28312863409519196,-0.5482310950756073
dqn,123,331,3283,-10.049999999999999,5,0,1,0.9480191666666666,0.22541731595993042,-1.055070400238037
dqn,123,332,3290,-10.07,7,0,1,0.9479083333333334,0.3467945121228695,-1.0518280267715454
dqn,123,333,3301,-10.11,11,0,1,0.9477341666666667,0.3197939296563466,-0.8955383002758026
dqn,123,334,3309,-10.08,8,0,1,0.9476075,0.16415030509233475,-0.6935253143310547
dqn,123,335,3310,-10.01,1,0,1,0.9475916666666666,,
dqn,123,336,3316,-10.06,6,0,1,0.9474966666666667,0.5037773102521896,-0.8168371170759201
dqn,123,337,3329,-10.129999999999999,13,0,1,0.9472908333333333,0.13634065041939417,-0.7436482707659403
dqn,123,338,3334,-10.049999999999999,5,0,1,0.9472116666666667,0.16914549469947815,-1.1221457719802856
dqn,123,339,3337,-10.03,3,0,1,0.9471641666666667,0.24150900542736053,-0.5928875803947449
dqn,123,340,3343,-10.06,6,0,1,0.9470691666666666,0.06433261930942535,-0.9423046112060547
dqn,123,341,3350,-10.07,7,0,1,0.9469583333333333,0.20546939596533775,-0.5804094225168228
dqn,123,342,3356,-10.06,6,0,1,0.9468633333333334,0.20707698911428452,-0.7593109309673309
dqn,123,343,3383,-10.27,27,0,1,0.9464358333333334,0.22581595927476883,-0.6205332577228546
dqn,123,344,3388,-10.049999999999999,5,0,1,0.9463566666666666,0.18203702941536903,-0.6126297414302826
dqn,123,345,3393,-10.049999999999999,5,0,1,0.9462775,0.24930420517921448,-0.9437170028686523
dqn,123,346,3410,-10.17,17,0,1,0.9460083333333333,0.4298800453543663,-1.0403016656637192
dqn,123,347,3422,-10.12,12,0,1,0.9458183333333333,0.22331125289201736,-1.1534006198247273
dqn,123,348,3424,-10.02,2,0,1,0.9457866666666667,0.19213560223579407,-0.7313469648361206
dqn,123,349,3444,-10.2,20,0,1,0.94547,0.25921805649995805,-0.6970609307289124
dqn,123,350,3465,-10.209999999999999,21,0,1,0.9451375,0.24534099847078322,-0.7722829580307007
dqn,123,351,3470,-10.049999999999999,5,0,1,0.9450583333333333,0.17547279596328735,-0.3995939791202545
dqn,123,352,3481,-10.11,11,0,1,0.9448841666666666,0.16368762652079263,-0.9877772927284241
dqn,123,353,3486,-10.049999999999999,5,0,1,0.944805,0.2215982973575592,-0.5603455901145935
dqn,123,354,3490,-10.04,4,0,1,0.9447416666666667,0.3655344247817993,-1.2441483736038208
dqn,123,355,3515,-10.25,25,0,1,0.9443458333333333,0.14182544716944298,-0.6534902602434158
dqn,123,356,3522,-10.07,7,0,1,0.944235,0.0663269441574812,-1.0038837492465973
dqn,123,357,3524,-10.02,2,0,1,0.9442033333333333,0.1057039126753807,-0.4403182566165924
dqn,123,358,3535,-10.11,11,0,1,0.9440291666666667,0.2521173916757107,-0.48675333708524704
dqn,123,359,3548,-10.129999999999999,13,0,1,0.9438233333333333,0.21271365135908127,-0.6807544678449631
dqn,123,360,3557,-10.09,9,0,1,0.9436808333333333,0.1250823624432087,-1.0238385498523712
dqn,123,361,3561,-10.04,4,0,1,0.9436175,0.3285844027996063,-0.5680078268051147
dqn,123,362,3565,-10.04,4,0,1,0.9435541666666667,0.022213073447346687,-0.4347632825374603
dqn,123,363,3576,-10.11,11,0,1,0.94338,0.1558908373117447,-0.8277018864949545
dqn,123,364,3581,-10.049999999999999,5,0,1,0.9433008333333334,0.11685600876808167,-0.6825041174888611
dqn,123,365,3585,-10.04,4,0,1,0.9432375,0.18239228427410126,-1.5716692209243774
dqn,123,366,3617,-10.32,32,0,1,0.9427308333333333,0.2601366192102432,-1.002435613423586
dqn,123,367,3618,-10.01,1,0,1,0.942715,,
dqn,123,368,3634,-10.16,16,0,1,0.9424616666666666,0.25563595816493034,-1.0090346783399582
dqn,123,369,3637,-10.03,3,0,1,0.9424141666666667,0.2886754870414734,-0.8661102056503296
dqn,123,370,3642,-10.049999999999999,5,0,1,0.942335,0.2200567126274109,-1.4451135396957397
dqn,123,371,3643,-10.01,1,0,1,0.9423191666666667,,
dqn,123,372,3653,-10.1,10,0,1,0.9421608333333333,0.18091169620553652,-0.8929299712181091
dqn,123,373,3661,-10.08,8,0,1,0.9420341666666667,0.140324916690588,-0.6187256872653961
dqn,123,374,3664,-10.03,3,0,1,0.9419866666666666,0.25423574447631836,-1.06618332862854
dqn,123,375,3704,-10.4,40,0,1,0.9413533333333334,0.20613362602889537,-1.049169647693634
dqn,123,376,3710,-10.06,6,0,1,0.9412583333333333,0.2453611046075821,-0.8400917649269104
dqn,123,377,3733,-10.23,23,0,1,0.9408941666666667,0.18584615581979355,-0.869161476691564
dqn,123,378,3740,-10.07,7,0,1,0.9407833333333333,0.26305849850177765,-1.0116046071052551
dqn,123,379,3750,-10.1,10,0,1,0.940625,0.1615310087800026,-0.6690367013216019
dqn,123,380,3763,-10.129999999999999,13,0,1,0.9404191666666667,0.16500318050384521,-0.8397821585337321
dqn,123,381,3766,-10.03,3,0,1,0.9403716666666667,0.0522402822971344,-1.16178297996521
dqn,123,382,3769,-10.03,3,0,1,0.9403241666666666,0.1238880455493927,-0.9994913935661316
dqn,123,383,3774,-10.049999999999999,5,0,1,0.940245,0.18090513348579407,-0.5440446138381958
dqn,123,384,3796,-10.22,22,0,1,0.9398966666666667,0.10368174004058044,-0.7637917598088583
dqn,123,385,3820,-10.24,24,0,1,0.9395166666666667,0.16428767206768194,-0.9169306556383768
dqn,123,386,3828,-10.08,8,0,1,0.9393900000000001,0.15514645352959633,-0.8889262676239014
dqn,123,387,3839,-10.11,11,0,1,0.9392158333333334,0.1900482177734375,-0.907428652048111
dqn,123,388,3850,-10.11,11,0,1,0.9390416666666667,0.12633211786548296,-1.1588307619094849
dqn,123,389,3855,-10.049999999999999,5,0,1,0.9389625,0.18278133869171143,-0.6191458702087402
dqn,123,390,3859,-10.04,4,0,1,0.9388991666666666,0.03822007775306702,-0.8264206051826477
dqn,123,391,3860,-10.01,1,0,1,0.9388833333333333,0.01907321996986866,-0.3573765754699707
dqn,123,392,3867,-10.07,7,0,1,0.9387725,0.062248773872852325,-0.8984974026679993
dqn,123,393,3873,-10.06,6,0,1,0.9386775,0.1265663392841816,-1.0590457916259766
dqn,123,394,3877,-10.04,4,0,1,0.9386141666666666,0.03969965875148773,-0.8330536484718323
dqn,123,395,3878,-10.01,1,0,1,0.9385983333333333,,
dqn,123,396,3881,-10.03,3,0,1,0.9385508333333333,0.016984259709715843,-0.44313517212867737
dqn,123,397,3884,-10.03,3,0,1,0.9385033333333334,0.20773839950561523,-0.9355258941650391
dqn,123,398,3888,-10.04,4,0,1,0.93844,0.3199251890182495,-0.4746629595756531
dqn,123,399,3896,-10.08,8,0,1,0.9383133333333333,0.026750095188617706,-0.8041545748710632
dqn,123,400,3899,-10.03,3,0,1,0.9382658333333334,,
dqn,123,401,3902,-10.03,3,0,1,0.9382183333333334,0.16901841759681702,-1.439713954925537
dqn,123,402,3928,-10.26,26,0,1,0.9378066666666667,0.13655277022293635,-0.6344146473067147
dqn,123,403,3930,-10.02,2,0,1,0.937775,,
dqn,123,404,3936,-10.06,6,0,1,0.93768,0.09507820010185242,-0.9397534728050232
dqn,123,405,3960,-10.24,24,0,1,0.9373,0.1559787799293796,-0.8088968793551127
dqn,123,406,3976,-10.16,16,0,1,0.9370466666666667,0.09691123152151704,-0.9626456499099731
dqn,123,407,3987,-10.11,11,0,1,0.9368725,0.11249416694045067,-0.938340425491333
dqn,123,408,3989,-10.02,2,0,1,0.9368408333333333,0.10636119544506073,-0.9227026700973511
dqn,123,409,3992,-10.03,3,0,1,0.9367933333333334,0.02229495346546173,-0.5882748365402222
dqn,123,410,4015,-10.23,23,0,1,0.9364291666666666,0.09558799304068089,-0.8709940552711487
dqn,123,411,4016,-10.01,1,0,1,0.9364133333333333,0.1068684309720993,-1.000895380973816
dqn,123,412,4021,-10.049999999999999,5,0,1,0.9363341666666667,0.085245780646801,-0.7015864253044128
dqn,123,413,4024,-10.03,3,0,1,0.9362866666666667,0.165724515914917,-1.4147015810012817
dqn,123,414,4030,-10.06,6,0,1,0.9361916666666666,0.12592309713363647,-0.7033059597015381
dqn,123,415,4037,-10.07,7,0,1,0.9360808333333334,0.05213910434395075,-0.6863407492637634
dqn,123,416,4044,-10.07,7,0,1,0.93597,0.19859294407069683,-0.2844005301594734
dqn,123,417,4061,-10.17,17,0,1,0.9357008333333333,0.0790648115798831,-0.5992205366492271
dqn,123,418,4078,-10.17,17,0,1,0.9354316666666667,0.14141036942601204,-0.6633963854983449
dqn,123,419,4087,-10.09,9,0,1,0.9352891666666666,0.0830761231482029,-0.9057064205408096
dqn,123,420,4089,-10.02,2,0,1,0.9352575,0.17503775656223297,-0.6165703535079956
dqn,123,421,4091,-10.02,2,0,1,0.9352258333333333,,
dqn,123,422,4093,-10.02,2,0,1,0.9351941666666667,0.09704586863517761,-1.1010007858276367
dqn,123,423,4098,-10.049999999999999,5,0,1,0.935115,0.033548902720212936,-0.7656258940696716
dqn,123,424,4100,-10.02,2,0,1,0.9350833333333334,0.023685041815042496,-0.9807548522949219
dqn,123,425,4106,-10.06,6,0,1,0.9349883333333333,0.08961378782987595,-0.6726820468902588
dqn,123,426,4110,-10.04,4,0,1,0.934925,0.07389908283948898,-0.9368579387664795
dqn,123,427,4114,-10.04,4,0,1,0.9348616666666667,0.13121144473552704,-0.7006512880325317
dqn,123,428,4174,-10.6,60,0,1,0.9339116666666667,0.15224343165755272,-0.7885330518086752
dqn,123,429,4176,-10.02,2,0,1,0.93388,0.08634458482265472,-0.35199296474456787
dqn,123,430,4178,-10.02,2,0,1,0.9338483333333334,,
dqn,123,431,4186,-10.08,8,0,1,0.9337216666666667,0.17705610021948814,-0.6379210650920868
dqn,123,432,4189,-10.03,3,0,1,0.9336741666666667,0.10113584250211716,-0.5858479142189026
dqn,123,433,4194,-10.049999999999999,5,0,1,0.933595,0.1911025047302246,-0.7155077457427979
dqn,123,434,4207,-10.129999999999999,13,0,1,0.9333891666666667,0.21034027636051178,-1.4646442532539368
dqn,123,435,4209,-10.02,2,0,1,0.9333575,0.11519979685544968,-0.2914077937602997
dqn,123,436,4217,-10.08,8,0,1,0.9332308333333333,0.10819799825549126,-0.7081740200519562
dqn,123,437,4237,-10.2,20,0,1,0.9329141666666667,0.11898079831153155,-0.7961235880851746
dqn,123,438,4259,-10.22,22,0,1,0.9325658333333333,0.12974108755588531,-0.6994445323944092
dqn,123,439,4275,-10.16,16,0,1,0.9323125,0.06237570336088538,-0.7573700174689293
dqn,123,440,4288,-10.129999999999999,13,0,1,0.9321066666666666,0.10961203370243311,-1.0698863565921783
dqn,123,441,4293,-10.049999999999999,5,0,1,0.9320275,0.11168025434017181,-0.5917379260063171
dqn,123,442,4296,-10.03,3,0,1,0.93198,0.09965620934963226,-1.0638427734375
dqn,123,443,4302,-10.06,6,0,1,0.931885,0.19340287148952484,-0.843360424041748
dqn,123,444,4306,-10.04,4,0,1,0.9318216666666667,0.08772516250610352,-0.6750960350036621
dqn,123,445,4309,-10.03,3,0,1,0.9317741666666667,0.041350990533828735,-1.167479157447815
dqn,123,446,4319,-10.1,10,0,1,0.9316158333333333,0.08635138720273972,-0.3361005634069443
dqn,123,447,4331,-10.12,12,0,1,0.9314258333333333,0.0894749586780866,-0.7103622953097025
dqn,123,448,4349,-10.18,18,0,1,0.9311408333333333,0.10892032235860824,-0.73974429666996
dqn,123,449,4355,-10.06,6,0,1,0.9310458333333334,0.08810306340456009,-0.4331243932247162
dqn,123,450,4386,-10.31,31,0,1,0.930555,0.09524880116805434,-1.0166680552065372
dqn,123,451,4388,-10.02,2,0,1,0.9305233333333334,0.03723568096756935,-0.5684812068939209
dqn,123,452,4394,-10.06,6,0,1,0.9304283333333333,0.17179781198501587,-1.0254734754562378
dqn,123,453,4395,-10.01,1,0,1,0.9304125,,
dqn,123,454,4399,-10.04,4,0,1,0.9303491666666667,0.11069817841053009,-0.9561196565628052
dqn,123,455,4412,-10.129999999999999,13,0,1,0.9301433333333333,0.10142413713037968,-0.3415421433746815
dqn,123,456,4415,-10.03,3,0,1,0.9300958333333333,,
dqn,123,457,4432,-10.17,17,0,1,0.9298266666666667,0.08240066021680832,-0.6038591265678406
dqn,123,458,4445,-10.129999999999999,13,0,1,0.9296208333333333,0.1298204424480597,-1.049708644549052
dqn,123,459,4446,-10.01,1,0,1,0.929605,,
dqn,123,460,4450,-10.04,4,0,1,0.9295416666666667,0.0516187809407711,-0.6794764399528503
dqn,123,461,4455,-10.049999999999999,5,0,1,0.9294625,0.15722498297691345,-1.5445133447647095
dqn,123,462,4459,-10.04,4,0,1,0.9293991666666667,0.08556517958641052,-0.7824115753173828
dqn,123,463,4471,-10.12,12,0,1,0.9292091666666666,0.08703251928091049,-0.7974859674771627
dqn,123,464,4473,-10.02,2,0,1,0.9291775,0.11835524439811707,-0.7893797159194946
dqn,123,465,4478,-10.049999999999999,5,0,1,0.9290983333333334,0.1424088180065155,-0.8421677947044373
dqn,123,466,4485,-10.07,7,0,1,0.9289875,0.1140846274793148,-0.7245412170886993
dqn,123,467,4494,-10.09,9,0,1,0.928845,0.03879239596426487,-0.5838992297649384
dqn,123,468,4508,-10.14,14,0,1,0.9286233333333334,0.10436361283063889,-1.0211378931999207
dqn,123,469,4521,-10.129999999999999,13,0,1,0.9284175,0.04128762582937876,-0.7771042188008627
dqn,123,470,4524,-10.03,3,0,1,0.92837,0.030272308737039566,-0.5840786695480347
dqn,123,471,4526,-10.02,2,0,1,0.9283383333333334,,
dqn,123,472,4528,-10.02,2,0,1,0.9283066666666666,0.19043545424938202,-1.139017105102539
dqn,123,473,4533,-10.049999999999999,5,0,1,0.9282275,0.06577184796333313,-0.6355391144752502
dqn,123,474,4549,-10.16,16,0,1,0.9279741666666667,0.11196794454008341,-1.1721279695630074
dqn,123,475,4551,-10.02,2,0,1,0.9279425,,
dqn,123,476,4562,-10.11,11,0,1,0.9277683333333333,0.0831982692082723,-0.6099072347084681
dqn,123,477,4575,-10.129999999999999,13,0,1,0.9275625,0.08952231705188751,-0.6603495428959528
dqn,123,478,4576,-10.01,1,0,1,0.9275466666666666,0.05946050584316254,-0.23475022614002228
dqn,123,479,4584,-10.08,8,0,1,0.92742,0.09867372736334801,-0.4403352364897728
dqn,123,480,4587,-10.03,3,0,1,0.9273725,,
dqn,123,481,4594,-10.07,7,0,1,0.9272616666666667,0.07060548663139343,-0.7634766101837158
dqn,123,482,4631,-10.37,37,0,1,0.9266758333333334,0.07876363520820935,-0.9014533691936069
dqn,123,483,4636,-10.049999999999999,5,0,1,0.9265966666666666,0.10021905228495598,-0.5321217924356461
dqn,123,484,4644,-10.08,8,0,1,0.92647,0.023792551830410957,-1.0297139286994934
dqn,123,485,4664,-10.2,20,0,1,0.9261533333333334,0.0836710810661316,-0.92511887550354
dqn,123,486,4681,-10.17,17,0,1,0.9258841666666666,0.0617949441075325,-0.9688841477036476
dqn,123,487,4686,-10.049999999999999,5,0,1,0.925805,0.05742798000574112,-0.32210177183151245
dqn,123,488,4691,-10.049999999999999,5,0,1,0.9257258333333334,0.06549827754497528,-0.937554121017456
dqn,123,489,4692,-10.01,1,0,1,0.92571,0.027420710772275925,-0.48318347334861755
dqn,123,490,4693,-10.01,1,0,1,0.9256941666666667,,
dqn,123,491,4695,-10.02,2,0,1,0.9256625,,
dqn,123,492,4697,-10.02,2,0,1,0.9256308333333334,0.08977297693490982,-1.3970032930374146
dqn,123,493,4700,-10.03,3,0,1,0.9255833333333333,0.02890717051923275,-0.2186639904975891
dqn,123,494,4703,-10.03,3,0,1,0.9255358333333333,,
dqn,123,495,4706,-10.03,3,0,1,0.9254883333333334,0.08386920392513275,-0.7905452251434326
dqn,123,496,4709,-10.03,3,0,1,0.9254408333333334,0.030701354146003723,-0.35510194301605225
dqn,123,497,4731,-10.22,22,0,1,0.9250925,0.05806994885206222,-1.0014645040035248
dqn,123,498,4733,-10.02,2,0,1,0.9250608333333333,0.09749723225831985,-1.6268802881240845
dqn,123,499,4750,-10.17,17,0,1,0.9247916666666667,0.0615665577352047,-0.909209743142128
dqn,123,500,4762,-10.12,12,0,1,0.9246016666666667,0.04433701684077581,-0.7853998889525732
dqn,123,501,4772,-10.1,10,0,1,0.9244433333333333,0.043761277571320534,-0.8657451172669729
dqn,123,502,4793,-10.209999999999999,21,0,1,0.9241108333333333,0.04894706308841705,-0.8031785666942597
dqn,123,503,4805,-10.12,12,0,1,0.9239208333333333,0.03577234658102194,-0.896397868792216
dqn,123,504,4809,-10.04,4,0,1,0.9238575,0.02793455682694912,-0.44336625933647156
dqn,123,505,4819,-10.1,10,0,1,0.9236991666666667,0.02792388992384076,-0.8825634568929672
dqn,123,506,4820,-10.01,1,0,1,0.9236833333333333,0.0223550908267498,-1.2481060028076172
dqn,123,507,4825,-10.049999999999999,5,0,1,0.9236041666666667,0.027508001774549484,-0.9511462450027466
dqn,123,508,4833,-10.08,8,0,1,0.9234775,0.0412710327655077,-0.7006660997867584
dqn,123,509,4837,-10.04,4,0,1,0.9234141666666666,0.03949498012661934,-0.939207136631012
dqn,123,510,4840,-10.03,3,0,1,0.9233666666666667,0.0606733039021492,-0.4259723722934723
dqn,123,511,4846,-10.06,6,0,1,0.9232716666666667,0.0246282946318388,-1.1523520946502686
dqn,123,512,4856,-10.1,10,0,1,0.9231133333333333,0.03296137725313505,-0.49069281419118244
dqn,123,513,4864,-10.08,8,0,1,0.9229866666666666,0.03425098117440939,-0.9146493375301361
dqn,123,514,4870,-10.06,6,0,1,0.9228916666666667,0.02973782643675804,-0.3404877185821533
dqn,123,515,4879,-10.09,9,0,1,0.9227491666666667,0.03877987153828144,-1.437700629234314
dqn,123,516,4888,-10.09,9,0,1,0.9226066666666667,0.03122612213095029,-0.5054231708248457
dqn,123,517,4892,-10.04,4,0,1,0.9225433333333334,0.02983842045068741,-1.2609553337097168
dqn,123,518,4904,-10.12,12,0,1,0.9223533333333334,0.03350798040628433,-1.091280996799469
dqn,123,519,4908,-10.04,4,0,1,0.92229,0.035600997507572174,-0.25402751564979553
dqn,123,520,4916,-10.08,8,0,1,0.9221633333333333,0.027290673926472664,-0.4333509113639593
dqn,123,521,4928,-10.12,12,0,1,0.9219733333333333,0.025775984550515812,-1.0991352200508118
dqn,123,522,4932,-10.04,4,0,1,0.92191,0.05469143018126488,-0.9805394411087036
dqn,123,523,4948,-10.16,16,0,1,0.9216566666666667,0.032304149121046066,-0.9123553186655045
dqn,123,524,4953,-10.049999999999999,5,0,1,0.9215775,0.04506886005401611,-0.56630939245224
dqn,123,525,4994,-10.41,41,0,1,0.9209283333333333,0.033790798671543595,-1.2049841791391374
dqn,123,526,5017,-10.23,23,0,1,0.9205641666666666,0.033590917165080704,-0.8293889909982681
dqn,123,527,5022,-10.049999999999999,5,0,1,0.920485,0.04509258270263672,-1.289610505104065
dqn,123,528,5025,-10.03,3,0,1,0.9204375,0.01683109812438488,-0.5693240761756897
dqn,123,529,5041,-10.16,16,0,1,0.9201841666666667,0.04649227485060692,-0.7726817168295383
dqn,123,530,5043,-10.02,2,0,1,0.9201525,,
dqn,123,531,5052,-10.09,9,0,1,0.92001,0.03239883172015349,-0.838000645240148
dqn,123,532,5084,-10.32,32,0,1,0.9195033333333333,0.0316240475513041,-0.9841229543089867
dqn,123,533,5088,-10.04,4,0,1,0.91944,0.011774611659348011,-0.22588515281677246
dqn,123,534,5108,-10.2,20,0,1,0.9191233333333333,0.022858766466379167,-0.7902828693389893
dqn,123,535,5126,-10.18,18,0,1,0.9188383333333333,0.02476429147645831,-1.1187867522239685
dqn,123,536,5149,-10.23,23,0,1,0.9184741666666667,0.020484204404056072,-1.076394389073054
dqn,123,537,5152,-10.03,3,0,1,0.9184266666666667,0.013001488521695137,-0.6047793626785278
dqn,123,538,5154,-10.02,2,0,1,0.918395,,
dqn,123,539,5163,-10.09,9,0,1,0.9182525,0.0330043938010931,-0.5135814547538757
dqn,123,540,5173,-10.1,10,0,1,0.9180941666666667,0.02690762219329675,-0.8332840998967489
dqn,123,541,5177,-10.04,4,0,1,0.9180308333333334,0.01752830296754837,-0.7254898548126221
dqn,123,542,5186,-10.09,9,0,1,0.9178883333333333,0.03356579877436161,-0.8226099163293839
dqn,123,543,5193,-10.07,7,0,1,0.9177775,0.02062196098268032,-0.9800668656826019
dqn,123,544,5196,-10.03,3,0,1,0.91773,0.01724410057067871,-0.48583078384399414
dqn,123,545,5210,-10.14,14,0,1,0.9175083333333334,0.024434898048639297,-1.2639037370681763
dqn,123,546,5216,-10.06,6,0,1,0.9174133333333333,0.016099752858281136,-0.28984538465738297
dqn,123,547,5223,-10.07,7,0,1,0.9173025,0.016242630779743195,-0.7386167645454407
dqn,123,548,5226,-10.03,3,0,1,0.917255,0.0222693532705307,-1.093308448791504
dqn,123,549,5227,-10.01,1,0,1,0.9172391666666667,,
dqn,123,550,5229,-10.02,2,0,1,0.9172075,0.014593617990612984,-0.5374161005020142
dqn,123,551,5236,-10.07,7,0,1,0.9170966666666667,0.021962080150842667,-1.0160622596740723
dqn,123,552,5240,-10.04,4,0,1,0.9170333333333334,0.01603339985013008,-0.7166065573692322
dqn,123,553,5246,-10.06,6,0,1,0.9169383333333333,0.02842608094215393,-1.4465183019638062
dqn,123,554,5249,-10.03,3,0,1,0.9168908333333333,0.029542556032538414,-1.7199862003326416
dqn,123,555,5256,-10.07,7,0,1,0.91678,0.017248043790459633,-0.679851770401001
dqn,123,556,5275,-10.19,19,0,1,0.9164791666666666,0.019155387533828616,-0.7726816907525063
dqn,123,557,5284,-10.09,9,0,1,0.9163366666666667,0.01196996650348107,-0.5192219813664755
dqn,123,558,5287,-10.03,3,0,1,0.9162891666666667,,
dqn,123,559,5312,-10.25,25,0,1,0.9158933333333333,0.02180563605257443,-0.9788117887718337
dqn,123,560,5324,-10.12,12,0,1,0.9157033333333333,0.013096405814091364,-0.4893246591091156
dqn,123,561,5341,-10.17,17,0,1,0.9154341666666667,0.010082766646519303,-1.0586559399962425
dqn,123,562,5364,-10.23,23,0,1,0.91507,0.01277161668986082,-0.6804028674960136
dqn,123,563,5366,-10.02,2,0,1,0.9150383333333333,,
dqn,123,564,5376,-10.1,10,0,1,0.91488,0.012375531097253164,-0.9885816772778829
dqn,123,565,5382,-10.06,6,0,1,0.914785,0.02958960458636284,-1.4447829723358154
dqn,123,566,5389,-10.07,7,0,1,0.9146741666666667,0.01096291933208704,-0.8306882679462433
dqn,123,567,5399,-10.1,10,0,1,0.9145158333333333,0.010619165375828743,-0.5401059538125992
dqn,123,568,5401,-10.02,2,0,1,0.9144841666666667,0.011080577969551086,-0.21104216575622559
dqn,123,569,5404,-10.03,3,0,1,0.9144366666666667,0.014422586187720299,-0.8433545231819153
dqn,123,570,5409,-10.049999999999999,5,0,1,0.9143575,0.028817303478717804,-1.49752676486969
dqn,123,571,5420,-10.11,11,0,1,0.9141833333333333,0.019737803066770237,-0.978892465432485
dqn,123,572,5422,-10.02,2,0,1,0.9141516666666667,,
dqn,123,573,5427,-10.049999999999999,5,0,1,0.9140725,0.04400483891367912,-0.9585967063903809
dqn,123,574,5443,-10.16,16,0,1,0.9138191666666666,0.021521491929888725,-1.0075315535068512
dqn,123,575,5446,-10.03,3,0,1,0.9137716666666666,0.010139132849872112,-0.7831458449363708
dqn,123,576,5460,-10.14,14,0,1,0.91355,0.021260399604216218,-1.0516932308673859
dqn,123,577,5470,-10.1,10,0,1,0.9133916666666667,0.024028947576880455,-1.2052371203899384
dqn,123,578,5472,-10.02,2,0,1,0.91336,0.03271906077861786,-0.9233682155609131
dqn,123,579,5528,-10.56,56,0,1,0.9124733333333334,0.017366341281948344,-0.7690891006163189
dqn,123,580,5530,-10.02,2,0,1,0.9124416666666667,,
dqn,123,581,5537,-10.07,7,0,1,0.9123308333333333,0.0159652354195714,-0.5328541398048401
dqn,123,582,5556,-10.19,19,0,1,0.91203,0.015781869739294054,-0.8266176819801331
dqn,123,583,5561,-10.049999999999999,5,0,1,0.9119508333333334,0.028408873826265335,-0.49496644735336304
dqn,123,584,5566,-10.049999999999999,5,0,1,0.9118716666666666,0.01166132465004921,-0.41963955760002136
dqn,123,585,5601,-10.35,35,0,1,0.9113175,0.016846247534785006,-0.9135210580295987
dqn,123,586,5604,-10.03,3,0,1,0.91127,0.009818161837756634,-0.5490644574165344
dqn,123,587,5611,-10.07,7,0,1,0.9111591666666666,0.019430339336395264,-0.6829723119735718
dqn,123,588,5615,-10.04,4,0,1,0.9110958333333333,0.007286840118467808,-0.8868529796600342
dqn,123,589,5625,-10.1,10,0,1,0.9109375,0.011327388075490793,-0.9570414423942566
dqn,123,590,5628,-10.03,3,0,1,0.91089,0.021292537450790405,-1.1885099411010742
dqn,123,591,5652,-10.24,24,0,1,0.91051,0.014745281000311175,-0.6293719311555227
dqn,123,592,5655,-10.03,3,0,1,0.9104625,,
dqn,123,593,5659,-10.04,4,0,1,0.9103991666666666,0.019081279635429382,-1.6249799728393555
dqn,123,594,5674,-10.15,15,0,1,0.9101616666666666,0.011930557433515787,-0.8405387848615646
dqn,123,595,5690,-10.16,16,0,1,0.9099083333333333,0.017620077589526772,-1.0338347256183624
dqn,123,596,5696,-10.06,6,0,1,0.9098133333333334,0.013315614312887192,-0.7533729076385498
dqn,123,597,5699,-10.03,3,0,1,0.9097658333333334,,
dqn,123,598,5738,-10.39,39,0,1,0.9091483333333333,0.01720727188512683,-0.941119247674942
dqn,123,599,5740,-10.02,2,0,1,0.9091166666666667,0.015256399288773537,-1.393721580505371
dqn,123,600,5790,-10.5,50,0,1,0.908325,0.01441704792280992,-0.9695963735381762
dqn,123,601,5795,-10.049999999999999,5,0,1,0.9082458333333333,0.009579945355653763,-0.7697862386703491
dqn,123,602,5796,-10.01,1,0,1,0.90823,0.010579710826277733,-1.0705852508544922
dqn,123,603,5798,-10.02,2,0,1,0.9081983333333333,,
dqn,123,604,5805,-10.07,7,0,1,0.9080875,0.01048769149929285,-1.1104260683059692
dqn,123,605,5808,-10.03,3,0,1,0.90804,0.00985418539494276,-0.6914923787117004
dqn,123,606,5813,-10.049999999999999,5,0,1,0.9079608333333333,0.007667277008295059,-0.5621198415756226
dqn,123,607,5815,-10.02,2,0,1,0.9079291666666667,,
dqn,123,608,5833,-10.18,18,0,1,0.9076441666666667,0.01194074135273695,-0.8883737087249756
dqn,123,609,5835,-10.02,2,0,1,0.9076125,,
dqn,123,610,5845,-10.1,10,0,1,0.9074541666666667,0.011330686199168364,-0.8600865205128988
dqn,123,611,5846,-10.01,1,0,1,0.9074383333333333,,
dqn,123,612,5851,-10.049999999999999,5,0,1,0.9073591666666667,0.007455519400537014,-0.7472277283668518
dqn,123,613,5877,-10.26,26,0,1,0.9069475,0.011385190832827772,-0.7694423496723175
dqn,123,614,5883,-10.06,6,0,1,0.9068525000000001,0.008604452013969421,-0.3904484510421753
dqn,123,615,5885,-10.02,2,0,1,0.9068208333333333,0.007520768791437149,-1.178919792175293
dqn,123,616,5888,-10.03,3,0,1,0.9067733333333333,0.010917114093899727,-1.0133857727050781
dqn,123,617,5892,-10.04,4,0,1,0.90671,0.0077909487299621105,-0.6010798215866089
dqn,123,618,5901,-10.09,9,0,1,0.9065675,0.011746566276997328,-0.7929943650960922
dqn,123,619,5907,-10.06,6,0,1,0.9064725,0.009264983236789703,-1.216438889503479
dqn,123,620,5929,-10.22,22,0,1,0.9061241666666666,0.009958982079600295,-0.6888883660236994
dqn,123,621,5930,-10.01,1,0,1,0.9061083333333333,,
dqn,123,622,5934,-10.04,4,0,1,0.906045,0.009525042958557606,-1.8224961757659912
dqn,123,623,5936,-10.02,2,0,1,0.9060133333333333,0.01729492098093033,-0.9857231974601746
dqn,123,624,5948,-10.12,12,0,1,0.9058233333333333,0.010491009956846634,-0.6355175375938416
dqn,123,625,5953,-10.049999999999999,5,0,1,0.9057441666666667,0.013212714344263077,-0.6245497465133667
dqn,123,626,5955,-10.02,2,0,1,0.9057125,,
dqn,123,627,5969,-10.14,14,0,1,0.9054908333333334,0.012648101896047592,-0.8477396070957184
dqn,123,628,5979,-10.1,10,0,1,0.9053325,0.010083839064463973,-0.5887730568647385
dqn,123,629,5990,-10.11,11,0,1,0.9051583333333333,0.010061844252049923,-1.024937669436137
dqn,123,630,5998,-10.08,8,0,1,0.9050316666666667,0.013493744656443596,-1.393121361732483
dqn,123,631,6003,-10.049999999999999,5,0,1,0.9049525,0.008685597218573093,-0.7494306564331055
dqn,123,632,6004,-10.01,1,0,1,0.9049366666666667,0.02568420208990574,-1.1325528621673584
dqn,123,633,6010,-10.06,6,0,1,0.9048416666666667,0.008117963559925556,-0.22148552536964417
dqn,123,634,6022,-10.12,12,0,1,0.9046516666666666,0.00880641583353281,-0.9255580504735311
dqn,123,635,6032,-10.1,10,0,1,0.9044933333333334,0.008084400246540705,-0.9488488038380941
dqn,123,636,6041,-10.09,9,0,1,0.9043508333333333,0.006604426773265004,-1.164548933506012
dqn,123,637,6063,-10.22,22,0,1,0.9040025,0.01090109534561634,-0.6815712571144104
dqn,123,638,6068,-10.049999999999999,5,0,1,0.9039233333333333,0.006875231862068176,-0.5861037522554398
dqn,123,639,6072,-10.04,4,0,1,0.90386,0.006258477922528982,-0.8310949802398682
dqn,123,640,6077,-10.049999999999999,5,0,1,0.9037808333333334,0.011484749615192413,-1.4551711082458496
dqn,123,641,6080,-10.03,3,0,1,0.9037333333333334,0.00580697413533926,-1.384429693222046
dqn,123,642,6091,-10.11,11,0,1,0.9035591666666667,0.011122316354885697,-0.5785185843706131
dqn,123,643,6098,-10.07,7,0,1,0.9034483333333333,0.005361025687307119,-0.4701237082481384
dqn,123,644,6100,-10.02,2,0,1,0.9034166666666666,0.003211952280253172,-0.05515675991773605
dqn,123,645,6101,-10.01,1,0,1,0.9034008333333333,,
dqn,123,646,6104,-10.03,3,0,1,0.9033533333333333,0.00919717364013195,-1.3400588035583496
dqn,123,647,6107,-10.03,3,0,1,0.9033058333333334,,
dqn,123,648,6112,-10.049999999999999,5,0,1,0.9032266666666666,0.008754484122619033,-1.034892499446869
dqn,123,649,6115,-10.03,3,0,1,0.9031791666666666,,
dqn,123,650,6119,-10.04,4,0,1,0.9031158333333333,0.013782505877315998,-1.105238914489746
dqn,123,651,6121,-10.02,2,0,1,0.9030841666666667,0.004877383820712566,-0.8758055567741394
dqn,123,652,6125,-10.04,4,0,1,0.9030208333333334,0.007322586141526699,-1.1317682266235352
dqn,123,653,6127,-10.02,2,0,1,0.9029891666666667,,
dqn,123,654,6141,-10.14,14,0,1,0.9027675000000001,0.015007647220045328,-1.0154325664043427
dqn,123,655,6144,-10.03,3,0,1,0.90272,0.005271509289741516,-1.052842378616333
dqn,123,656,6149,-10.049999999999999,5,0,1,0.9026408333333333,0.00459845969453454,-0.5124981999397278
dqn,123,657,6156,-10.07,7,0,1,0.90253,0.007931203115731478,-0.4978278875350952
dqn,123,658,6158,-10.02,2,0,1,0.9024983333333334,,
dqn,123,659,6176,-10.18,18,0,1,0.9022133333333333,0.007153603993356228,-0.7247150421142579
dqn,123,660,6188,-10.12,12,0,1,0.9020233333333334,0.0034825956293692193,-0.6751230806112289
dqn,123,661,6191,-10.03,3,0,1,0.9019758333333333,,
dqn,123,662,6196,-10.049999999999999,5,0,1,0.9018966666666667,0.010862728580832481,-0.7366658449172974
dqn,123,663,6198,-10.02,2,0,1,0.901865,,
dqn,123,664,6207,-10.09,9,0,1,0.9017225,0.0065561768133193254,-0.029610462486743927
dqn,123,665,6212,-10.049999999999999,5,0,1,0.9016433333333334,0.006508276565000415,-0.7801347225904465
dqn,123,666,6218,-10.06,6,0,1,0.9015483333333334,0.007342647761106491,-0.8932101726531982
dqn,123,667,6234,-10.16,16,0,1,0.901295,0.00355535646667704,-0.4944711774587631
dqn,123,668,6249,-10.15,15,0,1,0.9010575,0.0034480358008295298,-0.9443485587835312
dqn,123,669,6254,-10.049999999999999,5,0,1,0.9009783333333333,0.0034694678615778685,-0.36454135179519653
dqn,123,670,6258,-10.04,4,0,1,0.900915,0.004020405933260918,-0.40362000465393066
dqn,123,671,6269,-10.11,11,0,1,0.9007408333333333,0.006420458434149623,-0.8293282290299734
dqn,123,672,6280,-10.11,11,0,1,0.9005666666666666,0.007344493952890237,-0.7549137274424235
dqn,123,673,6282,-10.02,2,0,1,0.900535,,
dqn,123,674,6286,-10.04,4,0,1,0.9004716666666667,0.00392852071672678,-1.506235122680664
dqn,123,675,6293,-10.07,7,0,1,0.9003608333333334,0.012390558142215014,-1.15396848320961
dqn,123,676,6303,-10.1,10,0,1,0.9002025,0.00817260320764035,-0.8292877972126007
dqn,123,677,6314,-10.11,11,0,1,0.9000283333333333,0.004457855286697547,-1.1100538770357768
dqn,123,678,6332,-10.18,18,0,1,0.8997433333333333,0.004592928010970354,-0.7777513861656189
dqn,123,679,6335,-10.03,3,0,1,0.8996958333333334,,
dqn,123,680,6340,-10.049999999999999,5,0,1,0.8996166666666666,0.0027810654137283564,-0.28292476385831833
dqn,123,681,6348,-10.08,8,0,1,0.89949,0.0020134977530688047,-0.8592463433742523
dqn,123,682,6350,-10.02,2,0,1,0.8994583333333334,,
dqn,123,683,6365,-10.15,15,0,1,0.8992208333333334,0.002905287779867649,-0.7119681090116501
dqn,123,684,6370,-10.049999999999999,5,0,1,0.8991416666666666,0.0023670759983360767,-0.5412353277206421
dqn,123,685,6375,-10.049999999999999,5,0,1,0.8990625,0.0034015988931059837,-1.0193917751312256
dqn,123,686,6377,-10.02,2,0,1,0.8990308333333333,0.004429146647453308,-1.041987419128418
dqn,123,687,6400,-10.23,23,0,1,0.8986666666666667,0.005873136920854449,-0.7594351321458817
dqn,123,688,6417,-10.17,17,0,1,0.8983975,0.006087502057198435,-0.9938000589609146
dqn,123,689,6420,-10.03,3,0,1,0.89835,0.0038030825089663267,-0.2101590782403946
dqn,123,690,6425,-10.049999999999999,5,0,1,0.8982708333333334,0.004251948557794094,-0.8428230285644531
dqn,123,691,6437,-10.12,12,0,1,0.8980808333333333,0.004330298164859414,-1.0954388777414958
dqn,123,692,6440,-10.03,3,0,1,0.8980333333333334,0.005373220890760422,-0.8462891578674316
dqn,123,693,6449,-10.09,9,0,1,0.8978908333333333,0.0028356899274513125,-0.5209042727947235
dqn,123,694,6469,-10.2,20,0,1,0.8975741666666667,0.003923553926870227,-0.995706906914711
dqn,123,695,6471,-10.02,2,0,1,0.8975425,,
dqn,123,696,6474,-10.03,3,0,1,0.897495,0.006232513580471277,-0.8527985215187073
dqn,123,697,6480,-10.06,6,0,1,0.8974,0.0034389764769002795,-0.7230165898799896
dqn,123,698,6482,-10.02,2,0,1,0.8973683333333333,,
dqn,123,699,6489,-10.07,7,0,1,0.8972575,0.005269303219392896,-1.024842083454132
dqn,123,700,6508,-10.19,19,0,1,0.8969566666666666,0.0028689411003142594,-0.7649124979972839
dqn,123,701,6515,-10.07,7,0,1,0.8968458333333333,0.005923759192228317,-0.8396611213684082
dqn,123,702,6521,-10.06,6,0,1,0.8967508333333334,0.0028545003151521087,-0.8006660342216492
dqn,123,703,6525,-10.04,4,0,1,0.8966875,0.005085290409624577,-1.6923677921295166
dqn,123,704,6526,-10.01,1,0,1,0.8966716666666666,,
dqn,123,705,6536,-10.1,10,0,1,0.8965133333333334,0.0037596520657340684,-0.5758389830589294
dqn,123,706,6539,-10.03,3,0,1,0.8964658333333333,,
dqn,123,707,6555,-10.16,16,0,1,0.8962125,0.003290298394858837,-0.954694889485836
dqn,123,708,6560,-10.049999999999999,5,0,1,0.8961333333333333,0.009326223284006119,-1.118907392024994
dqn,123,709,6567,-10.07,7,0,1,0.8960224999999999,0.00782898161560297,-0.8565789461135864
dqn,123,710,6574,-10.07,7,0,1,0.8959116666666667,0.005143931368365884,-0.8260721564292908
dqn,123,711,6576,-10.02,2,0,1,0.89588,0.005723720416426659,-1.33895742893219
dqn,123,712,6580,-10.04,4,0,1,0.8958166666666667,0.012571272440254688,-1.5579228401184082
dqn,123,713,6583,-10.03,3,0,1,0.8957691666666667,,
dqn,123,714,6587,-10.04,4,0,1,0.8957058333333333,0.002725816797465086,-1.2047715187072754
dqn,123,715,6590,-10.03,3,0,1,0.8956583333333333,0.004655024502426386,-1.6357078552246094
dqn,123,716,6598,-10.08,8,0,1,0.8955316666666666,0.0028406938072293997,-0.6149129569530487
dqn,123,717,6600,-10.02,2,0,1,0.8955,0.0031935363076627254,-0.8903895616531372
dqn,123,718,6606,-10.06,6,0,1,0.895405,0.0059184120036661625,-1.6653343439102173
dqn,123,719,6615,-10.09,9,0,1,0.8952625,0.005816118675284088,-1.5220395922660828
dqn,123,720,6641,-10.26,26,0,1,0.8948508333333334,0.005049046627911074,-0.8607573594365802
dqn,123,721,6649,-10.08,8,0,1,0.8947241666666667,0.00970952317584306,-1.1681733131408691
dqn,123,722,6672,-10.23,23,0,1,0.89436,0.005583042589326699,-1.1053703824679058
dqn,123,723,6683,-10.11,11,0,1,0.8941858333333333,0.004372103838250041,-0.7001854591071606
dqn,123,724,6686,-10.03,3,0,1,0.8941383333333334,0.004721169359982014,-1.0422544479370117
dqn,123,725,6691,-10.049999999999999,5,0,1,0.8940591666666666,0.00494087440893054,-0.5386257767677307
dqn,123,726,6696,-10.049999999999999,5,0,1,0.89398,0.0033168275840580463,-0.9192447364330292
dqn,123,727,6703,-10.07,7,0,1,0.8938691666666667,0.005061296280473471,-0.6933684349060059
dqn,123,728,6727,-10.24,24,0,1,0.8934891666666667,0.004579278912084798,-0.6317793428897858
dqn,123,729,6740,-10.129999999999999,13,0,1,0.8932833333333333,0.003934806038159877,-1.0568429231643677
dqn,123,730,6742,-10.02,2,0,1,0.8932516666666667,,
dqn,123,731,6754,-10.12,12,0,1,0.8930616666666666,0.005039738801618417,-1.1355398893356323
dqn,123,732,6756,-10.02,2,0,1,0.89303,0.005117297172546387,-1.3142645359039307
dqn,123,733,6762,-10.06,6,0,1,0.892935,0.00512002082541585,-0.2568442225456238
dqn,123,734,6765,-10.03,3,0,1,0.8928875000000001,0.004509689752012491,-0.3948192894458771
dqn,123,735,6773,-10.08,8,0,1,0.8927608333333333,0.003928028512746096,-1.0172634720802307
dqn,123,736,6780,-10.07,7,0,1,0.8926499999999999,0.003087269375100732,-0.6936323940753937
dqn,123,737,6792,-10.12,12,0,1,0.89246,0.002831278834491968,-0.8249743580818176
dqn,123,738,6799,-10.07,7,0,1,0.8923491666666666,0.001973746344447136,-0.8625605702400208
dqn,123,739,6803,-10.04,4,0,1,0.8922858333333333,0.0034566603135317564,-0.20524349808692932
dqn,123,740,6806,-10.03,3,0,1,0.8922383333333334,0.002689020475372672,-0.843987226486206
dqn,123,741,6828,-10.22,22,0,1,0.89189,0.004326245844519387,-0.8695536317924658
dqn,123,742,6831,-10.03,3,0,1,0.8918425,,
dqn,123,743,6841,-10.1,10,0,1,0.8916841666666666,0.0047754709764073295,-0.9046645760536194
dqn,123,744,6842,-10.01,1,0,1,0.8916683333333333,,
dqn,123,745,6873,-10.31,31,0,1,0.8911775,0.0026781873602885753,-0.946448303759098
dqn,123,746,6878,-10.049999999999999,5,0,1,0.8910983333333333,0.0027638725005090237,-0.09087172150611877
dqn,123,747,6887,-10.09,9,0,1,0.8909558333333334,0.002062925137579441,-0.8676536381244659
dqn,123,748,6899,-10.12,12,0,1,0.8907658333333334,0.0031455475060890117,-1.1875674724578857
dqn,123,749,6905,-10.06,6,0,1,0.8906708333333333,0.0028098435141146183,-0.45367399603128433
dqn,123,750,6915,-10.1,10,0,1,0.8905125,0.0032056098571047187,-0.9500470459461212
dqn,123,751,6927,-10.12,12,0,1,0.8903225,0.00606726265201966,-0.9230920672416687
dqn,123,752,6928,-10.01,1,0,1,0.8903066666666667,0.0024976201821118593,-1.0304782390594482
dqn,123,753,6936,-10.08,8,0,1,0.89018,0.004391170805320144,-0.608853667974472
dqn,123,754,6947,-10.11,11,0,1,0.8900058333333334,0.0030389936873689294,-0.7000520452857018
dqn,123,755,6950,-10.03,3,0,1,0.8899583333333333,0.0036571607924997807,-0.40224260091781616
dqn,123,756,6952,-10.02,2,0,1,0.8899266666666666,0.003661524038761854,-0.3877175450325012
dqn,123,757,6966,-10.14,14,0,1,0.889705,0.005262131725127499,-0.73920871814092
dqn,123,758,6969,-10.03,3,0,1,0.8896575,0.00548551557585597,-1.3889765739440918
dqn,123,759,6973,-10.04,4,0,1,0.8895941666666667,0.002972726011648774,-0.7150181531906128
dqn,123,760,6974,-10.01,1,0,1,0.8895783333333334,,
dqn,123,761,6981,-10.07,7,0,1,0.8894675,0.008968512760475278,-1.2203359603881836
dqn,123,762,7000,-10.19,19,0,1,0.8891666666666667,0.007359191216528416,-0.7793855428695678
dqn,123,763,7003,-10.03,3,0,1,0.8891191666666667,,
dqn,123,764,7008,-10.049999999999999,5,0,1,0.88904,0.0074996547773480415,-0.8500698804855347
dqn,123,765,7028,-10.2,20,0,1,0.8887233333333333,0.007186929322779178,-0.6444130003452301
dqn,123,766,7037,-10.09,9,0,1,0.8885808333333334,0.010299549903720617,-1.13445246219635
dqn,123,767,7051,-10.14,14,0,1,0.8883591666666667,0.010518875593940416,-0.7956969340642294
dqn,123,768,7061,-10.1,10,0,1,0.8882008333333333,0.009594090438137451,-1.2072922984759014
dqn,123,769,7074,-10.129999999999999,13,0,1,0.887995,0.008936416202535232,-0.6071762045224508
dqn,123,770,7077,-10.03,3,0,1,0.8879475,0.014059854671359062,-0.43657299876213074
dqn,123,771,7095,-10.18,18,0,1,0.8876625,0.011801749933511019,-0.4259397089481354
dqn,123,772,7102,-10.07,7,0,1,0.8875516666666667,0.009643358876928687,-1.2454120516777039
dqn,123,773,7107,-10.049999999999999,5,0,1,0.8874725,0.005899373907595873,-0.6059108972549438
dqn,123,774,7110,-10.03,3,0,1,0.887425,0.007942786440253258,-0.6359704732894897
dqn,123,775,7118,-10.08,8,0,1,0.8872983333333333,0.007815796416252851,-0.9708394408226013
dqn,123,776,7129,-10.11,11,0,1,0.8871241666666667,0.007622779657443364,-0.9283942679564158
dqn,123,777,7150,-10.209999999999999,21,0,1,0.8867916666666666,0.006285112351179123,-0.46225015819072723
dqn,123,778,7182,-10.32,32,0,1,0.886285,0.006643590371822938,-0.9907137081027031
dqn,123,779,7187,-10.049999999999999,5,0,1,0.8862058333333334,0.004133515991270542,-0.5077716708183289
dqn,123,780,7213,-10.26,26,0,1,0.8857941666666667,0.011593726663185018,-0.8294886648654938
dqn,123,781,7215,-10.02,2,0,1,0.8857625,,
dqn,123,782,7219,-10.04,4,0,1,0.8856991666666667,0.013856965117156506,-1.389817476272583
dqn,123,783,7287,-10.68,68,0,1,0.8846225,0.00931324771441081,-0.9088920889531865
dqn,123,784,7300,-10.129999999999999,13,0,1,0.8844166666666666,0.007996508851647377,-0.6251206733286381
dqn,123,785,7303,-10.03,3,0,1,0.8843691666666667,,
dqn,123,786,7307,-10.04,4,0,1,0.8843058333333333,0.011431139893829823,-0.9422605037689209
dqn,123,787,7309,-10.02,2,0,1,0.8842741666666667,0.006138889119029045,-1.427408218383789
dqn,123,788,7320,-10.11,11,0,1,0.8841,0.006135485290239255,-0.554839293162028
dqn,123,789,7335,-10.15,15,0,1,0.8838625,0.005120143759995699,-0.4816535711288452
dqn,123,790,7337,-10.02,2,0,1,0.8838308333333333,0.00374518521130085,-0.5018479824066162
dqn,123,791,7339,-10.02,2,0,1,0.8837991666666667,,
dqn,123,792,7347,-10.08,8,0,1,0.8836725,0.007182240253314376,-0.7455359399318695
dqn,123,793,7351,-10.04,4,0,1,0.8836091666666667,0.005294738337397575,-0.6214455366134644
dqn,123,794,7354,-10.03,3,0,1,0.8835616666666667,0.005556720308959484,-0.9419960379600525
dqn,123,795,7368,-10.14,14,0,1,0.88334,0.006487505626864731,-0.6432529874145985
dqn,123,796,7373,-10.049999999999999,5,0,1,0.8832608333333334,0.005109398625791073,-0.8241251111030579
dqn,123,797,7376,-10.03,3,0,1,0.8832133333333333,0.006294911727309227,-0.8288083076477051
dqn,123,798,7427,-10.51,51,0,1,0.8824058333333333,0.0055888977367430925,-0.8103236729900042
dqn,123,799,7445,-10.18,18,0,1,0.8821208333333334,0.00556741151958704,-0.9274676322937012
dqn,123,800,7447,-10.02,2,0,1,0.8820891666666667,,
dqn,123,801,7506,-10.59,59,0,1,0.881155,0.008195129813005526,-0.7914646605650584
dqn,123,802,7515,-10.09,9,0,1,0.8810125,0.008210626430809498,-0.3034420758485794
dqn,123,803,7544,-10.29,29,0,1,0.8805533333333333,0.007572061556857079,-1.1025718934834003
dqn,123,804,7550,-10.06,6,0,1,0.8804583333333333,0.005664508789777756,-0.6728761792182922
dqn,123,805,7563,-10.129999999999999,13,0,1,0.8802525,0.007593363601093491,-0.7796086668968201
dqn,123,806,7565,-10.02,2,0,1,0.8802208333333333,0.009990539401769638,-0.987156331539154
dqn,123,807,7583,-10.18,18,0,1,0.8799358333333334,0.008599447319284081,-0.6679066717624664
dqn,123,808,7628,-10.45,45,0,1,0.8792233333333334,0.00879433483351022,-0.8401299814383189
dqn,123,809,7632,-10.04,4,0,1,0.8791599999999999,0.002877758117392659,-0.8040962219238281
dqn,123,810,7635,-10.03,3,0,1,0.8791125,,
dqn,123,811,7638,-10.03,3,0,1,0.879065,0.009416121058166027,-0.5332458019256592
dqn,123,812,7641,-10.03,3,0,1,0.8790175,0.018406584858894348,-1.3675683736801147
dqn,123,813,7642,-10.01,1,0,1,0.8790016666666667,,
dqn,123,814,7647,-10.049999999999999,5,0,1,0.8789225,0.005181280896067619,-0.8106839060783386
dqn,123,815,7650,-10.03,3,0,1,0.878875,0.013842150568962097,-0.8857951164245605
dqn,123,816,7652,-10.02,2,0,1,0.8788433333333333,0.013475627638399601,-0.4376070499420166
dqn,123,817,7657,-10.049999999999999,5,0,1,0.8787641666666667,0.003714065533131361,-0.9745553731918335
dqn,123,818,7659,-10.02,2,0,1,0.8787325,,
dqn,123,819,7673,-10.14,14,0,1,0.8785108333333334,0.00771590240765363,-0.7252598404884338
dqn,123,820,7680,-10.07,7,0,1,0.8784,0.006994473515078425,-0.6951554417610168
dqn,123,821,7684,-10.04,4,0,1,0.8783366666666667,0.007041291333734989,-1.6143385171890259
dqn,123,822,7706,-10.22,22,0,1,0.8779883333333334,0.010181299969553947,-0.7726465880870819
dqn,123,823,7710,-10.04,4,0,1,0.877925,0.004062345251441002,-1.1424049139022827
dqn,123,824,7714,-10.04,4,0,1,0.8778616666666667,0.010970382951200008,-0.23191773891448975
dqn,123,825,7725,-10.11,11,0,1,0.8776875,0.006244009671111901,-0.5034853319327036
dqn,123,826,7734,-10.09,9,0,1,0.877545,0.007253787014633417,-0.6939972341060638
dqn,123,827,7754,-10.2,20,0,1,0.8772283333333333,0.007334799319505691,-0.7917385339736939
dqn,123,828,7762,-10.08,8,0,1,0.8771016666666667,0.005070997169241309,-0.3153150677680969
dqn,123,829,7769,-10.07,7,0,1,0.8769908333333334,0.004642189014703035,-0.664436399936676
dqn,123,830,7771,-10.02,2,0,1,0.8769591666666666,,
dqn,123,831,7773,-10.02,2,0,1,0.8769275,0.004267341922968626,-0.3667503595352173
dqn,123,832,7780,-10.07,7,0,1,0.8768166666666667,0.005777512211352587,-1.3677209317684174
dqn,123,833,7807,-10.27,27,0,1,0.8763891666666667,0.004588325236303111,-0.9946786959966024
dqn,123,834,7811,-10.04,4,0,1,0.8763258333333334,0.004868300631642342,-0.30871427059173584
dqn,123,835,7816,-10.049999999999999,5,0,1,0.8762466666666666,0.005227794172242284,-0.748097836971283
dqn,123,836,7826,-10.1,10,0,1,0.8760883333333334,0.006589136435650289,-1.0787354111671448
dqn,123,837,7868,-10.42,42,0,1,0.8754233333333333,0.005079929357055913,-0.6751312830231406
dqn,123,838,7871,-10.03,3,0,1,0.8753758333333334,,
dqn,123,839,7873,-10.02,2,0,1,0.8753441666666667,0.0064023276790976524,-0.15183764696121216
dqn,123,840,7896,-10.23,23,0,1,0.87498,0.005296746734529734,-0.651349147160848
dqn,123,841,7903,-10.07,7,0,1,0.8748691666666667,0.005279751028865576,-1.4831695556640625
dqn,123,842,7905,-10.02,2,0,1,0.8748374999999999,0.0060059679672122,-0.6338241100311279
dqn,123,843,7912,-10.07,7,0,1,0.8747266666666667,0.00944439903832972,-1.1818711161613464
dqn,123,844,7916,-10.04,4,0,1,0.8746633333333333,0.010021564550697803,-0.532916247844696
dqn,123,845,7921,-10.049999999999999,5,0,1,0.8745841666666667,0.01868249848484993,-0.8831417560577393
dqn,123,846,7929,-10.08,8,0,1,0.8744575,0.012272078543901443,-0.4138462394475937
dqn,123,847,7931,-10.02,2,0,1,0.8744258333333333,,
dqn,123,848,7933,-10.02,2,0,1,0.8743941666666667,0.00559028796851635,-0.13318291306495667
dqn,123,849,7937,-10.04,4,0,1,0.8743308333333333,0.0033485409803688526,-1.2949953079223633
dqn,123,850,7940,-10.03,3,0,1,0.8742833333333333,0.009054962545633316,-1.0324262380599976
dqn,123,851,7941,-10.01,1,0,1,0.8742675,,
dqn,123,852,7946,-10.049999999999999,5,0,1,0.8741883333333333,0.006625971756875515,-1.1987148523330688
dqn,123,853,7954,-10.08,8,0,1,0.8740616666666667,0.009456361876800656,-1.0439011454582214
dqn,123,854,7958,-10.04,4,0,1,0.8739983333333333,0.008835630491375923,-0.9441837668418884
dqn,123,855,8015,-10.57,57,0,1,0.8730958333333334,0.007369371430416193,-0.8221171796321869
dqn,123,856,8021,-10.06,6,0,1,0.8730008333333333,0.003123586531728506,-0.6348299384117126
dqn,123,857,8033,-10.12,12,0,1,0.8728108333333333,0.00427066635650893,-0.8247045079867045
dqn,123,858,8042,-10.09,9,0,1,0.8726683333333334,0.0034643649123609066,-0.7991657257080078
dqn,123,859,8054,-10.12,12,0,1,0.8724783333333334,0.00340218977847447,-0.5236941874027252
dqn,123,860,8083,-10.29,29,0,1,0.8720191666666667,0.0026423430535942316,-0.7327267101832798
dqn,123,861,8093,-10.1,10,0,1,0.8718608333333333,0.003732596213618914,-0.61591770251592
dqn,123,862,8124,-10.31,31,0,1,0.87137,0.0027286101831123233,-0.8200491797178984
dqn,123,863,8133,-10.09,9,0,1,0.8712275,0.002060981816612184,-0.8673193156719208
dqn,123,864,8145,-10.12,12,0,1,0.8710375,0.003280909343933066,-0.6304110089937845
dqn,123,865,8147,-10.02,2,0,1,0.8710058333333334,,
dqn,123,866,8158,-10.11,11,0,1,0.8708316666666667,0.003180058478998641,-0.7934475739796957
dqn,123,867,8167,-10.09,9,0,1,0.8706891666666667,0.005993840517476201,-1.0020153522491455
dqn,123,868,8172,-10.049999999999999,5,0,1,0.87061,0.005375361768528819,-0.5932035446166992
dqn,123,869,8175,-10.03,3,0,1,0.8705625,,
dqn,123,870,8180,-10.049999999999999,5,0,1,0.8704833333333333,0.003135150298476219,-0.7097724974155426
dqn,123,871,8181,-10.01,1,0,1,0.8704675,,
dqn,123,872,8224,-10.43,43,0,1,0.8697866666666667,0.002258907707238739,-0.6298487430269067
dqn,123,873,8227,-10.03,3,0,1,0.8697391666666667,,
dqn,123,874,8230,-10.03,3,0,1,0.8696916666666666,0.002266103867441416,-0.6314213275909424
dqn,123,875,8238,-10.08,8,0,1,0.869565,0.00208110932726413,-0.7109551578760147
dqn,123,876,8242,-10.04,4,0,1,0.8695016666666666,0.005294909235090017,-1.2523317337036133
dqn,123,877,8245,-10.03,3,0,1,0.8694541666666666,0.0028538363985717297,-1.633962631225586
dqn,123,878,8247,-10.02,2,0,1,0.8694225,,
dqn,123,879,8254,-10.07,7,0,1,0.8693116666666667,0.002711612032726407,-0.6491083204746246
dqn,123,880,8268,-10.14,14,0,1,0.86909,0.0023894982296042144,-0.7354234382510185
dqn,123,881,8273,-10.049999999999999,5,0,1,0.8690108333333333,0.0038475943729281425,-0.6577628254890442
dqn,123,882,8289,-10.16,16,0,1,0.8687575000000001,0.002876359678339213,-0.7928902804851532
dqn,123,883,8295,-10.06,6,0,1,0.8686625,0.0025352430529892445,-1.101726770401001
dqn,123,884,8304,-10.09,9,0,1,0.86852,0.0033535536689062915,-0.5994027356306711
dqn,123,885,8308,-10.04,4,0,1,0.8684566666666667,0.0036271829158067703,-1.075763463973999
dqn,123,886,8313,-10.049999999999999,5,0,1,0.8683775,0.005207981914281845,-1.7239842414855957
dqn,123,887,8314,-10.01,1,0,1,0.8683616666666667,,
dqn,123,888,8347,-10.33,33,0,1,0.8678391666666667,0.007905187696451321,-0.8099898174405098
dqn,123,889,8351,-10.04,4,0,1,0.8677758333333334,0.004476022906601429,-0.9185578227043152
dqn,123,890,8363,-10.12,12,0,1,0.8675858333333333,0.007444062580664952,-0.8567376732826233
dqn,123,891,8366,-10.03,3,0,1,0.8675383333333333,0.008014119230210781,-0.20588722825050354
dqn,123,892,8369,-10.03,3,0,1,0.8674908333333333,0.003480809275060892,-0.8202216625213623
dqn,123,893,8383,-10.14,14,0,1,0.8672691666666666,0.0030965780218442283,-0.77795938650767
dqn,123,894,8389,-10.06,6,0,1,0.8671741666666667,0.0034225396811962128,-0.7805191576480865
dqn,123,895,8403,-10.14,14,0,1,0.8669525,0.005770548557241757,-0.8981859063108762
dqn,123,896,8421,-10.18,18,0,1,0.8666675,0.0026490860152989628,-0.7087288826704026
dqn,123,897,8427,-10.06,6,0,1,0.8665725,0.0034044377971440554,-0.7566292881965637
dqn,123,898,8435,-10.08,8,0,1,0.8664458333333334,0.003379124798811972,-0.7184226810932159
dqn,123,899,8449,-10.14,14,0,1,0.8662241666666667,0.0026728035882115364,-0.822004497051239
dqn,123,900,8451,-10.02,2,0,1,0.8661925,,
dqn,123,901,8459,-10.08,8,0,1,0.8660658333333333,0.0024640876217745245,-0.6529272198677063
dqn,123,902,8471,-10.12,12,0,1,0.8658758333333334,0.0020979477558285,-0.7480997840563456
dqn,123,903,8483,-10.12,12,0,1,0.8656858333333334,0.0018546162949254115,-0.5165986120700836
dqn,123,904,8543,-10.6,60,0,1,0.8647358333333334,0.002901881622771422,-0.632051441570123
dqn,123,905,8547,-10.04,4,0,1,0.8646725,0.0027984618209302425,-0.9395459294319153
dqn,123,906,8551,-10.04,4,0,1,0.8646091666666667,0.003055273089557886,-0.4505023956298828
dqn,123,907,8559,-10.08,8,0,1,0.8644825,0.0023837507469579577,-0.7996493577957153
dqn,123,908,8613,-10.54,54,0,1,0.8636275,0.003302518843806216,-0.6602000306759562
dqn,123,909,8614,-10.01,1,0,1,0.8636116666666667,,
dqn,123,910,8640,-10.26,26,0,1,0.8632,0.005524246321458902,-0.8094819699014936
dqn,123,911,8644,-10.04,4,0,1,0.8631366666666667,0.001619514892809093,-0.6143655776977539
dqn,123,912,8649,-10.049999999999999,5,0,1,0.8630575,0.0019446441438049078,-0.9627313613891602
dqn,123,913,8651,-10.02,2,0,1,0.8630258333333334,,
dqn,123,914,8657,-10.06,6,0,1,0.8629308333333333,0.002130793174728751,-0.4084017723798752
dqn,123,915,8676,-10.19,19,0,1,0.86263,0.002320111240260303,-0.7614346027374268
dqn,123,916,8699,-10.23,23,0,1,0.8622658333333333,0.0016686103073880077,-0.6916441142559051
dqn,123,917,8703,-10.04,4,0,1,0.8622025,0.0011969811748713255,-0.48052266240119934
dqn,123,918,8715,-10.12,12,0,1,0.8620125000000001,0.0018308677632982533,-0.6894287467002869
dqn,123,919,8738,-10.23,23,0,1,0.8616483333333333,0.0036481881591801843,-0.8257693499326706
dqn,123,920,8749,-10.11,11,0,1,0.8614741666666667,0.0044364104978740215,-1.0840610067049663
dqn,123,921,8773,-10.24,24,0,1,0.8610941666666667,0.002385611917513112,-0.6383150964975357
dqn,123,922,8777,-10.04,4,0,1,0.8610308333333334,0.0031079240143299103,-0.9365698099136353
dqn,123,923,8791,-10.14,14,0,1,0.8608091666666666,0.0025084835942834616,-1.0743738015492756
dqn,123,924,8793,-10.02,2,0,1,0.8607775,0.0014295629225671291,-0.48672232031822205
dqn,123,925,8796,-10.03,3,0,1,0.86073,0.0031986581161618233,-0.7842470407485962
dqn,123,926,8799,-10.03,3,0,1,0.8606825,,
dqn,123,927,8820,-10.209999999999999,21,0,1,0.86035,0.002751461463049054,-0.8713888078927994
dqn,123,928,8823,-10.03,3,0,1,0.8603025,,
dqn,123,929,8825,-10.02,2,0,1,0.8602708333333333,0.0014009610749781132,-0.4701814353466034
dqn,123,930,8840,-10.15,15,0,1,0.8600333333333333,0.0026437329943291843,-0.6319771781563759
dqn,123,931,8852,-10.12,12,0,1,0.8598433333333333,0.003253746855383118,-0.9645677308241526
dqn,123,932,8863,-10.11,11,0,1,0.8596691666666667,0.0022549352142959833,-1.0160655975341797
dqn,123,933,8875,-10.12,12,0,1,0.8594791666666667,0.00234895758330822,-0.5821709930896759
dqn,123,934,8910,-10.35,35,0,1,0.858925,0.002283035492938426,-0.7597328242328432
dqn,123,935,8912,-10.02,2,0,1,0.8588933333333333,0.00217217905446887,-0.45381590723991394
dqn,123,936,8924,-10.12,12,0,1,0.8587033333333334,0.003221257900198301,-0.7352595130602518
dqn,123,937,8928,-10.04,4,0,1,0.8586400000000001,0.0038213818334043026,-0.9797240495681763
dqn,123,938,8933,-10.049999999999999,5,0,1,0.8585608333333333,0.002596211154013872,-1.1004247665405273
dqn,123,939,8949,-10.16,16,0,1,0.8583075,0.002776837849523872,-1.16134575009346
dqn,123,940,8951,-10.02,2,0,1,0.8582758333333333,,
dqn,123,941,8962,-10.11,11,0,1,0.8581016666666667,0.0021417420745516815,-0.7948688666025797
dqn,123,942,8964,-10.02,2,0,1,0.85807,0.0022023902274668217,-1.2836955785751343
dqn,123,943,8975,-10.11,11,0,1,0.8578958333333333,0.0026365368394181132,-0.8848543465137482
dqn,123,944,8980,-10.049999999999999,5,0,1,0.8578166666666667,0.003796619363129139,-1.4180822968482971
dqn,123,945,9010,-10.3,30,0,1,0.8573416666666667,0.002204653457738459,-0.7985461481979915
dqn,123,946,9017,-10.07,7,0,1,0.8572308333333334,0.0031742535065859556,-1.0434850454330444
dqn,123,947,9024,-10.07,7,0,1,0.85712,0.0024063364835456014,-1.0846950709819794
dqn,123,948,9052,-10.28,28,0,1,0.8566766666666666,0.002064762886480561,-0.5220759628074509
dqn,123,949,9054,-10.02,2,0,1,0.856645,,
dqn,123,950,9076,-10.22,22,0,1,0.8562966666666667,0.002085730763307462,-0.568810299038887
dqn,123,951,9079,-10.03,3,0,1,0.8562491666666667,,
dqn,123,952,9100,-10.209999999999999,21,0,1,0.8559166666666667,0.002518732255945603,-0.9064191381136576
dqn,123,953,9110,-10.1,10,0,1,0.8557583333333334,0.002044488734100014,-0.622184157371521
dqn,123,954,9131,-10.209999999999999,21,0,1,0.8554258333333333,0.002144984249025583,-0.62446608543396
dqn,123,955,9149,-10.18,18,0,1,0.8551408333333334,0.002039043023250997,-0.6766030550003052
dqn,123,956,9152,-10.03,3,0,1,0.8550933333333334,0.0019625811837613583,-1.4245713949203491
dqn,123,957,9157,-10.049999999999999,5,0,1,0.8550141666666666,0.0023393617011606693,0.03337585926055908
dqn,123,958,9197,-10.4,40,0,1,0.8543808333333334,0.0031938435626216234,-0.6807536005973815
dqn,123,959,9201,-10.04,4,0,1,0.8543175000000001,0.005043875426054001,-1.0503016710281372
dqn,123,960,9216,-10.15,15,0,1,0.85408,0.004486584686674178,-0.8774095475673676
dqn,123,961,9224,-10.08,8,0,1,0.8539533333333333,0.007022318197414279,-0.585573136806488
dqn,123,962,9229,-10.049999999999999,5,0,1,0.8538741666666667,0.006634640507400036,-0.5044814348220825
dqn,123,963,9238,-10.09,9,0,1,0.8537316666666667,0.007140000816434622,-0.8287503719329834
dqn,123,964,9245,-10.07,7,0,1,0.8536208333333334,0.00976652605459094,-1.0394295454025269
dqn,123,965,9249,-10.04,4,0,1,0.8535575,0.002786459634080529,-0.6052756309509277
dqn,123,966,9250,-10.01,1,0,1,0.8535416666666666,,
dqn,123,967,9266,-10.16,16,0,1,0.8532883333333333,0.014367081108503044,-0.43194201961159706
dqn,123,968,9270,-10.04,4,0,1,0.853225,0.04458863288164139,-0.7828571796417236
dqn,123,969,9301,-10.31,31,0,1,0.8527341666666667,0.030400037649087608,-0.5826504887081683
dqn,123,970,9321,-10.2,20,0,1,0.8524175,0.054109906405210496,-0.6761989414691925
dqn,123,971,9332,-10.11,11,0,1,0.8522433333333334,0.032020906607309975,-0.8021307786305746
dqn,123,972,9333,-10.01,1,0,1,0.8522275,,
dqn,123,973,9337,-10.04,4,0,1,0.8521641666666667,0.017138436436653137,-0.20912186801433563
dqn,123,974,9343,-10.06,6,0,1,0.8520691666666667,0.020057406276464462,-0.8322403430938721
dqn,123,975,9349,-10.06,6,0,1,0.8519741666666667,0.010351586155593395,-0.3226710259914398
dqn,123,976,9357,-10.08,8,0,1,0.8518475,0.015750789549201727,-0.8287995755672455
dqn,123,977,9368,-10.11,11,0,1,0.8516733333333333,0.01617594249546528,-1.0588328043619792
dqn,123,978,9373,-10.049999999999999,5,0,1,0.8515941666666667,0.00486784940585494,-0.339992493391037
dqn,123,979,9374,-10.01,1,0,1,0.8515783333333333,,
dqn,123,980,9382,-10.08,8,0,1,0.8514516666666667,0.013719281181693077,-0.6114586293697357
dqn,123,981,9398,-10.16,16,0,1,0.8511983333333333,0.018452896270900965,-0.7424805369228125
dqn,123,982,9402,-10.04,4,0,1,0.851135,0.017329566180706024,-0.5054314136505127
dqn,123,983,9404,-10.02,2,0,1,0.8511033333333333,0.010534198954701424,-1.437743902206421
dqn,123,984,9415,-10.11,11,0,1,0.8509291666666666,0.009799032472074032,-0.7154156267642975
dqn,123,985,9436,-10.209999999999999,21,0,1,0.8505966666666667,0.017183445549259584,-1.0023052195707958
dqn,123,986,9461,-10.25,25,0,1,0.8502008333333333,0.01415289449505508,-0.8189601550499598
dqn,123,987,9465,-10.04,4,0,1,0.8501375,0.01157332956790924,-0.8132340908050537
dqn,123,988,9469,-10.04,4,0,1,0.8500741666666667,0.010685750283300877,-0.35970768332481384
dqn,123,989,9474,-10.049999999999999,5,0,1,0.8499950000000001,0.007995307445526123,-0.9913480281829834
dqn,123,990,9475,-10.01,1,0,1,0.8499791666666667,,
dqn,123,991,9478,-10.03,3,0,1,0.8499316666666666,0.0026795389130711555,0.026593714952468872
dqn,123,992,9504,-10.26,26,0,1,0.84952,0.008310400082596711,-0.4679254304085459
dqn,123,993,9507,-10.03,3,0,1,0.8494725,,
dqn,123,994,9509,-10.02,2,0,1,0.8494408333333333,0.006978945806622505,-0.8938820362091064
dqn,123,995,9560,-10.51,51,0,1,0.8486333333333334,0.008823003028877653,-0.8263866030252897
dqn,123,996,9563,-10.03,3,0,1,0.8485858333333334,,
dqn,123,997,9583,-10.2,20,0,1,0.8482691666666666,0.008730464847758412,-0.6779064536094666
dqn,123,998,9585,-10.02,2,0,1,0.8482375,0.009736062958836555,-1.058218002319336
dqn,123,999,9592,-10.07,7,0,1,0.8481266666666667,0.0036521052243188024,-1.0466492772102356
dqn,123,1000,9602,-10.1,10,0,1,0.8479683333333333,0.0056601696414873,-0.7234241366386414
dqn,123,1001,9603,-10.01,1,0,1,0.8479525,,
dqn,123,1002,9606,-10.03,3,0,1,0.847905,0.003155769780278206,0.07273349165916443
dqn,123,1003,9610,-10.04,4,0,1,0.8478416666666666,0.013057606294751167,-0.5381731390953064
dqn,123,1004,9612,-10.02,2,0,1,0.84781,0.006667857989668846,-1.206065058708191
dqn,123,1005,9618,-10.06,6,0,1,0.847715,0.005504850298166275,-0.1598796397447586
dqn,123,1006,9622,-10.04,4,0,1,0.8476516666666667,0.016088226810097694,-0.5302667617797852
dqn,123,1007,9668,-10.46,46,0,1,0.8469233333333334,0.008200176642276347,-0.8847354923685392
dqn,123,1008,9670,-10.02,2,0,1,0.8468916666666666,,
dqn,123,1009,9672,-10.02,2,0,1,0.84686,0.003377924207597971,-0.3152458667755127
dqn,123,1010,9715,-10.43,43,0,1,0.8461791666666667,0.003893406153656542,-0.8266613990068435
dqn,123,1011,9721,-10.06,6,0,1,0.8460841666666666,0.003868830157443881,-0.7183746099472046
dqn,123,1012,9723,-10.02,2,0,1,0.8460525,,
dqn,123,1013,9726,-10.03,3,0,1,0.846005,0.0032455422915518284,-0.7612127065658569
dqn,123,1014,9730,-10.04,4,0,1,0.8459416666666667,0.0066909510642290115,-0.5912167429924011
dqn,123,1015,9738,-10.08,8,0,1,0.845815,0.0030254548764787614,-0.9261122047901154
dqn,123,1016,9740,-10.02,2,0,1,0.8457833333333333,0.006958703510463238,-1.611830711364746
dqn,123,1017,9754,-10.14,14,0,1,0.8455616666666667,0.0036344793625175953,-0.5073098738988241
dqn,123,1018,9758,-10.04,4,0,1,0.8454983333333334,0.003294907044619322,-1.257225751876831
dqn,123,1019,9767,-10.09,9,0,1,0.8453558333333333,0.004214205779135227,-0.39931413531303406
dqn,123,1020,9769,-10.02,2,0,1,0.8453241666666667,0.0029047310817986727,-2.4046919345855713
dqn,123,1021,9793,-10.24,24,0,1,0.8449441666666666,0.002914321725256741,-0.8864189287026724
dqn,123,1022,9810,-10.17,17,0,1,0.8446750000000001,0.002261785906739533,-0.9029524475336075
dqn,123,1023,9898,-10.88,88,0,1,0.8432816666666667,0.0022449000759727574,-0.7771643684668974
dqn,123,1024,9905,-10.07,7,0,1,0.8431708333333333,0.0020347043173387647,-0.3777949661016464
dqn,123,1025,9910,-10.049999999999999,5,0,1,0.8430916666666667,0.0059117586351931095,-0.6605924367904663
dqn,123,1026,9929,-10.19,19,0,1,0.8427908333333334,0.0026671121595427394,-0.5017635583877563
dqn,123,1027,9930,-10.01,1,0,1,0.842775,,
dqn,123,1028,9937,-10.07,7,0,1,0.8426641666666667,0.0029028666904196143,-0.3812003433704376
dqn,123,1029,9940,-10.03,3,0,1,0.8426166666666667,0.0029439623467624187,-0.6387559175491333
dqn,123,1030,9942,-10.02,2,0,1,0.842585,,
dqn,123,1031,9947,-10.049999999999999,5,0,1,0.8425058333333333,0.002432488836348057,-0.7605679631233215
dqn,123,1032,9957,-10.1,10,0,1,0.8423475,0.004209382187885542,-0.8195541302363077
dqn,123,1033,9980,-10.23,23,0,1,0.8419833333333333,0.003368693326289455,-0.6972651580969492
dqn,123,1034,9981,-10.01,1,0,1,0.8419675,,
dqn,123,1035,10001,-10.2,20,0,1,0.8416508333333333,0.003944649314507842,-1.0182543992996216
dqn,123,1036,10011,-10.1,10,0,1,0.8414925,0.0037742926506325603,-0.9280863106250763
dqn,123,1037,10019,-10.08,8,0,1,0.8413658333333334,0.004333248361945152,-0.9565132409334183
dqn,123,1038,10046,-10.27,27,0,1,0.8409383333333333,0.0035329561381201658,-0.5103421626346452
dqn,123,1039,10062,-10.16,16,0,1,0.840685,0.005658291862346232,-0.515382744371891
dqn,123,1040,10066,-10.04,4,0,1,0.8406216666666666,0.0021584455389529467,-0.75803542137146
dqn,123,1041,10068,-10.02,2,0,1,0.84059,0.0015544777270406485,-1.052734375
dqn,123,1042,10088,-10.2,20,0,1,0.8402733333333333,0.0032157538458704948,-0.8849002897739411
dqn,123,1043,10097,-10.09,9,0,1,0.8401308333333333,0.004038459155708551,-0.6405876576900482
dqn,123,1044,10099,-10.02,2,0,1,0.8400991666666666,,
dqn,123,1045,10110,-10.11,11,0,1,0.839925,0.0033640782348811626,-0.5988704959551493
dqn,123,1046,10116,-10.06,6,0,1,0.8398300000000001,0.0034243338741362095,-0.838664174079895
dqn,123,1047,10120,-10.04,4,0,1,0.8397666666666667,0.00467835646122694,-0.8774502277374268
dqn,123,1048,10141,-10.209999999999999,21,0,1,0.8394341666666667,0.0023976913886144756,-0.7535982877016068
dqn,123,1049,10146,-10.049999999999999,5,0,1,0.8393550000000001,0.0026688813231885433,-0.6036233305931091
dqn,123,1050,10148,-10.02,2,0,1,0.8393233333333333,0.0016333196545019746,-1.5578548908233643
dqn,123,1051,10152,-10.04,4,0,1,0.83926,0.003030585590749979,-1.0685834884643555
dqn,123,1052,10155,-10.03,3,0,1,0.8392125,,
dqn,123,1053,10163,-10.08,8,0,1,0.8390858333333333,0.002055215765722096,-0.42299534380435944
dqn,123,1054,10172,-10.09,9,0,1,0.8389433333333334,0.005515289415294926,-0.8326228658358256
dqn,123,1055,10178,-10.06,6,0,1,0.8388483333333333,0.0031309695914387703,-0.8997052311897278
dqn,123,1056,10180,-10.02,2,0,1,0.8388166666666667,0.0036646565422415733,-0.5589749813079834
dqn,123,1057,10188,-10.08,8,0,1,0.8386899999999999,0.003232892253436148,-0.9783498048782349
dqn,123,1058,10193,-10.049999999999999,5,0,1,0.8386108333333333,0.00235537625849247,-0.7802929878234863
dqn,123,1059,10200,-10.07,7,0,1,0.8385,0.0029333317070268095,-0.8458732664585114
dqn,123,1060,10211,-10.11,11,0,1,0.8383258333333333,0.0025872824480757117,-0.08499135076999664
dqn,123,1061,10214,-10.03,3,0,1,0.8382783333333333,0.0032880674116313457,-0.5758479833602905
dqn,123,1062,10225,-10.11,11,0,1,0.8381041666666667,0.0037492538491884866,-0.43629635373751324
dqn,123,1063,10251,-10.26,26,0,1,0.8376925,0.0036066885222680867,-0.8578151067097982
dqn,123,1064,10263,-10.12,12,0,1,0.8375025,0.0021227370016276836,-1.027042140563329
dqn,123,1065,10283,-10.2,20,0,1,0.8371858333333333,0.0022857898380607366,-0.5322665005922318
dqn,123,1066,10290,-10.07,7,0,1,0.837075,0.001459998544305563,-1.2349852323532104
dqn,123,1067,10300,-10.1,10,0,1,0.8369166666666666,0.002287329756654799,-0.5185995598634084
dqn,123,1068,10315,-10.15,15,0,1,0.8366791666666666,0.002068800056197991,-0.5500444124142329
dqn,123,1069,10332,-10.17,17,0,1,0.83641,0.0024197370279580356,-0.7922785222530365
dqn,123,1070,10337,-10.049999999999999,5,0,1,0.8363308333333334,0.0012518572621047497,-0.7636600732803345
dqn,123,1071,10360,-10.23,23,0,1,0.8359666666666667,0.0020664748929751417,-0.5914257913827896
dqn,123,1072,10365,-10.049999999999999,5,0,1,0.8358875,0.0013191308826208115,-1.4007642269134521
dqn,123,1073,10376,-10.11,11,0,1,0.8357133333333333,0.0016952875691155593,-0.8581763903299967
dqn,123,1074,10381,-10.049999999999999,5,0,1,0.8356341666666667,0.003495474811643362,-0.9280989170074463
dqn,123,1075,10384,-10.03,3,0,1,0.8355866666666667,0.001178999780677259,-0.43375325202941895
dqn,123,1076,10414,-10.3,30,0,1,0.8351116666666667,0.00202981849932777,-0.782998297895704
dqn,123,1077,10449,-10.35,35,0,1,0.8345575000000001,0.002645741190968288,-0.6726378666030036
dqn,123,1078,10503,-10.54,54,0,1,0.8337025,0.001884029815510775,-0.7266487525059626
dqn,123,1079,10508,-10.049999999999999,5,0,1,0.8336233333333334,0.002705929917283356,-0.36329974234104156
dqn,123,1080,10522,-10.14,14,0,1,0.8334016666666667,0.002558306170006593,-0.31464481850465137
dqn,123,1081,10534,-10.12,12,0,1,0.8332116666666667,0.002618651216228803,-1.1841366315881412
dqn,123,1082,10546,-10.12,12,0,1,0.8330216666666667,0.0020464213642602167,-0.6996409694353739
dqn,123,1083,10572,-10.26,26,0,1,0.8326100000000001,0.0026017562319923726,-0.9111978496823993
dqn,123,1084,10588,-10.16,16,0,1,0.8323566666666666,0.00213058854569681,-0.7180275917053223
dqn,123,1085,10593,-10.049999999999999,5,0,1,0.8322775,0.0013600578531622887,0.05993583798408508
dqn,123,1086,10597,-10.04,4,0,1,0.8322141666666667,0.0010492970468476415,-0.5962865352630615
dqn,123,1087,10602,-10.049999999999999,5,0,1,0.8321350000000001,0.0019025448709726334,-1.0619162321090698
dqn,123,1088,10607,-10.049999999999999,5,0,1,0.8320558333333333,0.0014320618938654661,-0.7568464875221252
dqn,123,1089,10610,-10.03,3,0,1,0.8320083333333333,0.0019584125839173794,-0.43845975399017334
dqn,123,1090,10623,-10.129999999999999,13,0,1,0.8318025,0.002175527003904184,-0.5379034578800201
dqn,123,1091,10628,-10.049999999999999,5,0,1,0.8317233333333334,0.0013782010646536946,-0.19645428657531738
dqn,123,1092,10664,-10.36,36,0,1,0.8311533333333334,0.0021639601586179603,-0.7832879448930422
dqn,123,1093,10665,-10.01,1,0,1,0.8311375000000001,,
dqn,123,1094,10668,-10.03,3,0,1,0.83109,0.0009877413976937532,-0.7540040016174316
dqn,123,1095,10674,-10.06,6,0,1,0.830995,0.0014213008107617497,-0.6041446924209595
dqn,123,1096,10774,-11.0,100,0,1,0.8294116666666667,0.0019755627447739245,-0.8177181422710419
dqn,123,1097,10777,-10.03,3,0,1,0.8293641666666667,0.009387749247252941,-1.170390248298645
dqn,123,1098,10781,-10.04,4,0,1,0.8293008333333334,0.0016550748841837049,-0.4429083466529846
dqn,123,1099,10783,-10.02,2,0,1,0.8292691666666667,,
dqn,123,1100,10796,-10.129999999999999,13,0,1,0.8290633333333334,0.005533242481760681,-0.831507608294487
dqn,123,1101,10818,-10.22,22,0,1,0.828715,0.003370898007415235,-1.1166757345199585
dqn,123,1102,10843,-10.25,25,0,1,0.8283191666666667,0.0024116269196383655,-0.5912609398365021
dqn,123,1103,10845,-10.02,2,0,1,0.8282875000000001,0.0013215637300163507,-0.5704658031463623
dqn,123,1104,10860,-10.15,15,0,1,0.82805,0.0020141661807429045,-0.7944429069757462
dqn,123,1105,10896,-10.36,36,0,1,0.82748,0.002158048510965374,-0.7361519204245673
dqn,123,1106,10907,-10.11,11,0,1,0.8273058333333334,0.0019270702032372355,-0.42114001512527466
dqn,123,1107,10911,-10.04,4,0,1,0.8272425,0.0047872611321508884,-1.3596928119659424
dqn,123,1108,10920,-10.09,9,0,1,0.8271,0.002671079089244207,-0.5686678240696589
dqn,123,1109,10921,-10.01,1,0,1,0.8270841666666666,,
dqn,123,1110,10932,-10.11,11,0,1,0.82691,0.0020543646533042192,-0.35072023669878644
dqn,123,1111,10945,-10.129999999999999,13,0,1,0.8267041666666667,0.0021601179226612053,-0.47720275322596234
dqn,123,1112,10975,-10.3,30,0,1,0.8262291666666667,0.00289081600827298,-0.4783866150038583
dqn,123,1113,10990,-10.15,15,0,1,0.8259916666666667,0.0018084421462845057,-0.5410111024975777
dqn,123,1114,10992,-10.02,2,0,1,0.82596,0.002789649646729231,-0.735836923122406
dqn,123,1115,11004,-10.12,12,0,1,0.82577,0.002083569144209226,-0.22366962830225626
dqn,123,1116,11036,-10.32,32,0,1,0.8252633333333333,0.0024409120669588447,-0.6715009352192283
dqn,123,1117,11038,-10.02,2,0,1,0.8252316666666667,,
dqn,123,1118,11042,-10.04,4,0,1,0.8251683333333333,0.003592665772885084,-0.8705846071243286
dqn,123,1119,11046,-10.04,4,0,1,0.825105,0.0013132134918123484,0.06580382585525513
dqn,123,1120,11051,-10.049999999999999,5,0,1,0.8250258333333333,0.0053735896944999695,-0.805479884147644
dqn,123,1121,11071,-10.2,20,0,1,0.8247091666666667,0.00210204825270921,-0.4188874214887619
dqn,123,1122,11103,-10.32,32,0,1,0.8242025,0.0034994563466170803,-0.7393799088895321
dqn,123,1123,11170,-10.67,67,0,1,0.8231416666666667,0.002548928386257852,-0.5636396066230887
dqn,123,1124,11178,-10.08,8,0,1,0.823015,0.0014041326357983053,-0.6159873008728027
dqn,123,1125,11205,-10.27,27,0,1,0.8225875,0.0016925489596490348,-0.8488521363054004
dqn,123,1126,11214,-10.09,9,0,1,0.822445,0.002305271045770496,-0.7378869354724884
dqn,123,1127,11216,-10.02,2,0,1,0.8224133333333333,0.001086496515199542,-0.26490315794944763
dqn,123,1128,11245,-10.29,29,0,1,0.8219541666666667,0.0017187363368326,-0.6374607299055371
dqn,123,1129,11282,-10.37,37,0,1,0.8213683333333334,0.0017132402119588936,-0.8665702243645986
dqn,123,1130,11285,-10.03,3,0,1,0.8213208333333334,0.0013988041318953037,-0.7354817390441895
dqn,123,1131,11332,-10.47,47,0,1,0.8205766666666667,0.0018412170951099445,-0.5822110412021478
dqn,123,1132,11340,-10.08,8,0,1,0.82045,0.0015302192769013345,-0.653053805232048
dqn,123,1133,11376,-10.36,36,0,1,0.81988,0.00286454187395672,-0.7369535250796212
dqn,123,1134,11378,-10.02,2,0,1,0.8198483333333333,,
dqn,123,1135,11399,-10.209999999999999,21,0,1,0.8195158333333333,0.0024217579048126936,-0.5324725389480591
dqn,123,1136,11448,-10.49,49,0,1,0.81874,0.004768531894884431,-0.5159379667960681
dqn,123,1137,11458,-10.1,10,0,1,0.8185816666666667,0.0035647660261020064,-0.4901880472898483
dqn,123,1138,11460,-10.02,2,0,1,0.81855,0.003088785335421562,-0.0787869468331337
dqn,123,1139,11476,-10.16,16,0,1,0.8182966666666667,0.003352422674652189,-0.6088303923606873
dqn,123,1140,11503,-10.27,27,0,1,0.8178691666666666,0.0020401919609867036,-0.906360944112142
dqn,123,1141,11512,-10.09,9,0,1,0.8177266666666667,0.0012117175695796807,-0.59857710202535
dqn,123,1142,11538,-10.26,26,0,1,0.817315,0.0013837862643413246,-0.8075050214926401
dqn,123,1143,11540,-10.02,2,0,1,0.8172833333333334,0.0013947312254458666,-0.9269489049911499
dqn,123,1144,11545,-10.049999999999999,5,0,1,0.8172041666666667,0.0014965536538511515,-1.3982607126235962
dqn,123,1145,11552,-10.07,7,0,1,0.8170933333333333,0.002492438885383308,-1.0669118463993073
dqn,123,1146,11564,-10.12,12,0,1,0.8169033333333333,0.0018124237734203537,-0.6428705056508383
dqn,123,1147,11567,-10.03,3,0,1,0.8168558333333333,,
dqn,123,1148,11596,-10.29,29,0,1,0.8163966666666667,0.001059710957633797,-0.8602391537278891
dqn,123,1149,11642,-10.46,46,0,1,0.8156683333333333,0.0019627391805194998,-0.591898881576278
dqn,123,1150,11666,-10.24,24,0,1,0.8152883333333334,0.0019640675551878908,-0.4515621066093445
dqn,123,1151,11672,-10.06,6,0,1,0.8151933333333333,0.0027856044471263885,-0.4837743043899536
dqn,123,1152,11694,-10.22,22,0,1,0.814845,0.0027661070809699593,-0.858113020658493
dqn,123,1153,11697,-10.03,3,0,1,0.8147975000000001,0.0015872102230787277,-0.25247079133987427
dqn,123,1154,11699,-10.02,2,0,1,0.8147658333333333,,
dqn,123,1155,11700,-10.01,1,0,1,0.81475,0.0009736912907101214,-0.41231465339660645
dqn,123,1156,11701,-10.01,1,0,1,0.8147341666666666,,
dqn,123,1157,11704,-10.03,3,0,1,0.8146866666666667,0.000833447789773345,-0.9229214191436768
dqn,123,1158,11713,-10.09,9,0,1,0.8145441666666666,0.002155946014681831,-0.6063447892665863
dqn,123,1159,11715,-10.02,2,0,1,0.8145125,,
dqn,123,1160,11736,-10.209999999999999,21,0,1,0.81418,0.0012210020892477285,-0.5083832343419393
dqn,123,1161,11745,-10.09,9,0,1,0.8140375,0.0012533135013654828,-0.5818018615245819
dqn,123,1162,11748,-10.03,3,0,1,0.81399,0.0012203888036310673,-1.3990261554718018
dqn,123,1163,11759,-10.11,11,0,1,0.8138158333333333,0.0011585379834286869,-0.5283213257789612
dqn,123,1164,11762,-10.03,3,0,1,0.8137683333333333,0.0019109887070953846,-1.0934393405914307
dqn,123,1165,11779,-10.17,17,0,1,0.8134991666666667,0.0011940555850742385,-0.42820613272488117
dqn,123,1166,11787,-10.08,8,0,1,0.8133725,0.0013991115847602487,-0.5159255713224411
dqn,123,1167,11794,-10.07,7,0,1,0.8132616666666667,0.0016063128132373095,-0.8153427839279175
dqn,123,1168,11797,-10.03,3,0,1,0.8132141666666667,0.001635317225009203,-1.0798981189727783
dqn,123,1169,11801,-10.04,4,0,1,0.8131508333333334,0.0016694220248609781,-0.4482646584510803
dqn,123,1170,11807,-10.06,6,0,1,0.8130558333333333,0.0015649275155737996,-0.9353783130645752
dqn,123,1171,11825,-10.18,18,0,1,0.8127708333333333,0.0013159955735318363,-0.4245420664548874
dqn,123,1172,11857,-10.32,32,0,1,0.8122641666666667,0.001547615924209822,-0.9190306067466736
dqn,123,1173,11861,-10.04,4,0,1,0.8122008333333334,0.0011895677307620645,-0.08845558017492294
dqn,123,1174,11864,-10.03,3,0,1,0.8121533333333333,0.0015691688749939203,-0.2627512812614441
dqn,123,1175,11867,-10.03,3,0,1,0.8121058333333333,,
dqn,123,1176,11881,-10.14,14,0,1,0.8118841666666666,0.001212871604366228,-0.8059961199760437
dqn,123,1177,11884,-10.03,3,0,1,0.8118366666666667,0.0013348374050110579,-1.88279390335083
dqn,123,1178,11888,-10.04,4,0,1,0.8117733333333333,0.0009138543391600251,-0.9087450504302979
dqn,123,1179,11915,-10.27,27,0,1,0.8113458333333333,0.001310756750172004,-0.695664589603742
dqn,123,1180,11932,-10.17,17,0,1,0.8110766666666667,0.0016551112057641149,-0.7751579105854034
dqn,123,1181,11941,-10.09,9,0,1,0.8109341666666667,0.0021401603589765728,-0.37389589846134186
dqn,123,1182,11948,-10.07,7,0,1,0.8108233333333333,0.0009246531408280134,-0.1899442858994007
dqn,123,1183,11951,-10.03,3,0,1,0.8107758333333334,,
dqn,123,1184,11982,-10.31,31,0,1,0.810285,0.0014643184222222771,-0.4034399688243866
dqn,123,1185,11993,-10.11,11,0,1,0.8101108333333333,0.001836917595937848,-0.5915664285421371
dqn,123,1186,11996,-10.03,3,0,1,0.8100633333333334,0.0010099457576870918,-0.2791115343570709
dqn,123,1187,12024,-10.28,28,0,1,0.80962,0.0012419848436755793,-0.5289398320019245
dqn,123,1188,12069,-10.45,45,0,1,0.8089075,0.00114475241438909,-0.514277078888633
dqn,123,1189,12090,-10.209999999999999,21,0,1,0.808575,0.0011411794926971196,-0.539009976387024
dqn,123,1190,12147,-10.57,57,0,1,0.8076725,0.0011866498929781041,-0.6424157225659916
dqn,123,1191,12153,-10.06,6,0,1,0.8075775000000001,0.0009937762515619397,-0.8997151851654053
dqn,123,1192,12156,-10.03,3,0,1,0.80753,0.0005094073712825775,0.08173737674951553
dqn,123,1193,12162,-10.06,6,0,1,0.807435,0.001841857680119574,-0.7128985524177551
dqn,123,1194,12169,-10.07,7,0,1,0.8073241666666666,0.0016071256250143051,-1.2358197569847107
dqn,123,1195,12171,-10.02,2,0,1,0.8072925,,
dqn,123,1196,12181,-10.1,10,0,1,0.8071341666666667,0.0010187096583346527,-0.6773059368133545
dqn,123,1197,12188,-10.07,7,0,1,0.8070233333333333,0.0011294166906736791,-0.8967171460390091
dqn,123,1198,12198,-10.1,10,0,1,0.8068649999999999,0.0009545098291710019,-0.6583316773176193
dqn,123,1199,12228,-10.3,30,0,1,0.8063899999999999,0.0009718443398014642,-0.46958646178245544
dqn,123,1200,12244,-10.16,16,0,1,0.8061366666666667,0.0009287671855418012,-0.37710719741880894
dqn,123,1201,12261,-10.17,17,0,1,0.8058675,0.000878673410625197,-0.5642346572130919
dqn,123,1202,12266,-10.049999999999999,5,0,1,0.8057883333333333,0.0010265317978337407,-0.2510005235671997
dqn,123,1203,12268,-10.02,2,0,1,0.8057566666666667,0.0008912394405342638,-0.7270828485488892
dqn,123,1204,12298,-10.3,30,0,1,0.8052816666666667,0.001050448602265013,-0.4804441034793854
dqn,123,1205,12310,-10.12,12,0,1,0.8050916666666666,0.0008374821627512574,-0.741218646367391
dqn,123,1206,12313,-10.03,3,0,1,0.8050441666666667,0.00037354283267632127,-0.4169776439666748
dqn,123,1207,12326,-10.129999999999999,13,0,1,0.8048383333333333,0.0011828929612723489,-0.4611095388730367
dqn,123,1208,12331,-10.049999999999999,5,0,1,0.8047591666666667,0.0013905882369726896,-0.26885902881622314
dqn,123,1209,12332,-10.01,1,0,1,0.8047433333333334,0.0029195230454206467,-0.941099226474762
dqn,123,1210,12365,-10.33,33,0,1,0.8042208333333334,0.0026355313311796635,-0.8888912536203861
dqn,123,1211,12366,-10.01,1,0,1,0.8042050000000001,,
dqn,123,1212,12370,-10.04,4,0,1,0.8041416666666666,0.004652287811040878,-0.45723751187324524
dqn,123,1213,12374,-10.04,4,0,1,0.8040783333333333,0.001178284059278667,-0.42794084548950195
dqn,123,1214,12378,-10.04,4,0,1,0.804015,0.0013616573996841908,-1.3762052059173584
dqn,123,1215,12387,-10.09,9,0,1,0.8038725,0.0039943152805790305,-0.6996582746505737
dqn,123,1216,12415,-10.28,28,0,1,0.8034291666666666,0.0030362202087417245,-0.7939104565552303
dqn,123,1217,12425,-10.1,10,0,1,0.8032708333333334,0.001924149808473885,-0.6073935131231943
dqn,123,1218,12452,-10.27,27,0,1,0.8028433333333334,0.0027899970383649425,-0.7130425700119564
dqn,123,1219,12455,-10.03,3,0,1,0.8027958333333334,,
dqn,123,1220,12457,-10.02,2,0,1,0.8027641666666667,0.005595303140580654,-0.9414098262786865
dqn,123,1221,12491,-10.34,34,0,1,0.8022258333333333,0.0021351021277951077,-0.6538971532136202
dqn,123,1222,12500,-10.09,9,0,1,0.8020833333333334,0.003522312268614769,-0.5718153417110443
dqn,123,1223,12518,-10.18,18,0,1,0.8017983333333334,0.002029546652920544,-0.8063292652368546
dqn,123,1224,12521,-10.03,3,0,1,0.8017508333333334,0.0019652964547276497,-0.42731648683547974
dqn,123,1225,12524,-10.03,3,0,1,0.8017033333333333,0.002824255730956793,-0.7690310478210449
dqn,123,1226,12531,-10.07,7,0,1,0.8015925,0.0007227548048831522,-0.5735523700714111
dqn,123,1227,12551,-10.2,20,0,1,0.8012758333333334,0.002463900693692267,-0.7683891355991364
dqn,123,1228,12601,-10.5,50,0,1,0.8004841666666667,0.002347294554615823,-0.6307215255040389
dqn,123,1229,12611,-10.1,10,0,1,0.8003258333333334,0.004208758240565658,-0.43889954686164856
dqn,123,1230,12639,-10.28,28,0,1,0.7998825,0.0021982728586798267,-0.43634475980486187
dqn,123,1231,12643,-10.04,4,0,1,0.7998191666666667,0.001433636760339141,-0.08008705079555511
dqn,123,1232,12663,-10.2,20,0,1,0.7995025,0.002666253922507167,-0.2424849897623062
dqn,123,1233,12677,-10.14,14,0,1,0.7992808333333333,0.005138030042871833,-0.5906623378396034
dqn,123,1234,12684,-10.07,7,0,1,0.7991699999999999,0.005150102486368269,-0.6200237274169922
dqn,123,1235,12702,-10.18,18,0,1,0.7988850000000001,0.005229280446656048,-0.7260231897234917
dqn,123,1236,12709,-10.07,7,0,1,0.7987741666666667,0.005857140989974141,-1.006344050168991
dqn,123,1237,12718,-10.09,9,0,1,0.7986316666666666,0.0030298243509605527,-0.383330263197422
dqn,123,1238,12774,-10.56,56,0,1,0.797745,0.003174413918584053,-0.8201750282730375
dqn,123,1239,12792,-10.18,18,0,1,0.7974600000000001,0.0013299160695169122,-0.599137595295906
dqn,123,1240,12800,-10.08,8,0,1,0.7973333333333333,0.0018554149428382516,-0.49058420956134796
dqn,123,1241,12808,-10.08,8,0,1,0.7972066666666666,0.003305971040390432,-0.8319042026996613
dqn,123,1242,12819,-10.11,11,0,1,0.7970325,0.0013710792118217796,-0.2541814148426056
dqn,123,1243,12820,-10.01,1,0,1,0.7970166666666667,0.0031725033186376095,-1.0441534519195557
dqn,123,1244,12849,-10.29,29,0,1,0.7965575,0.0018744602649738745,-0.5679452467177596
dqn,123,1245,12858,-10.09,9,0,1,0.796415,0.0013549471041187644,-0.6788021624088287
dqn,123,1246,12881,-10.23,23,0,1,0.7960508333333334,0.0022063572444797805,-0.36389927690227825
dqn,123,1247,12900,-10.19,19,0,1,0.79575,0.0018545807572081685,-0.201880544424057
dqn,123,1248,12916,-10.16,16,0,1,0.7954966666666667,0.004128188797039911,-0.5723851509392262
dqn,123,1249,12922,-10.06,6,0,1,0.7954016666666667,0.0013723995070904493,-1.0497292280197144
dqn,123,1250,12934,-10.12,12,0,1,0.7952116666666667,0.003600655860888461,-0.2759970972935359
dqn,123,1251,12958,-10.24,24,0,1,0.7948316666666667,0.00434714142465964,-0.8098000685373942
dqn,123,1252,12970,-10.12,12,0,1,0.7946416666666667,0.005939817521721125,-0.5559288263320923
dqn,123,1253,12973,-10.03,3,0,1,0.7945941666666667,0.007436561398208141,-0.6342796683311462
dqn,123,1254,12979,-10.06,6,0,1,0.7944991666666666,0.004071069415658712,-0.6017147302627563
dqn,123,1255,12981,-10.02,2,0,1,0.7944675,0.002603888977319002,-1.0325636863708496
dqn,123,1256,13003,-10.22,22,0,1,0.7941191666666667,0.0030820002779364587,-0.6651045143604278
dqn,123,1257,13009,-10.06,6,0,1,0.7940241666666668,0.0044491710141301155,-0.3894025385379791
dqn,123,1258,13014,-10.049999999999999,5,0,1,0.793945,0.005352914333343506,-0.6854358911514282
dqn,123,1259,13042,-10.28,28,0,1,0.7935016666666667,0.00463307013602129,-0.7400465075458799
dqn,123,1260,13048,-10.06,6,0,1,0.7934066666666667,0.0023537619272246957,0.003308076411485672
dqn,123,1261,13052,-10.04,4,0,1,0.7933433333333333,0.0028548904228955507,-0.8890833258628845
dqn,123,1262,13065,-10.129999999999999,13,0,1,0.7931375,0.003618987121929725,-0.5457398866613706
dqn,123,1263,13066,-10.01,1,0,1,0.7931216666666667,,
dqn,123,1264,13074,-10.08,8,0,1,0.792995,0.0033319040667265654,-0.7165682911872864
dqn,123,1265,13075,-10.01,1,0,1,0.7929791666666667,,
dqn,123,1266,13081,-10.06,6,0,1,0.7928841666666666,0.00379092781804502,-0.6532986760139465
dqn,123,1267,13116,-10.35,35,0,1,0.79233,0.002546523076792558,-0.7336121069060432
dqn,123,1268,13145,-10.29,29,0,1,0.7918708333333333,0.0017854867037385702,-0.5166956654616764
dqn,123,1269,13148,-10.03,3,0,1,0.7918233333333333,0.001691163401119411,-1.0510873794555664
dqn,123,1270,13155,-10.07,7,0,1,0.7917125,0.0018664137460291386,-1.8427917957305908
dqn,123,1271,13159,-10.04,4,0,1,0.7916491666666667,0.0020174109376966953,-0.21655482053756714
dqn,123,1272,13166,-10.07,7,0,1,0.7915383333333333,0.0023591252975165844,-0.6156135499477386
dqn,123,1273,13183,-10.17,17,0,1,0.7912691666666667,0.0017696815775707364,-0.5101463198661804
dqn,123,1274,13209,-10.26,26,0,1,0.7908575,0.0021575390793649213,-0.774773179420403
dqn,123,1275,13228,-10.19,19,0,1,0.7905566666666667,0.0018417333718389272,-0.27977048978209496
dqn,123,1276,13232,-10.04,4,0,1,0.7904933333333334,0.0013206698931753635,-0.5469217300415039
dqn,123,1277,13236,-10.04,4,0,1,0.79043,0.0007162208203226328,-0.06158619001507759
dqn,123,1278,13251,-10.15,15,0,1,0.7901925000000001,0.0018896008065591257,-0.42996634046236676
dqn,123,1279,13260,-10.09,9,0,1,0.79005,0.0023007908991227546,-0.6042323211828867
dqn,123,1280,13263,-10.03,3,0,1,0.7900025,,
dqn,123,1281,13274,-10.11,11,0,1,0.7898283333333334,0.002532192195455233,-0.8001627326011658
dqn,123,1282,13276,-10.02,2,0,1,0.7897966666666667,0.001540126046165824,-0.7100534439086914
dqn,123,1283,13290,-10.14,14,0,1,0.789575,0.0018421610972533624,-0.11466298003991444
dqn,123,1284,13333,-10.43,43,0,1,0.7888941666666667,0.00404207673008469,-0.4380976368080486
dqn,123,1285,13348,-10.15,15,0,1,0.7886566666666667,0.004460436757653952,-0.5838737543672323
dqn,123,1286,13352,-10.04,4,0,1,0.7885933333333334,0.0018905936740338802,-0.20639003813266754
dqn,123,1287,13361,-10.09,9,0,1,0.7884508333333333,0.0032958320807665586,-0.35799381136894226
dqn,123,1288,13372,-10.11,11,0,1,0.7882766666666667,0.0028326789227624736,-0.2917883296807607
dqn,123,1289,13387,-10.15,15,0,1,0.7880391666666666,0.004292400631432732,-0.5317521840333939
dqn,123,1290,13388,-10.01,1,0,1,0.7880233333333333,0.004507075063884258,0.25291112065315247
dqn,123,1291,13393,-10.049999999999999,5,0,1,0.7879441666666667,0.004949788562953472,-0.25353801250457764
dqn,123,1292,13401,-10.08,8,0,1,0.7878175000000001,0.0029610132332891226,-0.7623770236968994
dqn,123,1293,13403,-10.02,2,0,1,0.7877858333333334,,
dqn,123,1294,13422,-10.19,19,0,1,0.787485,0.004697527550160885,-0.2641847625374794
dqn,123,1295,13441,-10.19,19,0,1,0.7871841666666667,0.0036729677813127637,-0.41097758412361146
dqn,123,1296,13446,-10.049999999999999,5,0,1,0.787105,0.0025358512066304684,-0.860896646976471
dqn,123,1297,13470,-10.24,24,0,1,0.786725,0.0030954035076623163,-0.44179951151212055
dqn,123,1298,13471,-10.01,1,0,1,0.7867091666666667,,
dqn,123,1299,13485,-10.14,14,0,1,0.7864875,0.0022475079458672553,-0.4185893386602402
dqn,123,1300,13505,-10.2,20,0,1,0.7861708333333334,0.0017883332679048181,-0.4092530645430088
dqn,123,1301,13523,-10.18,18,0,1,0.7858858333333334,0.002621835737954825,-0.465706430375576
dqn,123,1302,13527,-10.04,4,0,1,0.7858225,0.00454491563141346,-0.7447888851165771
dqn,123,1303,13546,-10.19,19,0,1,0.7855216666666667,0.002724082302302122,-0.4000235214829445
dqn,123,1304,13551,-10.049999999999999,5,0,1,0.7854425,0.0017230433877557516,-0.544816255569458
dqn,123,1305,13582,-10.31,31,0,1,0.7849516666666667,0.001953398226760328,-0.44070678018033504
dqn,123,1306,13616,-10.34,34,0,1,0.7844133333333334,0.0030224814545363188,-0.5025739636686113
dqn,123,1307,13621,-10.049999999999999,5,0,1,0.7843341666666667,0.006527367047965527,-0.588447093963623
dqn,123,1308,13623,-10.02,2,0,1,0.7843025,,
dqn,123,1309,13629,-10.06,6,0,1,0.7842075000000001,0.004763046279549599,-0.534609466791153
dqn,123,1310,13631,-10.02,2,0,1,0.7841758333333333,,
dqn,123,1311,13702,-10.71,71,0,1,0.7830516666666667,0.006179990460320066,-0.4249744758837753
dqn,123,1312,13705,-10.03,3,0,1,0.7830041666666667,0.004489089362323284,-0.02826756238937378
dqn,123,1313,13711,-10.06,6,0,1,0.7829091666666667,0.002268049865961075,-0.5581840872764587
dqn,123,1314,13715,-10.04,4,0,1,0.7828458333333334,0.0063475994393229485,-1.0719590187072754
dqn,123,1315,13757,-10.42,42,0,1,0.7821808333333333,0.0033046106003563514,-0.4123319326476617
dqn,123,1316,13785,-10.28,28,0,1,0.7817375,0.002164870758341359,-0.2909656933375767
dqn,123,1317,13792,-10.07,7,0,1,0.7816266666666667,0.0035604778677225113,-0.32139619439840317
dqn,123,1318,13804,-10.12,12,0,1,0.7814366666666667,0.002963166373471419,-0.42565205196539563
dqn,123,1319,13813,-10.09,9,0,1,0.7812941666666666,0.0040996859315782785,-0.4801732525229454
dqn,123,1320,13835,-10.22,22,0,1,0.7809458333333333,0.004305888339877129,-0.46786890029907224
dqn,123,1321,13843,-10.08,8,0,1,0.7808191666666667,0.003481922554783523,-0.5669635459780693
dqn,123,1322,13849,-10.06,6,0,1,0.7807241666666667,0.003252111957408488,-0.27208956331014633
dqn,123,1323,13854,-10.049999999999999,5,0,1,0.780645,0.003140076994895935,-1.1891100406646729
dqn,123,1324,13900,-10.46,46,0,1,0.7799166666666667,0.0035286554193589836,-0.6665290469924608
dqn,123,1325,13920,-10.2,20,0,1,0.7796,0.006042259768582881,-0.4656660258769989
dqn,123,1326,13924,-10.04,4,0,1,0.7795366666666667,0.003156085032969713,-0.7163852453231812
dqn,123,1327,13979,-10.55,55,0,1,0.7786658333333334,0.005392380005035263,-0.60953819207274
dqn,123,1328,13986,-10.07,7,0,1,0.778555,0.004489589482545853,-0.7953121364116669
dqn,123,1329,14008,-10.22,22,0,1,0.7782066666666667,0.005650173329437773,-0.4834538747866948
dqn,123,1330,14012,-10.04,4,0,1,0.7781433333333333,0.002528528915718198,-0.40099814534187317
dqn,123,1331,14013,-10.01,1,0,1,0.7781275,,
dqn,123,1332,14031,-10.18,18,0,1,0.7778425,0.004563905822578818,-0.4488050453364849
dqn,123,1333,14042,-10.11,11,0,1,0.7776683333333333,0.007680814169968168,-0.6909885009129842
dqn,123,1334,14053,-10.11,11,0,1,0.7774941666666667,0.006908649190639456,-0.7069802234570185
dqn,123,1335,14059,-10.06,6,0,1,0.7773991666666666,0.001953262835741043,-0.042573995888233185
dqn,123,1336,14072,-10.129999999999999,13,0,1,0.7771933333333334,0.006339231156744063,-0.5173228234052658
dqn,123,1337,14074,-10.02,2,0,1,0.7771616666666666,,
dqn,123,1338,14087,-10.129999999999999,13,0,1,0.7769558333333333,0.00549817302574714,-0.7226332823435465
dqn,123,1339,14092,-10.049999999999999,5,0,1,0.7768766666666667,0.0030449612531811,-0.2701190263032913
dqn,123,1340,14123,-10.31,31,0,1,0.7763858333333333,0.0035905171451824053,-0.7213893234729767
dqn,123,1341,14131,-10.08,8,0,1,0.7762591666666667,0.0037482597399502993,-0.7575084269046783
dqn,123,1342,14148,-10.17,17,0,1,0.77599,0.002896409621462226,-0.6968504518270493
dqn,123,1343,14167,-10.19,19,0,1,0.7756891666666667,0.0021811372716911137,-0.4869776517152786
dqn,123,1344,14168,-10.01,1,0,1,0.7756733333333333,0.0022377539426088333,-0.8608492016792297
dqn,123,1345,14176,-10.08,8,0,1,0.7755466666666666,0.0019757451955229044,-0.3240019232034683
dqn,123,1346,14196,-10.2,20,0,1,0.77523,0.0016206281958147883,-0.8204438924789429
dqn,123,1347,14203,-10.07,7,0,1,0.7751191666666667,0.0014378051273524761,-0.6759448647499084
dqn,123,1348,14207,-10.04,4,0,1,0.7750558333333333,0.002726784208789468,-0.8622708320617676
dqn,123,1349,14214,-10.07,7,0,1,0.774945,0.001379418943542987,-0.7651695013046265
dqn,123,1350,14245,-10.31,31,0,1,0.7744541666666667,0.0020268259686417878,-0.7048029452562332
dqn,123,1351,14256,-10.11,11,0,1,0.77428,0.0009954722481779754,-0.30814172824223834
dqn,123,1352,14261,-10.049999999999999,5,0,1,0.7742008333333333,0.001368535216897726,-0.8442786931991577
dqn,123,1353,14264,-10.03,3,0,1,0.7741533333333334,0.0008792815497145057,-0.7056879997253418
dqn,123,1354,14269,-10.049999999999999,5,0,1,0.7740741666666666,0.0009900955483317375,-0.37976086139678955
dqn,123,1355,14271,-10.02,2,0,1,0.7740425,,
dqn,123,1356,14280,-10.09,9,0,1,0.7739,0.0012614816272010405,-0.9699212511380514
dqn,123,1357,14291,-10.11,11,0,1,0.7737258333333333,0.0013471679703798145,-0.2218962013721466
dqn,123,1358,14294,-10.03,3,0,1,0.7736783333333334,0.0008177549461834133,-0.21005406975746155
dqn,123,1359,14307,-10.129999999999999,13,0,1,0.7734725,0.0014272742167425652,-0.13625187675158182
dqn,123,1360,14310,-10.03,3,0,1,0.773425,0.0010521924123167992,-0.35235944390296936
dqn,123,1361,14311,-10.01,1,0,1,0.7734091666666667,,
dqn,123,1362,14323,-10.12,12,0,1,0.7732191666666667,0.0019400697007464867,-0.6604497532049814
dqn,123,1363,14325,-10.02,2,0,1,0.7731875,0.0017638950375840068,-0.6820366382598877
dqn,123,1364,14391,-10.66,66,0,1,0.7721425,0.002836523883161135,-0.6043979600071907
dqn,123,1365,14409,-10.18,18,0,1,0.7718575,0.006538196792826056,-0.8852732658386231
dqn,123,1366,14428,-10.19,19,0,1,0.7715566666666667,0.0031348582822829487,-0.4781865358352661
dqn,123,1367,14432,-10.04,4,0,1,0.7714933333333334,0.004239002242684364,-0.3410927355289459
dqn,123,1368,14451,-10.19,19,0,1,0.7711925,0.0019406043866183609,-0.367880679666996
dqn,123,1369,14490,-10.39,39,0,1,0.770575,0.0018974743143189698,-0.7582005813717843
dqn,123,1370,14502,-10.12,12,0,1,0.770385,0.0018762970576062799,-0.7717852890491486
dqn,123,1371,14513,-10.11,11,0,1,0.7702108333333333,0.0014121679511542122,-0.6286514202753702
dqn,123,1372,14520,-10.07,7,0,1,0.7701,0.0011989962658844888,-0.6200858801603317
dqn,123,1373,14541,-10.209999999999999,21,0,1,0.7697674999999999,0.0011123331962153316,-0.3438342586159706
dqn,123,1374,14571,-10.3,30,0,1,0.7692924999999999,0.0012423560838215053,-0.5805120808737618
dqn,123,1375,14591,-10.2,20,0,1,0.7689758333333333,0.0012835229630582035,-0.5961177498102188
dqn,123,1376,14607,-10.16,16,0,1,0.7687225,0.0012145133659942076,-0.4090508781373501
dqn,123,1377,14620,-10.129999999999999,13,0,1,0.7685166666666667,0.0007859266479499638,-0.5765528604388237
dqn,123,1378,14648,-10.28,28,0,1,0.7680733333333334,0.0021435486934413867,-0.5262069169964109
dqn,123,1379,14651,-10.03,3,0,1,0.7680258333333334,,
dqn,123,1380,14659,-10.08,8,0,1,0.7678991666666667,0.0010323261667508632,-0.37299489974975586
dqn,123,1381,14664,-10.049999999999999,5,0,1,0.76782,0.0022084448719397187,-0.39669880643486977
dqn,123,1382,14721,-10.57,57,0,1,0.7669175,0.0024072861955833753,-0.43398303911089897
dqn,123,1383,14726,-10.049999999999999,5,0,1,0.7668383333333333,0.0025178645737469196,-0.239078551530838
dqn,123,1384,14728,-10.02,2,0,1,0.7668066666666666,0.0029476862400770187,-0.22944095730781555
dqn,123,1385,14751,-10.23,23,0,1,0.7664425,0.0031571485917083917,-0.755344694852829
dqn,123,1386,14760,-10.09,9,0,1,0.7663,0.0030270362428079047,-0.2565966174006462
dqn,123,1387,14768,-10.08,8,0,1,0.7661733333333334,0.0034852309618145227,-0.3505920022726059
dqn,123,1388,14796,-10.28,28,0,1,0.76573,0.003167905279302171,-0.6301834796156202
dqn,123,1389,14822,-10.26,26,0,1,0.7653183333333333,0.001700429148816814,-0.6191378409663836
dqn,123,1390,14856,-10.34,34,0,1,0.76478,0.001608482076941679,-0.5826236125495698
dqn,123,1391,14877,-10.209999999999999,21,0,1,0.7644475,0.0014324256917461753,-0.503322833776474
dqn,123,1392,14879,-10.02,2,0,1,0.7644158333333333,,
dqn,123,1393,14889,-10.1,10,0,1,0.7642575,0.0015080983478886385,-0.5359398126602173
dqn,123,1394,14896,-10.07,7,0,1,0.7641466666666666,0.0007332012464758009,-0.1225358173251152
dqn,123,1395,14907,-10.11,11,0,1,0.7639724999999999,0.0012064314214512706,-0.7895453572273254
dqn,123,1396,14910,-10.03,3,0,1,0.763925,0.002128039486706257,-0.5126920938491821
dqn,123,1397,14937,-10.27,27,0,1,0.7634974999999999,0.0009187774516509048,-0.6262246391602925
dqn,123,1398,14939,-10.02,2,0,1,0.7634658333333333,,
dqn,123,1399,14942,-10.03,3,0,1,0.7634183333333333,0.0009470086079090834,-0.35929661989212036
dqn,123,1400,14944,-10.02,2,0,1,0.7633866666666667,0.0006343706627376378,-0.5197389721870422
dqn,123,1401,14947,-10.03,3,0,1,0.7633391666666667,,
dqn,123,1402,14954,-10.07,7,0,1,0.7632283333333334,0.0009474397811572999,-0.6108457744121552
dqn,123,1403,14961,-10.07,7,0,1,0.7631175,0.0015059197903610766,-0.38919074833393097
dqn,123,1404,14970,-10.09,9,0,1,0.762975,0.0010258035035803914,-0.5244429409503937
dqn,123,1405,14986,-10.16,16,0,1,0.7627216666666667,0.0009707470744615421,-0.6156959384679794
dqn,123,1406,14996,-10.1,10,0,1,0.7625633333333334,0.0009000828528466324,-0.47412773221731186
dqn,123,1407,14997,-10.01,1,0,1,0.7625475,,
dqn,123,1408,15006,-10.09,9,0,1,0.762405,0.0013658848765771836,-0.9435444176197052
dqn,123,1409,15022,-10.16,16,0,1,0.7621516666666667,0.0008176040719263256,-0.4177015945315361
dqn,123,1410,15031,-10.09,9,0,1,0.7620091666666666,0.0008848368015605956,-0.44851814210414886
dqn,123,1411,15034,-10.03,3,0,1,0.7619616666666666,0.000847728515509516,-0.8715832233428955
dqn,123,1412,15043,-10.09,9,0,1,0.7618191666666667,0.0006285264680627733,-0.534700334072113
dqn,123,1413,15046,-10.03,3,0,1,0.7617716666666666,0.0006233233725652099,-0.0462283231317997
dqn,123,1414,15057,-10.11,11,0,1,0.7615975,0.0006502854909437398,-0.5327042291561762
dqn,123,1415,15063,-10.06,6,0,1,0.7615025,0.0007289733039215207,-1.0366712808609009
dqn,123,1416,15072,-10.09,9,0,1,0.76136,0.0009238535227874914,-0.5818986495335897
dqn,123,1417,15090,-10.18,18,0,1,0.761075,0.0007608798405271955,-0.9069760181009769
dqn,123,1418,15099,-10.09,9,0,1,0.7609325,0.0006241258524823934,-0.540269523859024
dqn,123,1419,15106,-10.07,7,0,1,0.7608216666666666,0.0006595899467356503,-0.4582142233848572
dqn,123,1420,15142,-10.36,36,0,1,0.7602516666666667,0.0005324762055857314,-0.5505428396993213
dqn,123,1421,15149,-10.07,7,0,1,0.7601408333333334,0.0005645253404509276,-0.37815873324871063
dqn,123,1422,15154,-10.049999999999999,5,0,1,0.7600616666666666,0.0006257396889850497,-0.21474072337150574
dqn,123,1423,15170,-10.16,16,0,1,0.7598083333333333,0.000493555904540699,-0.4962434694170952
dqn,123,1424,15173,-10.03,3,0,1,0.7597608333333333,0.00046831584768369794,-0.5423176288604736
dqn,123,1425,15176,-10.03,3,0,1,0.7597133333333334,0.0002639667654875666,-0.04001951217651367
dqn,123,1426,15178,-10.02,2,0,1,0.7596816666666667,,
dqn,123,1427,15196,-10.18,18,0,1,0.7593966666666667,0.0005524510866962373,-0.6336568355560303
dqn,123,1428,15210,-10.14,14,0,1,0.759175,0.0005338897268908719,-0.5875665545463562
dqn,123,1429,15213,-10.03,3,0,1,0.7591275,0.00048628743388690054,-0.2059948444366455
dqn,123,1430,15228,-10.15,15,0,1,0.75889,0.0008624274050816894,-0.5709147453308105
dqn,123,1431,15250,-10.22,22,0,1,0.7585416666666667,0.0007425906718708575,-0.6716774880886078
dqn,123,1432,15258,-10.08,8,0,1,0.758415,0.0008126666070893407,-0.4592914003878832
dqn,123,1433,15261,-10.03,3,0,1,0.7583675,0.0004452535940799862,0.12261499464511871
dqn,123,1434,15267,-10.06,6,0,1,0.7582725,0.0010655444348230958,-1.0078563690185547
dqn,123,1435,15270,-10.03,3,0,1,0.758225,0.0010196161456406116,-0.5171486735343933
dqn,123,1436,15274,-10.04,4,0,1,0.7581616666666666,0.00039935242966748774,-0.5465534925460815
dqn,123,1437,15279,-10.049999999999999,5,0,1,0.7580825,0.0010785108897835016,-0.23010067641735077
dqn,123,1438,15306,-10.27,27,0,1,0.757655,0.0012038962408301554,-0.6525762411100524
dqn,123,1439,15312,-10.06,6,0,1,0.75756,0.0011032145412173122,-0.3587431311607361
dqn,123,1440,15331,-10.19,19,0,1,0.7572591666666667,0.0011576918768696487,-0.7083490900695324
dqn,123,1441,15339,-10.08,8,0,1,0.7571325,0.0012689320428762585,-0.11189596354961395
dqn,123,1442,15341,-10.02,2,0,1,0.7571008333333333,0.0006159743061289191,-0.19869668781757355
dqn,123,1443,15352,-10.11,11,0,1,0.7569266666666666,0.0009895509768587847,-0.495391309261322
dqn,123,1444,15397,-10.45,45,0,1,0.7562141666666666,0.001697661995422095,-0.562098969112743
dqn,123,1445,15404,-10.07,7,0,1,0.7561033333333333,0.0006440988654503599,-0.3691853731870651
dqn,123,1446,15407,-10.03,3,0,1,0.7560558333333334,,
dqn,123,1447,15421,-10.14,14,0,1,0.7558341666666667,0.0008772334404056892,-0.5471680806949735
dqn,123,1448,15425,-10.04,4,0,1,0.7557708333333333,0.0010002149501815438,-1.0225534439086914
dqn,123,1449,15429,-10.04,4,0,1,0.7557075,0.002304207067936659,-0.8380942344665527
dqn,123,1450,15462,-10.33,33,0,1,0.755185,0.000929161200474482,-0.41320386435836554
dqn,123,1451,15467,-10.049999999999999,5,0,1,0.7551058333333334,0.00041235791286453605,-0.2093571424484253
dqn,123,1452,15478,-10.11,11,0,1,0.7549316666666667,0.0006659862701781094,-0.42065585652987164
dqn,123,1453,15487,-10.09,9,0,1,0.7547891666666666,0.0007333105022553355,-0.03534796088933945
dqn,123,1454,15502,-10.15,15,0,1,0.7545516666666666,0.0015838653343962505,-0.34202132374048233
dqn,123,1455,15513,-10.11,11,0,1,0.7543775,0.00070868682814762,-0.7002304395039877
dqn,123,1456,15525,-10.12,12,0,1,0.7541875,0.0008904889109544456,-0.5279851059118906
dqn,123,1457,15528,-10.03,3,0,1,0.75414,0.002702015917748213,-1.374309778213501
dqn,123,1458,15538,-10.1,10,0,1,0.7539816666666667,0.0008145615865942091,-0.4479026049375534
dqn,123,1459,15541,-10.03,3,0,1,0.7539341666666667,0.0005009538144804537,0.12408585846424103
dqn,123,1460,15548,-10.07,7,0,1,0.7538233333333333,0.0003791333583649248,-0.13054433465003967
dqn,123,1461,15550,-10.02,2,0,1,0.7537916666666666,,
dqn,123,1462,15581,-10.31,31,0,1,0.7533008333333333,0.0010289821875630878,-0.5355691621080041
dqn,123,1463,15589,-10.08,8,0,1,0.7531741666666667,0.0007388030717265792,-0.45415183901786804
dqn,123,1464,15640,-10.51,51,0,1,0.7523666666666666,0.000647691369522363,-0.37252587280594385
dqn,123,1465,15645,-10.049999999999999,5,0,1,0.7522875,0.0006761999684385955,-0.05182503163814545
dqn,123,1466,15655,-10.1,10,0,1,0.7521291666666666,0.0003019923169631511,-0.3674270138144493
dqn,123,1467,15659,-10.04,4,0,1,0.7520658333333333,0.0018408012110739946,-0.36717939376831055
dqn,123,1468,15668,-10.09,9,0,1,0.7519233333333334,0.0009987245818289618,-0.8680792450904846
dqn,123,1469,15673,-10.049999999999999,5,0,1,0.7518441666666666,0.0015251910081133246,-1.044684886932373
dqn,123,1470,15680,-10.07,7,0,1,0.7517333333333334,0.0006922137108631432,-0.3593091666698456
dqn,123,1471,15684,-10.04,4,0,1,0.7516700000000001,0.0005143821472302079,-0.2006153166294098
dqn,123,1472,15688,-10.04,4,0,1,0.7516066666666666,0.0011363457888364792,-0.8748518824577332
dqn,123,1473,15690,-10.02,2,0,1,0.751575,,
dqn,123,1474,15711,-10.209999999999999,21,0,1,0.7512425,0.0005645390192512423,-0.338615944236517
dqn,123,1475,15718,-10.07,7,0,1,0.7511316666666666,0.0007880858611315489,-0.609926350414753
dqn,123,1476,15749,-10.31,31,0,1,0.7506408333333333,0.0009526231224299408,-0.4787573665380478
dqn,123,1477,15751,-10.02,2,0,1,0.7506091666666667,,
dqn,123,1478,15768,-10.17,17,0,1,0.75034,0.00149934341898188,-0.6942468762397767
dqn,123,1479,15811,-10.43,43,0,1,0.7496591666666667,0.0007701237016590312,-0.6507379114627838
dqn,123,1480,15815,-10.04,4,0,1,0.7495958333333334,0.00042259186739102006,-0.19795140624046326
dqn,123,1481,15817,-10.02,2,0,1,0.7495641666666667,0.0007722047157585621,-0.3715665936470032
dqn,123,1482,15823,-10.06,6,0,1,0.7494691666666666,0.0012631257995963097,-0.8708865642547607
dqn,123,1483,15832,-10.09,9,0,1,0.7493266666666667,0.00046288606730134535,-0.4727545380592346
dqn,123,1484,15836,-10.04,4,0,1,0.7492633333333334,0.0008441947866231203,-1.3700742721557617
dqn,123,1485,15840,-10.04,4,0,1,0.7492,0.00031301291892305017,-0.6992075443267822
dqn,123,1486,15853,-10.129999999999999,13,0,1,0.7489941666666666,0.000987124852448081,-0.7524270613988241
dqn,123,1487,15953,-11.0,100,0,1,0.7474108333333334,0.0008842520380858332,-0.404416481256485
dqn,123,1488,15956,-10.03,3,0,1,0.7473633333333334,0.002091466449201107,-0.6886827945709229
dqn,123,1489,15963,-10.07,7,0,1,0.7472525,0.0008116479148156941,-0.7146085500717163
dqn,123,1490,15973,-10.1,10,0,1,0.7470941666666666,0.001040095017136385,-0.4181074450413386
dqn,123,1491,16004,-10.31,31,0,1,0.7466033333333333,0.000636444197880337,-0.4996139816939831
dqn,123,1492,16009,-10.049999999999999,5,0,1,0.7465241666666667,0.00036217336310073733,-0.20585031807422638
dqn,123,1493,16014,-10.049999999999999,5,0,1,0.746445,0.0006429734639823437,-0.3557523787021637
dqn,123,1494,16029,-10.15,15,0,1,0.7462075,0.00047494897444266826,-0.7430663406848907
dqn,123,1495,16073,-10.44,44,0,1,0.7455108333333333,0.000558281724806875,-0.5853434421799399
dqn,123,1496,16077,-10.04,4,0,1,0.7454475,0.0012869875645264983,-0.8844724297523499
dqn,123,1497,16083,-10.06,6,0,1,0.7453525000000001,0.0003427779010962695,-0.387882798910141
dqn,123,1498,16086,-10.03,3,0,1,0.745305,0.0004475957830436528,-1.1903626918792725
dqn,123,1499,16092,-10.06,6,0,1,0.74521,0.00036654204450314865,0.041361093521118164
dqn,123,1500,16102,-10.1,10,0,1,0.7450516666666667,0.0006801054696552455,-0.46652568876743317
dqn,123,1501,16134,-10.32,32,0,1,0.744545,0.000569043437280925,-0.4377140663564205
dqn,123,1502,16164,-10.3,30,0,1,0.74407,0.0007970407204993535,-0.7253628605976701
dqn,123,1503,16177,-10.129999999999999,13,0,1,0.7438641666666667,0.0014578293194063008,-0.6991636703411738
dqn,123,1504,16183,-10.06,6,0,1,0.7437691666666667,0.0003098745655734092,-0.04778306558728218
dqn,123,1505,16188,-10.049999999999999,5,0,1,0.74369,0.0018330115708522499,-0.6393632888793945
dqn,123,1506,16208,-10.2,20,0,1,0.7433733333333333,0.002332344325259328,-0.571562547981739
dqn,123,1507,16233,-10.25,25,0,1,0.7429775000000001,0.0022400879339935877,-0.5912346082429091
dqn,123,1508,16252,-10.19,19,0,1,0.7426766666666667,0.0015543439076282084,-0.508920231461525
dqn,123,1509,16271,-10.19,19,0,1,0.7423758333333333,0.0010227800230495632,-0.4584688153117895
dqn,123,1510,16272,-10.01,1,0,1,0.74236,0.0008231152314692736,-0.37954893708229065
dqn,123,1511,16276,-10.04,4,0,1,0.7422966666666667,0.0012864649761468172,-1.0210694074630737
dqn,123,1512,16285,-10.09,9,0,1,0.7421541666666667,0.00044796732254326344,-0.3757805749773979
dqn,123,1513,16290,-10.049999999999999,5,0,1,0.742075,0.0022595934569835663,-0.7188085913658142
dqn,123,1514,16306,-10.16,16,0,1,0.7418216666666667,0.0017095045623136684,-0.24759959615767002
dqn,123,1515,16311,-10.049999999999999,5,0,1,0.7417425,0.002228620694950223,-1.0568444728851318
dqn,123,1516,16325,-10.14,14,0,1,0.7415208333333334,0.005401502436143346,-0.5440308228135109
dqn,123,1517,16329,-10.04,4,0,1,0.7414575,0.002867382252588868,-0.24234884977340698
dqn,123,1518,16337,-10.08,8,0,1,0.7413308333333334,0.006550487596541643,-0.6464631110429764
dqn,123,1519,16357,-10.2,20,0,1,0.7410141666666668,0.010232065810123458,-0.49942309558391573
dqn,123,1520,16366,-10.09,9,0,1,0.7408716666666667,0.00828134099720046,-0.7465992867946625
dqn,123,1521,16403,-10.37,37,0,1,0.7402858333333333,0.02143126731324527,-0.47731125685903764
dqn,123,1522,16448,-10.45,45,0,1,0.7395733333333334,0.13271588385881236,-0.41462098186214763
dqn,123,1523,16461,-10.129999999999999,13,0,1,0.7393675,0.09789603700240453,-0.6615289350350698
dqn,123,1524,16478,9.83,17,1,0,0.7390983333333334,0.07344159856438637,-0.529725156724453
dqn,123,1525,16482,-10.04,4,0,1,0.739035,0.08845126628875732,-0.5550545454025269
dqn,123,1526,16484,-10.02,2,0,1,0.7390033333333333,0.16495908796787262,-1.0025825500488281
dqn,123,1527,16490,-10.06,6,0,1,0.7389083333333333,0.009940821677446365,-0.23791122436523438
dqn,123,1528,16492,-10.02,2,0,1,0.7388766666666666,0.1179133951663971,-0.8112550973892212
dqn,123,1529,16513,-10.209999999999999,21,0,1,0.7385441666666667,0.04548668824136257,-0.5128578424453736
dqn,123,1530,16517,-10.04,4,0,1,0.7384808333333334,0.00878850743174553,-0.43649908900260925
dqn,123,1531,16521,-10.04,4,0,1,0.7384175,0.014284996315836906,0.0977797731757164
dqn,123,1532,16525,-10.04,4,0,1,0.7383541666666666,0.051521651446819305,-0.14066079258918762
dqn,123,1533,16544,-10.19,19,0,1,0.7380533333333333,0.04090569019317627,-0.4182434260845184
dqn,123,1534,16545,-10.01,1,0,1,0.7380375,,
dqn,123,1535,16554,-10.09,9,0,1,0.737895,0.0207127439789474,-0.6071716845035553
dqn,123,1536,16585,-10.31,31,0,1,0.7374041666666666,0.04048506892286241,-0.6812922437675297
dqn,123,1537,16592,-10.07,7,0,1,0.7372933333333334,0.00718946848064661,-0.11883828043937683
dqn,123,1538,16595,-10.03,3,0,1,0.7372458333333334,,
dqn,123,1539,16597,-10.02,2,0,1,0.7372141666666667,0.01274066511541605,-0.5593674182891846
dqn,123,1540,16605,-10.08,8,0,1,0.7370875,0.027517080307006836,-0.30296480655670166
dqn,123,1541,16616,-10.11,11,0,1,0.7369133333333333,0.013060188697030147,-0.7153225739796957
dqn,123,1542,16632,-10.16,16,0,1,0.7366600000000001,0.011180210625752807,-0.792809009552002
dqn,123,1543,16641,-10.09,9,0,1,0.7365175,0.0023320631589740515,-0.04348793439567089
dqn,123,1544,16667,-10.26,26,0,1,0.7361058333333333,0.006422255906121184,-0.7084273472428322
dqn,123,1545,16698,-10.31,31,0,1,0.735615,0.008739028999116272,-0.347596675157547
dqn,123,1546,16701,-10.03,3,0,1,0.7355675,0.011418158188462257,-0.6162183284759521
dqn,123,1547,16708,-10.07,7,0,1,0.7354566666666666,0.00324645871296525,-0.22852542623877525
dqn,123,1548,16711,-10.03,3,0,1,0.7354091666666667,,
dqn,123,1549,16728,-10.17,17,0,1,0.73514,0.026682597957551478,-0.6730050504207611
dqn,123,1550,16734,-10.06,6,0,1,0.735045,0.008525080978870392,-0.9711877107620239
dqn,123,1551,16749,-10.15,15,0,1,0.7348075000000001,0.016664183989632875,-0.36854754388332367
dqn,123,1552,16752,-10.03,3,0,1,0.7347600000000001,0.03007861226797104,-1.1542999744415283
dqn,123,1553,16754,-10.02,2,0,1,0.7347283333333334,,
dqn,123,1554,16762,-10.08,8,0,1,0.7346016666666667,0.006423427490517497,-0.597244381904602
dqn,123,1555,16766,-10.04,4,0,1,0.7345383333333333,0.01700001396238804,-0.5094654560089111
dqn,123,1556,16777,-10.11,11,0,1,0.7343641666666667,0.00991250698765119,-0.47350067893664044
dqn,123,1557,16782,-10.049999999999999,5,0,1,0.7342850000000001,0.0060768937692046165,-1.7011382579803467
dqn,123,1558,16791,-10.09,9,0,1,0.7341425,0.005499672144651413,-0.6953932642936707
dqn,123,1559,16817,-10.26,26,0,1,0.7337308333333333,0.004262527667119035,-0.6818607875279018
dqn,123,1560,16822,-10.049999999999999,5,0,1,0.7336516666666667,0.0023898202925920486,-0.23153939843177795
dqn,123,1561,16849,-10.27,27,0,1,0.7332241666666667,0.003489257485073592,-0.46558709549052374
dqn,123,1562,16852,-10.03,3,0,1,0.7331766666666667,0.00222906400449574,-0.7117993831634521
dqn,123,1563,16871,-10.19,19,0,1,0.7328758333333334,0.0011579325946513563,-0.4162121722474694
dqn,123,1564,16883,-10.12,12,0,1,0.7326858333333334,0.0015926793372879426,-0.6523839433987936
dqn,123,1565,16900,-10.17,17,0,1,0.7324166666666667,0.0017403817968443037,-0.3691649317741394
dqn,123,1566,16906,-10.06,6,0,1,0.7323216666666668,0.0008396765915676951,-0.7088488340377808
dqn,123,1567,16913,-10.07,7,0,1,0.7322108333333334,0.001009102154057473,0.02130340039730072
dqn,123,1568,16921,-10.08,8,0,1,0.7320841666666666,0.0027093845419585705,-0.4717124253511429
dqn,123,1569,16951,-10.3,30,0,1,0.7316091666666666,0.0023440138902515173,-0.8159979773419244
dqn,123,1570,16957,-10.06,6,0,1,0.7315141666666667,0.0010650625772541389,-0.45854978263378143
dqn,123,1571,16964,-10.07,7,0,1,0.7314033333333334,0.0017247071955353022,-0.8776176571846008
dqn,123,1572,16971,-10.07,7,0,1,0.7312925,0.0006273119361139834,-0.3781764805316925
dqn,123,1573,16973,-10.02,2,0,1,0.7312608333333334,0.0005433049518615007,-0.20971618592739105
dqn,123,1574,16978,-10.049999999999999,5,0,1,0.7311816666666666,0.0011114892549812794,-0.2058737576007843
dqn,123,1575,16981,-10.03,3,0,1,0.7311341666666666,0.00038394881994463503,-0.04644877463579178
dqn,123,1576,16986,-10.049999999999999,5,0,1,0.731055,0.001353672705590725,-0.21760141849517822
dqn,123,1577,17032,-10.46,46,0,1,0.7303266666666667,0.0017347928611949708,-0.38859869943310815
dqn,123,1578,17058,-10.26,26,0,1,0.7299150000000001,0.001872831586903582,-0.3944961006442706
dqn,123,1579,17060,-10.02,2,0,1,0.7298833333333333,0.001284156576730311,-0.7091687321662903
dqn,123,1580,17063,-10.03,3,0,1,0.7298358333333334,,
dqn,123,1581,17064,-10.01,1,0,1,0.72982,0.000876625650562346,-0.20260152220726013
dqn,123,1582,17086,-10.22,22,0,1,0.7294716666666667,0.001273560558911413,-0.37135687172412873
dqn,123,1583,17092,-10.06,6,0,1,0.7293766666666667,0.0023698043660260737,-0.7848474383354187
dqn,123,1584,17106,-10.14,14,0,1,0.729155,0.0015601795554781954,-0.6885980268319448
dqn,123,1585,17123,-10.17,17,0,1,0.7288858333333333,0.0024092877429211512,-0.622325710952282
dqn,123,1586,17131,-10.08,8,0,1,0.7287591666666666,0.002459476003423333,-0.8569752871990204
dqn,123,1587,17138,-10.07,7,0,1,0.7286483333333333,0.0015892006340436637,-0.11874497681856155
dqn,123,1588,17140,-10.02,2,0,1,0.7286166666666667,0.0018710645381361246,-1.3427815437316895
dqn,123,1589,17142,-10.02,2,0,1,0.728585,,
dqn,123,1590,17166,-10.24,24,0,1,0.728205,0.0012330828273358445,-0.44903772075970966
dqn,123,1591,17185,-10.19,19,0,1,0.7279041666666667,0.0010518571361899376,-0.4711020916700363
dqn,123,1592,17205,-10.2,20,0,1,0.7275875,0.0009244327491614967,-0.26760889738798144
dqn,123,1593,17228,-10.23,23,0,1,0.7272233333333333,0.0013843907314973574,-0.5617941543459892
dqn,123,1594,17235,-10.07,7,0,1,0.7271125,0.0008826073026284575,-0.5278609991073608
dqn,123,1595,17245,-10.1,10,0,1,0.7269541666666667,0.0007205865889166793,-0.5794844826062521
dqn,123,1596,17249,-10.04,4,0,1,0.7268908333333334,0.0007195212529040873,-0.04088859632611275
dqn,123,1597,17253,-10.04,4,0,1,0.7268275,0.0015224540838971734,-0.8607497215270996
dqn,123,1598,17255,-10.02,2,0,1,0.7267958333333333,,
dqn,123,1599,17258,-10.03,3,0,1,0.7267483333333333,0.0011560301063582301,-0.5320118069648743
dqn,123,1600,17260,-10.02,2,0,1,0.7267166666666667,0.0012725309934467077,-0.6907868385314941
dqn,123,1601,17267,-10.07,7,0,1,0.7266058333333334,0.002374462317675352,-0.8471323251724243
dqn,123,1602,17270,-10.03,3,0,1,0.7265583333333334,0.0007030093111097813,-0.37406328320503235
dqn,123,1603,17273,-10.03,3,0,1,0.7265108333333333,0.0008278654422610998,-0.5482878088951111
dqn,123,1604,17279,-10.06,6,0,1,0.7264158333333334,0.0015744173433631659,-0.8845636248588562
dqn,123,1605,17297,-10.18,18,0,1,0.7261308333333334,0.0010914665181189775,-0.46571714282035825
dqn,123,1606,17302,-10.049999999999999,5,0,1,0.7260516666666668,0.001717887120321393,-0.21544736623764038
dqn,123,1607,17309,-10.07,7,0,1,0.7259408333333334,0.001417669642250985,-0.5344772338867188
dqn,123,1608,17354,-10.45,45,0,1,0.7252283333333334,0.0012884510374120014,-0.5930761464617469
dqn,123,1609,17368,-10.14,14,0,1,0.7250066666666667,0.0009745852730702609,-0.40273045375943184
dqn,123,1610,17376,-10.08,8,0,1,0.72488,0.003033085202332586,-0.7174900695681572
dqn,123,1611,17387,-10.11,11,0,1,0.7247058333333334,0.0012563632626552135,-0.9359145164489746
dqn,123,1612,17401,-10.14,14,0,1,0.7244841666666667,0.0016048864199547097,-0.36783342435956
dqn,123,1613,17430,-10.29,29,0,1,0.724025,0.0023267377400770783,-0.44093526899814606
dqn,123,1614,17439,-10.09,9,0,1,0.7238825,0.003982549300417304,-0.8869716227054596
dqn,123,1615,17447,-10.08,8,0,1,0.7237558333333334,0.0033702957443892956,-0.6629399657249451
dqn,123,1616,17455,-10.08,8,0,1,0.7236291666666668,0.0031780098797753453,-0.6858705580234528
dqn,123,1617,17474,-10.19,19,0,1,0.7233283333333334,0.001378084858879447,-0.21429259479045867
dqn,123,1618,17480,-10.06,6,0,1,0.7232333333333334,0.0012798778479918838,-0.28830449283123016
dqn,123,1619,17483,-10.03,3,0,1,0.7231858333333334,,
dqn,123,1620,17490,-10.07,7,0,1,0.723075,0.0015301197418011725,-0.439096063375473
dqn,123,1621,17504,-10.14,14,0,1,0.7228533333333333,0.001691528974333778,-0.7447086423635483
dqn,123,1622,17511,-10.07,7,0,1,0.7227425000000001,0.0005542361177504063,-0.05135577917098999
dqn,123,1623,17520,-10.09,9,0,1,0.7226,0.0017945440874124567,-0.6985352635383606
dqn,123,1624,17524,-10.04,4,0,1,0.7225366666666667,0.0006823618896305561,-0.2024364471435547
dqn,123,1625,17542,-10.18,18,0,1,0.7222516666666667,0.0012453945528250188,-0.6508153080940247
dqn,123,1626,17550,-10.08,8,0,1,0.722125,0.0010488056868780404,-0.6141180992126465
dqn,123,1627,17559,-10.09,9,0,1,0.7219825,0.00047159759560599923,-0.20205893367528915
dqn,123,1628,17579,-10.2,20,0,1,0.7216658333333333,0.0016651267651468515,-0.6366979122161865
dqn,123,1629,17584,-10.049999999999999,5,0,1,0.7215866666666667,0.001107523508835584,-0.7808321714401245
dqn,123,1630,17597,-10.129999999999999,13,0,1,0.7213808333333334,0.0010309955881287654,-0.307255856692791
dqn,123,1631,17616,-10.19,19,0,1,0.7210799999999999,0.0010797314811497928,-0.38060306161642077
dqn,123,1632,17618,-10.02,2,0,1,0.7210483333333333,,
dqn,123,1633,17637,-10.19,19,0,1,0.7207475000000001,0.0014672720688395202,-0.6577573955059052
dqn,123,1634,17639,-10.02,2,0,1,0.7207158333333333,,
dqn,123,1635,17644,-10.049999999999999,5,0,1,0.7206366666666667,0.0010604285052977502,-0.37196972966194153
dqn,123,1636,17652,-10.08,8,0,1,0.72051,0.0014670011005364358,-0.5214029252529144
dqn,123,1637,17690,-10.38,38,0,1,0.7199083333333334,0.0008905546468061706,-0.3921385258436203
dqn,123,1638,17702,-10.12,12,0,1,0.7197183333333333,0.0007215359364636242,-0.3671792323390643
dqn,123,1639,17723,-10.209999999999999,21,0,1,0.7193858333333334,0.0015558617422357201,-0.5601214170455933
dqn,123,1640,17745,-10.22,22,0,1,0.7190375,0.0021665593570408723,-0.5370823207000891
dqn,123,1641,17748,-10.03,3,0,1,0.71899,0.001518182223662734,-0.38558799028396606
dqn,123,1642,17754,-10.06,6,0,1,0.7188950000000001,0.0016712138894945383,-0.550787627696991
dqn,123,1643,17755,-10.01,1,0,1,0.7188791666666667,,
dqn,123,1644,17770,-10.15,15,0,1,0.7186416666666666,0.0019709797634277493,-0.4032309241592884
dqn,123,1645,17787,-10.17,17,0,1,0.7183725000000001,0.002796453394694254,-0.6982825696468353
dqn,123,1646,17803,-10.16,16,0,1,0.7181191666666666,0.001402939175022766,-0.6105738282203674
dqn,123,1647,17804,-10.01,1,0,1,0.7181033333333333,0.001726978924125433,-0.19391629099845886
dqn,123,1648,17838,-10.34,34,0,1,0.717565,0.0010656736776581965,-0.4357500486075878
dqn,123,1649,17853,-10.15,15,0,1,0.7173275,0.001313401517109014,-0.6553862281143665
dqn,123,1650,17855,-10.02,2,0,1,0.7172958333333334,,
dqn,123,1651,17877,-10.22,22,0,1,0.7169475000000001,0.05440550345034959,-0.3072162481645743
dqn,123,1652,17879,-10.02,2,0,1,0.7169158333333334,,
dqn,123,1653,17887,-10.08,8,0,1,0.7167891666666667,0.00311989284818992,-0.06595436856150627
dqn,123,1654,17895,-10.08,8,0,1,0.7166625,0.0022850201348774135,-0.7221919000148773
dqn,123,1655,17897,-10.02,2,0,1,0.7166308333333333,0.0015181583585217595,-0.5171289443969727
dqn,123,1656,17903,-10.06,6,0,1,0.7165358333333334,0.004027254413813353,-0.3424619138240814
dqn,123,1657,17921,-10.18,18,0,1,0.7162508333333333,0.0031758406898006798,-0.37312261387705803
dqn,123,1658,17925,-10.04,4,0,1,0.7161875,0.0019021856132894754,-0.5498866438865662
dqn,123,1659,17958,-10.33,33,0,1,0.715665,0.00484654778483673,-0.6525612808763981
dqn,123,1660,17998,-10.4,40,0,1,0.7150316666666667,0.00523914328077808,-0.42563398480415343
dqn,123,1661,18008,-10.1,10,0,1,0.7148733333333334,0.003015240731959542,-0.4994231164455414
dqn,123,1662,18014,-10.06,6,0,1,0.7147783333333333,0.0024855192750692368,-0.8705524802207947
dqn,123,1663,18047,-10.33,33,0,1,0.7142558333333333,0.0018714366451604292,-0.469612717628479
dqn,123,1664,18053,-10.06,6,0,1,0.7141608333333334,0.0014069666503928602,-0.27736228704452515
dqn,123,1665,18069,-10.16,16,0,1,0.7139075,0.0021653883159160614,-0.7753792256116867
dqn,123,1666,18091,-10.22,22,0,1,0.7135591666666667,0.0013851201219949871,-0.6916634790599346
dqn,123,1667,18100,-10.09,9,0,1,0.7134166666666666,0.0006096163027298948,-0.20925835023323694
dqn,123,1668,18118,-10.18,18,0,1,0.7131316666666667,0.0009952617983799428,-0.6474486291408539
dqn,123,1669,18152,-10.34,34,0,1,0.7125933333333334,0.0015779997855942282,-0.6579519775178697
dqn,123,1670,18160,-10.08,8,0,1,0.7124666666666667,0.0030372803448699415,-0.8811711817979813
dqn,123,1671,18180,-10.2,20,0,1,0.7121500000000001,0.0019483476411551238,-0.5472119927406311
dqn,123,1672,18237,-10.57,57,0,1,0.7112475,0.002253053032161136,-0.5662709618253368
dqn,123,1673,18290,-10.53,53,0,1,0.7104083333333333,0.0019828889545841287,-0.4963332609488414
dqn,123,1674,18293,-10.03,3,0,1,0.7103608333333333,0.0008825863478705287,0.11377540230751038
dqn,123,1675,18304,-10.11,11,0,1,0.7101866666666667,0.002166792517527938,-0.8029371500015259
dqn,123,1676,18312,-10.08,8,0,1,0.7100599999999999,0.0007252922077896073,-0.3667491152882576
dqn,123,1677,18339,-10.27,27,0,1,0.7096325000000001,0.0008882941813984265,-0.580345461765925
dqn,123,1678,18342,-10.03,3,0,1,0.7095849999999999,0.0011584986932575703,-0.7046561241149902
dqn,123,1679,18374,-10.32,32,0,1,0.7090783333333333,0.000488006584419054,-0.26837594620883465
dqn,123,1680,18385,-10.11,11,0,1,0.7089041666666667,0.0007193855320413908,-0.14858986685673395
dqn,123,1681,18387,-10.02,2,0,1,0.7088725,,
dqn,123,1682,18394,-10.07,7,0,1,0.7087616666666667,0.0009193026053253561,-0.6842115223407745
dqn,123,1683,18403,-10.09,9,0,1,0.7086191666666666,0.00032612709037493914,-0.04442992061376572
dqn,123,1684,18422,-10.19,19,0,1,0.7083183333333334,0.0016398755833506584,-0.5623609721660614
dqn,123,1685,18433,-10.11,11,0,1,0.7081441666666666,0.0009790546998071175,-0.5927415291468302
dqn,123,1686,18435,-10.02,2,0,1,0.7081124999999999,,
dqn,123,1687,18462,-10.27,27,0,1,0.7076850000000001,0.001005500742134505,-0.5354049940194402
dqn,123,1688,18467,-10.049999999999999,5,0,1,0.7076058333333333,0.0011607318883761764,-0.3538414239883423
dqn,123,1689,18472,-10.049999999999999,5,0,1,0.7075266666666666,0.0021176105365157127,-0.4225405901670456
dqn,123,1690,18485,-10.129999999999999,13,0,1,0.7073208333333334,0.0010728750203270465,-0.38020410140355426
dqn,123,1691,18486,-10.01,1,0,1,0.7073050000000001,,
dqn,123,1692,18537,-10.51,51,0,1,0.7064975,0.000912088027689606,-0.3024757934304384
dqn,123,1693,18544,-10.07,7,0,1,0.7063866666666667,0.0005241875624051318,0.035121187567710876
dqn,123,1694,18548,-10.04,4,0,1,0.7063233333333334,0.0007963551324792206,-0.22065889835357666
dqn,123,1695,18579,-10.31,31,0,1,0.7058325000000001,0.000723979901522398,-0.2918604463338852
dqn,123,1696,18583,-10.04,4,0,1,0.7057691666666668,0.0009794551879167557,-0.2178129255771637
dqn,123,1697,18598,-10.15,15,0,1,0.7055316666666667,0.0011277209196123295,-0.251712990924716
dqn,123,1698,18606,-10.08,8,0,1,0.7054050000000001,0.0012983392807655036,-0.18967026472091675
dqn,123,1699,18607,-10.01,1,0,1,0.7053891666666667,,
dqn,123,1700,18630,-10.23,23,0,1,0.705025,0.05285064134416947,-0.6424423567950726
dqn,123,1701,18635,-10.049999999999999,5,0,1,0.7049458333333334,0.003282915335148573,-1.1548049449920654
dqn,123,1702,18649,-10.14,14,0,1,0.7047241666666666,0.0010083573070005514,-0.2562347101047635
dqn,123,1703,18672,-10.23,23,0,1,0.7043600000000001,0.0011484669763982918,-0.5826392571131388
dqn,123,1704,18681,-10.09,9,0,1,0.7042174999999999,0.00023200143914436921,-0.1205955408513546
dqn,123,1705,18729,-10.48,48,0,1,0.7034575000000001,0.0008580393332522362,-0.583322980751594
dqn,123,1706,18745,-10.16,16,0,1,0.7032041666666666,0.0007498742561438121,-0.4141308218240738
dqn,123,1707,18774,-10.29,29,0,1,0.702745,0.0010628489128846144,-0.46390347076313837
dqn,123,1708,18777,-10.03,3,0,1,0.7026975,0.0008428401779383421,-1.3347097635269165
dqn,123,1709,18798,-10.209999999999999,21,0,1,0.702365,0.0005317765404470265,-0.526680813729763
dqn,123,1710,18804,-10.06,6,0,1,0.70227,0.000578241131734103,-0.6085777133703232
dqn,123,1711,18842,-10.38,38,0,1,0.7016683333333333,0.035309964845914185,-0.549428736170133
dqn,123,1712,18845,-10.03,3,0,1,0.7016208333333334,0.003248546738177538,-0.5042485594749451
dqn,123,1713,18852,-10.07,7,0,1,0.7015100000000001,0.0015558987797703594,-0.20525548607110977
dqn,123,1714,18857,-10.049999999999999,5,0,1,0.7014308333333333,0.0039911880157887936,-1.0509777069091797
dqn,123,1715,18861,-10.04,4,0,1,0.7013674999999999,0.0005586197366937995,-1.017045497894287
dqn,123,1716,18892,-10.31,31,0,1,0.7008766666666666,0.0020457648497540504,-0.3293312517926097
dqn,123,1717,18896,-10.04,4,0,1,0.7008133333333333,0.001929816440679133,-0.5322835445404053
dqn,123,1718,18903,-10.07,7,0,1,0.7007025,0.0034241857938468456,-0.18266914784908295
dqn,123,1719,18911,-10.08,8,0,1,0.7005758333333334,0.004124781233258545,-0.33744388073682785
dqn,123,1720,18914,-10.03,3,0,1,0.7005283333333334,0.0030704187229275703,-0.37799200415611267
dqn,123,1721,18922,-10.08,8,0,1,0.7004016666666666,0.002497999055776745,-0.31077948957681656
dqn,123,1722,18939,-10.17,17,0,1,0.7001325,0.0012145009386586025,-0.6107460781931877
dqn,123,1723,18946,-10.07,7,0,1,0.7000216666666668,0.0002981852740049362,-0.11853495240211487
dqn,123,1724,18978,-10.32,32,0,1,0.699515,0.0012654183883569203,-0.7950260723009706
dqn,123,1725,18981,-10.03,3,0,1,0.6994675,0.0007078488706611097,-0.5260052680969238
dqn,123,1726,18997,-10.16,16,0,1,0.6992141666666667,0.0004496711553656496,-0.4062298657372594
dqn,123,1727,19004,-10.07,7,0,1,0.6991033333333334,0.0007313224050449207,0.0417930893599987
dqn,123,1728,19030,-10.26,26,0,1,0.6986916666666667,0.0007552823857016241,-0.26669054478406906
dqn,123,1729,19034,-10.04,4,0,1,0.6986283333333334,0.0005185693735256791,-0.5318495631217957
dqn,123,1730,19050,-10.16,16,0,1,0.698375,0.000450226609245874,-0.48587287589907646
dqn,123,1731,19062,-10.12,12,0,1,0.6981850000000001,0.0012458279185617964,-0.5388638029495875
dqn,123,1732,19065,-10.03,3,0,1,0.6981375000000001,0.0014172361698001623,-0.3674930930137634
dqn,123,1733,19072,-10.07,7,0,1,0.6980266666666667,0.0014214262628229335,-0.44014719128608704
dqn,123,1734,19087,-10.15,15,0,1,0.6977891666666667,0.0014267827112538118,-0.760888010263443
dqn,123,1735,19097,-10.1,10,0,1,0.6976308333333334,0.0008542615881500145,-0.9070175290107727
dqn,123,1736,19105,-10.08,8,0,1,0.6975041666666666,0.0006234503307496198,-0.5414984673261642
dqn,123,1737,19158,-10.53,53,0,1,0.6966650000000001,0.024344007837218948,-0.47097980259702754
dqn,123,1738,19162,-10.04,4,0,1,0.6966016666666667,0.0004471978172659874,-0.20240700244903564
dqn,123,1739,19172,-10.1,10,0,1,0.6964433333333333,0.0009882354837221403,-0.6484216141204039
dqn,123,1740,19186,-10.14,14,0,1,0.6962216666666667,0.00083015391525502,-0.4190638264020284
dqn,123,1741,19200,-10.14,14,0,1,0.696,0.0006666249319096096,-0.3317136876285076
dqn,123,1742,19227,-10.27,27,0,1,0.6955724999999999,0.0005354208697099239,-0.6443609868486723
dqn,123,1743,19264,-10.37,37,0,1,0.6949866666666666,0.0008442044927505776,-0.5511774867773056
dqn,123,1744,19281,-10.17,17,0,1,0.6947175,0.0008880986497388221,-0.6144354939460754
dqn,123,1745,19287,-10.06,6,0,1,0.6946224999999999,0.0003974876890424639,-0.38041219115257263
dqn,123,1746,19357,-10.7,70,0,1,0.6935141666666667,0.000583742794535485,-0.4072292974839608
dqn,123,1747,19362,-10.049999999999999,5,0,1,0.693435,0.0004722151788882911,-0.36624497175216675
dqn,123,1748,19376,-10.14,14,0,1,0.6932133333333333,0.0008877034852048382,-0.49100520461797714
dqn,123,1749,19378,-10.02,2,0,1,0.6931816666666667,,
dqn,123,1750,19385,-10.07,7,0,1,0.6930708333333333,0.0015681122313253582,-0.2208852618932724
dqn,123,1751,19395,-10.1,10,0,1,0.6929125,0.0004635375371435657,-0.4495460130274296
dqn,123,1752,19405,-10.1,10,0,1,0.6927541666666667,0.001361072218666474,-0.7955596645673116
dqn,123,1753,19409,-10.04,4,0,1,0.6926908333333333,0.0002555804094299674,-0.378115713596344
dqn,123,1754,19445,-10.36,36,0,1,0.6921208333333333,0.0004909757986347864,-0.39095959895186955
dqn,123,1755,19475,-10.3,30,0,1,0.6916458333333333,0.0007212186090847743,-0.5330728622419494
dqn,123,1756,19481,-10.06,6,0,1,0.6915508333333333,0.00040691533649805933,-0.6158715486526489
dqn,123,1757,19483,-10.02,2,0,1,0.6915191666666667,,
dqn,123,1758,19487,-10.04,4,0,1,0.6914558333333334,0.00017935752111952752,-0.21084392070770264
dqn,123,1759,19497,-10.1,10,0,1,0.6912975,0.0003127232484985143,-0.6473473509152731
dqn,123,1760,19581,-10.84,84,0,1,0.6899675000000001,0.00039093953160946037,-0.3098520812179361
dqn,123,1761,19585,-10.04,4,0,1,0.6899041666666667,0.0004395260475575924,-0.03621980547904968
dqn,123,1762,19592,-10.07,7,0,1,0.6897933333333333,0.00039973342063603923,-0.20359418913722038
dqn,123,1763,19637,-10.45,45,0,1,0.6890808333333334,0.00023277631077111107,-0.25263591754165565
dqn,123,1764,19641,-10.04,4,0,1,0.6890175000000001,0.0005520011181943119,-0.6848275661468506
dqn,123,1765,19648,-10.07,7,0,1,0.6889066666666667,0.0003169975316268392,0.040966182947158813
dqn,123,1766,19655,-10.07,7,0,1,0.6887958333333333,0.0016208395827561617,-0.8809979557991028
dqn,123,1767,19664,-10.09,9,0,1,0.6886533333333333,0.0006560154336815079,-0.7488568127155304
dqn,123,1768,19669,-10.049999999999999,5,0,1,0.6885741666666667,0.0006316352519206703,-0.7033200263977051
dqn,123,1769,19683,-10.14,14,0,1,0.6883525,0.00040148717622893554,-0.6979814966519674
dqn,123,1770,19689,-10.06,6,0,1,0.6882575,0.0003021263109985739,-0.28627835772931576
dqn,123,1771,19705,-10.16,16,0,1,0.6880041666666666,0.00045952724394737743,-0.6133513785898685
dqn,123,1772,19708,-10.03,3,0,1,0.6879566666666667,0.0011547021567821503,-1.1828622817993164
dqn,123,1773,19719,-10.11,11,0,1,0.6877825,0.0005078529356978834,-0.6231260895729065
dqn,123,1774,19721,-10.02,2,0,1,0.6877508333333333,0.0006500172894448042,-0.38328447937965393
dqn,123,1775,19729,-10.08,8,0,1,0.6876241666666667,0.00024244990345323458,-0.2088412418961525
dqn,123,1776,19743,-10.14,14,0,1,0.6874025,0.0005056135026582828,-0.8024661839008331
dqn,123,1777,19771,-10.28,28,0,1,0.6869591666666667,0.0004352521334242608,-0.6739826990025384
dqn,123,1778,19790,-10.19,19,0,1,0.6866583333333334,0.0007006741303484887,-0.5007630318403244
dqn,123,1779,19804,-10.14,14,0,1,0.6864366666666667,0.0007160065870266408,-0.5416200459003448
dqn,123,1780,19807,-10.03,3,0,1,0.6863891666666666,,
dqn,123,1781,19811,-10.04,4,0,1,0.6863258333333333,0.0006111436523497105,-1.0107378959655762
dqn,123,1782,19815,-10.04,4,0,1,0.6862625,0.000382109108613804,-0.038223981857299805
dqn,123,1783,19822,-10.07,7,0,1,0.6861516666666667,0.00037520650948863477,-0.4475582242012024
dqn,123,1784,19841,-10.19,19,0,1,0.6858508333333333,0.0005184333684155717,-0.7995784282684326
dqn,123,1785,19844,-10.03,3,0,1,0.6858033333333333,0.0008038585656322539,-0.5230836868286133
dqn,123,1786,19851,-10.07,7,0,1,0.6856925,0.0003813302027992904,-0.20269033312797546
dqn,123,1787,19855,-10.04,4,0,1,0.6856291666666667,0.0002163911995012313,-0.3720308840274811
dqn,123,1788,19887,-10.32,32,0,1,0.6851225,0.00018972947964357445,-0.41303376015275717
dqn,123,1789,19890,-10.03,3,0,1,0.685075,9.642897930461913e-05,-0.05038710683584213
dqn,123,1790,19892,-10.02,2,0,1,0.6850433333333333,9.92887798929587e-05,0.11754406988620758
dqn,123,1791,19897,-10.049999999999999,5,0,1,0.6849641666666666,0.0004981494275853038,-0.0387386679649353
dqn,123,1792,19907,-10.1,10,0,1,0.6848058333333333,0.0003073435800615698,-0.8598667979240417
dqn,123,1793,19920,-10.129999999999999,13,0,1,0.6846,0.00045234795834403485,-0.5301061328500509
dqn,123,1794,19930,-10.1,10,0,1,0.6844416666666666,0.0008708304667379707,-0.8714088797569275
dqn,123,1795,19942,-10.12,12,0,1,0.6842516666666667,0.00024246420070994645,-0.2629020884633064
dqn,123,1796,19947,-10.049999999999999,5,0,1,0.6841725000000001,0.00010580825619399548,0.1201697587966919
dqn,123,1797,19950,-10.03,3,0,1,0.684125,0.0004617806989699602,-0.8647243976593018
dqn,123,1798,19959,-10.09,9,0,1,0.6839824999999999,0.00021859670232515782,-0.9355615973472595
dqn,123,1799,19974,-10.15,15,0,1,0.683745,0.00038844671689730603,-0.41131124645471573
dqn,123,1800,19990,-10.16,16,0,1,0.6834916666666666,0.00047279748105211183,-0.2920833174139261
dqn,123,1801,20011,-10.209999999999999,21,0,1,0.6831591666666667,0.0003962998467613943,-0.7609137892723083
dqn,123,1802,20064,-10.53,53,0,1,0.68232,0.0004429976033861749,-0.3650750648230314
dqn,123,1803,20074,-10.1,10,0,1,0.6821616666666667,0.0007001867925282568,-0.6970075368881226
dqn,123,1804,20076,-10.02,2,0,1,0.68213,0.00015688763232901692,-0.2129867523908615
dqn,123,1805,20087,-10.11,11,0,1,0.6819558333333333,0.001805506064556539,-0.46315422654151917
dqn,123,1806,20096,-10.09,9,0,1,0.6818133333333334,0.0006713284528814256,-0.4820343355337779
dqn,123,1807,20099,-10.03,3,0,1,0.6817658333333334,,
dqn,123,1808,20101,-10.02,2,0,1,0.6817341666666666,0.0004368129593785852,-0.535053551197052
dqn,123,1809,20106,-10.049999999999999,5,0,1,0.681655,0.00042241939809173346,-0.7168349027633667
dqn,123,1810,20117,-10.11,11,0,1,0.6814808333333333,0.00044227381780122715,-0.5402852892875671
dqn,123,1811,20125,-10.08,8,0,1,0.6813541666666667,0.0007217262755148113,-0.28951726108789444
dqn,123,1812,20154,-10.29,29,0,1,0.680895,0.0005861494656918305,-0.795056871005467
dqn,123,1813,20164,-10.1,10,0,1,0.6807366666666667,0.0009874507668428123,-0.6932574311892191
dqn,123,1814,20178,-10.14,14,0,1,0.680515,0.0006575384080254784,-0.3881195932626724
dqn,123,1815,20182,-10.04,4,0,1,0.6804516666666667,0.00029437162447720766,-0.5394290685653687
dqn,123,1816,20207,-10.25,25,0,1,0.6800558333333333,0.0006286529824137688,-0.48337266718347865
dqn,123,1817,20209,-10.02,2,0,1,0.6800241666666667,0.00021232316794339567,-0.04476960003376007
dqn,123,1818,20215,-10.06,6,0,1,0.6799291666666667,0.00019981706282123923,-0.6987148523330688
dqn,123,1819,20227,-10.12,12,0,1,0.6797391666666667,0.0003871410347831746,-0.31721000870068866
dqn,123,1820,20234,-10.07,7,0,1,0.6796283333333333,0.0003164940280839801,-0.3749854937195778
dqn,123,1821,20276,-10.42,42,0,1,0.6789633333333334,0.000648207842128944,-0.4957062913612886
dqn,123,1822,20301,-10.25,25,0,1,0.6785675,0.0009078256407519802,-0.5115702096372843
dqn,123,1823,20309,-10.08,8,0,1,0.6784408333333334,0.00038906185363885015,-0.3709423877298832
dqn,123,1824,20310,-10.01,1,0,1,0.6784250000000001,,
dqn,123,1825,20315,-10.049999999999999,5,0,1,0.6783458333333333,0.0018480122089385986,-0.6864532232284546
dqn,123,1826,20318,-10.03,3,0,1,0.6782983333333333,0.00023681145103182644,0.1190410703420639
dqn,123,1827,20400,-10.82,82,0,1,0.677,0.000783430431121295,-0.4073670655488968
dqn,123,1828,20406,-10.06,6,0,1,0.676905,0.00021762613323517144,-0.7079352140426636
dqn,123,1829,20445,-10.39,39,0,1,0.6762875,0.0005186978451092727,-0.4248284883797169
dqn,123,1830,20520,-10.75,75,0,1,0.6751,0.0008700334368959853,-0.5735445163751903
dqn,123,1831,20524,-10.04,4,0,1,0.6750366666666667,0.0009203705121763051,-0.5244091749191284
dqn,123,1832,20531,-10.07,7,0,1,0.6749258333333333,0.00014038107474334538,0.11653082072734833
dqn,123,1833,20551,-10.2,20,0,1,0.6746091666666667,0.00041388450481463226,-0.509201854467392
dqn,123,1834,20566,-10.15,15,0,1,0.6743716666666667,0.0005728282558266073,-0.7835509777069092
dqn,123,1835,20570,-10.04,4,0,1,0.6743083333333333,0.0003732271143235266,-0.5309311747550964
dqn,123,1836,20573,-10.03,3,0,1,0.6742608333333333,0.00028145028045400977,-0.04865559935569763
dqn,123,1837,20575,-10.02,2,0,1,0.6742291666666667,,
dqn,123,1838,20582,-10.07,7,0,1,0.6741183333333334,0.00017567520990269259,-0.05206744372844696
dqn,123,1839,20591,-10.09,9,0,1,0.6739758333333333,0.000487998389871791,-0.4631458818912506
dqn,123,1840,20599,-10.08,8,0,1,0.6738491666666666,0.0005178012506803498,-0.45268742740154266
dqn,123,1841,20607,-10.08,8,0,1,0.6737225,0.0002667879161890596,-0.5415717847645283
dqn,123,1842,20611,-10.04,4,0,1,0.6736591666666667,0.000862057029735297,-0.8733566403388977
dqn,123,1843,20614,-10.03,3,0,1,0.6736116666666667,0.0011798092164099216,-1.3713880777359009
dqn,123,1844,20621,-10.07,7,0,1,0.6735008333333333,0.001018708077026531,-0.4442824423313141
dqn,123,1845,20623,-10.02,2,0,1,0.6734691666666667,,
dqn,123,1846,20626,-10.03,3,0,1,0.6734216666666667,0.0009822484571486712,-0.35894250869750977
dqn,123,1847,20631,-10.049999999999999,5,0,1,0.6733425,0.0004020667402073741,-0.6987360715866089
dqn,123,1848,20636,-10.049999999999999,5,0,1,0.6732633333333333,0.0006624845555052161,-0.5491549149155617
dqn,123,1849,20665,-10.29,29,0,1,0.6728041666666666,0.0005713255169601845,-0.6806771435907909
dqn,123,1850,20666,-10.01,1,0,1,0.6727883333333333,,
dqn,123,1851,20761,-10.950000000000001,95,0,1,0.6712841666666667,0.0006071319094189676,-0.5925223228211204
dqn,123,1852,20776,-10.15,15,0,1,0.6710466666666667,0.0005122988077346236,-0.6627443432807922
dqn,123,1853,20792,-10.16,16,0,1,0.6707933333333334,0.0005337839102139696,-0.7023741453886032
dqn,123,1854,20829,-10.37,37,0,1,0.6702075000000001,0.0001928623290344452,-0.4842618728677432
dqn,123,1855,20831,-10.02,2,0,1,0.6701758333333334,,
dqn,123,1856,20835,-10.04,4,0,1,0.6701125,0.0010550348088145256,-0.7015462517738342
dqn,123,1857,20853,-10.18,18,0,1,0.6698275,0.0007511915697250515,-0.445006550103426
dqn,123,1858,20871,-10.18,18,0,1,0.6695425,0.0003276659954281058,-0.16768334433436394
dqn,123,1859,20889,-10.18,18,0,1,0.6692575000000001,0.0008055319252889603,-0.3078110717236996
dqn,123,1860,20892,-10.03,3,0,1,0.6692100000000001,0.00042024237336590886,-0.20489171147346497
dqn,123,1861,20896,-10.04,4,0,1,0.6691466666666667,0.0006530596874654293,-0.21853035688400269
dqn,123,1862,20906,-10.1,10,0,1,0.6689883333333333,0.0008288985409308225,-0.6342416405677795
dqn,123,1863,20910,-10.04,4,0,1,0.668925,0.00012717617210000753,0.2781948447227478
dqn,123,1864,20926,-10.16,16,0,1,0.6686716666666667,0.0013431382594717434,-0.6171061843633652
dqn,123,1865,20928,-10.02,2,0,1,0.66864,0.0004506369004957378,-0.38762134313583374
dqn,123,1866,20939,-10.11,11,0,1,0.6684658333333333,0.0005286823434289545,-0.20763862133026123
dqn,123,1867,20942,-10.03,3,0,1,0.6684183333333333,0.0014080768451094627,-0.6874229907989502
dqn,123,1868,20950,-10.08,8,0,1,0.6682916666666667,0.00047094789624679834,-0.7099155485630035
dqn,123,1869,20981,-10.31,31,0,1,0.6678008333333334,0.00044658286788035184,-0.31247628340497613
dqn,123,1870,20987,-10.06,6,0,1,0.6677058333333333,0.00026619344134815037,-0.704491138458252
dqn,123,1871,20996,-10.09,9,0,1,0.6675633333333333,0.000720131395307059,-0.42970865964889526
dqn,123,1872,21010,-10.14,14,0,1,0.6673416666666667,0.0007594422398445507,-0.7603960037231445
dqn,123,1873,21024,-10.14,14,0,1,0.66712,0.00032516375722480007,-0.5130657181143761
dqn,123,1874,21030,-10.06,6,0,1,0.667025,0.0005828075809404254,-0.5371755957603455
dqn,123,1875,21041,-10.11,11,0,1,0.6668508333333334,0.0010408027640854318,-0.7086190581321716
dqn,123,1876,21074,-10.33,33,0,1,0.6663283333333334,0.0005684483512595762,-0.7307216487824917
dqn,123,1877,21090,-10.16,16,0,1,0.666075,0.000516131600306835,-0.13401495665311813
dqn,123,1878,21097,-10.07,7,0,1,0.6659641666666667,0.0009082257747650146,-0.802761048078537
dqn,123,1879,21129,-10.32,32,0,1,0.6654575,0.0010529049577598926,-0.5443073664791882
dqn,123,1880,21142,-10.129999999999999,13,0,1,0.6652516666666667,0.000527802020466576,-0.10865461453795433
dqn,123,1881,21147,-10.049999999999999,5,0,1,0.6651725,0.00013674590445589274,-0.05448441952466965
dqn,123,1882,21154,-10.07,7,0,1,0.6650616666666667,0.0005312825960572809,-0.5493789836764336
dqn,123,1883,21175,-10.209999999999999,21,0,1,0.6647291666666667,0.0003441799432039261,-0.31606278344988825
dqn,123,1884,21182,-10.07,7,0,1,0.6646183333333333,0.00015722803073003888,0.10643156990408897
dqn,123,1885,21196,-10.14,14,0,1,0.6643966666666667,0.0006285758499871008,-0.42313678562641144
dqn,123,1886,21198,-10.02,2,0,1,0.6643650000000001,,
dqn,123,1887,21214,-10.16,16,0,1,0.6641116666666667,0.0003035818735952489,-0.21676214784383774
dqn,123,1888,21239,-10.25,25,0,1,0.6637158333333333,0.001251999613790152,-0.5153345751265684
dqn,123,1889,21244,-10.049999999999999,5,0,1,0.6636366666666667,0.002741218137089163,-0.49082424491643906
dqn,123,1890,21272,-10.28,28,0,1,0.6631933333333333,0.0006015961968971949,-0.3078221210411617
dqn,123,1891,21290,-10.18,18,0,1,0.6629083333333333,0.0009017827833304182,-0.18564019352197647
dqn,123,1892,21303,-10.129999999999999,13,0,1,0.6627025,0.0004935165537366023,-0.16065278152624765
dqn,123,1893,21306,-10.03,3,0,1,0.662655,0.000983028789050877,-0.7198025584220886
dqn,123,1894,21308,-10.02,2,0,1,0.6626233333333333,0.00037846912164241076,-0.7119714617729187
dqn,123,1895,21320,-10.12,12,0,1,0.6624333333333334,0.0012111090666924913,-0.3755253329873085
dqn,123,1896,21329,-10.09,9,0,1,0.6622908333333334,0.0013020187034271657,-0.5614419132471085
dqn,123,1897,21348,-10.19,19,0,1,0.6619900000000001,0.0010684596025384962,-0.37628467828035356
dqn,123,1898,21384,-10.36,36,0,1,0.66142,0.0010552171976693596,-0.4944034069776535
dqn,123,1899,21415,-10.31,31,0,1,0.6609291666666667,0.0009944059503530817,-0.4522870821612222
dqn,123,1900,21463,-10.48,48,0,1,0.6601691666666667,0.0009539028815197526,-0.4926266980667909
dqn,123,1901,21469,-10.06,6,0,1,0.6600741666666667,0.0005370225917431526,-0.7868714481592178
dqn,123,1902,21477,-10.08,8,0,1,0.6599475,0.0011855779448524117,-1.1069003343582153
dqn,123,1903,21478,-10.01,1,0,1,0.6599316666666667,,
dqn,123,1904,21487,-10.09,9,0,1,0.6597891666666666,0.00040273621561937034,-0.7137049734592438
dqn,123,1905,21489,-10.02,2,0,1,0.6597575,9.470766235608608e-05,-0.055621437728405
dqn,123,1906,21498,-10.09,9,0,1,0.6596150000000001,0.0003290632157586515,-0.7056576907634735
dqn,123,1907,21536,-10.38,38,0,1,0.6590133333333333,0.0008767138097027782,-0.3696249395608902
dqn,123,1908,21562,-10.26,26,0,1,0.6586016666666668,0.006143388813749577,-0.46677930404742557
dqn,123,1909,21564,-10.02,2,0,1,0.6585700000000001,0.0017488275188952684,0.2898562252521515
dqn,123,1910,21573,-10.09,9,0,1,0.6584275,0.004749841173179448,-0.1770024225115776
dqn,123,1911,21612,-10.39,39,0,1,0.65781,0.024455452989786863,-0.5972158946096897
dqn,123,1912,21619,-10.07,7,0,1,0.6576991666666667,0.010598206892609596,-0.1470043957233429
dqn,123,1913,21645,-10.26,26,0,1,0.6572875,0.008103735611907073,-0.6171181414808545
dqn,123,1914,21656,-10.11,11,0,1,0.6571133333333333,0.0022873633230725923,-0.19395095109939575
dqn,123,1915,21664,-10.08,8,0,1,0.6569866666666667,0.0037187397247180343,-0.2740378826856613
dqn,123,1916,21687,-10.23,23,0,1,0.6566225,0.0031844678334891794,-0.2664620980620384
dqn,123,1917,21689,-10.02,2,0,1,0.6565908333333333,0.004765101708471775,-1.177656650543213
dqn,123,1918,21692,-10.03,3,0,1,0.6565433333333334,0.003774259239435196,-1.3773138523101807
dqn,123,1919,21697,-10.049999999999999,5,0,1,0.6564641666666666,0.0015777747612446547,-0.5210185050964355
dqn,123,1920,21706,-10.09,9,0,1,0.6563216666666667,0.0015361426048912108,-0.5281769335269928
dqn,123,1921,21712,-10.06,6,0,1,0.6562266666666667,0.003572290181182325,-0.6324027478694916
dqn,123,1922,21718,-10.06,6,0,1,0.6561316666666667,0.000347670866176486,0.26538947224617004
dqn,123,1923,21724,-10.06,6,0,1,0.6560366666666667,0.0017454893968533725,-0.3991706594824791
dqn,123,1924,21727,-10.03,3,0,1,0.6559891666666666,,
dqn,123,1925,21741,-10.14,14,0,1,0.6557675000000001,0.0021821497211931273,-0.7446082085371017
dqn,123,1926,21832,-10.91,91,0,1,0.6543266666666667,0.0011475527445208686,-0.3614768907427788
dqn,123,1927,21841,-10.09,9,0,1,0.6541841666666667,0.00040095408621709794,-0.37958958372473717
dqn,123,1928,21843,-10.02,2,0,1,0.6541525,,
dqn,123,1929,21847,-10.04,4,0,1,0.6540891666666667,0.0003221737570129335,-0.21848057210445404
dqn,123,1930,21851,-10.04,4,0,1,0.6540258333333333,0.0011977094691246748,-0.5340880155563354
dqn,123,1931,21913,-10.620000000000001,62,0,1,0.6530441666666666,0.0006008283917253721,-0.5371434958651662
dqn,123,1932,21944,-10.31,31,0,1,0.6525533333333333,0.0015232274672598578,-0.7268487047404051
dqn,123,1933,21954,-10.1,10,0,1,0.6523950000000001,0.0006028881325619295,-0.5487905889749527
dqn,123,1934,21967,-10.129999999999999,13,0,1,0.6521891666666667,0.0005569527857005596,-0.38390709459781647
dqn,123,1935,21974,-10.07,7,0,1,0.6520783333333333,0.0005218211736064404,-0.37408381700515747
dqn,123,1936,21986,-10.12,12,0,1,0.6518883333333334,0.0008344320910206685,-0.660902738571167
dqn,123,1937,22014,-10.28,28,0,1,0.651445,0.0011562431276875681,-0.4323112576135567
dqn,123,1938,22034,-10.2,20,0,1,0.6511283333333333,0.0017634503543376922,-0.4873951807618141
dqn,123,1939,22068,-10.34,34,0,1,0.65059,0.0015476690055543764,-0.5315547291603353
dqn,123,1940,22071,-10.03,3,0,1,0.6505425,,
dqn,123,1941,22080,-10.09,9,0,1,0.6504000000000001,0.10368300578556955,-0.7805380622545878
dqn,123,1942,22120,-10.4,40,0,1,0.6497666666666667,0.004218018118990585,-0.5980471611022949
dqn,123,1943,22152,-10.32,32,0,1,0.6492600000000001,0.0038677717093378305,-0.3941408204846084
dqn,123,1944,22154,-10.02,2,0,1,0.6492283333333333,,
dqn,123,1945,22166,-10.12,12,0,1,0.6490383333333334,0.0035691760325183472,-0.276602824529012
dqn,123,1946,22172,-10.06,6,0,1,0.6489433333333334,0.1511324563762173,-0.36658570915460587
dqn,123,1947,22175,-10.03,3,0,1,0.6488958333333333,,
dqn,123,1948,22188,-10.129999999999999,13,0,1,0.64869,0.006563586997799575,-0.5691720880568027
dqn,123,1949,22194,-10.06,6,0,1,0.648595,0.0019279916305094957,-0.3963649272918701
dqn,123,1950,22201,-10.07,7,0,1,0.6484841666666668,0.005395714309997857,0.03866936266422272
dqn,123,1951,22218,-10.17,17,0,1,0.648215,0.006319869280559942,-0.23748234659433365
dqn,123,1952,22221,-10.03,3,0,1,0.6481675,0.0035852850414812565,-0.24630537629127502
dqn,123,1953,22243,-10.22,22,0,1,0.6478191666666666,0.007962749432772398,-0.39700998961925504
dqn,123,1954,22253,-10.1,10,0,1,0.6476608333333334,0.010297886095941067,-0.20629244297742844
dqn,123,1955,22255,-10.02,2,0,1,0.6476291666666667,,
dqn,123,1956,22260,-10.049999999999999,5,0,1,0.6475500000000001,0.011670690029859543,-0.49536480754613876
dqn,123,1957,22296,-10.36,36,0,1,0.6469800000000001,0.006250253820326179,-0.6035740102330843
dqn,123,1958,22299,-10.03,3,0,1,0.6469325,,
dqn,123,1959,22309,-10.1,10,0,1,0.6467741666666667,0.00568417339430501,-0.5331840316454569
dqn,123,1960,22310,-10.01,1,0,1,0.6467583333333333,,
dqn,123,1961,22321,-10.11,11,0,1,0.6465841666666667,0.004595088656060398,-0.297435720761617
dqn,123,1962,22334,-10.129999999999999,13,0,1,0.6463783333333333,0.00653873694439729,-0.5862039178609848
dqn,123,1963,22335,-10.01,1,0,1,0.6463625,,
dqn,123,1964,22344,-10.09,9,0,1,0.64622,0.0031670756094778576,-0.6759067922830582
dqn,123,1965,22346,-10.02,2,0,1,0.6461883333333334,,
dqn,123,1966,22355,-10.09,9,0,1,0.6460458333333334,0.001126127695897594,-0.39233821630477905
dqn,123,1967,22375,-10.2,20,0,1,0.6457291666666667,0.0036643590778112412,-0.8816224366426468
dqn,123,1968,22401,-10.26,26,0,1,0.6453175,0.006428467292737748,-0.5531041292207581
dqn,123,1969,22429,-10.28,28,0,1,0.6448741666666666,0.005308427748137287,-0.6399722354752677
dqn,123,1970,22450,-10.209999999999999,21,0,1,0.6445416666666667,0.0012529352447018028,-0.23228904902935027
dqn,123,1971,22455,-10.049999999999999,5,0,1,0.6444624999999999,0.005109427496790886,-0.846396803855896
dqn,123,1972,22465,-10.1,10,0,1,0.6443041666666667,0.008305813224675754,-0.6966528395811716
dqn,123,1973,22477,-10.12,12,0,1,0.6441141666666668,0.011889681530495485,-0.23625755806763968
dqn,123,1974,22578,-11.01,101,0,1,0.642515,0.005765665841754526,-0.5374428659677506
dqn,123,1975,22595,-10.17,17,0,1,0.6422458333333334,0.010392672498710454,-0.41679385863244534
dqn,123,1976,22602,-10.07,7,0,1,0.642135,0.004855356877669692,-0.9904272556304932
dqn,123,1977,22627,-10.25,25,0,1,0.6417391666666667,0.0028347805491648614,-0.43488092223803204
dqn,123,1978,22636,-10.09,9,0,1,0.6415966666666667,0.0030655883407841125,-0.5571650465329488
dqn,123,1979,22669,-10.33,33,0,1,0.6410741666666666,0.002224671741714701,-0.2460147775709629
dqn,123,1980,22704,-10.35,35,0,1,0.64052,0.004266698262654245,-0.4635346689158016
dqn,123,1981,22707,-10.03,3,0,1,0.6404725,,
dqn,123,1982,22710,-10.03,3,0,1,0.640425,0.0043257009238004684,-1.1811339855194092
dqn,123,1983,22719,-10.09,9,0,1,0.6402825000000001,0.00796542118769139,-0.5060599446296692
dqn,123,1984,22726,-10.07,7,0,1,0.6401716666666667,0.0022672749764751643,-0.28207916021347046
dqn,123,1985,22745,-10.19,19,0,1,0.6398708333333334,0.0021832829341292383,-0.28838059306144714
dqn,123,1986,22747,-10.02,2,0,1,0.6398391666666667,,
dqn,123,1987,22759,-10.12,12,0,1,0.6396491666666666,0.0013341670273803174,-0.24323415756225586
dqn,123,1988,22766,-10.07,7,0,1,0.6395383333333333,0.0012435990502126515,-0.7119303345680237
dqn,123,1989,22768,-10.02,2,0,1,0.6395066666666667,0.0022680906113237143,-0.36237025260925293
dqn,123,1990,22770,-10.02,2,0,1,0.639475,,
dqn,123,1991,22774,-10.04,4,0,1,0.6394116666666667,0.002014203928411007,-0.20499199628829956
dqn,123,1992,22776,-10.02,2,0,1,0.6393800000000001,0.0005824889522045851,-0.2269619107246399
dqn,123,1993,22780,-10.04,4,0,1,0.6393166666666668,0.0008585893083363771,-0.23648716509342194
dqn,123,1994,22786,-10.06,6,0,1,0.6392216666666667,0.003270399058237672,-1.2412487268447876
dqn,123,1995,22791,-10.049999999999999,5,0,1,0.6391425,0.00043291132897138596,0.0974385216832161
dqn,123,1996,22794,-10.03,3,0,1,0.639095,0.0019286784809082747,-0.3811055123806
dqn,123,1997,22799,-10.049999999999999,5,0,1,0.6390158333333333,0.0029352614656090736,-0.2161501944065094
dqn,123,1998,22840,-10.41,41,0,1,0.6383666666666667,0.0006847137781071731,-0.28771819174289703
dqn,123,1999,22844,-10.04,4,0,1,0.6383033333333334,0.002294412814080715,-1.0598068237304688
dqn,123,2000,22855,-10.11,11,0,1,0.6381291666666666,0.0009553885611239821,-0.3782588094472885
dqn,123,2001,22893,-10.38,38,0,1,0.6375275,0.0012415292279911228,-0.42401461601257323
dqn,123,2002,22928,-10.35,35,0,1,0.6369733333333334,0.0009363969325527756,-0.39059072153435814
dqn,123,2003,22941,-10.129999999999999,13,0,1,0.6367674999999999,0.0013086347995946805,-0.8779528439044952
dqn,123,2004,22943,-10.02,2,0,1,0.6367358333333333,,
dqn,123,2005,22967,-10.24,24,0,1,0.6363558333333335,0.0007407070758442084,-0.605530479302009
dqn,123,2006,22981,-10.14,14,0,1,0.6361341666666667,0.002376447075221222,-0.40341654792428017
dqn,123,2007,23012,-10.31,31,0,1,0.6356433333333333,0.0046490381500916556,-0.5001648124307394
dqn,123,2008,23020,-10.08,8,0,1,0.6355166666666667,0.0009849976049736142,-0.5476223230361938
dqn,123,2009,23028,-10.08,8,0,1,0.6353900000000001,0.0022987494012340903,-0.16063863039016724
dqn,123,2010,23049,-10.209999999999999,21,0,1,0.6350575,0.001155207958072424,-0.30799010321497916
dqn,123,2011,23069,-10.2,20,0,1,0.6347408333333333,0.0015190746518783272,-0.6132480472326278
dqn,123,2012,23071,-10.02,2,0,1,0.6347091666666667,,
dqn,123,2013,23126,-10.55,55,0,1,0.6338383333333333,0.0014513881386457278,-0.49686430181775776
dqn,123,2014,23130,-10.04,4,0,1,0.633775,0.0007740701548755169,-0.7033442854881287
dqn,123,2015,23164,-10.34,34,0,1,0.6332366666666667,0.0008664489659066829,-0.24033890499009025
dqn,123,2016,23175,9.89,11,1,0,0.6330625000000001,0.0009975590510293841,-0.8664662539958954
dqn,123,2017,23180,-10.049999999999999,5,0,1,0.6329833333333335,0.0010840184113476425,-0.365196168422699
dqn,123,2018,23190,-10.1,10,0,1,0.632825,0.0008361019717995077,-0.3006953001022339
dqn,123,2019,23196,-10.06,6,0,1,0.63273,0.0010232139029540122,-0.46630947291851044
dqn,123,2020,23243,-10.47,47,0,1,0.6319858333333332,0.030579983193257994,-0.5767531313679435
dqn,123,2021,23246,-10.03,3,0,1,0.6319383333333333,0.0006964380154386163,-0.7116898894309998
dqn,123,2022,23254,-10.08,8,0,1,0.6318116666666667,0.0009051810193341225,-0.37669678032398224
dqn,123,2023,23266,-10.12,12,0,1,0.6316216666666667,0.0008292988835213085,-0.4338798721631368
dqn,123,2024,23282,-10.16,16,0,1,0.6313683333333333,0.001109463963075541,-0.37857309728860855
dqn,123,2025,23284,-10.02,2,0,1,0.6313366666666667,0.00040486460784450173,-0.0537620484828949
dqn,123,2026,23288,-10.04,4,0,1,0.6312733333333334,0.0007906700484454632,-0.8791885375976562
dqn,123,2027,23293,-10.049999999999999,5,0,1,0.6311941666666667,0.0011021532118320465,-0.055765315890312195
dqn,123,2028,23300,-10.07,7,0,1,0.6310833333333334,0.0014070974430069327,-0.6183935701847076
dqn,123,2029,23309,-10.09,9,0,1,0.6309408333333333,0.0008419250079896301,-0.628819078207016
dqn,123,2030,23314,-10.049999999999999,5,0,1,0.6308616666666667,0.0007340633892454207,-0.7173260450363159
dqn,123,2031,23342,-10.28,28,0,1,0.6304183333333333,0.00044199843666449724,-0.26287821254559923
dqn,123,2032,23375,-10.33,33,0,1,0.6298958333333333,0.038157182636496145,-0.44255489856004715
dqn,123,2033,23378,-10.03,3,0,1,0.6298483333333333,0.0024006026796996593,-0.5161112546920776
dqn,123,2034,23421,-10.43,43,0,1,0.6291675000000001,0.0016141023793765767,-0.5143432752652601
dqn,123,2035,23426,-10.049999999999999,5,0,1,0.6290883333333332,0.0008461967809125781,0.10492555052042007
dqn,123,2036,23446,-10.2,20,0,1,0.6287716666666667,0.002907645818777382,-0.2719995558261871
dqn,123,2037,23449,-10.03,3,0,1,0.6287241666666668,0.0014126545283943415,-0.2127465009689331
dqn,123,2038,23458,-10.09,9,0,1,0.6285816666666666,0.0031706240260973573,-0.6476669311523438
dqn,123,2039,23460,-10.02,2,0,1,0.6285499999999999,0.0016767543274909258,-0.7290360927581787
dqn,123,2040,23503,-10.43,43,0,1,0.6278691666666667,0.023367215879261494,-0.34811858683824537
dqn,123,2041,23510,-10.07,7,0,1,0.6277583333333334,0.03029667236842215,-0.5489445626735687
dqn,123,2042,23512,-10.02,2,0,1,0.6277266666666668,0.03557346761226654,-0.0051553696393966675
dqn,123,2043,23549,-10.37,37,0,1,0.6271408333333333,0.056069301855232984,-0.6463044790758027
dqn,123,2044,23578,-10.29,29,0,1,0.6266816666666667,0.05648272617587021,-0.7424913091318948
dqn,123,2045,23604,-10.26,26,0,1,0.62627,0.017838056864483014,-0.29075760181461063
dqn,123,2046,23612,-10.08,8,0,1,0.6261433333333333,0.009143321542069316,-0.30468903481960297
dqn,123,2047,23634,-10.22,22,0,1,0.6257950000000001,0.0076347616035491225,-0.5936735987663269
dqn,123,2048,23683,-10.49,49,0,1,0.6250191666666667,0.005846687282125155,-0.41750943784912425
dqn,123,2049,23695,-10.12,12,0,1,0.6248291666666667,0.007416848248491685,-0.5679838756720225
dqn,123,2050,23707,-10.12,12,0,1,0.6246391666666666,0.00326203356962651,-0.492517610390981
dqn,123,2051,23711,-10.04,4,0,1,0.6245758333333333,0.0015525465132668614,0.1264217495918274
dqn,123,2052,23717,-10.06,6,0,1,0.6244808333333334,0.0037257351214066148,-0.7804933786392212
dqn,123,2053,23732,-10.15,15,0,1,0.6242433333333333,0.0019136451301164925,-0.5893174670636654
dqn,123,2054,23747,-10.15,15,0,1,0.6240058333333334,0.002653744382162889,-0.32651543617248535
dqn,123,2055,23749,-10.02,2,0,1,0.6239741666666667,0.003978772088885307,-0.07469554245471954
dqn,123,2056,23751,-10.02,2,0,1,0.6239425000000001,,
dqn,123,2057,23756,-10.049999999999999,5,0,1,0.6238633333333333,0.0010209188621956855,-0.45891066640615463
dqn,123,2058,23757,-10.01,1,0,1,0.6238475,,
dqn,123,2059,23854,-10.97,97,0,1,0.6223116666666666,0.0016129411257376585,-0.42123393528163433
dqn,123,2060,23878,-10.24,24,0,1,0.6219316666666667,0.006560075960199659,-0.5748318421343962
dqn,123,2061,23900,-10.22,22,0,1,0.6215833333333334,0.003995756094809622,-0.5808672706286112
dqn,123,2062,23904,-10.04,4,0,1,0.6215200000000001,0.0017138180555775762,-0.027174949645996094
dqn,123,2063,23933,-10.29,29,0,1,0.6210608333333334,0.005561925803444215,-0.7213145792484283
dqn,123,2064,23962,-10.29,29,0,1,0.6206016666666667,0.0021233694860711694,-0.45548821134226664
dqn,123,2065,23978,-10.16,16,0,1,0.6203483333333333,0.001458204977097921,-0.57895153388381
dqn,123,2066,23999,-10.209999999999999,21,0,1,0.6200158333333333,0.0021347470115870236,-0.2921416163444519
dqn,123,2067,24030,-10.31,31,0,1,0.619525,0.002173104621761013,-0.42564543057233095
dqn,123,2068,24063,-10.33,33,0,1,0.6190025,0.001590423154993914,-0.47330517042428255
dqn,123,2069,24090,-10.27,27,0,1,0.618575,0.0013472247353222752,-0.5072969272732735
dqn,123,2070,24138,-10.48,48,0,1,0.617815,0.0016875469979519646,-0.4447152353823185
dqn,123,2071,24153,-10.15,15,0,1,0.6175775,0.0016648946038912982,-0.3409191556274891
dqn,123,2072,24156,-10.03,3,0,1,0.61753,0.0016399291343986988,-0.7042207717895508
dqn,123,2073,24185,-10.29,29,0,1,0.6170708333333333,0.0011204725014977157,-0.5795176114354815
dqn,123,2074,24194,-10.09,9,0,1,0.6169283333333333,0.0011222725152038038,-0.4695381671190262
dqn,123,2075,24221,-10.27,27,0,1,0.6165008333333333,0.002035639394307509,-0.5513544380664825
dqn,123,2076,24226,-10.049999999999999,5,0,1,0.6164216666666666,0.0005564266466535628,-0.3933914303779602
dqn,123,2077,24238,-10.12,12,0,1,0.6162316666666667,0.0005242394399829209,-0.44699543714523315
dqn,123,2078,24248,-10.1,10,0,1,0.6160733333333334,0.0009467926574870944,-0.4984173576037089
dqn,123,2079,24250,-10.02,2,0,1,0.6160416666666666,,
dqn,123,2080,24259,-10.09,9,0,1,0.6158991666666667,0.000727720936993137,-0.38828016072511673
dqn,123,2081,24271,-10.12,12,0,1,0.6157091666666666,0.0015315657365135849,-0.6106603766481081
dqn,123,2082,24286,-10.15,15,0,1,0.6154716666666666,0.0010927653056569397,-0.7979073002934456
dqn,123,2083,24287,-10.01,1,0,1,0.6154558333333333,,
dqn,123,2084,24359,-10.72,72,0,1,0.6143158333333334,0.0011550627225207994,-0.6064183877574073
dqn,123,2085,24403,-10.44,44,0,1,0.6136191666666666,0.0007374841304474764,-0.3747117607430978
dqn,123,2086,24404,-10.01,1,0,1,0.6136033333333333,0.0004875006852671504,-0.5414035320281982
dqn,123,2087,24411,-10.07,7,0,1,0.6134925,0.00034159072674810886,-0.06797578185796738
dqn,123,2088,24421,-10.1,10,0,1,0.6133341666666667,0.0010192552969480555,-0.5606006309390068
dqn,123,2089,24428,-10.07,7,0,1,0.6132233333333333,0.003400015237275511,-0.6911711096763611
dqn,123,2090,24430,-10.02,2,0,1,0.6131916666666667,,
dqn,123,2091,24455,-10.25,25,0,1,0.6127958333333333,0.0013782871295309935,-0.47849116101861
dqn,123,2092,24463,-10.08,8,0,1,0.6126691666666666,0.002074789605103433,-0.3750123605132103
dqn,123,2093,24536,-10.73,73,0,1,0.6115133333333334,0.0007666418877258701,-0.5116980483657435
dqn,123,2094,24549,-10.129999999999999,13,0,1,0.6113075,0.0007733066061822077,-0.4976469725370407
dqn,123,2095,24561,-10.12,12,0,1,0.6111175,0.0007362887845374644,-0.32998616993427277
dqn,123,2096,24562,-10.01,1,0,1,0.6111016666666667,,
dqn,123,2097,24647,-10.85,85,0,1,0.6097558333333333,0.0005666440989617037,-0.5060594952887013
dqn,123,2098,24664,-10.17,17,0,1,0.6094866666666667,0.0004087016801349819,-0.2921854183077812
dqn,123,2099,24680,-10.16,16,0,1,0.6092333333333333,0.0003984124014095869,-0.5128013547509909
dqn,123,2100,24706,-10.26,26,0,1,0.6088216666666667,0.00044111537863500416,-0.6609116407732168
dqn,123,2101,24710,-10.04,4,0,1,0.6087583333333333,0.0004948589485138655,-0.38403797149658203
dqn,123,2102,24792,-10.82,82,0,1,0.60746,0.0009319113880684156,-0.4745200577945936
dqn,123,2103,24793,-10.01,1,0,1,0.6074441666666667,,
dqn,123,2104,24798,-10.049999999999999,5,0,1,0.607365,0.0007031474960967898,-0.5498753190040588
dqn,123,2105,24799,-10.01,1,0,1,0.6073491666666666,,
dqn,123,2106,24832,-10.33,33,0,1,0.6068266666666666,0.0008886218226204315,-0.44455911715825397
dqn,123,2107,24835,-10.03,3,0,1,0.6067791666666666,,
dqn,123,2108,24877,-10.42,42,0,1,0.6061141666666667,0.0009044468355238099,-0.4788511246442795
dqn,123,2109,24884,-10.07,7,0,1,0.6060033333333333,0.0005680652102455497,-0.8797910809516907
dqn,123,2110,24939,-10.55,55,0,1,0.6051325000000001,0.0005884643547827951,-0.35125652757974773
dqn,123,2111,24950,-10.11,11,0,1,0.6049583333333334,0.0003680917725432664,-0.38974498212337494
dqn,123,2112,24953,-10.03,3,0,1,0.6049108333333333,8.771488501224667e-05,-0.06532342731952667
dqn,123,2113,24976,-10.23,23,0,1,0.6045466666666667,0.0004614197993457007,-0.6864429153501987
dqn,123,2114,24998,-10.22,22,0,1,0.6041983333333334,0.0006420545600121841,-0.6172916233539582
dqn,123,2115,25002,-10.04,4,0,1,0.604135,0.0004188850289210677,-0.5636714696884155
dqn,123,2116,25014,-10.12,12,0,1,0.603945,0.00023248752404469997,-0.34230634570121765
dqn,123,2117,25019,-10.049999999999999,5,0,1,0.6038658333333333,0.0003233712341170758,-0.8926833868026733
dqn,123,2118,25039,-10.2,20,0,1,0.6035491666666667,0.0003263327031163499,-0.21377044469118117
dqn,123,2119,25055,-10.16,16,0,1,0.6032958333333334,0.0008224734774557874,-0.5600030068308115
dqn,123,2120,25068,-10.129999999999999,13,0,1,0.60309,0.0017751239065546542,-0.48693690448999405
dqn,123,2121,25085,-10.17,17,0,1,0.6028208333333334,0.00172140532231424,-0.3228280209004879
dqn,123,2122,25122,-10.37,37,0,1,0.6022350000000001,0.001786494483692675,-0.3821753470434083
dqn,123,2123,25147,-10.25,25,0,1,0.6018391666666667,0.000646369531750679,-0.5128409812847773
dqn,123,2124,25174,-10.27,27,0,1,0.6014116666666667,0.001069332514556923,-0.47251175556864056
dqn,123,2125,25186,-10.12,12,0,1,0.6012216666666667,0.0006528980981480951,-0.5087457597255707
dqn,123,2126,25188,-10.02,2,0,1,0.60119,8.831743616610765e-05,-0.23979070782661438
dqn,123,2127,25271,-10.83,83,0,1,0.5998758333333334,0.0006509523605927825,-0.4102973997592926
dqn,123,2128,25289,-10.18,18,0,1,0.5995908333333333,0.0006631760130403564,-0.5689334273338318
dqn,123,2129,25291,-10.02,2,0,1,0.5995591666666666,,
dqn,123,2130,25297,-10.06,6,0,1,0.5994641666666667,0.00039709912380203605,-0.4001569151878357
dqn,123,2131,25315,-10.18,18,0,1,0.5991791666666667,0.00033654423350526486,-0.39782339707016945
dqn,123,2132,25318,-10.03,3,0,1,0.5991316666666666,0.00033535357215441763,-0.24555577337741852
dqn,123,2133,25339,-10.209999999999999,21,0,1,0.5987991666666667,0.0009855257405433804,-0.6625372856855393
dqn,123,2134,25342,-10.03,3,0,1,0.5987516666666667,0.00023653579410165548,-0.39461636543273926
dqn,123,2135,25361,-10.19,19,0,1,0.5984508333333334,0.000710319384234026,-0.27795288562774656
dqn,123,2136,25367,-10.06,6,0,1,0.5983558333333334,0.002763791009783745,-0.5519960522651672
dqn,123,2137,25372,-10.049999999999999,5,0,1,0.5982766666666667,0.0009532385156489909,-0.6451106518507004
dqn,123,2138,25380,-10.08,8,0,1,0.59815,0.0007634092035004869,0.08946964144706726
dqn,123,2139,25405,-10.25,25,0,1,0.5977541666666667,0.0006823982075729873,-0.34956691165765125
dqn,123,2140,25495,-10.9,90,0,1,0.5963291666666667,0.001683753111468501,-0.5200063383037393
dqn,123,2141,25498,-10.03,3,0,1,0.5962816666666667,0.0013305592583492398,-0.5730223059654236
dqn,123,2142,25526,-10.28,28,0,1,0.5958383333333334,0.0018141883234160819,-0.4686474895903042
dqn,123,2143,25539,-10.129999999999999,13,0,1,0.5956325,0.10384245833847672,-0.6370042463143667
dqn,123,2144,25540,-10.01,1,0,1,0.5956166666666667,0.0028588208369910717,-0.7082177400588989
dqn,123,2145,25552,-10.12,12,0,1,0.5954266666666667,0.0033992123790085316,-0.4378990630308787
dqn,123,2146,25591,-10.39,39,0,1,0.5948091666666667,0.0028080083559163744,-0.33480945395098793
dqn,123,2147,25595,-10.04,4,0,1,0.5947458333333333,0.0016048414399847388,-1.228595495223999
dqn,123,2148,25641,-10.46,46,0,1,0.5940175000000001,0.0008967988663547052,-0.40111525170505047
dqn,123,2149,25665,-10.24,24,0,1,0.5936375,0.0006805273539309079,-0.3741324879229069
dqn,123,2150,25677,-10.12,12,0,1,0.5934475,0.0005322940123733133,-0.44605722030003864
dqn,123,2151,25694,-10.17,17,0,1,0.5931783333333334,0.0013047703687334433,-0.49046715721488
dqn,123,2152,25704,-10.1,10,0,1,0.59302,0.0012865129586619635,-0.22565067807833353
dqn,123,2153,25723,-10.19,19,0,1,0.5927191666666667,0.0031313533836510032,-1.0243540927767754
dqn,123,2154,25724,-10.01,1,0,1,0.5927033333333334,0.0006724797422066331,-0.2503933310508728
dqn,123,2155,25748,-10.24,24,0,1,0.5923233333333333,0.0009593275414469341,-0.42620565742254257
dqn,123,2156,25750,-10.02,2,0,1,0.5922916666666667,,
dqn,123,2157,25805,-10.55,55,0,1,0.5914208333333333,0.000751287215929811,-0.4254398095820631
dqn,123,2158,25849,-10.44,44,0,1,0.5907241666666667,0.0007774277050471442,-0.5363517322323539
dqn,123,2159,25853,-10.04,4,0,1,0.5906608333333334,0.001182599226012826,-0.22630596160888672
dqn,123,2160,25871,-10.18,18,0,1,0.5903758333333333,0.0015624752923031338,-0.651307538151741
dqn,123,2161,25878,-10.07,7,0,1,0.590265,0.0015696071786805987,-0.3029448017477989
dqn,123,2162,25903,-10.25,25,0,1,0.5898691666666667,0.0004696381268634771,-0.4887671172618866
dqn,123,2163,25964,-10.61,61,0,1,0.5889033333333333,0.0009176303083222592,-0.42240510834380984
dqn,123,2164,26014,-10.5,50,0,1,0.5881116666666667,0.0028700946149911033,-0.5661570988595486
dqn,123,2165,26036,-10.22,22,0,1,0.5877633333333334,0.0014006972050992772,-0.3319795032342275
dqn,123,2166,26043,-10.07,7,0,1,0.5876525,0.0029696919955313206,-0.8741400241851807
dqn,123,2167,26050,-10.07,7,0,1,0.5875416666666666,0.00463406415656209,-0.11065500229597092
dqn,123,2168,26055,-10.049999999999999,5,0,1,0.5874625,0.0004677348770201206,-0.42449647188186646
dqn,123,2169,26065,-10.1,10,0,1,0.5873041666666667,0.0021175837027840316,-0.45544963081677753
dqn,123,2170,26068,-10.03,3,0,1,0.5872566666666668,0.00048021311522461474,-0.08985985815525055
dqn,123,2171,26074,-10.06,6,0,1,0.5871616666666667,0.0010196814546361566,-0.09060929715633392
dqn,123,2172,26097,-10.23,23,0,1,0.5867975000000001,0.0030221474007703364,-0.40861551463603973
dqn,123,2173,26121,-10.24,24,0,1,0.5864175,0.003938231811237832,-0.6104551528890928
dqn,123,2174,26141,-10.2,20,0,1,0.5861008333333333,0.0029436231357976793,-0.4769269824028015
dqn,123,2175,26177,-10.36,36,0,1,0.5855308333333333,0.0011846174828759912,-0.4852598069442643
dqn,123,2176,26201,-10.24,24,0,1,0.5851508333333334,0.0008395941210134575,-0.6032525251309077
dqn,123,2177,26206,-10.049999999999999,5,0,1,0.5850716666666667,0.0009727008291520178,-0.7291451692581177
dqn,123,2178,26228,-10.22,22,0,1,0.5847233333333334,0.0005739748667110689,-0.383159634967645
dqn,123,2179,26290,-10.620000000000001,62,0,1,0.5837416666666667,0.0006083757936721668,-0.5001242299874623
dqn,123,2180,26298,-10.08,8,0,1,0.583615,0.000812925019999966,-0.6528870165348053
dqn,123,2181,26305,-10.07,7,0,1,0.5835041666666667,0.0007354655535891652,-0.7363693416118622
dqn,123,2182,26332,-10.27,27,0,1,0.5830766666666667,0.0011227353243157268,-0.3860782299722944
dqn,123,2183,26338,-10.06,6,0,1,0.5829816666666667,0.0005859337979927659,-0.08897069096565247
dqn,123,2184,26360,-10.22,22,0,1,0.5826333333333333,0.0008021319954423234,-0.335251289109389
dqn,123,2185,26383,-10.23,23,0,1,0.5822691666666667,0.0007625594560522586,-0.44411138743162154
dqn,123,2186,26412,-10.29,29,0,1,0.58181,0.0006024866524967365,-0.37102450989186764
dqn,123,2187,26442,-10.3,30,0,1,0.581335,0.001184283589412059,-0.5282904654741287
dqn,123,2188,26461,-10.19,19,0,1,0.5810341666666667,0.001808311534114182,-0.5182564079761505
dqn,123,2189,26463,-10.02,2,0,1,0.5810025000000001,,
dqn,123,2190,26467,-10.04,4,0,1,0.5809391666666667,0.0016170856542885303,-0.08737357705831528
dqn,123,2191,26503,-10.36,36,0,1,0.5803691666666667,0.0016166560558809175,-0.4661736869149738
dqn,123,2192,26533,-10.3,30,0,1,0.5798941666666667,0.0006828621553722769,-0.4338923767209053
dqn,123,2193,26534,-10.01,1,0,1,0.5798783333333334,,
dqn,123,2194,26583,-10.49,49,0,1,0.5791025000000001,0.0005644540736587563,-0.4414210058748722
dqn,123,2195,26623,-10.4,40,0,1,0.5784691666666667,0.0006254016261664219,-0.49063854962587355
dqn,123,2196,26632,-10.09,9,0,1,0.5783266666666667,0.00030012130446266383,-0.1520375907421112
dqn,123,2197,26635,-10.03,3,0,1,0.5782791666666667,,
dqn,123,2198,26679,-10.44,44,0,1,0.5775825000000001,0.00037412223702465946,-0.3533371375365691
dqn,123,2199,26728,-10.49,49,0,1,0.5768066666666667,0.00037135258249831025,-0.37493253728518117
dqn,123,2200,26730,-10.02,2,0,1,0.576775,,
dqn,123,2201,26806,-10.76,76,0,1,0.5755716666666667,0.0005661856952141726,-0.43086227774620056
dqn,123,2202,26843,-10.37,37,0,1,0.5749858333333333,0.0008084080521560585,-0.5556950817505518
dqn,123,2203,26847,-10.04,4,0,1,0.5749225,0.002290269359946251,-0.7597940564155579
dqn,123,2204,26864,-10.17,17,0,1,0.5746533333333333,0.0009337470051832497,-0.4756808429956436
dqn,123,2205,26868,-10.04,4,0,1,0.57459,9.907026833388954e-05,0.07825510203838348
dqn,123,2206,26871,-10.03,3,0,1,0.5745425,,
dqn,123,2207,26883,-10.12,12,0,1,0.5743525,0.0008193346632954975,-0.6396093368530273
dqn,123,2208,26886,-10.03,3,0,1,0.5743050000000001,0.00021227722754701972,-0.41320884227752686
dqn,123,2209,26900,-10.14,14,0,1,0.5740833333333334,0.0012998421807424165,-0.4115115888416767
dqn,123,2210,26919,-10.19,19,0,1,0.5737825000000001,0.0006690576774417423,-0.44942520186305046
dqn,123,2211,26943,-10.24,24,0,1,0.5734025,0.0007809136877767742,-0.7646357268095016
dqn,123,2212,27001,-10.58,58,0,1,0.5724841666666667,0.0011143526081771901,-0.5103522608677546
dqn,123,2213,27004,-10.03,3,0,1,0.5724366666666667,0.0009097447618842125,-0.9031789302825928
dqn,123,2214,27006,-10.02,2,0,1,0.572405,,
dqn,123,2215,27012,-10.06,6,0,1,0.5723100000000001,0.0014193145325407386,-0.59017413854599
dqn,123,2216,27018,-10.06,6,0,1,0.572215,0.0005842175451107323,-0.08617331832647324
dqn,123,2217,27026,-10.08,8,0,1,0.5720883333333333,0.0013342325401026756,-0.9736199080944061
dqn,123,2218,27044,-10.18,18,0,1,0.5718033333333334,0.0009036731033120304,-0.48738983273506165
dqn,123,2219,27048,-10.04,4,0,1,0.57174,0.0007111610611900687,-0.4100884199142456
dqn,123,2220,27079,-10.31,31,0,1,0.5712491666666667,0.000801135370108698,-0.5517293172223228
dqn,123,2221,27087,-10.08,8,0,1,0.5711225,0.0015964523481670767,-0.8425095081329346
dqn,123,2222,27100,9.870000000000001,13,1,0,0.5709166666666667,0.0015029346104711294,-0.6047843471169472
dqn,123,2223,27226,-11.260000000000002,126,0,1,0.5689216666666668,0.0012187578184004392,-0.4594264982208129
dqn,123,2224,27233,-10.07,7,0,1,0.5688108333333333,0.0010437970922794193,-0.24547795206308365
dqn,123,2225,27241,-10.08,8,0,1,0.5686841666666667,0.0007888644322520122,-0.5777831971645355
dqn,123,2226,27253,-10.12,12,0,1,0.5684941666666667,0.0013880191836506128,-0.4819693962732951
dqn,123,2227,27255,-10.02,2,0,1,0.5684625000000001,,
dqn,123,2228,27259,-10.04,4,0,1,0.5683991666666668,0.0038842838257551193,-0.5492227673530579
dqn,123,2229,27264,-10.049999999999999,5,0,1,0.5683199999999999,0.0030602595070376992,-0.47772717475891113
dqn,123,2230,27290,-10.26,26,0,1,0.5679083333333333,0.05382089625345543,-0.1999010667204857
dqn,123,2231,27295,-10.049999999999999,5,0,1,0.5678291666666666,0.006153153255581856,-1.1857869625091553
dqn,123,2232,27309,-10.14,14,0,1,0.5676075,0.00574193726060912,-0.5995232164859772
dqn,123,2233,27311,-10.02,2,0,1,0.5675758333333334,,
dqn,123,2234,27330,-10.19,19,0,1,0.567275,0.009124520607292652,-0.6826062858104706
dqn,123,2235,27331,-10.01,1,0,1,0.5672591666666666,,
dqn,123,2236,27349,-10.18,18,0,1,0.5669741666666668,0.0055233017425052825,-0.46665579080581665
dqn,123,2237,27362,-10.129999999999999,13,0,1,0.5667683333333333,0.007683226373046637,-0.5639188239971796
dqn,123,2238,27382,-10.2,20,0,1,0.5664516666666667,0.0063491180073469876,-0.7571139842271805
dqn,123,2239,27398,-10.16,16,0,1,0.5661983333333334,0.005719629836676177,-0.06980147957801819
dqn,123,2240,27400,-10.02,2,0,1,0.5661666666666667,0.0010980607476085424,0.09264606237411499
dqn,123,2241,27401,-10.01,1,0,1,0.5661508333333334,,
dqn,123,2242,27435,-10.34,34,0,1,0.5656125000000001,0.004484034550841898,-0.5812094770371914
dqn,123,2243,27528,-10.93,93,0,1,0.5641400000000001,0.005540728535076293,-0.34963198968519765
dqn,123,2244,27568,-10.4,40,0,1,0.5635066666666666,0.00623065215186216,-0.4832966521382332
dqn,123,2245,27636,-10.68,68,0,1,0.56243,0.022302370193167862,-0.6112510632066166
dqn,123,2246,27655,-10.19,19,0,1,0.5621291666666668,0.004864504968281835,-0.3929825834929943
dqn,123,2247,27676,-10.209999999999999,21,0,1,0.5617966666666667,0.0019370937516214326,-0.6269108379880587
dqn,123,2248,27689,-10.129999999999999,13,0,1,0.5615908333333333,0.001809923715579013,-0.41785575201114017
dqn,123,2249,27712,-10.23,23,0,1,0.5612266666666668,0.0016379992982062201,-0.2478056289255619
dqn,123,2250,27740,-10.28,28,0,1,0.5607833333333334,0.0018574811651238374,-0.3014986291527748
dqn,123,2251,27742,-10.02,2,0,1,0.5607516666666668,,
dqn,123,2252,27766,-10.24,24,0,1,0.5603716666666667,0.0014686645202649136,-0.2253162848452727
dqn,123,2253,27781,-10.15,15,0,1,0.5601341666666666,0.08342217735480517,-0.69910061173141
dqn,123,2254,27787,-10.06,6,0,1,0.5600391666666666,0.009143850766122341,-0.5406827926635742
dqn,123,2255,27804,-10.17,17,0,1,0.5597700000000001,0.00411980536300689,-0.403468930721283
dqn,123,2256,27813,-10.09,9,0,1,0.5596274999999999,0.005157420411705971,-0.4629286527633667
dqn,123,2257,27817,-10.04,4,0,1,0.5595641666666666,0.0017805591924116015,-0.7458581924438477
dqn,123,2258,27822,-10.049999999999999,5,0,1,0.559485,0.004797404166311026,-0.2712876498699188
dqn,123,2259,27842,-10.2,20,0,1,0.5591683333333333,0.011662682495079934,-0.36465054005384445
dqn,123,2260,27860,-10.18,18,0,1,0.5588833333333334,0.004071541130542755,-0.3298016756772995
dqn,123,2261,27873,-10.129999999999999,13,0,1,0.5586774999999999,0.003060009602146844,-0.4772133032480876
dqn,123,2262,27881,-10.08,8,0,1,0.5585508333333333,0.0032848616247065365,-0.344024196267128
dqn,123,2263,27893,-10.12,12,0,1,0.5583608333333334,0.0019519223424140364,-0.3472151855627696
dqn,123,2264,27927,-10.34,34,0,1,0.5578225000000001,0.002578963147243485,-0.39477283600717783
dqn,123,2265,27936,-10.09,9,0,1,0.55768,0.0038579050063466034,-0.3717505559325218
dqn,123,2266,27949,-10.129999999999999,13,0,1,0.5574741666666667,0.004306862635227541,-0.13320254534482956
dqn,123,2267,27969,-10.2,20,0,1,0.5571575,0.00749570110347122,-0.3058559536933899
dqn,123,2268,27972,-10.03,3,0,1,0.55711,0.0016256258822977543,-0.23903077840805054
dqn,123,2269,27989,-10.17,17,0,1,0.5568408333333333,0.00400772865395993,-0.49051157012581825
dqn,123,2270,28001,-10.12,12,0,1,0.5566508333333333,0.005277133701990048,-0.17504223684469858
dqn,123,2271,28013,-10.12,12,0,1,0.5564608333333334,0.007571275734032194,-0.783033033212026
dqn,123,2272,28016,-10.03,3,0,1,0.5564133333333334,0.005220373626798391,-0.5341328382492065
dqn,123,2273,28036,-10.2,20,0,1,0.5560966666666667,0.0019137110095471144,-0.511108572781086
dqn,123,2274,28039,-10.03,3,0,1,0.5560491666666667,,
dqn,123,2275,28062,-10.23,23,0,1,0.555685,0.004640049398100625,-0.12468872840205829
dqn,123,2276,28069,-10.07,7,0,1,0.5555741666666667,0.002752569387666881,-0.8755368888378143
dqn,123,2277,28123,-10.54,54,0,1,0.5547191666666667,0.007928728197629634,-0.42431705445051193
dqn,123,2278,28150,-10.27,27,0,1,0.5542916666666666,0.007957576142091836,-0.30514687299728394
dqn,123,2279,28154,-10.04,4,0,1,0.5542283333333333,0.006604180671274662,-0.06381285190582275
dqn,123,2280,28163,-10.09,9,0,1,0.5540858333333334,0.007065445650368929,-0.38179439306259155
dqn,123,2281,28182,-10.19,19,0,1,0.553785,0.0036658860393799842,-0.46331465244293213
dqn,123,2282,28185,-10.03,3,0,1,0.5537375,0.0035945014096796513,-0.22774574160575867
dqn,123,2283,28189,-10.04,4,0,1,0.5536741666666667,0.002809941302984953,-0.06981126219034195
dqn,123,2284,28244,-10.55,55,0,1,0.5528033333333333,0.0024304176539382233,-0.4210984142763274
dqn,123,2285,28248,-10.04,4,0,1,0.55274,0.000639761914499104,0.10278818011283875
dqn,123,2286,28273,-10.25,25,0,1,0.5523441666666666,0.002252717191974322,-0.24015001952648163
dqn,123,2287,28334,-10.61,61,0,1,0.5513783333333333,0.004630497982725501,-0.46150468091169994
dqn,123,2288,28375,-10.41,41,0,1,0.5507291666666667,0.001779437408549711,-0.318584232032299
dqn,123,2289,28395,-10.2,20,0,1,0.5504125,0.0013248984352685512,-0.4929933696985245
dqn,123,2290,28399,-10.04,4,0,1,0.5503491666666667,0.0007037726463750005,-0.564773678779602
dqn,123,2291,28418,-10.19,19,0,1,0.5500483333333334,0.001071914518252015,-0.3634127050638199
dqn,123,2292,28421,-10.03,3,0,1,0.5500008333333333,0.0015229044947773218,-0.5759048461914062
dqn,123,2293,28433,-10.12,12,0,1,0.5498108333333334,0.0015102190664038062,-0.6189496318499247
dqn,123,2294,28440,-10.07,7,0,1,0.5497000000000001,0.0012838367838412523,-0.5494678914546967
dqn,123,2295,28501,-10.61,61,0,1,0.5487341666666667,0.022707376912391435,-0.25761112024386723
dqn,123,2296,28508,-10.07,7,0,1,0.5486233333333334,0.003937232191674411,-0.4552098661661148
dqn,123,2297,28530,-10.22,22,0,1,0.5482750000000001,0.0008078321232460439,-0.4016955554485321
dqn,123,2298,28538,-10.08,8,0,1,0.5481483333333333,0.00036020349216414616,-0.23152975738048553
dqn,123,2299,28545,-10.07,7,0,1,0.5480375,0.0008579749264754355,-0.4039856567978859
dqn,123,2300,28553,-10.08,8,0,1,0.5479108333333333,0.0014016885252203792,-0.15444883331656456
dqn,123,2301,28554,-10.01,1,0,1,0.547895,,
dqn,123,2302,28562,-10.08,8,0,1,0.5477683333333334,0.0018915777327492833,-0.39242444932460785
dqn,123,2303,28569,-10.07,7,0,1,0.5476575,0.0020935562788508832,-0.8801851272583008
dqn,123,2304,28631,-10.620000000000001,62,0,1,0.5466758333333334,0.0012666651169032169,-0.1603414257367452
dqn,123,2305,28679,-10.48,48,0,1,0.5459158333333334,0.0011954519359278493,-0.3843840518966317
dqn,123,2306,28693,-10.14,14,0,1,0.5456941666666667,0.0782738314155722,-0.34698040038347244
dqn,123,2307,28782,-10.89,89,0,1,0.544285,0.004878299005213194,-0.5234443623233925
dqn,123,2308,28787,-10.049999999999999,5,0,1,0.5442058333333333,0.0006567444652318954,-0.23239752650260925
dqn,123,2309,28804,-10.17,17,0,1,0.5439366666666667,0.0027694278629496693,-0.46330603808164594
dqn,123,2310,28852,-10.48,48,0,1,0.5431766666666666,0.004065653309226036,-0.26033332757651806
dqn,123,2311,28857,-10.049999999999999,5,0,1,0.5430975,0.007805970497429371,-0.6132103204727173
dqn,123,2312,28872,-10.15,15,0,1,0.54286,0.005442781213787384,-0.5079428050667048
dqn,123,2313,28874,-10.02,2,0,1,0.5428283333333334,,
dqn,123,2314,28879,-10.049999999999999,5,0,1,0.5427491666666666,0.0012944024056196213,-0.06914931535720825
dqn,123,2315,28907,-10.28,28,0,1,0.5423058333333333,0.05166837183891663,-0.34416366474969046
dqn,123,2316,28912,-10.049999999999999,5,0,1,0.5422266666666666,0.006573877530172467,-0.5189343839883804
dqn,123,2317,28940,-10.28,28,0,1,0.5417833333333333,0.0031611208604382618,-0.32409748967204777
dqn,123,2318,28948,-10.08,8,0,1,0.5416566666666667,0.004676987286075018,-0.33361247181892395
dqn,123,2319,28958,-10.1,10,0,1,0.5414983333333333,0.007094613974913955,-0.5203311331570148
dqn,123,2320,29014,-10.56,56,0,1,0.5406116666666667,0.0036539323212179753,-0.3190654404461384
dqn,123,2321,29021,-10.07,7,0,1,0.5405008333333333,0.0009448889177292585,-0.3100852370262146
dqn,123,2322,29032,-10.11,11,0,1,0.5403266666666666,0.0025478395788619914,-0.3960914611816406
dqn,123,2323,29043,-10.11,11,0,1,0.5401525,0.0018413809011690319,-0.32535160332918167
dqn,123,2324,29046,-10.03,3,0,1,0.5401050000000001,0.0027968341019004583,-0.38304612040519714
dqn,123,2325,29047,-10.01,1,0,1,0.5400891666666667,,
dqn,123,2326,29067,-10.2,20,0,1,0.5397725,0.0031245580641552804,-0.5677353769540787
dqn,123,2327,29111,-10.44,44,0,1,0.5390758333333333,0.0025859840997410092,-0.4944098117676648
dqn,123,2328,29125,-10.14,14,0,1,0.5388541666666666,0.0011468597658677027,-0.5703238844871521
dqn,123,2329,29131,-10.06,6,0,1,0.5387591666666667,0.0005848400178365409,0.09658077359199524
dqn,123,2330,29173,-10.42,42,0,1,0.5380941666666667,0.031228415287015112,-0.613978577608412
dqn,123,2331,29178,-10.049999999999999,5,0,1,0.538015,0.0020893688779324293,-0.40980032086372375
dqn,123,2332,29190,-10.12,12,0,1,0.537825,0.002567209225768844,-0.6613050550222397
dqn,123,2333,29194,-10.04,4,0,1,0.5377616666666667,0.0018031889339908957,-0.07099463790655136
dqn,123,2334,29211,-10.17,17,0,1,0.5374925,0.005183337605558336,-0.8838681876659393
dqn,123,2335,29227,-10.16,16,0,1,0.5372391666666667,0.0033208169625140727,-0.5399083495140076
dqn,123,2336,29233,-10.06,6,0,1,0.5371441666666666,0.001670884492341429,0.01952783763408661
dqn,123,2337,29250,-10.17,17,0,1,0.536875,0.003655650361906737,-0.42201077193021774
dqn,123,2338,29269,-10.19,19,0,1,0.5365741666666667,0.004090824257582426,-0.4703105568885803
dqn,123,2339,29273,-10.04,4,0,1,0.5365108333333333,0.002586670918390155,-0.5366978645324707
dqn,123,2340,29286,-10.129999999999999,13,0,1,0.536305,0.0015494048566324636,0.08124664177497228
dqn,123,2341,29298,-10.12,12,0,1,0.536115,0.00959040860955914,-0.5039464980363846
dqn,123,2342,29319,-10.209999999999999,21,0,1,0.5357825,0.015110643114894629,-0.5032541528344154
dqn,123,2343,29348,-10.29,29,0,1,0.5353233333333334,0.006398584810085595,-0.4327060403302312
dqn,123,2344,29382,-10.34,34,0,1,0.5347850000000001,0.005867903484613635,-0.6296544820070267
dqn,123,2345,29404,-10.22,22,0,1,0.5344366666666667,0.004779662684692691,-0.4434991081555684
dqn,123,2346,29412,-10.08,8,0,1,0.5343100000000001,0.003649789490737021,-0.3833368420600891
dqn,123,2347,29415,-10.03,3,0,1,0.5342625000000001,,
dqn,123,2348,29419,-10.04,4,0,1,0.5341991666666667,0.0006820355774834752,-0.21261990070343018
dqn,123,2349,29421,-10.02,2,0,1,0.5341675,0.0012899627909064293,-0.22047415375709534
dqn,123,2350,29424,-10.03,3,0,1,0.53412,0.004353729076683521,-0.7314878106117249
dqn,123,2351,29435,-10.11,11,0,1,0.5339458333333333,0.0036797235370613635,-0.08245311677455902
dqn,123,2352,29438,-10.03,3,0,1,0.5338983333333334,0.009418961592018604,-0.3722817897796631
dqn,123,2353,29454,-10.16,16,0,1,0.533645,0.010282684757839888,-0.5337481573224068
dqn,123,2354,29462,-10.08,8,0,1,0.5335183333333333,0.00274100829847157,-0.8708361983299255
dqn,123,2355,29469,-10.07,7,0,1,0.5334075,0.01421329309232533,-0.7610262930393219
dqn,123,2356,29471,-10.02,2,0,1,0.5333758333333334,,
dqn,123,2357,29472,-10.01,1,0,1,0.5333600000000001,0.004803570918738842,-0.26833227276802063
dqn,123,2358,29490,-10.18,18,0,1,0.533075,0.018916803353931755,-0.49649728089571
dqn,123,2359,29526,-10.36,36,0,1,0.532505,0.03371036928405778,-0.41520414335860145
dqn,123,2360,29551,-10.25,25,0,1,0.5321091666666666,0.015426230927308401,-0.307805135846138
dqn,123,2361,29557,-10.06,6,0,1,0.5320141666666667,0.0078116063959896564,-0.4098264127969742
dqn,123,2362,29569,-10.12,12,0,1,0.5318241666666667,0.025857004802674055,-0.8141359488169352
dqn,123,2363,29582,-10.129999999999999,13,0,1,0.5316183333333333,0.003057205477186168,-0.128894512852033
dqn,123,2364,29588,-10.06,6,0,1,0.5315233333333333,0.006610520067624748,-0.3817751184105873
dqn,123,2365,29597,-10.09,9,0,1,0.5313808333333334,0.003541585407219827,-0.06806591153144836
dqn,123,2366,29615,-10.18,18,0,1,0.5310958333333333,0.005414170038420707,-0.3138760281726718
dqn,123,2367,29654,-10.39,39,0,1,0.5304783333333334,0.005041575274663046,-0.343146425485611
dqn,123,2368,29671,-10.17,17,0,1,0.5302091666666666,0.011964387958869338,-0.6875336617231369
dqn,123,2369,29690,-10.19,19,0,1,0.5299083333333333,0.0018622949894052,-0.46322543919086456
dqn,123,2370,29703,-10.129999999999999,13,0,1,0.5297025,0.001854706749630471,-0.4562533398469289
dqn,123,2371,29744,-10.41,41,0,1,0.5290533333333334,0.0024437217507511377,-0.36787115172906354
dqn,123,2372,29746,-10.02,2,0,1,0.5290216666666667,,
dqn,123,2373,29753,-10.07,7,0,1,0.5289108333333333,0.0024298677453771234,-0.21972313523292542
dqn,123,2374,29755,-10.02,2,0,1,0.5288791666666667,,
dqn,123,2375,29763,-10.08,8,0,1,0.5287525,0.006177144357934594,-0.6611411422491074
dqn,123,2376,29827,-10.64,64,0,1,0.5277391666666666,0.025231970164895756,-0.5603830232284963
dqn,123,2377,29843,-10.16,16,0,1,0.5274858333333333,0.016898334491997957,-0.2545472551137209
dqn,123,2378,29891,-10.48,48,0,1,0.5267258333333333,0.0033952053151248642,-0.27808687401314575
dqn,123,2379,29934,-10.43,43,0,1,0.526045,0.0023270926374772734,-0.445090035145933
dqn,123,2380,29945,-10.11,11,0,1,0.5258708333333333,0.0031396105575064817,-0.11347964406013489
dqn,123,2381,30046,8.99,101,1,0,0.5242716666666667,0.0013917111023329198,-0.3485651645064354
dqn,123,2382,30054,-10.08,8,0,1,0.5241450000000001,0.0012669198913499713,-0.5623527467250824
dqn,123,2383,30060,-10.06,6,0,1,0.52405,0.0020050485618412495,-0.16982343047857285
dqn,123,2384,30083,-10.23,23,0,1,0.5236858333333334,0.0017871404998004436,-0.6270044028759003
dqn,123,2385,30095,-10.12,12,0,1,0.5234958333333333,0.001935874888052543,-0.41934770345687866
dqn,123,2386,30099,-10.04,4,0,1,0.5234325,0.0010526160476729274,-0.08995512127876282
dqn,123,2387,30107,-10.08,8,0,1,0.5233058333333334,0.0005054221255704761,-0.15828978270292282
dqn,123,2388,30124,-10.17,17,0,1,0.5230366666666667,0.0011335800343658775,-0.33418562114238737
dqn,123,2389,30142,-10.18,18,0,1,0.5227516666666667,0.0023175731621449813,-0.5727264806628227
dqn,123,2390,30145,-10.03,3,0,1,0.5227041666666667,0.0004188975435681641,0.08614685386419296
dqn,123,2391,30153,-10.08,8,0,1,0.5225774999999999,0.00022299041302176192,-0.48148930072784424
dqn,123,2392,30155,-10.02,2,0,1,0.5225458333333333,,
dqn,123,2393,30187,-10.32,32,0,1,0.5220391666666667,0.0010777271636470687,-0.3448708886280656
dqn,123,2394,30219,-10.32,32,0,1,0.5215325,0.001979694421606837,-0.34755810257047415
dqn,123,2395,30223,-10.04,4,0,1,0.5214691666666667,0.0009725287090986967,-0.8903375267982483
dqn,123,2396,30251,-10.28,28,0,1,0.5210258333333333,0.0013602915735516166,-0.5458875468799046
dqn,123,2397,30267,-10.16,16,0,1,0.5207725000000001,0.0012865853059338406,-0.16362405568361282
dqn,123,2398,30287,-10.2,20,0,1,0.5204558333333333,0.000770023895893246,-0.5667721480131149
dqn,123,2399,30294,-10.07,7,0,1,0.5203450000000001,0.000275435479125008,-0.06996102631092072
dqn,123,2400,30296,-10.02,2,0,1,0.5203133333333334,0.0012317048385739326,-1.0613822937011719
dqn,123,2401,30299,-10.03,3,0,1,0.5202658333333334,,
dqn,123,2402,30304,-10.049999999999999,5,0,1,0.5201866666666667,0.0005438363223220222,-0.5753543972969055
dqn,123,2403,30305,-10.01,1,0,1,0.5201708333333334,,
dqn,123,2404,30332,-10.27,27,0,1,0.5197433333333334,0.00038520903763128445,-0.2888212874531746
dqn,123,2405,30343,-10.11,11,0,1,0.5195691666666666,0.0006221888470463455,-0.16683432087302208
dqn,123,2406,30349,-10.06,6,0,1,0.5194741666666667,0.0002601870073704049,-0.41047002375125885
dqn,123,2407,30397,-10.48,48,0,1,0.5187141666666666,0.02855468700969747,-0.4168076564868291
dqn,123,2408,30400,-10.03,3,0,1,0.5186666666666666,0.0017889143200591207,-0.4119444787502289
dqn,123,2409,30415,-10.15,15,0,1,0.5184291666666667,0.002224313522068163,-0.9004416068394979
dqn,123,2410,30428,-10.129999999999999,13,0,1,0.5182233333333334,0.0014390598225872964,-0.15644653141498566
dqn,123,2411,30439,-10.11,11,0,1,0.5180491666666667,0.0006330675969365984,0.08323996514081955
dqn,123,2412,30540,-11.01,101,0,1,0.5164500000000001,0.0011876792996190488,-0.4374452786376843
dqn,123,2413,30564,-10.24,24,0,1,0.51607,0.001650568456777061,-0.38015876337885857
dqn,123,2414,30602,-10.38,38,0,1,0.5154683333333334,0.0016102629920674695,-0.5307690410150422
dqn,123,2415,30604,-10.02,2,0,1,0.5154366666666668,0.0016448365058749914,-0.5747105479240417
dqn,123,2416,30610,-10.06,6,0,1,0.5153416666666667,0.0049628340639173985,-0.25400763750076294
dqn,123,2417,30625,-10.15,15,0,1,0.5151041666666667,0.00038205205783015117,-0.16517445631325245
dqn,123,2418,30629,-10.04,4,0,1,0.5150408333333334,0.0016641694819554687,-0.8836396932601929
dqn,123,2419,30656,-10.27,27,0,1,0.5146133333333334,0.0007971157340632219,-0.3092876672744751
dqn,123,2420,30659,-10.03,3,0,1,0.5145658333333334,,
dqn,123,2421,30685,-10.26,26,0,1,0.5141541666666667,0.0010453784780111164,-0.5249766505190304
dqn,123,2422,30695,-10.1,10,0,1,0.5139958333333334,0.00026422334485687315,-0.5701740384101868
dqn,123,2423,30757,9.379999999999999,62,1,0,0.5130141666666667,0.0006092901876399992,-0.4657150865532458
dqn,123,2424,30797,-10.4,40,0,1,0.5123808333333334,0.0009137692039075773,-0.47147218585014344
dqn,123,2425,30832,-10.35,35,0,1,0.5118266666666667,0.0009394479727941669,-0.5140288339720832
dqn,123,2426,30877,-10.45,45,0,1,0.5111141666666668,0.0008028303266407668,-0.3754666081883691
dqn,123,2427,30885,-10.08,8,0,1,0.5109874999999999,0.0024411089543718845,-0.4094850569963455
dqn,123,2428,30910,-10.25,25,0,1,0.5105916666666668,0.0007304145644108454,-0.34735708435376483
dqn,123,2429,30928,-10.18,18,0,1,0.5103066666666667,0.0014398892526514828,-0.5107876241207123
dqn,123,2430,30934,-10.06,6,0,1,0.5102116666666667,0.00046431965893134475,-0.23988936841487885
dqn,123,2431,30937,-10.03,3,0,1,0.5101641666666668,0.0028621526435017586,-0.38805368542671204
dqn,123,2432,30945,-10.08,8,0,1,0.5100374999999999,0.0008378911152249202,-0.3978293314576149
dqn,123,2433,30949,-10.04,4,0,1,0.5099741666666666,0.0005820179940201342,-0.2355879247188568
dqn,123,2434,30952,-10.03,3,0,1,0.5099266666666666,0.0006850305944681168,-0.24271509051322937
dqn,123,2435,31005,-10.53,53,0,1,0.5090874999999999,0.0009698697103885934,-0.5325213945828952
dqn,123,2436,31051,-10.46,46,0,1,0.5083591666666667,0.029548117863173087,-0.39798629554835235
dqn,123,2437,31064,-10.129999999999999,13,0,1,0.5081533333333332,0.0799081134973676,-0.5828503035008907
dqn,123,2438,31067,-10.03,3,0,1,0.5081058333333333,,
dqn,123,2439,31090,-10.23,23,0,1,0.5077416666666668,0.0020993856402734914,-0.35813262810309726
dqn,123,2440,31093,-10.03,3,0,1,0.5076941666666668,0.0003409413620829582,-1.0642770528793335
dqn,123,2441,31106,-10.129999999999999,13,0,1,0.5074883333333333,0.0011375585163477808,-0.35630007088184357
dqn,123,2442,31115,-10.09,9,0,1,0.5073458333333334,0.15302010212326422,-0.6456745266914368
dqn,123,2443,31118,-10.03,3,0,1,0.5072983333333334,0.0008127411128953099,-0.07533001899719238
dqn,123,2444,31157,-10.39,39,0,1,0.5066808333333334,0.0010613754071528091,-0.5283254504203796
dqn,123,2445,31192,-10.35,35,0,1,0.5061266666666666,0.0007616923766262415,-0.32412266151772606
dqn,123,2446,31207,-10.15,15,0,1,0.5058891666666667,0.0004667787967870633,-0.25728483498096466
dqn,123,2447,31219,-10.12,12,0,1,0.5056991666666667,0.0013670017166684072,-0.4075781007607778
dqn,123,2448,31240,-10.209999999999999,21,0,1,0.5053666666666666,0.0008948552228199939,-0.2815873163441817
dqn,123,2449,31250,-10.1,10,0,1,0.5052083333333333,0.0009361433330923319,-0.809652179479599
dqn,123,2450,31285,-10.35,35,0,1,0.5046541666666667,0.0027504944721133346,-0.5531867750816875
dqn,123,2451,31295,-10.1,10,0,1,0.5044958333333334,0.00588576216250658,-0.3571563810110092
dqn,123,2452,31302,-10.07,7,0,1,0.504385,0.006760295364074409,-0.6912651807069778
dqn,123,2453,31307,-10.049999999999999,5,0,1,0.5043058333333333,0.005805427208542824,-1.0400863885879517
dqn,123,2454,31331,-10.24,24,0,1,0.5039258333333334,0.002066014271501141,-0.32818728188673657
dqn,123,2455,31394,-10.63,63,0,1,0.5029283333333334,0.0035972113419120433,-0.41315233428031206
dqn,123,2456,31433,-10.39,39,0,1,0.5023108333333333,0.0015918079123366624,-0.4656312935054302
dqn,123,2457,31438,-10.049999999999999,5,0,1,0.5022316666666666,0.00044722360325977206,-0.42167967557907104
dqn,123,2458,31440,-10.02,2,0,1,0.5022,0.003935292363166809,-0.568371057510376
dqn,123,2459,31467,-10.27,27,0,1,0.5017725000000001,0.002041462440198908,-0.5770978579918543
dqn,123,2460,31476,-10.09,9,0,1,0.50163,0.000714712116556863,-0.25326282034317654
dqn,123,2461,31492,-10.16,16,0,1,0.5013766666666666,0.0020523764105746523,-0.6121006235480309
dqn,123,2462,31494,-10.02,2,0,1,0.5013449999999999,,
dqn,123,2463,31527,-10.33,33,0,1,0.5008225000000001,0.0018372841623204295,-0.31148073077201843
dqn,123,2464,31534,-10.07,7,0,1,0.5007116666666667,0.0022230991162359715,-0.42405277490615845
dqn,123,2465,31558,-10.24,24,0,1,0.5003316666666666,0.0007139198569348082,-0.30341429511706036
dqn,123,2466,31594,-10.36,36,0,1,0.49976166666666677,0.002933311159722507,-0.3194643689526452
dqn,123,2467,31608,-10.14,14,0,1,0.49954,0.003946736156649422,-0.3772335350513458
dqn,123,2468,31612,-10.04,4,0,1,0.4994766666666667,0.0027781976386904716,-0.4357590675354004
dqn,123,2469,31617,-10.049999999999999,5,0,1,0.49939750000000005,0.007001632824540138,-0.9312927722930908
dqn,123,2470,31621,-10.04,4,0,1,0.49933416666666663,0.0010569138685241342,0.07351180911064148
dqn,123,2471,31629,-10.08,8,0,1,0.4992075,0.0009890642249956727,-0.41190575063228607
dqn,123,2472,31631,-10.02,2,0,1,0.4991758333333334,,
dqn,123,2473,31654,-10.23,23,0,1,0.49881166666666676,0.0016464394623956953,-0.46417191127936047
dqn,123,2474,31769,8.85,115,1,0,0.4969908333333334,0.012056944060344089,-0.43082962467752656
dqn,123,2475,31804,-10.35,35,0,1,0.49643666666666664,0.0010877691028225753,-0.757205734650294
dqn,123,2476,31842,-10.38,38,0,1,0.495835,0.03531585099699441,-0.5562559001975589
dqn,123,2477,31850,-10.08,8,0,1,0.4957083333333333,0.002401611942332238,-0.6378470733761787
dqn,123,2478,31861,-10.11,11,0,1,0.4955341666666667,0.0027607681695371866,-0.4261523286501567
dqn,123,2479,31885,-10.24,24,0,1,0.4951541666666667,0.0030068177026502476,-0.5211150546868643
dqn,123,2480,31907,-10.22,22,0,1,0.4948058333333333,0.0017731704632751645,-0.452023983001709
dqn,123,2481,31921,-10.14,14,0,1,0.4945841666666667,0.001084534749679733,-0.3272157199680805
dqn,123,2482,31947,-10.26,26,0,1,0.4941725,0.0013035991044792656,-0.33807731543978053
dqn,123,2483,31956,-10.09,9,0,1,0.4940300000000001,0.0013274609033639233,-0.19039150575796762
dqn,123,2484,31960,-10.04,4,0,1,0.4939666666666668,0.0010835512075573206,-0.07118594646453857
dqn,123,2485,31996,-10.36,36,0,1,0.4933966666666667,0.0012408276670612395,-0.4146384712722566
dqn,123,2486,32025,-10.29,29,0,1,0.49293750000000003,0.0010720995279760765,-0.4335594336901392
dqn,123,2487,32028,-10.03,3,0,1,0.49288999999999994,0.00013314263196662068,-0.07844457030296326
dqn,123,2488,32068,-10.4,40,0,1,0.4922566666666667,0.0004442363635462243,-0.32561409324407575
dqn,123,2489,32108,-10.4,40,0,1,0.4916233333333333,0.0007019886281341315,-0.37516541630029676
dqn,123,2490,32111,-10.03,3,0,1,0.4915758333333333,,
dqn,123,2491,32145,-10.34,34,0,1,0.4910375000000001,0.0009047957444434158,-0.28054050356149673
dqn,123,2492,32146,-10.01,1,0,1,0.4910216666666667,,
dqn,123,2493,32162,-10.16,16,0,1,0.49076833333333336,0.0007915720925666392,-0.28298936784267426
dqn,123,2494,32184,-10.22,22,0,1,0.4904200000000001,0.0007575334845265994,-0.350856934984525
dqn,123,2495,32261,-10.77,77,0,1,0.4892008333333334,0.0007491563435331429,-0.45009268036014155
dqn,123,2496,32263,-10.02,2,0,1,0.48916916666666677,,
dqn,123,2497,32317,-10.54,54,0,1,0.4883141666666667,0.0007067871795568083,-0.4423526669187205
dqn,123,2498,32331,-10.14,14,0,1,0.48809249999999993,0.0005969378398731351,-0.46248964965343475
dqn,123,2499,32340,-10.09,9,0,1,0.48795,0.0003310837200842798,-0.35578640053669613
dqn,123,2500,32357,-10.17,17,0,1,0.48768083333333334,0.0004626250702131074,-0.4041999578475952
dqn,123,2501,32389,-10.32,32,0,1,0.4871741666666668,0.0006141556114016566,-0.3465388482436538
dqn,123,2502,32421,-10.32,32,0,1,0.48666750000000003,0.0006196469785209047,-0.3258854765444994
dqn,123,2503,32460,-10.39,39,0,1,0.48605,0.0004322615874116309,-0.29287181943655016
dqn,123,2504,32505,-10.45,45,0,1,0.4853375000000001,0.0007244709598704834,-0.5100943459705873
dqn,123,2505,32540,-10.35,35,0,1,0.48478333333333334,0.00032653885945263837,-0.2622451161344846
dqn,123,2506,32576,-10.36,36,0,1,0.4842133333333333,0.03508885306897961,-0.34818078494734234
dqn,123,2507,32587,-10.11,11,0,1,0.4840391666666667,0.001293795503443107,-0.49851304292678833
dqn,123,2508,32593,-10.06,6,0,1,0.48394416666666673,0.0006544919961015694,-0.173674788326025
dqn,123,2509,32654,-10.61,61,0,1,0.4829783333333334,0.0009087266031807909,-0.4499669576684634
dqn,123,2510,32666,-10.12,12,0,1,0.4827883333333334,0.0006874498115697255,-0.2520446802179019
dqn,123,2511,32680,-10.14,14,0,1,0.4825666666666667,0.0005150693959876662,-0.4426579922437668
dqn,123,2512,32714,-10.34,34,0,1,0.4820283333333334,0.0004365427685115719,-0.20588399190455675
dqn,123,2513,32779,-10.65,65,0,1,0.48099916666666664,0.0006176043598316028,-0.5169466631487012
dqn,123,2514,32796,-10.17,17,0,1,0.4807300000000001,0.00091522574366536,-0.5430692419409752
dqn,123,2515,32809,-10.129999999999999,13,0,1,0.48052416666666675,0.0008033526925525317,-0.3985264499982198
dqn,123,2516,32881,-10.72,72,0,1,0.4793841666666666,0.0005849355733921079,-0.3360004619591766
dqn,123,2517,32884,-10.03,3,0,1,0.47933666666666663,0.0014984039589762688,-0.8817944526672363
dqn,123,2518,32892,-10.08,8,0,1,0.47921,0.00021180923795327544,-0.3252769038081169
dqn,123,2519,32937,-10.45,45,0,1,0.4784975,0.0004953750130053694,-0.28843620216304605
dqn,123,2520,32946,-10.09,9,0,1,0.478355,0.00022848389926366508,-0.1653905026614666
dqn,123,2521,32949,-10.03,3,0,1,0.4783075,0.001487034372985363,-1.237043857574463
dqn,123,2522,32987,-10.38,38,0,1,0.4777058333333334,0.0004814011982590374,-0.4075312465429306
dqn,123,2523,32989,-10.02,2,0,1,0.47767416666666673,0.00014926106086932123,-0.24164211750030518
dqn,123,2524,33003,-10.14,14,0,1,0.47745249999999995,0.0007015203009359539,-0.24008281777302423
dqn,123,2525,33024,-10.209999999999999,21,0,1,0.47712,0.001074028526394007,-0.3076488475004832
dqn,123,2526,33052,-10.28,28,0,1,0.47667666666666675,0.0007934609425969289,-0.3635632534112249
dqn,123,2527,33132,-10.8,80,0,1,0.47541,0.0009921006465447135,-0.41215134151279925
dqn,123,2528,33150,-10.18,18,0,1,0.475125,0.000678992011671653,-0.3272176291793585
dqn,123,2529,33161,-10.11,11,0,1,0.47495083333333343,0.0007755011417126904,-0.30828415354092914
dqn,123,2530,33213,-10.52,52,0,1,0.47412750000000004,0.0006192648204607674,-0.4234430090739177
dqn,123,2531,33250,-10.37,37,0,1,0.47354166666666664,0.00031811359723279666,-0.26724520325660706
dqn,123,2532,33266,-10.16,16,0,1,0.4732883333333333,0.0004002764508186374,-0.4974653348326683
dqn,123,2533,33306,-10.4,40,0,1,0.47265499999999994,0.00020669983787229284,-0.3796666502952576
dqn,123,2534,33360,-10.54,54,0,1,0.4718,0.00037761931941661587,-0.3428375055747373
dqn,123,2535,33434,-10.74,74,0,1,0.4706283333333333,0.0034488300926669682,-0.48389000983701813
dqn,123,2536,33444,-10.1,10,0,1,0.47047000000000005,0.005353992572054267,-0.0157477209965388
dqn,123,2537,33454,-10.1,10,0,1,0.4703116666666667,0.005055312300100923,-0.166568785905838
dqn,123,2538,33457,-10.03,3,0,1,0.4702641666666667,0.0024796270299702883,-0.4191446602344513
dqn,123,2539,33462,-10.049999999999999,5,0,1,0.4701850000000001,0.015511104837059975,-0.3730859160423279
dqn,123,2540,33485,-10.23,23,0,1,0.46982083333333335,0.006768482193971674,-0.6153086262444655
dqn,123,2541,33572,-10.870000000000001,87,0,1,0.4684433333333333,0.0035419208473864605,-0.44044855203140865
dqn,123,2542,33683,-11.110000000000001,111,0,1,0.46668583333333336,0.00137201064191888,-0.4551102176860527
dqn,123,2543,33789,-11.06,106,0,1,0.4650075,0.015290355320623214,-0.35504387263898496
dqn,123,2544,33792,-10.03,3,0,1,0.46496000000000004,0.0027116239070892334,-0.264684796333313
dqn,123,2545,33820,-10.28,28,0,1,0.4645166666666667,0.0017605386840711748,-0.5997890063694545
dqn,123,2546,33846,-10.26,26,0,1,0.464105,0.0008927606686484069,-0.27537990485628444
dqn,123,2547,33869,-10.23,23,0,1,0.4637408333333334,0.0012220483234462638,-0.46572178105513257
dqn,123,2548,33873,-10.04,4,0,1,0.4636775000000001,0.0008252289262600243,-0.24794070422649384
dqn,123,2549,33913,-10.4,40,0,1,0.4630441666666667,0.0013426328310742973,-0.428960970044136
dqn,123,2550,33918,-10.049999999999999,5,0,1,0.46296499999999996,0.0025867277290672064,-0.43401119112968445
dqn,123,2551,33924,-10.06,6,0,1,0.46287,0.0018007385078817606,-0.6538646966218948
dqn,123,2552,34009,-10.85,85,0,1,0.46152416666666674,0.000758857068874585,-0.3962804675102234
dqn,123,2553,34010,-10.01,1,0,1,0.4615083333333334,,
dqn,123,2554,34024,-10.14,14,0,1,0.4612866666666666,0.000896145633305423,-0.382924584671855
dqn,123,2555,34045,-10.209999999999999,21,0,1,0.46095416666666666,0.0011252891912590713,-0.6057066142559051
dqn,123,2556,34046,-10.01,1,0,1,0.46093833333333334,,
dqn,123,2557,34048,-10.02,2,0,1,0.4609066666666667,0.0018467154586687684,-1.090285062789917
dqn,123,2558,34067,-10.19,19,0,1,0.4606058333333334,0.0005624627665383741,-0.24902027659118176
dqn,123,2559,34085,-10.18,18,0,1,0.4603208333333333,0.0007065437035635114,-0.3866741701960564
dqn,123,2560,34123,-10.38,38,0,1,0.4597191666666667,0.00043504831006026105,-0.4162043076422479
dqn,123,2561,34144,-10.209999999999999,21,0,1,0.4593866666666666,0.05348162196848231,-0.41050172845522565
dqn,123,2562,34149,-10.049999999999999,5,0,1,0.4593075,0.0018678528722375631,-0.4294826090335846
dqn,123,2563,34153,-10.04,4,0,1,0.4592441666666667,0.0011801605578511953,-0.4287671148777008
dqn,123,2564,34196,-10.43,43,0,1,0.45856333333333343,0.0026989902994087474,-0.47405717250975693
dqn,123,2565,34204,-10.08,8,0,1,0.4584366666666666,0.0014378666237462312,-0.33017974346876144
dqn,123,2566,34258,-10.54,54,0,1,0.4575816666666668,0.0262019122232092,-0.4543954942088861
dqn,123,2567,34263,-10.049999999999999,5,0,1,0.45750250000000003,0.0009933197870850563,-0.8985388875007629
dqn,123,2568,34278,-10.15,15,0,1,0.45726500000000003,0.0015978851297404617,-0.5829419791698456
dqn,123,2569,34280,-10.02,2,0,1,0.4572333333333334,0.0003159472835250199,-0.2582644522190094
dqn,123,2570,34287,-10.07,7,0,1,0.4571225,0.00010114843462361023,-0.41761404275894165
dqn,123,2571,34360,-10.73,73,0,1,0.45596666666666674,0.0030047836932537487,-0.2934641755725208
dqn,123,2572,34382,-10.22,22,0,1,0.45561833333333346,0.007217933610081673,-0.15536595582962037
dqn,123,2573,34395,-10.129999999999999,13,0,1,0.4554125,0.025051537280281384,-0.8251435160636902
dqn,123,2574,34420,-10.25,25,0,1,0.45501666666666674,0.008586771237397832,-0.2469717753784997
dqn,123,2575,34431,-10.11,11,0,1,0.45484250000000004,0.0012433454394340515,-0.10312119126319885
dqn,123,2576,34435,-10.04,4,0,1,0.45477916666666673,0.003093360224738717,-0.08417618274688721
dqn,123,2577,34438,-10.03,3,0,1,0.45473166666666676,0.0015222975052893162,0.09243862330913544
dqn,123,2578,34487,-10.49,49,0,1,0.45395583333333334,0.00572413849295117,-0.3755516689270735
dqn,123,2579,34498,-10.11,11,0,1,0.45378166666666675,0.00732567033264786,-0.39271531502405804
dqn,123,2580,34500,-10.02,2,0,1,0.4537500000000001,0.0075151389464735985,-0.5573004484176636
dqn,123,2581,34505,-10.049999999999999,5,0,1,0.45367083333333336,0.003131280653178692,-0.4390994906425476
dqn,123,2582,34525,-10.2,20,0,1,0.4533541666666667,0.009879718441516161,-0.40370942652225494
dqn,123,2583,34545,-10.2,20,0,1,0.4530375000000001,0.011610201932489872,-0.2108541175723076
dqn,123,2584,34566,-10.209999999999999,21,0,1,0.452705,0.012890584208071232,-0.28329490423202514
dqn,123,2585,34595,-10.29,29,0,1,0.45224583333333335,0.007370634956584711,-0.43222917935677935
dqn,123,2586,34623,-10.28,28,0,1,0.4518025000000001,0.004879743742224362,-0.23569466386522567
dqn,123,2587,34628,-10.049999999999999,5,0,1,0.45172333333333325,0.0011405131663195789,-0.09042255580425262
dqn,123,2588,34637,-10.09,9,0,1,0.4515808333333333,0.0034154648892581463,-0.5125614553689957
dqn,123,2589,34639,-10.02,2,0,1,0.45154916666666667,,
dqn,123,2590,34668,-10.29,29,0,1,0.45109,0.002734773705014959,-0.5570922279730439
dqn,123,2591,34684,-10.16,16,0,1,0.4508366666666668,0.0021802928677061573,-0.3390412889420986
dqn,123,2592,34702,-10.18,18,0,1,0.4505516666666667,0.007475765887647867,-0.461795199662447
dqn,123,2593,34703,-10.01,1,0,1,0.45053583333333336,,
dqn,123,2594,34742,-10.39,39,0,1,0.4499183333333334,0.0031802812358364464,-0.3469048172235489
dqn,123,2595,34750,-10.08,8,0,1,0.4497916666666666,0.0031200633384287357,-0.23952379822731018
dqn,123,2596,34762,-10.12,12,0,1,0.4496016666666667,0.0031068949416900673,-0.2748834192752838
dqn,123,2597,34770,-10.08,8,0,1,0.44947499999999996,0.002593787925434299,-0.485120490193367
dqn,123,2598,34790,-10.2,20,0,1,0.4491583333333333,0.0006269288307521493,-0.38592352867126467
dqn,123,2599,34803,-10.129999999999999,13,0,1,0.4489525000000001,0.0011557517185186346,-0.40840134272972745
dqn,123,2600,34811,-10.08,8,0,1,0.44882583333333326,0.000635061296634376,-0.2516346722841263
dqn,123,2601,34869,-10.58,58,0,1,0.4479075,0.001625096853725457,-0.36389026542504627
dqn,123,2602,34875,-10.06,6,0,1,0.44781249999999995,0.0018265440594404936,-0.8847322463989258
dqn,123,2603,34877,-10.02,2,0,1,0.4477808333333333,0.000868380069732666,-0.4059162735939026
dqn,123,2604,34903,-10.26,26,0,1,0.4473691666666667,0.0010621457331581041,-0.8529260257879893
dqn,123,2605,34914,-10.11,11,0,1,0.447195,0.0013457323123778526,-0.25073838233947754
dqn,123,2606,34933,-10.19,19,0,1,0.4468941666666666,0.0007132130587706343,-0.48395258337259295
dqn,123,2607,34963,-10.3,30,0,1,0.4464191666666667,0.0006266091149882413,-0.41721649787255694
dqn,123,2608,34964,-10.01,1,0,1,0.4464033333333334,0.004248973913490772,-0.5504965782165527
dqn,123,2609,34975,-10.11,11,0,1,0.4462291666666667,0.0014846602862235159,-0.9091773927211761
dqn,123,2610,35100,-11.25,125,0,1,0.44425000000000003,0.0007548489224973309,-0.33018717844970524
dqn,123,2611,35104,-10.04,4,0,1,0.44418666666666673,0.00015506730414927006,-0.2606303095817566
dqn,123,2612,35107,-10.03,3,0,1,0.44413916666666675,,
dqn,123,2613,35113,-10.06,6,0,1,0.4440441666666667,0.0005806042463518679,-0.5048196762800217
dqn,123,2614,35116,-10.03,3,0,1,0.4439966666666666,0.0028063703794032335,-0.4113790690898895
dqn,123,2615,35121,-10.049999999999999,5,0,1,0.44391749999999996,0.0011541673447936773,-0.912952721118927
dqn,123,2616,35167,-10.46,46,0,1,0.44318916666666675,0.000738234281016048,-0.21799280629916626
dqn,123,2617,35203,-10.36,36,0,1,0.4426191666666667,0.03608257036022325,-0.2785778335399098
dqn,123,2618,35207,-10.04,4,0,1,0.44255583333333337,0.0021475565154105425,-0.4067031145095825
dqn,123,2619,35222,-10.15,15,0,1,0.44231833333333337,0.0020918968075420707,-0.2539260685443878
dqn,123,2620,35226,-10.04,4,0,1,0.44225500000000006,0.006349525414407253,-0.29067835211753845
dqn,123,2621,35248,-10.22,22,0,1,0.44190666666666667,0.003975521229828398,-0.22165924434860548
dqn,123,2622,35257,-10.09,9,0,1,0.44176416666666674,0.003582020872272551,-0.037357740104198456
dqn,123,2623,35273,-10.16,16,0,1,0.4415108333333334,0.00892293977085501,-0.3456483297049999
dqn,123,2624,35299,-10.26,26,0,1,0.4410991666666666,0.0037422573853594563,-0.3707077391445637
dqn,123,2625,35336,9.63,37,1,0,0.4405133333333334,0.0030672191351186484,-0.5515914253890515
dqn,123,2626,35342,-10.06,6,0,1,0.44041833333333336,0.0012721497332677245,-0.7524847984313965
dqn,123,2627,35447,-11.05,105,0,1,0.43875583333333334,0.013257401619249811,-0.39033793887266743
dqn,123,2628,35497,-10.5,50,0,1,0.4379641666666667,0.0010583747436892455,-0.42356946892463243
dqn,123,2629,35504,-10.07,7,0,1,0.4378533333333333,0.0007136906788218766,-0.5024080574512482
dqn,123,2630,35511,-10.07,7,0,1,0.43774250000000003,0.0005759511841461062,-0.907137393951416
dqn,123,2631,35538,-10.27,27,0,1,0.437315,0.0005377564479463867,-0.4237934947013855
dqn,123,2632,35549,-10.11,11,0,1,0.4371408333333333,0.10224196579656564,-0.6336192712187767
dqn,123,2633,35560,-10.11,11,0,1,0.4369666666666667,0.001784576685167849,-0.25150056183338165
dqn,123,2634,35566,-10.06,6,0,1,0.43687166666666666,0.0011969765182584524,-0.7604854106903076
dqn,123,2635,35596,-10.3,30,0,1,0.43639666666666665,0.0014338660421344684,-0.6093528494238853
dqn,123,2636,35603,-10.07,7,0,1,0.4362858333333334,0.0022047068923711777,-1.0511987209320068
dqn,123,2637,35607,-10.04,4,0,1,0.43622249999999996,0.0008030248573049903,-0.7468008995056152
dqn,123,2638,35670,-10.63,63,0,1,0.435225,0.02070406678649306,-0.4114328003488481
dqn,123,2639,35676,-10.06,6,0,1,0.43513,0.1506305749353487,-0.7533710449934006
dqn,123,2640,35719,-10.43,43,0,1,0.43444916666666666,0.0022292657260550184,-0.19866698384284973
dqn,123,2641,35728,-10.09,9,0,1,0.4343066666666666,0.008439074580868086,-0.611797054608663
dqn,123,2642,35777,-10.49,49,0,1,0.4335308333333333,0.005066122500769173,-0.2610226267327865
dqn,123,2643,35784,-10.07,7,0,1,0.43342,0.0024047582410275936,-0.17740818113088608
dqn,123,2644,35819,-10.35,35,0,1,0.4328658333333334,0.002189987622841727,-0.5074424091726542
dqn,123,2645,35847,-10.28,28,0,1,0.43242250000000004,0.0015294973272830248,-0.35410683495657785
dqn,123,2646,35850,-10.03,3,0,1,0.43237499999999995,0.0022154171019792557,-0.4086831212043762
dqn,123,2647,35895,-10.45,45,0,1,0.43166250000000006,0.001793229417340957,-0.2897677021947774
dqn,123,2648,35924,-10.29,29,0,1,0.4312033333333334,0.0008028911615838297,-0.35834053345024586
dqn,123,2649,35937,-10.129999999999999,13,0,1,0.43099750000000003,0.0012998337430569034,-0.3180118004480998
dqn,123,2650,35952,-10.15,15,0,1,0.43076000000000003,0.0006287404103204608,-0.058943502604961395
dqn,123,2651,36002,-10.5,50,0,1,0.4299683333333334,0.029302726926592488,-0.35572129177550477
dqn,123,2652,36021,-10.19,19,0,1,0.4296675,0.0017019241669913754,-0.33601717948913573
dqn,123,2653,36033,-10.12,12,0,1,0.42947749999999996,0.000815965177025646,-0.17219978819290796
dqn,123,2654,36069,-10.36,36,0,1,0.4289075000000001,0.00500046481223156,-0.2789189401600096
dqn,123,2655,36070,-10.01,1,0,1,0.4288916666666668,,
dqn,123,2656,36106,-10.36,36,0,1,0.4283216666666667,0.010824187231870988,-0.2427988565630383
dqn,123,2657,36119,-10.129999999999999,13,0,1,0.42811583333333336,0.0052489399289091425,-0.3542393147945404
dqn,123,2658,36121,-10.02,2,0,1,0.4280841666666667,0.00561165064573288,-0.24950337409973145
dqn,123,2659,36125,-10.04,4,0,1,0.4280208333333334,0.00894827302545309,-0.11033020913600922
dqn,123,2660,36133,-10.08,8,0,1,0.4278941666666667,0.007491362048313022,-0.6374741792678833
dqn,123,2661,36135,-10.02,2,0,1,0.42786250000000003,,
dqn,123,2662,36218,-10.83,83,0,1,0.4265483333333333,0.017303030743884545,-0.3661410173489934
dqn,123,2663,36230,-10.12,12,0,1,0.4263583333333334,0.0035804725096871457,-0.48664391040802
dqn,123,2664,36245,-10.15,15,0,1,0.4261208333333334,0.0025801722149481066,-0.6103517264127731
dqn,123,2665,36258,-10.129999999999999,13,0,1,0.42591500000000004,0.0011438239210595687,-0.32084138691425323
dqn,123,2666,36281,-10.23,23,0,1,0.4255508333333333,0.001395756999651591,-0.41484858219822246
dqn,123,2667,36304,9.77,23,1,0,0.4251866666666667,0.0004430786648299545,-0.16302049035827318
dqn,123,2668,36318,-10.14,14,0,1,0.42496500000000004,0.0016160344530362636,-0.5042475884159406
dqn,123,2669,36321,-10.03,3,0,1,0.42491749999999995,0.003369889222085476,-0.5830519199371338
dqn,123,2670,36362,-10.41,41,0,1,0.42426833333333336,0.0006797282170737162,-0.40426298826932905
dqn,123,2671,36398,-10.36,36,0,1,0.4236983333333333,0.0008773332891804683,-0.4562932136985991
dqn,123,2672,36447,-10.49,49,0,1,0.4229225,0.026869207133131567,-0.3039897282918294
dqn,123,2673,36532,-10.85,85,0,1,0.4215766666666667,0.0011112529441148085,-0.430535844781182
dqn,123,2674,36598,-10.66,66,0,1,0.42053166666666675,0.021715556816161552,-0.4376594969071448
dqn,123,2675,36633,-10.35,35,0,1,0.4199775,0.004172071982692514,-0.4173017028305266
dqn,123,2676,36647,-10.14,14,0,1,0.41975583333333333,0.006652238313108683,-0.31585728501280147
dqn,123,2677,36650,-10.03,3,0,1,0.41970833333333335,0.006457041949033737,-0.6190887093544006
dqn,123,2678,36659,-10.09,9,0,1,0.4195658333333334,0.0021254660096019506,-0.20751628279685974
dqn,123,2679,36697,-10.38,38,0,1,0.4189641666666667,0.0020941518538165837,-0.485666124522686
dqn,123,2680,36699,-10.02,2,0,1,0.41893250000000004,,
dqn,123,2681,36709,-10.1,10,0,1,0.41877416666666667,0.0006418871732118229,-0.43900446097056073
dqn,123,2682,36720,-10.11,11,0,1,0.4186000000000001,0.00038223108761788655,-0.27465108782052994
dqn,123,2683,36766,-10.46,46,0,1,0.41787166666666664,0.0007275203652997417,-0.5853791704232042
dqn,123,2684,36798,-10.32,32,0,1,0.4173650000000001,0.0007755611622997094,-0.19464161060750484
dqn,123,2685,36826,-10.28,28,0,1,0.41692166666666663,0.0012339408650794731,-0.3696839617831366
dqn,123,2686,36834,-10.08,8,0,1,0.416795,0.0010071132273878902,-0.5231172293424606
dqn,123,2687,36840,-10.06,6,0,1,0.41670000000000007,0.0004011359706055373,-0.35207708179950714
dqn,123,2688,36867,-10.27,27,0,1,0.41627249999999993,0.0008797913178568706,-0.2785436858733495
dqn,123,2689,36874,-10.07,7,0,1,0.41616166666666665,0.002232440048828721,-0.844626247882843
dqn,123,2690,36887,-10.129999999999999,13,0,1,0.4159558333333333,0.0005503230980442216,-0.6527840793132782
dqn,123,2691,36892,-10.049999999999999,5,0,1,0.4158766666666667,0.00032721325260354206,-0.11114870756864548
dqn,123,2692,36951,-10.59,59,0,1,0.4149425,0.0009135912675576817,-0.3341168484517506
dqn,123,2693,37111,-11.600000000000001,160,0,1,0.4124091666666666,0.0005531631439225748,-0.36030130106955766
dqn,123,2694,37122,-10.11,11,0,1,0.412235,0.0008255202992586419,-0.6127201418081919
dqn,123,2695,37128,-10.06,6,0,1,0.41214000000000006,0.00014857837959425524,-0.2008066177368164
dqn,123,2696,37157,-10.29,29,0,1,0.4116808333333334,0.0003610328453110664,-0.3048667513898441
dqn,123,2697,37182,-10.25,25,0,1,0.411285,0.00044830253076118726,-0.6573436309893926
dqn,123,2698,37207,-10.25,25,0,1,0.41088916666666675,0.00034331339338677935,-0.25421137486894924
dqn,123,2699,37237,-10.3,30,0,1,0.41041416666666664,0.0004408054464875022,-0.36279141064733267
dqn,123,2700,37240,-10.03,3,0,1,0.41036666666666666,0.0011738009052351117,-0.27395933866500854
dqn,123,2701,37270,-10.3,30,0,1,0.40989166666666677,0.0006766852041307304,-0.6060196842466082
dqn,123,2702,37271,-10.01,1,0,1,0.40987583333333333,,
dqn,123,2703,37304,-10.33,33,0,1,0.40935333333333335,0.00028365148722918495,-0.2271522863043679
dqn,123,2704,37380,-10.76,76,0,1,0.40815,0.0003715738697026513,-0.3923792160655323
dqn,123,2705,37451,-10.71,71,0,1,0.4070258333333334,0.0003268309924083844,-0.36791785499628854
dqn,123,2706,37456,-10.049999999999999,5,0,1,0.4069466666666667,0.00021131575340405107,-0.11897754296660423
dqn,123,2707,37519,-10.63,63,0,1,0.4059491666666667,0.0003963139989840177,-0.44266823728879295
dqn,123,2708,37525,-10.06,6,0,1,0.40585416666666674,0.00020724118076032028,-0.20675167068839073
dqn,123,2709,37560,-10.35,35,0,1,0.4053,0.0003068787231717983,-0.15598936627308527
dqn,123,2710,37602,-10.42,42,0,1,0.40463499999999997,0.00047974810731830073,-0.33002475276589394
dqn,123,2711,37618,-10.16,16,0,1,0.40438166666666664,0.0005961447368463269,-0.44159124605357647
dqn,123,2712,37628,-10.1,10,0,1,0.4042233333333334,0.00041261434671469033,-0.4489651173353195
dqn,123,2713,37644,-10.16,16,0,1,0.40397000000000005,0.00027377783590054605,-0.600677004083991
dqn,123,2714,37657,-10.129999999999999,13,0,1,0.4037641666666667,0.0006903137643045435,-0.6115599870681763
dqn,123,2715,37706,-10.49,49,0,1,0.4029883333333334,0.000621849792272163,-0.33554860204458237
dqn,123,2716,37727,-10.209999999999999,21,0,1,0.4026558333333333,0.0009657271264586597,-0.14844646155834199
dqn,123,2717,37734,-10.07,7,0,1,0.40254500000000004,0.0004552379250526428,-0.6790658682584763
dqn,123,2718,37750,-10.16,16,0,1,0.4022916666666667,0.0009059836920641828,-0.16853101551532745
dqn,123,2719,37762,-10.12,12,0,1,0.4021016666666667,0.0007821892698605856,-0.1668014700214068
dqn,123,2720,37775,-10.129999999999999,13,0,1,0.40189583333333334,0.0014247224025893956,-0.7097796400388082
dqn,123,2721,37795,-10.2,20,0,1,0.4015791666666667,0.0014981140615418554,-0.7349307894706726
dqn,123,2722,37799,-10.04,4,0,1,0.4015158333333334,0.0006335520884022117,-0.7573561072349548
dqn,123,2723,37836,-10.37,37,0,1,0.40093,0.0010598662542179228,-0.21780188456177713
dqn,123,2724,37876,9.6,40,1,0,0.40029666666666675,0.0010034729260951281,-0.4299552246928215
dqn,123,2725,37879,-10.03,3,0,1,0.40024916666666677,,
dqn,123,2726,37960,-10.81,81,0,1,0.3989666666666667,0.0007618373368001942,-0.29611294468243915
dqn,123,2727,38014,-10.54,54,0,1,0.39811166666666675,0.02600966179027007,-0.5575500354170799
dqn,123,2728,38034,-10.2,20,0,1,0.397795,0.006818835315061733,-0.2678217843174934
dqn,123,2729,38077,-10.43,43,0,1,0.39711416666666666,0.016189367764375427,-0.24818454344164242
dqn,123,2730,38099,-10.22,22,0,1,0.3967658333333334,0.013954206183552743,-0.7935026824474335
dqn,123,2731,38148,-10.49,49,0,1,0.39598999999999995,0.012299714439835113,-0.26120529151879823
dqn,123,2732,38163,-10.15,15,0,1,0.39575250000000006,0.007603858131915331,-0.5748475392659506
dqn,123,2733,38192,-10.29,29,0,1,0.3952933333333334,0.0034541176064522006,-0.2834392450749874
dqn,123,2734,38231,9.61,39,1,0,0.39467583333333334,0.007687811215873808,-0.2430104058649805
dqn,123,2735,38233,-10.02,2,0,1,0.3946441666666667,0.004836174659430981,-0.4212583303451538
dqn,123,2736,38327,-10.940000000000001,94,0,1,0.39315583333333337,0.015089756907242268,-0.3646417004258736
dqn,123,2737,38362,-10.35,35,0,1,0.39260166666666674,0.0022244186839088798,-0.5516189485788345
dqn,123,2738,38371,-10.09,9,0,1,0.3924591666666667,0.006495630485005677,-0.5631202757358551
dqn,123,2739,38415,-10.44,44,0,1,0.3917625,0.010980071923272177,-0.37745813009413803
dqn,123,2740,38435,-10.2,20,0,1,0.3914458333333334,0.007753930240869522,-0.42349224388599394
dqn,123,2741,38451,-10.16,16,0,1,0.39119250000000005,0.011103558936156332,-0.25946494936943054
dqn,123,2742,38454,-10.03,3,0,1,0.39114499999999996,0.0008797878981567919,-0.10046575218439102
dqn,123,2743,38457,-10.03,3,0,1,0.3910975,0.01149480976164341,-0.6414604783058167
dqn,123,2744,38533,-10.76,76,0,1,0.38989416666666665,0.004787537878942921,-0.4610749071365909
dqn,123,2745,38543,-10.1,10,0,1,0.3897358333333334,0.0033989506773650646,-0.27591264247894287
dqn,123,2746,38602,-10.59,59,0,1,0.3888016666666667,0.0017366713776330773,-0.2721529508630435
dqn,123,2747,38625,-10.23,23,0,1,0.3884375,0.0014252748417978485,-0.5269005497296652
dqn,123,2748,38640,-10.15,15,0,1,0.3882,0.0009240021972800605,-0.4774673208594322
dqn,123,2749,38644,-10.04,4,0,1,0.3881366666666667,0.0005008840234950185,0.0499936118721962
dqn,123,2750,38646,-10.02,2,0,1,0.38810500000000003,,
dqn,123,2751,38647,-10.01,1,0,1,0.3880891666666667,,
dqn,123,2752,38651,-10.04,4,0,1,0.3880258333333334,0.00011941108095925301,-0.12099455296993256
dqn,123,2753,38724,-10.73,73,0,1,0.38687000000000005,0.0007426947244982186,-0.4532582728486312
dqn,123,2754,38738,-10.14,14,0,1,0.38664833333333337,0.0006928647247453531,-0.49463193615277606
dqn,123,2755,38790,-10.52,52,0,1,0.3858250000000001,0.04949283993622745,-0.46793447778775143
dqn,123,2756,38805,-10.15,15,0,1,0.38558749999999997,0.0007726437470410019,-0.4903608188033104
dqn,123,2757,38828,-10.23,23,0,1,0.38522333333333336,0.001122141766245477,-0.24872802942991257
dqn,123,2758,38832,-10.04,4,0,1,0.38516000000000006,0.004571441560983658,-0.9553829431533813
dqn,123,2759,38859,-10.27,27,0,1,0.38473250000000003,0.0010535436546585213,-0.2791077047586441
dqn,123,2760,38911,-10.52,52,0,1,0.38390916666666675,0.0007768383147777058,-0.17083391833763856
dqn,123,2761,39027,-11.16,116,0,1,0.38207250000000004,0.000557484158920927,-0.4060962613800476
dqn,123,2762,39030,-10.03,3,0,1,0.38202500000000006,0.0015397940296679735,-0.4685016870498657
dqn,123,2763,39032,-10.02,2,0,1,0.3819933333333334,0.0005534807569347322,-0.2921370267868042
dqn,123,2764,39107,-10.75,75,0,1,0.3808058333333333,0.0004925811525835241,-0.42208562542994815
dqn,123,2765,39114,-10.07,7,0,1,0.380695,0.0001912519510369748,-0.36789922416210175
dqn,123,2766,39128,-10.14,14,0,1,0.38047333333333333,0.000177614223503042,-0.12638895399868488
dqn,123,2767,39203,-10.75,75,0,1,0.37928583333333343,0.01838582634728583,-0.34313493056429756
dqn,123,2768,39254,-10.51,51,0,1,0.37847833333333336,0.002517513730428898,-0.534671065899042
dqn,123,2769,39311,-10.57,57,0,1,0.37757583333333333,0.004017290168641401,-0.4126863181591034
dqn,123,2770,39327,-10.16,16,0,1,0.3773225,0.004293318612326402,-0.3114358186721802
dqn,123,2771,39333,-10.06,6,0,1,0.37722750000000005,0.0030081337317824364,-0.36516326665878296
dqn,123,2772,39346,-10.129999999999999,13,0,1,0.3770216666666667,0.006640173921672006,-0.873387356599172
dqn,123,2773,39364,-10.18,18,0,1,0.3767366666666667,0.0027630147989839314,-0.31493385434150695
dqn,123,2774,39390,-10.26,26,0,1,0.376325,0.004706179595814319,-0.32197349270184833
dqn,123,2775,39407,-10.17,17,0,1,0.37605583333333337,0.005255329568171874,-0.24008017033338547
dqn,123,2776,39432,9.75,25,1,0,0.37566,0.002282284275029919,-0.2668232609118734
dqn,123,2777,39434,-10.02,2,0,1,0.37562833333333334,,
dqn,123,2778,39453,-10.19,19,0,1,0.37532750000000004,0.0012347137322649359,-0.22532425820827484
dqn,123,2779,39454,-10.01,1,0,1,0.3753116666666667,,
dqn,123,2780,39493,-10.39,39,0,1,0.37469416666666666,0.0018407391995424404,-0.422215473651886
dqn,123,2781,39553,-10.6,60,0,1,0.37374416666666666,0.0012542067852336913,-0.4360813225309054
dqn,123,2782,39662,-11.09,109,0,1,0.37201833333333334,0.0006092723668660727,-0.3676228274901708
dqn,123,2783,39702,-10.4,40,0,1,0.3713850000000001,0.0005934562577749602,-0.33739461898803713
dqn,123,2784,39793,-10.91,91,0,1,0.36994416666666674,0.027568447214593027,-0.51285246208958
dqn,123,2785,39804,-10.11,11,0,1,0.36977000000000004,0.00011945037598100801,-0.2880018949508667
dqn,123,2786,39815,-10.11,11,0,1,0.36959583333333335,0.00035965470306109637,-0.29328108578920364
dqn,123,2787,39817,-10.02,2,0,1,0.3695641666666667,0.0010448531247675419,-0.6020827293395996
dqn,123,2788,39867,-10.5,50,0,1,0.36877250000000006,0.002183451761084143,-0.4103661657621463
dqn,123,2789,39901,-10.34,34,0,1,0.36823416666666664,0.0013326525384198045,-0.4487142496638828
dqn,123,2790,39911,-10.1,10,0,1,0.3680758333333334,0.0005257471348159015,-0.43883050978183746
dqn,123,2791,39919,-10.08,8,0,1,0.36794916666666666,0.001200973754748702,-0.3782546818256378
dqn,123,2792,39921,-10.02,2,0,1,0.3679175,0.001339142443612218,-0.4732622504234314
dqn,123,2793,39941,9.8,20,1,0,0.3676008333333334,0.0006184680329170078,-0.15406492948532105
dqn,123,2794,39950,-10.09,9,0,1,0.36745833333333333,0.00042681161721702665,-0.04630305618047714
dqn,123,2795,40005,-10.55,55,0,1,0.36658750000000007,0.0006892604048646588,-0.3468069114855358
dqn,123,2796,40010,-10.049999999999999,5,0,1,0.36650833333333344,0.00029861420625820756,-0.28588205575942993
dqn,123,2797,40061,-10.51,51,0,1,0.36570083333333336,0.0009043809248116583,-0.36738938838243484
dqn,123,2798,40079,-10.18,18,0,1,0.3654158333333333,0.07884509483847069,-0.18722229450941086
dqn,123,2799,40092,-10.129999999999999,13,0,1,0.36521000000000003,0.003028998413356021,-0.5079585313796997
dqn,123,2800,40139,-10.47,47,0,1,0.3644658333333334,0.029509535048749636,-0.21012795648791574
dqn,123,2801,40150,-10.11,11,0,1,0.3642916666666667,0.0014857005056304236,-0.08351692308982213
dqn,123,2802,40190,-10.4,40,0,1,0.3636583333333334,0.0013986137098981998,-0.3878945097327232
dqn,123,2803,40193,-10.03,3,0,1,0.3636108333333333,0.00020736237638629973,0.1937364935874939
dqn,123,2804,40226,-10.33,33,0,1,0.36308833333333335,0.040388969055129564,-0.14406821690499783
dqn,123,2805,40255,-10.29,29,0,1,0.36262916666666667,0.0009351017589714112,-0.49528832520757404
dqn,123,2806,40339,-10.84,84,0,1,0.3612991666666667,0.0006117650238073631,-0.3048598936625889
dqn,123,2807,40343,-10.04,4,0,1,0.3612358333333333,0.0006017810082994401,-0.29050159454345703
dqn,123,2808,40387,-10.44,44,0,1,0.36053916666666663,0.00038846969056811014,-0.36461780626665463
dqn,123,2809,40514,-11.270000000000001,127,0,1,0.35852833333333334,0.020050108479267692,-0.35958385304547846
dqn,123,2810,40564,-10.5,50,0,1,0.3577366666666667,0.026706184193384476,-0.4511172782916289
dqn,123,2811,40604,-10.4,40,0,1,0.35710333333333344,0.006301613413961604,-0.2992141477763653
dqn,123,2812,40622,-10.18,18,0,1,0.35681833333333335,0.007268656889209524,-0.3191074728965759
dqn,123,2813,40654,-10.32,32,0,1,0.3563116666666667,0.009980910122976638,-0.223869520239532
dqn,123,2814,40678,-10.24,24,0,1,0.35593166666666665,0.003221628062116603,-0.32922883952657384
dqn,123,2815,40681,-10.03,3,0,1,0.35588416666666667,0.001415587728843093,-0.6229766607284546
dqn,123,2816,40692,-10.11,11,0,1,0.35570999999999997,0.002675431431271136,-0.2537316034237544
dqn,123,2817,40723,-10.31,31,0,1,0.35521916666666675,0.0024383663133318934,-0.29001910026584354
dqn,123,2818,40753,-10.3,30,0,1,0.35474416666666664,0.0015302660685847513,-0.42907573841512203
dqn,123,2819,40776,-10.23,23,0,1,0.35438000000000003,0.002138179261237383,-0.2564865065117677
dqn,123,2820,40792,-10.16,16,0,1,0.3541266666666667,0.0010359188891015947,-0.4225384145975113
dqn,123,2821,40848,-10.56,56,0,1,0.3532400000000001,0.022932913953679548,-0.2504580020904541
dqn,123,2822,40906,-10.58,58,0,1,0.35232166666666676,0.0007075773298441033,-0.2685946726373264
dqn,123,2823,40911,-10.049999999999999,5,0,1,0.3522425000000001,0.00023620686260983348,-0.12206106632947922
dqn,123,2824,40935,-10.24,24,0,1,0.35186249999999997,0.0005095332841544101,-0.12564496075113615
dqn,123,2825,41038,-11.030000000000001,103,0,1,0.3502316666666667,0.01280308528238003,-0.4757322505689584
dqn,123,2826,41059,-10.209999999999999,21,0,1,0.34989916666666665,0.0003557022631866857,-0.2618283525109291
dqn,123,2827,41077,-10.18,18,0,1,0.34961416666666667,0.0007191690354375168,-0.4155226320028305
dqn,123,2828,41098,-10.209999999999999,21,0,1,0.3492816666666667,0.0005426440911833197,-0.32518081218004224
dqn,123,2829,41120,-10.22,22,0,1,0.3489333333333333,0.000343592274778833,-0.5039389108618101
dqn,123,2830,41122,-10.02,2,0,1,0.34890166666666667,,
dqn,123,2831,41162,-10.4,40,0,1,0.3482683333333333,0.00031053526181494816,-0.20912846997380258
dqn,123,2832,41164,-10.02,2,0,1,0.34823666666666664,0.0002893052587751299,0.03296537697315216
dqn,123,2833,41211,-10.47,47,0,1,0.3474925000000001,0.02831408624875952,-0.256390705704689
dqn,123,2834,41242,-10.31,31,0,1,0.34700166666666665,0.0015528688454651274,-0.3111047223210335
dqn,123,2835,41273,-10.31,31,0,1,0.34651083333333343,0.002274106825097988,-0.2703053457662463
dqn,123,2836,41326,-10.53,53,0,1,0.3456716666666667,0.0019784753307109126,-0.44238223364719975
dqn,123,2837,41330,-10.04,4,0,1,0.3456083333333334,0.001489663845859468,-0.12226231396198273
dqn,123,2838,41333,-10.03,3,0,1,0.34556083333333343,0.006438598036766052,-0.7436360120773315
dqn,123,2839,41335,-10.02,2,0,1,0.3455291666666668,,
dqn,123,2840,41350,-10.15,15,0,1,0.34529166666666666,0.0039120077271945775,-0.6229145973920822
dqn,123,2841,41361,-10.11,11,0,1,0.34511749999999997,0.0016120870811088632,-0.2886717617511749
dqn,123,2842,41368,-10.07,7,0,1,0.3450066666666667,0.004525193828158081,-0.5825084745883942
dqn,123,2843,41370,-10.02,2,0,1,0.34497500000000003,,
dqn,123,2844,41374,-10.04,4,0,1,0.3449116666666667,0.0010616218205541372,0.2020834982395172
dqn,123,2845,41379,-10.049999999999999,5,0,1,0.3448325000000001,0.002110530622303486,0.027330130338668823
dqn,123,2846,41385,-10.06,6,0,1,0.34473750000000003,0.005530840076971799,-0.6526864469051361
dqn,123,2847,41508,-11.23,123,0,1,0.34279000000000004,0.001465986820309603,-0.28807439126314655
dqn,123,2848,41523,-10.15,15,0,1,0.3425524999999999,0.00028439391220066074,-0.1320419559876124
dqn,123,2849,41524,-10.01,1,0,1,0.3425366666666666,0.00034539715852588415,-0.29122719168663025
dqn,123,2850,41527,-10.03,3,0,1,0.3424891666666666,,
dqn,123,2851,41558,-10.31,31,0,1,0.3419983333333334,0.0007035154080767825,-0.3327766750007868
dqn,123,2852,41561,-10.03,3,0,1,0.3419508333333334,0.0003999359905719757,0.032537221908569336
dqn,123,2853,41578,-10.17,17,0,1,0.3416816666666668,0.0015854296361794695,-0.475439228117466
dqn,123,2854,41639,-10.61,61,0,1,0.34071583333333344,0.0039008268155157565,-0.4426464373866717
dqn,123,2855,41656,-10.17,17,0,1,0.3404466666666667,0.06463285450590775,-0.5212484776973725
dqn,123,2856,41665,-10.09,9,0,1,0.34030416666666663,0.004476853646337986,-0.5134144723415375
dqn,123,2857,41680,-10.15,15,0,1,0.34006666666666674,0.0035839983902405947,-0.5846039094030857
dqn,123,2858,41713,-10.33,33,0,1,0.33954416666666665,0.0017711599875838147,-0.32719562482088804
dqn,123,2859,41723,-10.1,10,0,1,0.3393858333333334,0.0006980797625146806,-0.4541247934103012
dqn,123,2860,41742,-10.19,19,0,1,0.3390850000000001,0.0012011145357973874,-0.41624618172645567
dqn,123,2861,41773,-10.31,31,0,1,0.33859416666666664,0.0013411442341748625,-0.57364237960428
dqn,123,2862,41827,-10.54,54,0,1,0.3377391666666667,0.0008069646249238688,-0.39038622837800246
dqn,123,2863,41920,-10.93,93,0,1,0.3362666666666667,0.013957752636997611,-0.41201290550331277
dqn,123,2864,41921,-10.01,1,0,1,0.3362508333333334,,
dqn,123,2865,41946,-10.25,25,0,1,0.335855,0.0008591590873644842,-0.2599401039381822
dqn,123,2866,41998,-10.52,52,0,1,0.3350316666666667,0.0006573719572490797,-0.19008546666457102
dqn,123,2867,42028,-10.3,30,0,1,0.3345566666666667,0.0008431042815573164,-0.4639524444937706
dqn,123,2868,42038,-10.1,10,0,1,0.33439833333333335,0.0009783378336578608,-0.30360326170921326
dqn,123,2869,42049,-10.11,11,0,1,0.33422416666666677,0.000495285892005389,-0.46098055442174274
dqn,123,2870,42057,-10.08,8,0,1,0.33409750000000005,0.14871910648071207,-0.21036112308502197
dqn,123,2871,42066,-10.09,9,0,1,0.3339550000000001,0.0031399872386828065,-0.28776608407497406
dqn,123,2872,42168,-11.02,102,0,1,0.3323400000000001,0.0010394025097272019,-0.5205416003098855
dqn,123,2873,42172,-10.04,4,0,1,0.3322766666666668,0.0006408128538168967,-0.6334680914878845
dqn,123,2874,42187,-10.15,15,0,1,0.3320391666666668,0.0008384276491900285,-0.4148536225159963
dqn,123,2875,42279,-10.92,92,0,1,0.3305825,0.0005759609000802891,-0.4000010600556498
dqn,123,2876,42295,-10.16,16,0,1,0.3303291666666667,0.00037602548400172964,-0.3889729231595993
dqn,123,2877,42325,-10.3,30,0,1,0.32985416666666667,0.00043728430864575785,-0.30115383863449097
dqn,123,2878,42331,-10.06,6,0,1,0.3297591666666667,0.0002195282286265865,-0.14709772169589996
dqn,123,2879,42378,-10.47,47,0,1,0.32901499999999995,0.025590280016937566,-0.2741389994819959
dqn,123,2880,42417,-10.39,39,0,1,0.3283975,0.0016313028361764736,-0.34794946312904357
dqn,123,2881,42526,-11.09,109,0,1,0.3266716666666667,0.0008318539058328261,-0.3634294094862761
dqn,123,2882,42553,-10.27,27,0,1,0.32624416666666667,0.001279393138247542,-0.4832353379045214
dqn,123,2883,42559,-10.06,6,0,1,0.3261491666666667,0.00028097876929678023,-0.3000585436820984
dqn,123,2884,42580,-10.209999999999999,21,0,1,0.32581666666666664,0.0016813494391196098,-0.40856985251108807
dqn,123,2885,42584,-10.04,4,0,1,0.32575333333333334,0.0018900854047387838,-0.15085268020629883
dqn,123,2886,42652,9.32,68,1,0,0.3246766666666667,0.018815767409464838,-0.37667162847869534
dqn,123,2887,42667,-10.15,15,0,1,0.3244391666666667,0.10111142254512136,-0.24414276580015817
dqn,123,2888,42676,-10.09,9,0,1,0.3242966666666667,0.09806649743889768,-0.2358600596586863
dqn,123,2889,42709,-10.33,33,0,1,0.3237741666666667,0.006284007235080935,-0.363525633700192
dqn,123,2890,42717,-10.08,8,0,1,0.3236475000000001,0.004864924936555326,-0.12406472861766815
dqn,123,2891,42791,-10.74,74,0,1,0.3224758333333334,0.0027390154500608332,-0.16814715332455105
dqn,123,2892,42836,-10.45,45,0,1,0.3217633333333334,0.030183031793664366,-0.4654715893169244
dqn,123,2893,42861,-10.25,25,0,1,0.32136750000000003,0.0043186216450218735,-0.34463685750961304
dqn,123,2894,42869,-10.08,8,0,1,0.3212408333333333,0.0010081398650072515,-0.05350169911980629
dqn,123,2895,42895,-10.26,26,0,1,0.3208291666666667,0.0037349956886221967,-0.43692124386628467
dqn,123,2896,42909,-10.14,14,0,1,0.32060750000000005,0.0018501008016755804,-0.3211367316544056
dqn,123,2897,42939,-10.3,30,0,1,0.32013250000000004,0.0010919419582933187,-0.25399331748485565
dqn,123,2898,42947,-10.08,8,0,1,0.3200058333333333,0.0008055949001573026,-0.5416471138596535
dqn,123,2899,42975,9.72,28,1,0,0.31956249999999997,0.04418523667845875,-0.4568854070135525
dqn,123,2900,42980,-10.049999999999999,5,0,1,0.31948333333333334,0.004782564239576459,-0.047422170639038086
dqn,123,2901,42994,-10.14,14,0,1,0.31926166666666667,0.004186021784941356,-0.21367108821868896
dqn,123,2902,43006,-10.12,12,0,1,0.31907166666666675,0.10256048773104946,-0.23294439415136972
dqn,123,2903,43028,-10.22,22,0,1,0.31872333333333336,0.007077630066002409,-0.37909075369437534
dqn,123,2904,43047,-10.19,19,0,1,0.31842250000000005,0.0779874991858378,-0.25334385968744755
dqn,123,2905,43056,-10.09,9,0,1,0.31828,0.11099379362228017,-0.5627152224381765
dqn,123,2906,43118,-10.620000000000001,62,0,1,0.31729833333333335,0.02554264807064707,-0.3272257253527641
dqn,123,2907,43120,-10.02,2,0,1,0.3172666666666667,0.3056844174861908,-0.46491241455078125
dqn,123,2908,43144,-10.24,24,0,1,0.31688666666666676,0.004905414961588879,-0.23707428574562073
dqn,123,2909,43151,-10.07,7,0,1,0.31677583333333337,0.0008844914846122265,-0.1737222969532013
dqn,123,2910,43153,-10.02,2,0,1,0.3167441666666667,0.008003213442862034,-0.3009375333786011
dqn,123,2911,43159,-10.06,6,0,1,0.31664916666666665,0.0004713748348876834,-0.4804944396018982
dqn,123,2912,43166,-10.07,7,0,1,0.31653833333333337,0.0008446543070022017,-0.22774384915828705
dqn,123,2913,43204,-10.38,38,0,1,0.31593666666666675,0.0014377076586242765,-0.2234704837203026
dqn,123,2914,43214,-10.1,10,0,1,0.3157783333333334,0.0004452848370419815,0.0028890669345855713
dqn,123,2915,43237,-10.23,23,0,1,0.31541416666666666,0.00251411881375437,-0.2098956579963366
dqn,123,2916,43245,-10.08,8,0,1,0.31528750000000005,0.0031990482239052653,-0.5584660172462463
dqn,123,2917,43259,-10.14,14,0,1,0.3150658333333334,0.0018909537272217374,-0.44028860330581665
dqn,123,2918,43265,-10.06,6,0,1,0.3149708333333334,0.1533397799357772,-0.7705719769001007
dqn,123,2919,43289,-10.24,24,0,1,0.3145908333333334,0.0017434573189044993,-0.32720305025577545
dqn,123,2920,43305,-10.16,16,0,1,0.31433750000000005,0.0011111054118373431,-0.26684970781207085
dqn,123,2921,43336,-10.31,31,0,1,0.3138466666666667,0.0035008415579795837,-0.3569354070350528
dqn,123,2922,43525,-11.89,189,0,1,0.31085416666666665,0.00910824760904553,-0.346896619238752
dqn,123,2923,43548,9.77,23,1,0,0.31049000000000004,0.0015924580705662568,-0.4884741008281708
dqn,123,2924,43550,-10.02,2,0,1,0.3104583333333334,,
dqn,123,2925,43588,-10.38,38,0,1,0.30985666666666667,0.003077875159215182,-0.2681622266769409
dqn,123,2926,43600,-10.12,12,0,1,0.30966666666666665,0.004615407049035032,-0.2658633192380269
dqn,123,2927,43610,-10.1,10,0,1,0.3095083333333334,0.0037380593130365014,-0.42372019588947296
dqn,123,2928,43663,-10.53,53,0,1,0.30866916666666666,0.0016478161403658586,-0.2686773171791664
dqn,123,2929,43725,9.379999999999999,62,1,0,0.3076875,0.001254635320037778,-0.31932578049600124
dqn,123,2930,43731,-10.06,6,0,1,0.30759250000000005,0.0001830148248700425,-0.6406318545341492
dqn,123,2931,43829,-10.98,98,0,1,0.3060408333333333,0.012949197900015861,-0.40918800592422483
dqn,123,2932,43846,-10.17,17,0,1,0.30577166666666666,0.07602646081977582,-0.561994269490242
dqn,123,2933,43883,-10.37,37,0,1,0.30518583333333327,0.03629619531824978,-0.3175458171301418
dqn,123,2934,43888,-10.049999999999999,5,0,1,0.30510666666666664,0.0025510816485621035,-0.4874859005212784
dqn,123,2935,43915,-10.27,27,0,1,0.3046791666666667,0.0042445083187582595,-0.31956204275290173
dqn,123,2936,43918,-10.03,3,0,1,0.30463166666666674,0.0019139089854434133,-0.3344340920448303
dqn,123,2937,43979,-10.61,61,0,1,0.3036658333333334,0.04556248330045491,-0.5276199460029602
dqn,123,2938,44135,-11.56,156,0,1,0.30119583333333333,0.03214171225091633,-0.42882655064264935
dqn,123,2939,44190,-10.55,55,0,1,0.30032499999999995,0.005366161382491035,-0.4396425464323589
dqn,123,2940,44192,-10.02,2,0,1,0.3002933333333333,0.0019140394870191813,-0.6247543096542358
dqn,123,2941,44204,-10.12,12,0,1,0.3001033333333334,0.00174213876016438,-0.44537722567717236
dqn,123,2942,44246,-10.42,42,0,1,0.29943833333333336,0.0017971966473851353,-0.12901188284158707
dqn,123,2943,44257,-10.11,11,0,1,0.29926416666666666,0.0016896121475535135,-0.04873007535934448
dqn,123,2944,44389,-11.32,132,0,1,0.29717416666666674,0.011095560389521503,-0.37308540985439764
dqn,123,2945,44400,-10.11,11,0,1,0.29700000000000004,0.0019525091241424282,-0.17517615109682083
dqn,123,2946,44413,-10.129999999999999,13,0,1,0.2967941666666667,0.0012433199444785714,-0.32284033795197803
dqn,123,2947,44518,-11.05,105,0,1,0.2951316666666667,0.014786023647712473,-0.2717448530288843
dqn,123,2948,44548,-10.3,30,0,1,0.2946566666666667,0.003424610578804277,-0.5286461990326643
dqn,123,2949,44566,-10.18,18,0,1,0.2943716666666667,0.007039631134830415,-0.5430629327893257
dqn,123,2950,44569,-10.03,3,0,1,0.2943241666666667,0.006592428777366877,-0.6809805035591125
dqn,123,2951,44632,-10.63,63,0,1,0.29332666666666674,0.02257788195129251,-0.45083886198699474
dqn,123,2952,44703,-10.71,71,0,1,0.29220250000000003,0.018832074598107925,-0.36726348759496913
dqn,123,2953,44858,-11.55,155,0,1,0.2897483333333333,0.008475381025047496,-0.31985903836977786
dqn,123,2954,45081,-12.229999999999997,223,0,1,0.2862175000000001,0.00664240781017205,-0.3665814037833895
dqn,123,2955,45097,-10.16,16,0,1,0.2859641666666667,0.0010921683642663993,-0.48742208629846573
dqn,123,2956,45111,-10.14,14,0,1,0.2857425,0.0011789633620840807,-0.47970592975616455
dqn,123,2957,45338,-12.269999999999996,227,0,1,0.28214833333333333,0.011466988776080319,-0.34187938704302434
dqn,123,2958,45420,-10.82,82,0,1,0.28085000000000004,0.01589928727411288,-0.33424530568576993
dqn,123,2959,45422,-10.02,2,0,1,0.2808183333333334,,
dqn,123,2960,45429,-10.07,7,0,1,0.2807075,0.001800875150365755,-0.32734018564224243
dqn,123,2961,45586,-11.57,157,0,1,0.2782216666666667,0.00823015947370993,-0.3938387903647545
dqn,123,2962,45641,-10.55,55,0,1,0.2773508333333333,0.022006898986416803,-0.38667789261255947
dqn,123,2963,45653,-10.12,12,0,1,0.2771608333333333,0.001527922130965938,-0.3717985575397809
dqn,123,2964,45666,-10.129999999999999,13,0,1,0.27695500000000006,0.005024915017808477,-0.802978903055191
dqn,123,2965,45670,-10.04,4,0,1,0.27689166666666676,7.823733176337555e-05,0.0017917007207870483
dqn,123,2966,45710,-10.4,40,0,1,0.2762583333333334,0.0016563621087698267,-0.3680216021835804
dqn,123,2967,45724,-10.14,14,0,1,0.2760366666666667,0.0020903490658383816,-0.2441537193953991
dqn,123,2968,45803,-10.790000000000001,79,0,1,0.2747858333333334,0.0016703622080201871,-0.42051390989830617
dqn,123,2969,45807,-10.04,4,0,1,0.2747225000000001,0.00018985017959494144,-0.16067393124103546
dqn,123,2970,45817,-10.1,10,0,1,0.2745641666666666,0.0008935012544194857,-0.3269459009170532
dqn,123,2971,45873,-10.56,56,0,1,0.27367750000000013,0.0011254082668788864,-0.2745424008795193
dqn,123,2972,45909,9.64,36,1,0,0.27310750000000006,0.03289770588324043,-0.35089241796069676
dqn,123,2973,45916,-10.07,7,0,1,0.27299666666666667,0.00031382383895106614,-0.48918722569942474
dqn,123,2974,46006,-10.9,90,0,1,0.27157166666666666,0.0009927606330496599,-0.3725543611428954
dqn,123,2975,46010,-10.04,4,0,1,0.27150833333333335,0.0012297254288569093,0.0022829100489616394
dqn,123,2976,46012,-10.02,2,0,1,0.2714766666666667,0.0005597326089628041,0.1529504656791687
dqn,123,2977,46036,-10.24,24,0,1,0.27109666666666676,0.0016298983440113564,-0.27176277091105777
dqn,123,2978,46163,-11.270000000000001,127,0,1,0.26908583333333336,0.010425876799995275,-0.25541161241069915
dqn,123,2979,46174,-10.11,11,0,1,0.26891166666666677,0.0010466593084856868,-0.43754465381304425
dqn,123,2980,46220,-10.46,46,0,1,0.26818333333333344,0.0008777892095774101,-0.4393933067719142
dqn,123,2981,46259,9.61,39,1,0,0.2675658333333334,0.0008245677616085029,-0.36374842789438033
dqn,123,2982,46279,-10.2,20,0,1,0.26724916666666676,0.11631615555088501,-0.49986752271652224
dqn,123,2983,46295,-10.16,16,0,1,0.26699583333333343,0.0023578371619805694,-0.4651500955224037
dqn,123,2984,46336,9.59,41,1,0,0.26634666666666673,0.05163990479724651,-0.4187280698256059
dqn,123,2985,46345,-10.09,9,0,1,0.2662041666666667,0.001162687607575208,-0.8026398122310638
dqn,123,2986,46408,-10.63,63,0,1,0.2652066666666667,0.0015351966576417908,-0.3796759322285652
dqn,123,2987,46559,-11.510000000000002,151,0,1,0.26281583333333336,0.008573789381468511,-0.3418144199091035
dqn,123,2988,46591,-10.32,32,0,1,0.2623091666666667,0.0002903494441852672,-0.3102157264947891
dqn,123,2989,46624,-10.33,33,0,1,0.2617866666666667,0.0006533299327000148,-0.49030983116891647
dqn,123,2990,46658,-10.34,34,0,1,0.2612483333333334,0.0006129770299594384,-0.349150825291872
dqn,123,2991,46771,8.87,113,1,0,0.2594591666666667,0.0003737413740704402,-0.27751449442335535
dqn,123,2992,46910,-11.39,139,0,1,0.25725833333333337,0.009992832198622636,-0.37377530549253735
dqn,123,2993,47028,-11.18,118,0,1,0.25539,0.011059254604576078,-0.3794521200160185
dqn,123,2994,47038,-10.1,10,0,1,0.25523166666666663,0.0019505558302626014,-0.3510313034057617
dqn,123,2995,47071,-10.33,33,0,1,0.25470916666666676,0.03664803060291888,-0.2500094622373581
dqn,123,2996,47073,-10.02,2,0,1,0.2546775000000001,0.0006474204128608108,-0.026776641607284546
dqn,123,2997,47090,-10.17,17,0,1,0.25440833333333335,0.07697192764317151,-0.33744632080197334
dqn,123,2998,47108,-10.18,18,0,1,0.25412333333333337,0.06367335747927427,-0.367712664604187
dqn,123,2999,47156,-10.48,48,0,1,0.2533633333333334,0.006759109897150968,-0.48977722103397053
dqn,123,3000,47165,-10.09,9,0,1,0.25322083333333334,0.15198335354216397,-0.5020427852869034
dqn,123,3001,47187,-10.22,22,0,1,0.25287250000000006,0.0027202610624954106,-0.25234845876693723
dqn,123,3002,47217,-10.3,30,0,1,0.25239750000000005,0.00260950160009088,-0.49838448502123356
dqn,123,3003,47330,-11.13,113,0,1,0.2506083333333333,0.012259451961394266,-0.3996364160307816
dqn,123,3004,47503,-11.73,173,0,1,0.2478691666666667,0.00815793278296803,-0.40891562038382817
dqn,123,3005,47522,-10.19,19,0,1,0.2475683333333334,0.0016763425839599222,-0.466702926158905
dqn,123,3006,47658,-11.360000000000001,136,0,1,0.24541500000000005,0.019862821406337283,-0.32729607623289614
dqn,123,3007,47689,-10.31,31,0,1,0.24492416666666672,0.006075669582060073,-0.4155470822006464
dqn,123,3008,47691,-10.02,2,0,1,0.24489250000000007,,
dqn,123,3009,47774,-10.83,83,0,1,0.24357833333333334,0.026514186916063495,-0.33626769731442135
dqn,123,3010,47935,-11.610000000000001,161,0,1,0.24102916666666663,0.009140542102977633,-0.3412315361201763
dqn,123,3011,47955,-10.2,20,0,1,0.2407125,0.0017225132847670465,-0.2824714109301567
dqn,123,3012,47970,-10.15,15,0,1,0.240475,0.002718915551668033,-0.21072637662291527
dqn,123,3013,47971,-10.01,1,0,1,0.24045916666666667,,
dqn,123,3014,47980,-10.09,9,0,1,0.24031666666666673,0.0021378479044263563,-0.5153103371461233
dqn,123,3015,47984,-10.04,4,0,1,0.24025333333333343,0.0013958157505840063,-0.1698319911956787
dqn,123,3016,48018,-10.34,34,0,1,0.239715,0.0015078881697263569,-0.3354374747723341
dqn,123,3017,48027,-10.09,9,0,1,0.23957250000000008,0.0010923384688794613,-0.4170490801334381
dqn,123,3018,48071,-10.44,44,0,1,0.2388758333333334,0.029481081942900677,-0.24550987780094147
dqn,123,3019,48087,-10.16,16,0,1,0.23862250000000007,0.0024335970520041883,-0.5478197261691093
dqn,123,3020,48097,-10.1,10,0,1,0.2384641666666667,0.001147846943543603,-0.22615123788515726
dqn,123,3021,48119,-10.22,22,0,1,0.2381158333333333,0.0027715487405657767,-0.3404372245073318
dqn,123,3022,48124,-10.049999999999999,5,0,1,0.23803666666666667,0.0009548435446049552,-0.3283776715397835
dqn,123,3023,48203,-10.790000000000001,79,0,1,0.23678583333333336,0.0010270756687723885,-0.21957975547564657
dqn,123,3024,48210,-10.07,7,0,1,0.23667500000000008,0.001036320230923593,-0.1715155765414238
dqn,123,3025,48323,8.87,113,1,0,0.23488583333333335,0.003109607222670872,-0.39640027923243387
dqn,123,3026,48360,-10.37,37,0,1,0.23429999999999995,0.002317209809552878,-0.2551935791969299
dqn,123,3027,48362,-10.02,2,0,1,0.2342683333333333,,
dqn,123,3028,48383,-10.209999999999999,21,0,1,0.23393583333333334,0.0016378320055082441,-0.328053292632103
dqn,123,3029,48406,-10.23,23,0,1,0.23357166666666673,0.0016706476744730026,-0.7453554620345434
dqn,123,3030,48461,-10.55,55,0,1,0.23270083333333336,0.0009513694302378488,-0.41789950856140684
dqn,123,3031,48470,-10.09,9,0,1,0.23255833333333342,0.0009691210289020091,-0.3503919094800949
dqn,123,3032,48493,-10.23,23,0,1,0.2321941666666667,0.0011651485692709684,-0.3038412680228551
dqn,123,3033,48594,-11.01,101,0,1,0.2305950000000001,0.049403597334166986,-0.3791114819049835
dqn,123,3034,48600,-10.06,6,0,1,0.23050000000000004,0.0028009169618599117,-0.27319758385419846
dqn,123,3035,48629,-10.29,29,0,1,0.23004083333333336,0.007449832811419453,-0.24554024849619185
dqn,123,3036,48647,-10.18,18,0,1,0.22975583333333338,0.00442251939966809,-0.36034511029720306
dqn,123,3037,48683,-10.36,36,0,1,0.2291858333333333,0.002302809890049199,-0.37634257475535077
dqn,123,3038,48698,-10.15,15,0,1,0.22894833333333342,0.004151198896579444,-0.4181498996913433
dqn,123,3039,48708,-10.1,10,0,1,0.22879000000000005,0.0017770698371653755,-0.24181721359491348
dqn,123,3040,48809,-11.01,101,0,1,0.22719083333333334,0.014565904733026401,-0.39427480816841126
dqn,123,3041,48852,-10.43,43,0,1,0.22651,0.004271988518832421,-0.22095061229033905
dqn,123,3042,48921,-10.69,69,0,1,0.22541750000000005,0.01844937418183476,-0.25406356287353177
dqn,123,3043,48961,-10.4,40,0,1,0.22478416666666678,0.007760845369193703,-0.30604241192340853
dqn,123,3044,48975,-10.14,14,0,1,0.2245625,0.0025053792633116245,-0.3317115704218547
dqn,123,3045,49071,-10.96,96,0,1,0.22304250000000003,0.013247307349956827,-0.4342047752191623
dqn,123,3046,49244,-11.73,173,0,1,0.2203033333333334,0.03562038605576328,-0.39481522007422015
dqn,123,3047,49250,-10.06,6,0,1,0.22020833333333345,0.0020055631175637245,-0.3136247992515564
dqn,123,3048,49332,-10.82,82,0,1,0.21891000000000005,0.007223049483616792,-0.20936457209643863
dqn,123,3049,49369,-10.37,37,0,1,0.21832416666666676,0.039039850079764925,-0.42135259840223527
dqn,123,3050,49413,-10.44,44,0,1,0.21762750000000008,0.0032132750493474305,-0.3043037544597279
dqn,123,3051,49548,-11.350000000000001,135,0,1,0.21549000000000007,0.0017547404212938785,-0.3237430183764766
dqn,123,3052,49557,-10.09,9,0,1,0.21534750000000003,0.001380017027258873,-0.6528330594301224
dqn,123,3053,49638,-10.81,81,0,1,0.21406499999999995,0.015911420625343453,-0.30669461861252784
dqn,123,3054,49706,-10.68,68,0,1,0.21298833333333334,0.019750931137583822,-0.3120104806388126
dqn,123,3055,49757,9.49,51,1,0,0.21218083333333337,0.003998311209635666,-0.36799981043888974
dqn,123,3056,49770,-10.129999999999999,13,0,1,0.21197500000000002,0.0024955785678078732,-0.5248071650664011
dqn,123,3057,49800,-10.3,30,0,1,0.21150000000000002,0.0010506553589948453,-0.27726804465055466
dqn,123,3058,49806,-10.06,6,0,1,0.21140500000000007,0.00048457388766109943,-0.33789098262786865
dqn,123,3059,49810,-10.04,4,0,1,0.21134166666666665,0.0017919301753863692,-0.33243876695632935
dqn,123,3060,50024,-12.139999999999999,214,0,1,0.20795333333333332,0.01641887885947384,-0.3631290596116472
dqn,123,3061,50065,-10.41,41,0,1,0.20730416666666662,0.0018667901302251266,-0.09777119010686874
dqn,123,3062,50261,-11.96,196,0,1,0.2042008333333334,0.013540799211596653,-0.31923989647505235
dqn,123,3063,50264,-10.03,3,0,1,0.2041533333333334,0.00011418832582421601,-0.4981210231781006
dqn,123,3064,50282,-10.18,18,0,1,0.20386833333333343,0.00132892942201579,-0.24975360184907913
dqn,123,3065,50343,-10.61,61,0,1,0.2029025000000001,0.020369593316475705,-0.22976644784212114
dqn,123,3066,50367,-10.24,24,0,1,0.20252250000000005,0.0019666678902770704,-0.16925189644098282
dqn,123,3067,50376,-10.09,9,0,1,0.20238,0.001075967215001583,-0.3976895809173584
dqn,123,3068,50465,-10.89,89,0,1,0.20097083333333343,0.0022167299909845247,-0.24998990480195393
dqn,123,3069,50478,-10.129999999999999,13,0,1,0.20076499999999997,0.0009448730464403828,-0.21621505916118622
dqn,123,3070,50490,-10.12,12,0,1,0.20057500000000006,0.005805146783435096,-0.5504057506720225
dqn,123,3071,50504,9.86,14,1,0,0.20035333333333338,0.00396075111348182,-0.5132808834314346
dqn,123,3072,50587,-10.83,83,0,1,0.19903916666666677,0.0017639037032495253,-0.2802338916808367
dqn,123,3073,50609,-10.22,22,0,1,0.19869083333333337,0.048592257534134355,-0.35274090493718785
dqn,123,3074,50692,-10.83,83,0,1,0.19737666666666676,0.04267565304585982,-0.36644689454918816
dqn,123,3075,50785,-10.93,93,0,1,0.19590416666666666,0.017038937901025234,-0.31137832416140515
dqn,123,3076,50793,-10.08,8,0,1,0.19577750000000005,0.0023661904851906,-0.246822789311409
dqn,123,3077,50797,-10.04,4,0,1,0.19571416666666663,0.004047285299748182,-0.3221437633037567
dqn,123,3078,50824,-10.27,27,0,1,0.19528666666666672,0.043610057348684804,-0.15438834045614516
dqn,123,3079,50829,-10.049999999999999,5,0,1,0.1952075000000001,0.0004888726398348808,-0.3285573720932007
dqn,123,3080,50835,-10.06,6,0,1,0.19511250000000013,0.003878141287714243,-0.48263633251190186
dqn,123,3081,50848,-10.129999999999999,13,0,1,0.19490666666666667,0.005472170676512178,-0.3808145523071289
dqn,123,3082,50854,-10.06,6,0,1,0.19481166666666672,0.00032077141804620624,0.13619554042816162
dqn,123,3083,50973,-11.190000000000001,119,0,1,0.19292750000000003,0.011468850181942495,-0.4151432134211063
dqn,123,3084,51037,-10.64,64,0,1,0.19191416666666672,0.0025313962760264985,-0.3409550874494016
dqn,123,3085,51061,-10.24,24,0,1,0.19153416666666667,0.0008901459902214507,-0.5571054418881735
dqn,123,3086,51067,-10.06,6,0,1,0.19143916666666672,0.000950993737205863,-0.18168669939041138
dqn,123,3087,51178,-11.110000000000001,111,0,1,0.18968166666666675,0.009883135071244655,-0.34470636983002934
dqn,123,3088,51179,-10.01,1,0,1,0.18966583333333342,,
dqn,123,3089,51260,-10.81,81,0,1,0.18838333333333346,0.016161693801959268,-0.3525123017884436
dqn,123,3090,51276,-10.16,16,0,1,0.18813000000000002,0.0007064413075568154,-0.2068901602178812
dqn,123,3091,51296,-10.2,20,0,1,0.1878133333333334,0.0002014626581512857,-0.09971096366643906
dqn,123,3092,51363,-10.67,67,0,1,0.1867525000000001,0.019171365745933144,-0.291724338196218
dqn,123,3093,51382,-10.19,19,0,1,0.18645166666666668,0.002870971232187003,-0.7445204854011536
dqn,123,3094,51443,-10.61,61,0,1,0.18548583333333335,0.020419241536486273,-0.2478645533323288
dqn,123,3095,51452,-10.09,9,0,1,0.1853433333333333,0.001898031565360725,-0.20243523518244425
dqn,123,3096,51466,-10.14,14,0,1,0.18512166666666674,0.0002965975775926684,-0.27437349160512287
dqn,123,3097,51495,-10.29,29,0,1,0.18466250000000006,0.0010379659527513599,-0.2535677594797952
dqn,123,3098,51504,-10.09,9,0,1,0.18452000000000002,0.0006191141195207214,-0.32910143832365674
dqn,123,3099,51510,-10.06,6,0,1,0.18442499999999995,0.0007395690772682428,-0.005800604820251465
dqn,123,3100,51517,-10.07,7,0,1,0.18431416666666667,0.0011306593660265207,-0.5723056048154831
dqn,123,3101,51549,9.68,32,1,0,0.1838075,0.0012580100155901164,-0.5252300277352333
dqn,123,3102,51664,-11.15,115,0,1,0.18198666666666674,0.0006661365199573178,-0.2344786748290062
dqn,123,3103,51730,-10.66,66,0,1,0.18094166666666678,0.03522193147944108,-0.3287317231297493
dqn,123,3104,51739,-10.09,9,0,1,0.18079916666666673,0.00041950519516831264,0.07444431260228157
dqn,123,3105,51743,-10.04,4,0,1,0.18073583333333343,0.000662448990624398,-0.1562943160533905
dqn,123,3106,51787,-10.44,44,0,1,0.18003916666666675,0.0023027093028014697,-0.4004233567552133
dqn,123,3107,51798,-10.11,11,0,1,0.17986500000000005,0.0021864966644595065,-0.2544782410065333
dqn,123,3108,51821,-10.23,23,0,1,0.17950083333333333,0.0006134360931658497,-0.16395344709356627
dqn,123,3109,51887,-10.66,66,0,1,0.17845583333333337,0.000550339028450253,-0.14329396653920412
dqn,123,3110,51934,-10.47,47,0,1,0.1777116666666667,0.021814660849486245,-0.4535493105649948
dqn,123,3111,51991,-10.57,57,0,1,0.17680916666666668,0.0005670690968275137,-0.19644927020583833
dqn,123,3112,52036,9.55,45,1,0,0.1760966666666668,0.024029119424085366,-0.20172377241154513
dqn,123,3113,52074,-10.38,38,0,1,0.17549500000000007,0.0004597718604297067,-0.23439029604196548
dqn,123,3114,52088,-10.14,14,0,1,0.1752733333333334,0.0003363717878528405,-0.44798295944929123
dqn,123,3115,52122,9.66,34,1,0,0.17473499999999997,0.0007533141279054689,-0.3460149820894003
dqn,123,3116,52127,-10.049999999999999,5,0,1,0.17465583333333334,0.00019604977569542825,-0.16779275238513947
dqn,123,3117,52143,-10.16,16,0,1,0.17440250000000002,0.06033764655876439,-0.38409113325178623
dqn,123,3118,52399,-2.5599999999999894,256,0,0,0.17034916666666677,0.005909808944124961,-0.2753996377578005
dqn,123,3119,52437,-10.38,38,0,1,0.16974750000000005,0.0005946300268988125,-0.08521475419402122
dqn,123,3120,52449,-10.12,12,0,1,0.16955750000000003,0.002231546454519654,-0.15090144673983255
dqn,123,3121,52553,-11.040000000000001,104,0,1,0.16791083333333334,0.012688913069024029,-0.2621010865729589
dqn,123,3122,52790,-12.369999999999994,237,0,1,0.1641583333333334,0.012564474775730158,-0.25905089812763665
dqn,123,3123,52794,-10.04,4,0,1,0.164095,0.005929099395871162,-0.0027181655168533325
dqn,123,3124,52887,-10.93,93,0,1,0.16262250000000011,0.011196404661345498,-0.21633988521669223
dqn,123,3125,52961,-10.74,74,0,1,0.16145083333333332,0.0010684670759426233,-0.23110451784573102
dqn,123,3126,52982,-10.209999999999999,21,0,1,0.16111833333333336,0.0031903404626064,-0.22688526511192322
dqn,123,3127,53155,-11.73,173,0,1,0.15837916666666674,0.014444123965425439,-0.25977289953897165
dqn,123,3128,53222,-10.67,67,0,1,0.15731833333333334,0.01735305373714415,-0.24743387979619644
dqn,123,3129,53226,-10.04,4,0,1,0.15725500000000003,0.0014346579555422068,-0.49161669611930847
dqn,123,3130,53264,-10.38,38,0,1,0.1566533333333333,0.0021811375198012685,-0.22792162895202636
dqn,123,3131,53312,-10.48,48,0,1,0.15589333333333344,0.02518110574358919,-0.31739089513818425
dqn,123,3132,53369,-10.57,57,0,1,0.1549908333333334,0.002081923425846201,-0.26992327986019
dqn,123,3133,53388,-10.19,19,0,1,0.15469,0.06303502021473832,-0.28289050459861753
dqn,123,3134,53488,-11.0,100,0,1,0.15310666666666672,0.012617576031479984,-0.26626374930143354
dqn,123,3135,53539,9.49,51,1,0,0.15229916666666676,0.009281366520250836,-0.1794012530396382
dqn,123,3136,53548,-10.09,9,0,1,0.15215666666666672,0.009886781374613443,-0.1511575678984324
dqn,123,3137,53551,-10.03,3,0,1,0.15210916666666674,,
dqn,123,3138,53604,-10.53,53,0,1,0.15127000000000002,0.035848846002149264,-0.22261465952864715
dqn,123,3139,53626,-10.22,22,0,1,0.15092166666666662,0.010271977772936225,-0.0879206508398056
dqn,123,3140,53634,-10.08,8,0,1,0.150795,0.01862561609596014,-0.20006288588047028
dqn,123,3141,53660,-10.26,26,0,1,0.15038333333333342,0.006825147778727114,-0.0764436594077519
dqn,123,3142,53685,-10.25,25,0,1,0.14998750000000005,0.010990814965528747,-0.21673682580391565
dqn,123,3143,53923,-12.379999999999994,238,0,1,0.14621916666666668,0.008565157240994622,-0.22805955980793904
dqn,123,3144,54080,8.43,157,1,0,0.14373333333333338,0.0013702987299438973,-0.23896547593176365
dqn,123,3145,54147,-10.67,67,0,1,0.1426725000000001,0.0010818254343121225,-0.20834265043959022
dqn,123,3146,54278,-11.31,131,0,1,0.14059833333333338,0.0007898693425390361,-0.233155809117086
dqn,123,3147,54446,-11.680000000000001,168,0,1,0.13793833333333338,0.027901522379016525,-0.2236125682081495
dqn,123,3148,54500,-10.54,54,0,1,0.13708333333333333,0.0025798632705118507,-0.17954520189336368
dqn,123,3149,54700,-12.000000000000002,200,0,1,0.1339166666666668,0.0014683413991588169,-0.2526950314640999
dqn,123,3150,54792,-10.92,92,0,1,0.13246000000000002,0.014555464154672454,-0.2241647933488307
dqn,123,3151,54866,-10.74,74,0,1,0.13128833333333334,0.018290263956360932,-0.3152191597554419
dqn,123,3152,54948,-10.82,82,0,1,0.12999000000000005,0.014007550966718034,-0.20862881342569986
dqn,123,3153,55026,-10.780000000000001,78,0,1,0.12875500000000006,0.014883056154327565,-0.08219824417641289
dqn,123,3154,55150,-11.24,124,0,1,0.12679166666666664,0.002185105319855915,-0.26615455890855483
dqn,123,3155,55296,8.54,146,1,0,0.12448000000000004,0.008933303839758327,-0.19401404885826884
dqn,123,3156,55353,-10.57,57,0,1,0.1235775,0.0006155153408014615,-0.17229610787970678
dqn,123,3157,55434,-10.81,81,0,1,0.12229500000000004,0.01207813604378316,-0.2632701855152845
dqn,123,3158,55507,-10.73,73,0,1,0.12113916666666669,0.016121158509728655,-0.22505942897664177
dqn,123,3159,55511,-10.04,4,0,1,0.12107583333333338,0.0019053721334785223,-0.031064338982105255
dqn,123,3160,55525,-10.14,14,0,1,0.1208541666666667,0.0004967878758179722,0.028991222381591797
dqn,123,3161,55538,-10.129999999999999,13,0,1,0.12064833333333336,0.0009135140668756018,-0.21684488157431284
dqn,123,3162,55558,-10.2,20,0,1,0.12033166666666661,0.05640134333516471,-0.1722889631986618
dqn,123,3163,55639,-10.81,81,0,1,0.11904916666666665,0.002636405245721107,-0.19430072344839572
dqn,123,3164,55701,-10.620000000000001,62,0,1,0.11806749999999999,0.021195857672864804,-0.2523392718285322
dqn,123,3165,55741,-10.4,40,0,1,0.11743416666666662,0.03260475293500349,-0.31616027317941187
dqn,123,3166,55939,-11.98,198,0,1,0.11429916666666673,0.021993911765724877,-0.19325113007608724
dqn,123,3167,56126,8.129999999999999,187,1,0,0.11133833333333332,0.01270893519029685,-0.19599193651625452
dqn,123,3168,56192,-10.66,66,0,1,0.11029333333333335,0.015797980544020367,-0.2672586528693928
dqn,123,3169,56214,-10.22,22,0,1,0.10994500000000007,0.0011815499456133693,-0.2727512061595917
dqn,123,3170,56312,-10.98,98,0,1,0.10839333333333334,0.014931077809887939,-0.1417863503098488
dqn,123,3171,56444,8.68,132,1,0,0.10630333333333342,0.021046053956855427,-0.1957001525795821
dqn,123,3172,56483,-10.39,39,0,1,0.10568583333333337,0.004205058742728498,-0.22594201233651903
dqn,123,3173,56706,-12.229999999999997,223,0,1,0.102155,0.016316472727859428,-0.21378827707043715
dqn,123,3174,56783,-10.77,77,0,1,0.10093583333333334,0.03764180452708388,-0.16418522831640744
dqn,123,3175,56827,-10.44,44,0,1,0.10023916666666666,0.033277737032304605,-0.03720565682107752
dqn,123,3176,56836,-10.09,9,0,1,0.10009666666666672,0.019957180018536747,-0.15612866481145224
dqn,123,3177,56842,-10.06,6,0,1,0.10000166666666666,0.01414947398006916,-0.1859762817621231
dqn,123,3178,56962,-11.200000000000001,120,0,1,0.09810166666666664,0.014138695238216314,-0.09825912440816562
dqn,123,3179,56964,-10.02,2,0,1,0.09806999999999999,0.0018771614413708448,0.15960630774497986
dqn,123,3180,57003,-10.39,39,0,1,0.09745250000000005,0.034808150311518044,-0.3140506363577313
dqn,123,3181,57081,-10.780000000000001,78,0,1,0.09621750000000007,0.023316031403373925,-0.14980058446526529
dqn,123,3182,57124,-10.43,43,0,1,0.09553666666666671,0.06726108440621333,0.028234292837706478
dqn,123,3183,57251,-11.270000000000001,127,0,1,0.09352583333333331,0.04088185401633382,-0.11497313841696709
dqn,123,3184,57267,-10.16,16,0,1,0.09327249999999998,0.010955442383419722,0.07878895476460457
dqn,123,3185,57269,-10.02,2,0,1,0.09324083333333333,0.005797478836029768,0.15802383422851562
dqn,123,3186,57361,-10.92,92,0,1,0.09178416666666678,0.006666537371727273,-0.17195713131324106
dqn,123,3187,57517,-11.56,156,0,1,0.0893141666666667,0.008469606997469107,-0.06743628799151151
dqn,123,3188,57625,-11.08,108,0,1,0.0876041666666667,0.023973457791187144,-0.15543801558238488
dqn,123,3189,57824,-11.990000000000002,199,0,1,0.08445333333333338,0.007804865152575075,-0.1253410778939724
dqn,123,3190,57983,-11.590000000000002,159,0,1,0.08193583333333332,0.010756893296881268,-0.12882768362760544
dqn,123,3191,58025,-10.42,42,0,1,0.0812708333333334,0.02664242369461466,-0.26149946451187134
dqn,123,3192,58040,-10.15,15,0,1,0.08103333333333329,0.0012602501083165407,0.060313016176223755
dqn,123,3193,58143,-11.030000000000001,103,0,1,0.07940250000000004,0.023892668064218015,-0.12110541880130768
dqn,123,3194,58340,-11.97,197,0,1,0.07628333333333337,0.017164644848089664,-0.17456171602010728
dqn,123,3195,58485,-11.450000000000001,145,0,1,0.07398749999999998,0.009246085271620864,-0.09580350956983036
dqn,123,3196,58560,-10.75,75,0,1,0.07280000000000009,0.03173597802953353,-0.07232693857268284
dqn,123,3197,58816,-2.5599999999999894,256,0,0,0.06874666666666673,0.01809132290782145,-0.11275554588064551
dqn,123,3198,58893,-10.77,77,0,1,0.06752749999999996,0.0027838860283066567,-0.036330907360503546
dqn,123,3199,59104,-12.11,211,0,1,0.06418666666666673,0.0056611008597274295,-0.047597983676307604
dqn,123,3200,59360,-2.5599999999999894,256,0,0,0.06013333333333337,0.012321080283300034,-0.09735497599467635
dqn,123,3201,59402,-10.42,42,0,1,0.059468333333333345,0.0039053680608049034,-0.0274737648665905
dqn,123,3202,59658,-2.5599999999999894,256,0,0,0.0554150000000001,0.005663729159550712,-0.11400569183751941
dqn,123,3203,59787,-11.290000000000001,129,0,1,0.053372500000000045,0.008126607172926015,-0.1521899967920035
dqn,123,3204,60043,-2.5599999999999894,256,0,0,0.050000000000000044,0.014177972909237724,-0.08982331678271294
dqn,123,3205,60049,-10.06,6,0,1,0.050000000000000044,0.002152638277038932,-0.105536799877882
dqn,123,3206,60053,-10.04,4,0,1,0.050000000000000044,0.002890664152801037,0.038257718086242676
dqn,123,3207,60200,-11.47,147,0,1,0.050000000000000044,0.010487020228095856,-0.13936000035421267
dqn,123,3208,60456,-2.5599999999999894,256,0,0,0.050000000000000044,0.014427647527554655,-0.12488691019825637
dqn,123,3209,60712,-2.5599999999999894,256,0,0,0.050000000000000044,0.0021357988498493796,-0.09534316661302
dqn,123,3210,60968,-2.5599999999999894,256,0,0,0.050000000000000044,0.023454316985862533,-0.10907147673424333
dqn,123,3211,61224,-2.5599999999999894,256,0,0,0.050000000000000044,0.005276436349049618,-0.10204647609498352
dqn,123,3212,61480,-2.5599999999999894,256,0,0,0.050000000000000044,0.03815283318658658,-0.09893004805780947
dqn,123,3213,61736,-12.55999999999999,256,0,1,0.050000000000000044,0.012411163385877444,-0.054818368749693036
dqn,123,3214,61827,9.09,91,1,0,0.050000000000000044,0.01974818719794381,-0.04979700629006733
dqn,123,3215,62083,-2.5599999999999894,256,0,0,0.050000000000000044,0.012806840805978936,-0.04313403135165572
dqn,123,3216,62339,-2.5599999999999894,256,0,0,0.050000000000000044,0.0020355801680125296,-0.07795486797112972
dqn,123,3217,62595,-2.5599999999999894,256,0,0,0.050000000000000044,0.0010339164475681173,-0.039902165182866156
dqn,123,3218,62851,-2.5599999999999894,256,0,0,0.050000000000000044,0.01574709875762892,-0.020711563643999398
dqn,123,3219,63107,-2.5599999999999894,256,0,0,0.050000000000000044,0.016265284064957086,-0.046739252749830484
dqn,123,3220,63363,-2.5599999999999894,256,0,0,0.050000000000000044,0.0038619326469415682,-0.0038834677543491125
dqn,123,3221,63466,-11.030000000000001,103,0,1,0.050000000000000044,0.007664541900269866,-0.021943716762157586
dqn,123,3222,63722,-2.5599999999999894,256,0,0,0.050000000000000044,0.011503565881866962,-0.04238209960749373
dqn,123,3223,63978,-2.5599999999999894,256,0,0,0.050000000000000044,0.0036993197534229694,0.003577998490072787
dqn,123,3224,64055,-10.77,77,0,1,0.050000000000000044,0.03271840204481697,-0.0810445756896546
dqn,123,3225,64180,-11.25,125,0,1,0.050000000000000044,0.000945691803281079,-0.07000195840373635
dqn,123,3226,64189,-10.09,9,0,1,0.050000000000000044,0.0003229523135814816,-0.12462177872657776
dqn,123,3227,64445,-2.5599999999999894,256,0,0,0.050000000000000044,0.00335830516689839,0.012445551867131144
dqn,123,3228,64484,-10.39,39,0,1,0.050000000000000044,0.0195130109837919,-0.054545284062623975
dqn,123,3229,64740,-2.5599999999999894,256,0,0,0.050000000000000044,0.008968349659880914,0.02920440095476806
dqn,123,3230,64983,-12.429999999999993,243,0,1,0.050000000000000044,0.007308559536492491,-0.00952495721479257
dqn,123,3231,65239,-2.5599999999999894,256,0,0,0.050000000000000044,0.010931330306902964,0.003196905949153006
dqn,123,3232,65248,-10.09,9,0,1,0.050000000000000044,0.0938886347382019,-0.12468649943669637
dqn,123,3233,65343,9.049999999999999,95,1,0,0.050000000000000044,0.02074542783109633,-0.03840078834606254
dqn,123,3234,65375,-10.32,32,0,1,0.050000000000000044,0.0080126861903409,-0.04926692508161068
dqn,123,3235,65498,-11.23,123,0,1,0.050000000000000044,0.0091765312057349,0.0258865004345294
dqn,123,3236,65522,-10.24,24,0,1,0.050000000000000044,0.04582037489550809,-0.058705819149812065
dqn,123,3237,65524,-10.02,2,0,1,0.050000000000000044,0.0010902397334575653,0.023586630821228027
dqn,123,3238,65662,8.62,138,1,0,0.050000000000000044,0.019668156773738756,-0.0394110204104115
dqn,123,3239,65705,9.57,43,1,0,0.050000000000000044,0.01135896719907495,0.013670265674591064
dqn,123,3240,65913,7.92,208,1,0,0.050000000000000044,0.01709437743948701,-0.007993184889738377
dqn,123,3241,65963,9.5,50,1,0,0.050000000000000044,0.003809490090740534,0.064692718287309
dqn,123,3242,66008,9.55,45,1,0,0.050000000000000044,0.0019050156164060657,-0.002044177303711573
dqn,123,3243,66035,9.73,27,1,0,0.050000000000000044,0.0026706000207923353,-0.016109938422838848
dqn,123,3244,66090,9.45,55,1,0,0.050000000000000044,0.0016469198204244354,-0.08163092711142131
dqn,123,3245,66109,-10.19,19,0,1,0.050000000000000044,0.037503317900700495,-0.00949212908744812
dqn,123,3246,66132,9.77,23,1,0,0.050000000000000044,0.0036491667269729078,-0.27736106887459755
dqn,123,3247,66158,9.74,26,1,0,0.050000000000000044,0.0016421410012602184,-0.06137426197528839
dqn,123,3248,66178,-10.2,20,0,1,0.050000000000000044,0.030869471025653183,0.08695975244045258
dqn,123,3249,66191,9.870000000000001,13,1,0,0.050000000000000044,0.04762721067527309,-0.08283881346384685
dqn,123,3250,66228,-10.37,37,0,1,0.050000000000000044,0.001411684468621388,-0.04632060155272484
dqn,123,3251,66264,9.64,36,1,0,0.050000000000000044,0.03456831552062391,-0.10195228623019324
dqn,123,3252,66346,9.18,82,1,0,0.050000000000000044,0.02433843619073741,0.05334242843091488
dqn,123,3253,66364,-10.18,18,0,1,0.050000000000000044,0.0008099648694042116,0.14273405373096465
dqn,123,3254,66378,-10.14,14,0,1,0.050000000000000044,0.05836128199007362,-0.09910674889882405
dqn,123,3255,66415,-10.37,37,0,1,0.050000000000000044,0.007514175156959229,0.010305767258008322
dqn,123,3256,66445,9.7,30,1,0,0.050000000000000044,0.02040872686120565,0.054496913217008114
dqn,123,3257,66460,9.85,15,1,0,0.050000000000000044,0.03990086729754694,0.0025363024324178696
dqn,123,3258,66490,9.7,30,1,0,0.050000000000000044,0.02333970393686156,-0.10149916687182017
dqn,123,3259,66520,9.7,30,1,0,0.050000000000000044,0.019285203750769142,0.09093523118644953
dqn,123,3260,66543,9.77,23,1,0,0.050000000000000044,0.0018561690871138127,-0.10655170083045959
dqn,123,3261,66548,-10.049999999999999,5,0,1,0.050000000000000044,0.007407270953990519,-0.05320128798484802
dqn,123,3262,66584,9.64,36,1,0,0.050000000000000044,0.0028938338218722492,-0.0746927261352539
dqn,123,3263,66599,9.85,15,1,0,0.050000000000000044,0.048087606516977154,-0.06379310290018718
dqn,123,3264,66654,-10.55,55,0,1,0.050000000000000044,0.029066108091293636,0.06126156662191663
dqn,123,3265,66694,9.6,40,1,0,0.050000000000000044,0.02992783037625486,0.08394602239131928
dqn,123,3266,66741,9.53,47,1,0,0.050000000000000044,0.03471859526083184,-0.058446336537599564
dqn,123,3267,66759,9.82,18,1,0,0.050000000000000044,0.02145362866576761,0.18968133348971605
dqn,123,3268,66844,9.15,85,1,0,0.050000000000000044,0.01593198178108485,0.018583136695352467
dqn,123,3269,67010,8.34,166,1,0,0.050000000000000044,0.01660470311705977,0.04245860493037759
dqn,123,3270,67021,9.89,11,1,0,0.050000000000000044,0.0037660746602341533,0.057650347550710045
dqn,123,3271,67084,9.37,63,1,0,0.050000000000000044,0.028353414301818702,0.10194271802902222
dqn,123,3272,67113,9.71,29,1,0,0.050000000000000044,0.002192883103686784,0.0672463710818972
dqn,123,3273,67369,-2.5599999999999894,256,0,0,0.050000000000000044,0.01245267499689362,0.0858872786629945
dqn,123,3274,67398,9.71,29,1,0,0.050000000000000044,0.0012135462436292852,0.13575911309037889
dqn,123,3275,67415,-10.17,17,0,1,0.050000000000000044,0.0014943927380954847,0.02893826737999916
dqn,123,3276,67646,-12.309999999999995,231,0,1,0.050000000000000044,0.0060277333200090275,0.0458114316751217
dqn,123,3277,67718,9.28,72,1,0,0.050000000000000044,0.011661427907205911,0.0799212869670656
dqn,123,3278,67726,-10.08,8,0,1,0.050000000000000044,0.07097921485546976,0.15594572573900223
dqn,123,3279,67800,9.26,74,1,0,0.050000000000000044,0.004962788413793437,0.14574504682892248
dqn,123,3280,67878,-10.780000000000001,78,0,1,0.050000000000000044,0.003310574068516297,0.035768128539386546
dqn,123,3281,68134,-2.5599999999999894,256,0,0,0.050000000000000044,0.011607346002620034,0.0835142508149147
dqn,123,3282,68253,8.809999999999999,119,1,0,0.050000000000000044,0.007158590869706435,0.10250181431571642
dqn,123,3283,68475,7.780000000000003,222,1,0,0.050000000000000044,0.013726164524930275,0.06560561548579823
dqn,123,3284,68542,-10.67,67,0,1,0.050000000000000044,0.02156331593869254,0.1306031561073135
dqn,123,3285,68567,9.75,25,1,0,0.050000000000000044,0.029689763439819217,0.1476942722996076
dqn,123,3286,68759,8.079999999999998,192,1,0,0.050000000000000044,0.010676706183100274,0.07036736017713945
dqn,123,3287,68835,-10.76,76,0,1,0.050000000000000044,0.0285188045083104,0.1276086600203263
dqn,123,3288,68871,9.64,36,1,0,0.050000000000000044,0.0347004963130328,-0.011523962020874023
dqn,123,3289,69101,7.700000000000005,230,1,0,0.050000000000000044,0.019269621600336715,0.08757515521398906
dqn,123,3290,69139,9.62,38,1,0,0.050000000000000044,0.0042871432443563305,0.18826445937156677
dqn,123,3291,69159,-10.2,20,0,1,0.050000000000000044,0.0017978099640458822,0.1507135584950447
dqn,123,3292,69402,7.570000000000007,243,1,0,0.050000000000000044,0.01758098410448197,0.07756495634551908
dqn,123,3293,69441,9.61,39,1,0,0.050000000000000044,0.01829794452060014,0.09919294267892838
dqn,123,3294,69477,-10.36,36,0,1,0.050000000000000044,0.04427826303678254,0.03111735896931754
dqn,123,3295,69512,9.65,35,1,0,0.050000000000000044,0.033716681675286964,0.042040872077147164
dqn,123,3296,69535,-10.23,23,0,1,0.050000000000000044,0.0016988828545436263,-0.06313836276531219
dqn,123,3297,69546,9.89,11,1,0,0.050000000000000044,0.0685224460515504,0.2663741372525692
dqn,123,3298,69559,9.870000000000001,13,1,0,0.050000000000000044,0.0031250338846196732,0.2508298009634018
dqn,123,3299,69592,9.67,33,1,0,0.050000000000000044,0.018986190656303532,0.11231804804669486
dqn,123,3300,69616,9.76,24,1,0,0.050000000000000044,0.057732698624022305,0.06697025150060654
dqn,123,3301,69659,9.57,43,1,0,0.050000000000000044,0.024327003117650747,0.12690377086400986
dqn,123,3302,69662,-10.03,3,0,1,0.050000000000000044,0.000853913719765842,0.37420594692230225
dqn,123,3303,69758,-10.96,96,0,1,0.050000000000000044,0.021794886416804122,0.11306957093377908
dqn,123,3304,69781,9.77,23,1,0,0.050000000000000044,0.02125812222948298,0.0471867968638738
dqn,123,3305,69840,9.41,59,1,0,0.050000000000000044,0.008673189997595424,0.21505651324987413
dqn,123,3306,69851,9.89,11,1,0,0.050000000000000044,0.17762135178782046,0.11758116632699966
dqn,123,3307,70082,7.690000000000005,231,1,0,0.050000000000000044,0.0267255832039719,0.08686668618485846
dqn,123,3308,70123,9.59,41,1,0,0.050000000000000044,0.028776939096860587,0.24303604140877724
dqn,123,3309,70153,-10.3,30,0,1,0.050000000000000044,0.01326825806609122,0.13136919867247343
dqn,123,3310,70193,9.6,40,1,0,0.050000000000000044,0.031169889064040036,0.258207818120718
dqn,123,3311,70372,-11.790000000000001,179,0,1,0.050000000000000044,0.0201171982063291,0.1463680366675059
dqn,123,3312,70416,-10.44,44,0,1,0.050000000000000044,0.00551573283420029,0.12506543099880219
dqn,123,3313,70428,-10.12,12,0,1,0.050000000000000044,0.0027032544215520224,-0.0369567945599556
dqn,123,3314,70530,-11.02,102,0,1,0.050000000000000044,0.03056843684054911,0.06820716679096223
dqn,123,3315,70534,-10.04,4,0,1,0.050000000000000044,0.0012182039208710194,0.22848165035247803
dqn,123,3316,70631,-10.97,97,0,1,0.050000000000000044,0.03260302052512998,0.08290729733804862
dqn,123,3317,70718,-10.870000000000001,87,0,1,0.050000000000000044,0.016393682530509646,0.20065125687555832
dqn,123,3318,70953,7.650000000000006,235,1,0,0.050000000000000044,0.024131359673555057,0.13044762522992442
dqn,123,3319,71001,-10.48,48,0,1,0.050000000000000044,0.0026761969396223626,-0.056689021488030754
dqn,123,3320,71030,9.71,29,1,0,0.050000000000000044,0.06320843632732119,0.03280213475227356
dqn,123,3321,71043,-10.129999999999999,13,0,1,0.050000000000000044,0.01138136861845851,0.11437574774026871
dqn,123,3322,71058,-10.15,15,0,1,0.050000000000000044,0.016960206936346367,0.06447866931557655
dqn,123,3323,71098,9.6,40,1,0,0.050000000000000044,0.015001702320296318,0.17838907539844512
dqn,123,3324,71212,-11.14,114,0,1,0.050000000000000044,0.021937563477469415,0.14756057437123923
dqn,123,3325,71238,-10.26,26,0,1,0.050000000000000044,0.008884088795942565,0.22515994310379028
dqn,123,3326,71494,-2.5599999999999894,256,0,0,0.050000000000000044,0.041264727942689206,0.17700433055870235
dqn,123,3327,71536,-10.42,42,0,1,0.050000000000000044,0.02070820111442696,0.10938109322027727
dqn,123,3328,71578,9.58,42,1,0,0.050000000000000044,0.03096753276186064,0.2311705693602562
dqn,123,3329,71753,8.249999999999998,175,1,0,0.050000000000000044,0.021216845745749943,0.16975812461565842
dqn,123,3330,71791,-10.38,38,0,1,0.050000000000000044,0.035511600914307766,0.18967770536740622
dqn,123,3331,71924,-11.33,133,0,1,0.050000000000000044,0.0348535043954411,0.1237054337911746
dqn,123,3332,71944,9.8,20,1,0,0.050000000000000044,0.028956681676208972,-0.028315117955207823
dqn,123,3333,72059,-11.15,115,0,1,0.050000000000000044,0.022812501656257415,0.2384748360408204
dqn,123,3334,72176,8.83,117,1,0,0.050000000000000044,0.016959645389579236,0.17041722560922304
dqn,123,3335,72408,7.680000000000005,232,1,0,0.050000000000000044,0.02134030661144262,0.19319968702721185
dqn,123,3336,72664,-2.5599999999999894,256,0,0,0.050000000000000044,0.02073722272143641,0.1867219353443943
dqn,123,3337,72701,9.63,37,1,0,0.050000000000000044,0.027053467463701963,0.23536393874221379
dqn,123,3338,72923,7.780000000000003,222,1,0,0.050000000000000044,0.03238012040965259,0.26201375912536273
dqn,123,3339,72945,-10.22,22,0,1,0.050000000000000044,0.026671397344519693,0.4025731161236763
dqn,123,3340,72977,-10.32,32,0,1,0.050000000000000044,0.029495337745174766,0.2300196960568428
dqn,123,3341,73039,-10.620000000000001,62,0,1,0.050000000000000044,0.046125274648269016,0.2998819977045059
dqn,123,3342,73082,9.57,43,1,0,0.050000000000000044,0.03145558683371002,0.27681030468507245
dqn,123,3343,73113,9.69,31,1,0,0.050000000000000044,0.02049789240118116,0.32865943387150764
dqn,123,3344,73136,9.77,23,1,0,0.050000000000000044,0.05684845979946355,0.3159564547240734
dqn,123,3345,73350,7.860000000000001,214,1,0,0.050000000000000044,0.05211083579562464,0.32550133385185925
dqn,123,3346,73357,-10.07,7,0,1,0.050000000000000044,0.05369156040251255,0.3621690422296524
dqn,123,3347,73374,9.83,17,1,0,0.050000000000000044,0.023965008556842804,0.19107843935489655
dqn,123,3348,73410,9.64,36,1,0,0.050000000000000044,0.03989922069013119,0.3134422236018711
dqn,123,3349,73438,9.72,28,1,0,0.050000000000000044,0.0341116338968277,0.3281195568186896
dqn,123,3350,73505,9.33,67,1,0,0.050000000000000044,0.028673392022028565,0.3359682165524539
dqn,123,3351,73574,-10.69,69,0,1,0.050000000000000044,0.047739820445285124,0.21523702758200028
dqn,123,3352,73759,-11.850000000000001,185,0,1,0.050000000000000044,0.03464140174606734,0.356529142383648
dqn,123,3353,73803,-10.44,44,0,1,0.050000000000000044,0.02900579935786399,0.32019928233190015
dqn,123,3354,73823,9.8,20,1,0,0.050000000000000044,0.015737897343933584,0.3186035990715027
dqn,123,3355,73862,-10.39,39,0,1,0.050000000000000044,0.048951466009020804,0.22739933282136918
dqn,123,3356,73970,-11.08,108,0,1,0.050000000000000044,0.030431945394310687,0.3871176242828369
dqn,123,3357,74043,-10.73,73,0,1,0.050000000000000044,0.04442150811923461,0.371438704431057
dqn,123,3358,74156,8.87,113,1,0,0.050000000000000044,0.05844998899204978,0.4537869847283281
dqn,123,3359,74173,9.83,17,1,0,0.050000000000000044,0.059948261943645775,0.5206585712730885
dqn,123,3360,74242,-10.69,69,0,1,0.050000000000000044,0.0632829114466029,0.4707685726530412
dqn,123,3361,74275,-10.33,33,0,1,0.050000000000000044,0.0732320616953075,0.5891888551414013
dqn,123,3362,74397,8.78,122,1,0,0.050000000000000044,0.05589152277717667,0.4290001293824565
dqn,123,3363,74408,9.89,11,1,0,0.050000000000000044,0.06094163563102484,0.3649732917547226
dqn,123,3364,74421,9.870000000000001,13,1,0,0.050000000000000044,0.05622309818863869,0.4377979238828023
dqn,123,3365,74514,-10.93,93,0,1,0.050000000000000044,0.04080629532994783,0.429289241199908
dqn,123,3366,74528,9.86,14,1,0,0.050000000000000044,0.03385021537542343,0.590567197650671
dqn,123,3367,74551,-10.23,23,0,1,0.050000000000000044,0.027852265816181897,0.5506322503089904
dqn,123,3368,74558,-10.07,7,0,1,0.050000000000000044,0.08514755219221115,0.40657296776771545
dqn,123,3369,74575,9.83,17,1,0,0.050000000000000044,0.032502268673852086,0.502642247825861
dqn,123,3370,74707,-11.32,132,0,1,0.050000000000000044,0.04980081452451872,0.45177716558629816
dqn,123,3371,74770,-10.63,63,0,1,0.050000000000000044,0.038498919195262715,0.4005014169961214
dqn,123,3372,74774,-10.04,4,0,1,0.050000000000000044,0.0030955057591199875,0.40752145648002625
dqn,123,3373,74782,-10.08,8,0,1,0.050000000000000044,0.05385669879615307,0.371107742190361
dqn,123,3374,74806,9.76,24,1,0,0.050000000000000044,0.025851502859344084,0.3597968916098277
dqn,123,3375,74949,-11.430000000000001,143,0,1,0.050000000000000044,0.03690312414740523,0.49729296937584877
dqn,123,3376,75103,8.459999999999999,154,1,0,0.050000000000000044,0.08315015741084751,0.4920349700474425
dqn,123,3377,75346,-12.429999999999993,243,0,1,0.050000000000000044,0.07570014297046133,0.5651294994549673
dqn,123,3378,75376,-10.3,30,0,1,0.050000000000000044,0.04283435083925724,0.6235479768365622
dqn,123,3379,75434,-10.58,58,0,1,0.050000000000000044,0.06853762545090701,0.4886548849088805
dqn,123,3380,75618,-11.840000000000002,184,0,1,0.050000000000000044,0.05999893042177934,0.5385721690304901
dqn,123,3381,75833,-12.149999999999999,215,0,1,0.050000000000000044,0.07457640076366563,0.6012653782963753
dqn,123,3382,75849,-10.16,16,0,1,0.050000000000000044,0.07065700460225344,0.6488051041960716
dqn,123,3383,75873,9.76,24,1,0,0.050000000000000044,0.06463334538663427,0.6628101567427317
dqn,123,3384,75939,-10.66,66,0,1,0.050000000000000044,0.04826427000807598,0.5662211421877146
dqn,123,3385,75980,-10.41,41,0,1,0.050000000000000044,0.07277324414727362,0.4317759763110768
dqn,123,3386,75987,-10.07,7,0,1,0.050000000000000044,0.045346472412347794,0.8483911752700806
dqn,123,3387,76243,-2.5599999999999894,256,0,0,0.050000000000000044,0.11896379952668212,0.6608727420680225
dqn,123,3388,76499,-12.55999999999999,256,0,1,0.050000000000000044,0.10927272884873673,0.7709148861467838
dqn,123,3389,76654,8.45,155,1,0,0.050000000000000044,0.1038367116632752,0.7102240637326852
dqn,123,3390,76671,9.83,17,1,0,0.050000000000000044,0.12626920640468597,0.827662318944931
dqn,123,3391,76736,-10.65,65,0,1,0.050000000000000044,0.09570216431337245,0.8296802815269021
dqn,123,3392,76790,-10.54,54,0,1,0.050000000000000044,0.11760164911930378,0.7585026896916903
dqn,123,3393,76828,-10.38,38,0,1,0.050000000000000044,0.1312245475128293,0.7398411065340043
dqn,123,3394,76931,8.969999999999999,103,1,0,0.050000000000000044,0.09825739569962025,0.6644390946626664
dqn,123,3395,77187,-2.5599999999999894,256,0,0,0.050000000000000044,0.12773193790053483,0.8169265645556152
dqn,123,3396,77226,9.61,39,1,0,0.050000000000000044,0.11886719539761544,0.8300185680389405
dqn,123,3397,77482,-2.5599999999999894,256,0,0,0.050000000000000044,0.13858740427531302,0.9074549693614244
dqn,123,3398,77499,9.83,17,1,0,0.050000000000000044,0.13927261717617512,0.7391591370105743
dqn,123,3399,77514,9.85,15,1,0,0.050000000000000044,0.09760250803083181,0.852686271071434
dqn,123,3400,77532,-10.18,18,0,1,0.050000000000000044,0.07842531204223632,0.6929237425327301
dqn,123,3401,77549,9.83,17,1,0,0.050000000000000044,0.09295391291379929,1.0146287977695465
dqn,123,3402,77625,-10.76,76,0,1,0.050000000000000044,0.15015994478017092,0.911223618607772
dqn,123,3403,77663,9.62,38,1,0,0.050000000000000044,0.08585521454612415,0.8959029250674777
dqn,123,3404,77696,9.67,33,1,0,0.050000000000000044,0.08161899323264758,0.7031717896461487
dqn,123,3405,77721,-10.25,25,0,1,0.050000000000000044,0.1072999940564235,1.032340943813324
dqn,123,3406,77772,-10.51,51,0,1,0.050000000000000044,0.1568131994169492,0.9426625921176031
dqn,123,3407,77802,9.7,30,1,0,0.050000000000000044,0.13706580123731069,1.1214223418916975
dqn,123,3408,77833,9.69,31,1,0,0.050000000000000044,0.14347595954313874,0.9696687012910843
dqn,123,3409,77877,-10.44,44,0,1,0.050000000000000044,0.08720483055168932,1.0328749960119075
dqn,123,3410,77956,9.209999999999999,79,1,0,0.050000000000000044,0.14225971698760986,1.0387461990118028
dqn,123,3411,78099,-11.430000000000001,143,0,1,0.050000000000000044,0.12806872499308417,1.0089310543877739
dqn,123,3412,78115,-10.16,16,0,1,0.050000000000000044,0.17535394616425037,1.2021741271018982
dqn,123,3413,78126,9.89,11,1,0,0.050000000000000044,0.1939016506075859,1.0617190996805828
dqn,123,3414,78368,-12.419999999999993,242,0,1,0.050000000000000044,0.12131499260908267,0.9914434513107675
dqn,123,3415,78387,9.81,19,1,0,0.050000000000000044,0.09452746389433742,1.0401491075754166
dqn,123,3416,78402,9.85,15,1,0,0.050000000000000044,0.11143649742007256,0.9270700961351395
dqn,123,3417,78424,9.78,22,1,0,0.050000000000000044,0.1237381969889005,0.9358163674672445
dqn,123,3418,78435,9.89,11,1,0,0.050000000000000044,0.06725670956075191,1.112427294254303
dqn,123,3419,78484,9.51,49,1,0,0.050000000000000044,0.14259459307560554,1.0924599629182081
dqn,123,3420,78517,9.67,33,1,0,0.050000000000000044,0.199221508577466,0.9755068123340607
dqn,123,3421,78557,9.6,40,1,0,0.050000000000000044,0.11576403565704822,0.962076473236084
dqn,123,3422,78585,9.72,28,1,0,0.050000000000000044,0.12034706372235503,1.0797713994979858
dqn,123,3423,78627,9.58,42,1,0,0.050000000000000044,0.11895945072174072,1.1608230292797088
dqn,123,3424,78661,9.66,34,1,0,0.050000000000000044,0.0909530334174633,0.9513620601760017
dqn,123,3425,78709,9.52,48,1,0,0.050000000000000044,0.07948498443389933,1.137466236948967
dqn,123,3426,78738,9.71,29,1,0,0.050000000000000044,0.06688413742397513,0.9144772802080426
dqn,123,3427,78770,9.68,32,1,0,0.050000000000000044,0.11921191355213523,1.0078777074813843
dqn,123,3428,78773,-10.03,3,0,1,0.050000000000000044,0.14799733459949493,1.2347095012664795
dqn,123,3429,78797,-10.24,24,0,1,0.050000000000000044,0.08658126400162776,1.0221456984678905
dqn,123,3430,78819,9.78,22,1,0,0.050000000000000044,0.08194881528615952,1.065746581554413
dqn,123,3431,78832,9.870000000000001,13,1,0,0.050000000000000044,0.07836859067901969,1.2276055216789246
dqn,123,3432,78884,9.48,52,1,0,0.050000000000000044,0.10186696138519508,1.1270974140900831
dqn,123,3433,78900,9.84,16,1,0,0.050000000000000044,0.08054489991627634,1.1753698289394379
dqn,123,3434,78947,9.53,47,1,0,0.050000000000000044,0.10583525574342771,1.094189925627275
dqn,123,3435,78984,-10.37,37,0,1,0.050000000000000044,0.0906486390158534,1.0228060185909271
dqn,123,3436,79001,9.83,17,1,0,0.050000000000000044,0.16522849909961224,1.0525609254837036
dqn,123,3437,79023,9.78,22,1,0,0.050000000000000044,0.1597327008843422,1.2970874071121217
dqn,123,3438,79057,9.66,34,1,0,0.050000000000000044,0.16548441764381197,1.2891322043206956
dqn,123,3439,79075,9.82,18,1,0,0.050000000000000044,0.13506572134792805,1.2544575929641724
dqn,123,3440,79089,9.86,14,1,0,0.050000000000000044,0.19694391265511513,1.1917381882667542
dqn,123,3441,79122,9.67,33,1,0,0.050000000000000044,0.1529780626296997,1.1559370532631874
dqn,123,3442,79141,9.81,19,1,0,0.050000000000000044,0.14334648102521896,1.276793122291565
dqn,123,3443,79162,9.790000000000001,21,1,0,0.050000000000000044,0.10897867009043694,1.308266282081604
dqn,123,3444,79191,9.71,29,1,0,0.050000000000000044,0.16642669481890543,1.1549258402415685
dqn,123,3445,79193,-10.02,2,0,1,0.050000000000000044,0.13677051663398743,1.4351104497909546
dqn,123,3446,79287,-10.940000000000001,94,0,1,0.050000000000000044,0.13764122047502061,1.3048349126525547
dqn,123,3447,79298,9.89,11,1,0,0.050000000000000044,0.06636703635255496,0.9982263445854187
dqn,123,3448,79320,9.78,22,1,0,0.050000000000000044,0.13704205676913261,1.1775178511937459
dqn,123,3449,79362,9.58,42,1,0,0.050000000000000044,0.11189562529325485,1.2898341476917268
dqn,123,3450,79381,9.81,19,1,0,0.050000000000000044,0.1968847095966339,1.310780930519104
dqn,123,3451,79528,8.53,147,1,0,0.050000000000000044,0.12930819331794172,1.3633333170736157
dqn,123,3452,79547,9.81,19,1,0,0.050000000000000044,0.17628602124750614,0.831068828701973
dqn,123,3453,79564,9.83,17,1,0,0.050000000000000044,0.08621923848986626,1.2338289499282837
dqn,123,3454,79577,9.870000000000001,13,1,0,0.050000000000000044,0.13916766519347826,1.3563209374745686
dqn,123,3455,79615,9.62,38,1,0,0.050000000000000044,0.0970375986976756,1.3069891730944316
dqn,123,3456,79642,9.73,27,1,0,0.050000000000000044,0.12566482382161276,1.327747106552124
dqn,123,3457,79658,9.84,16,1,0,0.050000000000000044,0.07794050965458155,0.9921521544456482
dqn,123,3458,79671,9.870000000000001,13,1,0,0.050000000000000044,0.10667097568511963,1.198395808537801
dqn,123,3459,79717,9.54,46,1,0,0.050000000000000044,0.11131687834858894,1.2665132284164429
dqn,123,3460,79736,9.81,19,1,0,0.050000000000000044,0.14526571631431578,1.3437939405441284
dqn,123,3461,79753,9.83,17,1,0,0.050000000000000044,0.12542006745934486,1.2982500195503235
dqn,123,3462,79774,9.790000000000001,21,1,0,0.050000000000000044,0.12960830330848694,1.7559513330459595
dqn,123,3463,79789,9.85,15,1,0,0.050000000000000044,0.09727050270885229,1.3126519620418549
dqn,123,3464,79800,9.89,11,1,0,0.050000000000000044,0.10364501178264618,1.2274646759033203
dqn,123,3465,79821,9.790000000000001,21,1,0,0.050000000000000044,0.1844424307346344,1.2981823921203612
dqn,123,3466,80023,7.979999999999999,202,1,0,0.050000000000000044,0.1156865530461073,1.3949156522750854
dqn,123,3467,80043,9.8,20,1,0,0.050000000000000044,0.20487092137336732,1.6336676120758056
dqn,123,3468,80054,9.89,11,1,0,0.050000000000000044,0.1727519085009893,1.0780155261357625
dqn,123,3469,80099,9.55,45,1,0,0.050000000000000044,0.22329689088192853,1.5679792707616633
dqn,123,3470,80146,9.53,47,1,0,0.050000000000000044,0.17906035607059798,1.5988481044769287
dqn,123,3471,80166,9.8,20,1,0,0.050000000000000044,0.18324702084064484,1.5259158849716186
dqn,123,3472,80205,-10.39,39,0,1,0.050000000000000044,0.18334252312779425,1.5829408764839172
dqn,123,3473,80216,9.89,11,1,0,0.050000000000000044,0.14543887227773666,1.6027156511942546
dqn,123,3474,80261,9.55,45,1,0,0.050000000000000044,0.16047244722192938,1.608474937352267
dqn,123,3475,80294,9.67,33,1,0,0.050000000000000044,0.19998627621680498,1.5674408376216888
dqn,123,3476,80305,-10.11,11,0,1,0.050000000000000044,0.14464748402436575,1.10091366370519
dqn,123,3477,80308,-10.03,3,0,1,0.050000000000000044,0.13524864614009857,1.8779566287994385
dqn,123,3478,80340,9.68,32,1,0,0.050000000000000044,0.12621512915939093,1.7925229370594025
dqn,123,3479,80373,9.67,33,1,0,0.050000000000000044,0.21434235200285912,1.5381270796060562
dqn,123,3480,80391,9.82,18,1,0,0.050000000000000044,0.13961759582161903,1.378742516040802
dqn,123,3481,80427,9.64,36,1,0,0.050000000000000044,0.17337803708182442,1.6658877266777887
dqn,123,3482,80472,9.55,45,1,0,0.050000000000000044,0.13214443189402422,1.622922107577324
dqn,123,3483,80508,9.64,36,1,0,0.050000000000000044,0.1865209225151274,1.4426269663704767
dqn,123,3484,80516,-10.08,8,0,1,0.050000000000000044,0.12504449486732483,1.6903042793273926
dqn,123,3485,80571,9.45,55,1,0,0.050000000000000044,0.11710593075706409,1.5867915428601778
dqn,123,3486,80586,9.85,15,1,0,0.050000000000000044,0.10226629860699177,1.7120461761951447
dqn,123,3487,80604,-10.18,18,0,1,0.050000000000000044,0.13597723990678787,1.6361631631851197
dqn,123,3488,80640,-10.36,36,0,1,0.050000000000000044,0.11593424032131831,1.5109433465533786
dqn,123,3489,80666,-10.26,26,0,1,0.050000000000000044,0.15398985768357912,1.4393367568651836
dqn,123,3490,80683,9.83,17,1,0,0.050000000000000044,0.08569421619176865,1.5655727684497833
dqn,123,3491,80726,-10.43,43,0,1,0.050000000000000044,0.10281882367350838,1.5948293859308416
dqn,123,3492,80761,-10.35,35,0,1,0.050000000000000044,0.13305127289560106,1.7069423331154718
dqn,123,3493,80805,9.56,44,1,0,0.050000000000000044,0.11255472661419348,1.777884689244357
dqn,123,3494,80833,9.72,28,1,0,0.050000000000000044,0.1084916487868343,1.548865488597325
dqn,123,3495,80880,9.53,47,1,0,0.050000000000000044,0.10776339036722977,1.7269770801067352
dqn,123,3496,80893,9.870000000000001,13,1,0,0.050000000000000044,0.12122023105621338,1.7280003627141316
dqn,123,3497,80910,9.83,17,1,0,0.050000000000000044,0.14499280601739883,2.08846777677536
dqn,123,3498,80924,-10.14,14,0,1,0.050000000000000044,0.12155808322131634,1.8229986727237701
dqn,123,3499,80982,9.42,58,1,0,0.050000000000000044,0.12351120050464358,1.5172202501978194
dqn,123,3500,81001,9.81,19,1,0,0.050000000000000044,0.16317727118730546,1.7998175382614137
dqn,123,3501,81017,-10.16,16,0,1,0.050000000000000044,0.22792671620845795,1.5521471798419952
dqn,123,3502,81041,9.76,24,1,0,0.050000000000000044,0.24214804669221243,2.251360217730204
dqn,123,3503,81097,-10.56,56,0,1,0.050000000000000044,0.18627295536654337,1.955033847263881
dqn,123,3504,81105,-10.08,8,0,1,0.050000000000000044,0.3057558834552765,2.1602208614349365
dqn,123,3505,81118,9.870000000000001,13,1,0,0.050000000000000044,0.12094595034917195,2.132657011349996
dqn,123,3506,81150,9.68,32,1,0,0.050000000000000044,0.22899764217436314,2.074684754014015
dqn,123,3507,81170,9.8,20,1,0,0.050000000000000044,0.17315808236598967,2.0818291902542114
dqn,123,3508,81211,9.59,41,1,0,0.050000000000000044,0.15754764303565025,2.051802408695221
dqn,123,3509,81228,9.83,17,1,0,0.050000000000000044,0.23643193244934083,2.265847182273865
dqn,123,3510,81239,9.89,11,1,0,0.050000000000000044,0.2557923272252083,2.342567801475525
dqn,123,3511,81254,9.85,15,1,0,0.050000000000000044,0.1608111895620823,2.226577788591385
dqn,123,3512,81281,9.73,27,1,0,0.050000000000000044,0.15271027279751642,2.1622526815959384
dqn,123,3513,81299,9.82,18,1,0,0.050000000000000044,0.14143466018140316,1.7721676230430603
dqn,123,3514,81317,9.82,18,1,0,0.050000000000000044,0.1467056080698967,2.0055680751800535
dqn,123,3515,81332,9.85,15,1,0,0.050000000000000044,0.15664316341280937,2.1725528240203857
dqn,123,3516,81372,9.6,40,1,0,0.050000000000000044,0.1331523321568966,2.0623495221138
dqn,123,3517,81389,9.83,17,1,0,0.050000000000000044,0.16985704191029072,2.4605891704559326
dqn,123,3518,81411,9.78,22,1,0,0.050000000000000044,0.1075778380036354,2.0715118885040282
dqn,123,3519,81428,9.83,17,1,0,0.050000000000000044,0.17143470346927642,2.1978017807006838
dqn,123,3520,81462,9.66,34,1,0,0.050000000000000044,0.13321345299482346,2.085860326886177
dqn,123,3521,81489,9.73,27,1,0,0.050000000000000044,0.1142035254410335,2.045959711074829
dqn,123,3522,81502,9.870000000000001,13,1,0,0.050000000000000044,0.11074697722991307,2.104435165723165
dqn,123,3523,81515,9.870000000000001,13,1,0,0.050000000000000044,0.08827545990546544,2.0076356331507363
dqn,123,3524,81532,9.83,17,1,0,0.050000000000000044,0.13911760747432708,2.000174379348755
dqn,123,3525,81543,9.89,11,1,0,0.050000000000000044,0.09760026633739471,1.9558630585670471
dqn,123,3526,81556,9.870000000000001,13,1,0,0.050000000000000044,0.12981636263430119,2.3199310898780823
dqn,123,3527,81570,9.86,14,1,0,0.050000000000000044,0.11336695030331612,1.7138960361480713
dqn,123,3528,81583,9.870000000000001,13,1,0,0.050000000000000044,0.16081572820742926,2.040765126546224
dqn,123,3529,81600,9.83,17,1,0,0.050000000000000044,0.12552558034658431,1.9450533390045166
dqn,123,3530,81626,9.74,26,1,0,0.050000000000000044,0.1618893618384997,2.2521018187204995
dqn,123,3531,81645,9.81,19,1,0,0.050000000000000044,0.11581280976533889,1.8802397966384887
dqn,123,3532,81667,-10.22,22,0,1,0.050000000000000044,0.12285505831241608,1.9689373970031738
dqn,123,3533,81679,-10.12,12,0,1,0.050000000000000044,0.07653408745924632,2.080950697263082
dqn,123,3534,81694,9.85,15,1,0,0.050000000000000044,0.10851302370429039,2.054135799407959
dqn,123,3535,81714,9.8,20,1,0,0.050000000000000044,0.0985954724252224,1.9147815465927125
dqn,123,3536,81734,-10.2,20,0,1,0.050000000000000044,0.1314127489924431,2.209855246543884
dqn,123,3537,81754,9.8,20,1,0,0.050000000000000044,0.10320389866828919,2.146602416038513
dqn,123,3538,81777,9.77,23,1,0,0.050000000000000044,0.10458296661575635,2.128949224948883
dqn,123,3539,81821,9.56,44,1,0,0.050000000000000044,0.13715403459288858,2.1419471502304077
dqn,123,3540,81841,9.8,20,1,0,0.050000000000000044,0.13576062321662902,2.079170322418213
dqn,123,3541,81856,9.85,15,1,0,0.050000000000000044,0.09293502941727638,2.029359519481659
dqn,123,3542,81893,-10.37,37,0,1,0.050000000000000044,0.11097300383779737,2.235905475086636
dqn,123,3543,81907,9.86,14,1,0,0.050000000000000044,0.13675295313199362,2.104568839073181
dqn,123,3544,81917,-10.1,10,0,1,0.050000000000000044,0.12221503009398778,2.0079272985458374
dqn,123,3545,81939,9.78,22,1,0,0.050000000000000044,0.09954985827207566,2.1785213947296143
dqn,123,3546,81955,9.84,16,1,0,0.050000000000000044,0.10640590079128742,1.9149335026741028
dqn,123,3547,81967,-10.12,12,0,1,0.050000000000000044,0.14518892019987106,1.997636357943217
dqn,123,3548,82127,8.399999999999999,160,1,0,0.050000000000000044,0.21119654271751642,2.4042641848325728
dqn,123,3549,82149,9.78,22,1,0,0.050000000000000044,0.2012376735607783,2.4993214209874473
dqn,123,3550,82164,9.85,15,1,0,0.050000000000000044,0.20227911323308945,2.482152909040451
dqn,123,3551,82177,9.870000000000001,13,1,0,0.050000000000000044,0.2524676074584325,2.1182765563329062
dqn,123,3552,82188,9.89,11,1,0,0.050000000000000044,0.16776131093502045,2.162043650945028
dqn,123,3553,82212,9.76,24,1,0,0.050000000000000044,0.19654547174771628,2.4747146368026733
dqn,123,3554,82233,9.790000000000001,21,1,0,0.050000000000000044,0.15833877325057982,2.1742093563079834
dqn,123,3555,82257,9.76,24,1,0,0.050000000000000044,0.20172875126202902,2.6370331048965454
dqn,123,3556,82271,9.86,14,1,0,0.050000000000000044,0.13625661532084146,2.1149426301320395
dqn,123,3557,82290,9.81,19,1,0,0.050000000000000044,0.16490657776594161,2.5752448558807375
dqn,123,3558,82303,9.870000000000001,13,1,0,0.050000000000000044,0.1994456797838211,2.436276912689209
dqn,123,3559,82325,9.78,22,1,0,0.050000000000000044,0.16890945906440416,2.613722006479899
dqn,123,3560,82338,9.870000000000001,13,1,0,0.050000000000000044,0.1632554034392039,2.6732680002848306
dqn,123,3561,82354,9.84,16,1,0,0.050000000000000044,0.1889134645462036,2.680657148361206
dqn,123,3562,82367,9.870000000000001,13,1,0,0.050000000000000044,0.15786326179901758,2.4268287817637124
dqn,123,3563,82388,9.790000000000001,21,1,0,0.050000000000000044,0.2078091154495875,2.7731998761494956
dqn,123,3564,82414,9.74,26,1,0,0.050000000000000044,0.19958329945802689,2.814316670099894
dqn,123,3565,82474,-10.6,60,0,1,0.050000000000000044,0.1843141163388888,2.52913187344869
dqn,123,3566,82488,9.86,14,1,0,0.050000000000000044,0.16882767155766487,2.3238143622875214
dqn,123,3567,82519,9.69,31,1,0,0.050000000000000044,0.2007182730095727,2.5960515907832553
dqn,123,3568,82530,9.89,11,1,0,0.050000000000000044,0.20673522353172302,2.596348683039347
dqn,123,3569,82545,9.85,15,1,0,0.050000000000000044,0.20313022285699844,2.4417296648025513
dqn,123,3570,82558,9.870000000000001,13,1,0,0.050000000000000044,0.14295274019241333,2.673079013824463
dqn,123,3571,82611,9.47,53,1,0,0.050000000000000044,0.18714646765818962,2.5993013565356913
dqn,123,3572,82628,9.83,17,1,0,0.050000000000000044,0.21622946858406067,2.544979619979858
dqn,123,3573,82641,9.870000000000001,13,1,0,0.050000000000000044,0.14467390378316244,2.8014299869537354
dqn,123,3574,82652,9.89,11,1,0,0.050000000000000044,0.12170105179150899,2.229740301767985
dqn,123,3575,82682,9.7,30,1,0,0.050000000000000044,0.17311142917190278,2.5097498212541853
dqn,123,3576,82699,9.83,17,1,0,0.050000000000000044,0.11737909726798534,2.1197866797447205
dqn,123,3577,82713,9.86,14,1,0,0.050000000000000044,0.15813414938747883,2.417190968990326
dqn,123,3578,82728,9.85,15,1,0,0.050000000000000044,0.1832721084356308,2.4735535979270935
dqn,123,3579,82743,9.85,15,1,0,0.050000000000000044,0.18734686573346457,2.9392096996307373
dqn,123,3580,82760,9.83,17,1,0,0.050000000000000044,0.1789035215973854,2.380808639526367
dqn,123,3581,82775,9.85,15,1,0,0.050000000000000044,0.12421275178591411,2.1721537907918296
dqn,123,3582,82798,9.77,23,1,0,0.050000000000000044,0.22837101916472116,2.8126588265101113
dqn,123,3583,82822,9.76,24,1,0,0.050000000000000044,0.13808134570717812,2.198370615641276
dqn,123,3584,82838,9.84,16,1,0,0.050000000000000044,0.13660847395658493,2.393005132675171
dqn,123,3585,82857,9.81,19,1,0,0.050000000000000044,0.1280596911907196,2.490950012207031
dqn,123,3586,82870,9.870000000000001,13,1,0,0.050000000000000044,0.20532774925231934,2.2714422941207886
dqn,123,3587,82887,9.83,17,1,0,0.050000000000000044,0.18005003035068512,2.2690781354904175
dqn,123,3588,82900,9.870000000000001,13,1,0,0.050000000000000044,0.14506379701197147,2.673120856285095
dqn,123,3589,82911,9.89,11,1,0,0.050000000000000044,0.16024384647607803,2.778733253479004
dqn,123,3590,82926,9.85,15,1,0,0.050000000000000044,0.1504923328757286,2.529343545436859
dqn,123,3591,82948,9.78,22,1,0,0.050000000000000044,0.150869719684124,2.5649454991022744
dqn,123,3592,82961,9.870000000000001,13,1,0,0.050000000000000044,0.16034423063198724,3.048192024230957
dqn,123,3593,82974,9.870000000000001,13,1,0,0.050000000000000044,0.14776874085267386,2.3907689253489175
dqn,123,3594,82994,9.8,20,1,0,0.050000000000000044,0.17494652718305587,2.496960973739624
dqn,123,3595,83005,9.89,11,1,0,0.050000000000000044,0.2332912633816401,2.714966058731079
dqn,123,3596,83008,-10.03,3,0,1,0.050000000000000044,0.33050838112831116,2.6917214393615723
dqn,123,3597,83024,9.84,16,1,0,0.050000000000000044,0.2719392105937004,2.9191882610321045
dqn,123,3598,83037,9.870000000000001,13,1,0,0.050000000000000044,0.24432135621706644,3.157599767049154
dqn,123,3599,83057,9.8,20,1,0,0.050000000000000044,0.33142009973526,3.0660773277282716
dqn,123,3600,83068,9.89,11,1,0,0.050000000000000044,0.2734464357296626,3.5153531233469644
dqn,123,3601,83109,9.59,41,1,0,0.050000000000000044,0.21577405780553818,2.918755626678467
dqn,123,3602,83193,9.16,84,1,0,0.050000000000000044,0.18459098182973407,3.075216304688227
dqn,123,3603,83395,7.979999999999999,202,1,0,0.050000000000000044,0.19343094080686568,3.1113417291641237
dqn,123,3604,83442,9.53,47,1,0,0.050000000000000044,0.1581057713677486,3.0273889700571694
dqn,123,3605,83479,9.63,37,1,0,0.050000000000000044,0.18605813715193006,3.073409769270155
dqn,123,3606,83717,7.620000000000006,238,1,0,0.050000000000000044,0.16306488725046317,3.2200722694396973
dqn,123,3607,83853,8.639999999999999,136,1,0,0.050000000000000044,0.16563659292810104,3.167152152341955
dqn,123,3608,83870,9.83,17,1,0,0.050000000000000044,0.13513953238725662,3.247972309589386
dqn,123,3609,83933,9.37,63,1,0,0.050000000000000044,0.1749193761497736,3.093059688806534
dqn,123,3610,84020,9.129999999999999,87,1,0,0.050000000000000044,0.17981351844289087,3.3338391564109107
dqn,123,3611,84033,9.870000000000001,13,1,0,0.050000000000000044,0.27903764446576435,4.196969270706177
dqn,123,3612,84044,9.89,11,1,0,0.050000000000000044,0.2318873405456543,3.559165080388387
dqn,123,3613,84055,9.89,11,1,0,0.050000000000000044,0.2751762792468071,3.7481613159179688
dqn,123,3614,84066,9.89,11,1,0,0.050000000000000044,0.210489292939504,3.920673926671346
dqn,123,3615,84081,9.85,15,1,0,0.050000000000000044,0.21706799417734146,3.9635097980499268
dqn,123,3616,84098,9.83,17,1,0,0.050000000000000044,0.1909220740199089,3.9037129282951355
dqn,123,3617,84115,9.83,17,1,0,0.050000000000000044,0.16203126683831215,3.8367419838905334
dqn,123,3618,84126,9.89,11,1,0,0.050000000000000044,0.19878790279229483,3.574558734893799
dqn,123,3619,84152,9.74,26,1,0,0.050000000000000044,0.15946790682418005,3.870074851172311
dqn,123,3620,84166,9.86,14,1,0,0.050000000000000044,0.15362810095151266,3.902836243311564
dqn,123,3621,84186,9.8,20,1,0,0.050000000000000044,0.17064953446388245,3.86784987449646
dqn,123,3622,84205,9.81,19,1,0,0.050000000000000044,0.158412466943264,4.0428472518920895
dqn,123,3623,84219,9.86,14,1,0,0.050000000000000044,0.16427624225616455,4.07920487721761
dqn,123,3624,84239,9.8,20,1,0,0.050000000000000044,0.18231617510318757,3.61868634223938
dqn,123,3625,84262,9.77,23,1,0,0.050000000000000044,0.1564197652041912,3.9875218073527017
dqn,123,3626,84281,9.81,19,1,0,0.050000000000000044,0.1588098093867302,4.141215229034424
dqn,123,3627,84297,9.84,16,1,0,0.050000000000000044,0.10900311730802059,4.3193278312683105
dqn,123,3628,84312,9.85,15,1,0,0.050000000000000044,0.15995595790445805,4.109488010406494
dqn,123,3629,84325,9.870000000000001,13,1,0,0.050000000000000044,0.15857849518458048,3.5938308238983154
dqn,123,3630,84338,-10.129999999999999,13,0,1,0.050000000000000044,0.19973239302635193,4.077004432678223
dqn,123,3631,84356,9.82,18,1,0,0.050000000000000044,0.14602854549884797,4.193966197967529
dqn,123,3632,84383,9.73,27,1,0,0.050000000000000044,0.1654344623287519,3.9488489627838135
dqn,123,3633,84394,9.89,11,1,0,0.050000000000000044,0.1523934801419576,4.131611982981364
dqn,123,3634,84410,9.84,16,1,0,0.050000000000000044,0.17693332396447659,3.9538554549217224
dqn,123,3635,84437,9.73,27,1,0,0.050000000000000044,0.1350610926747322,4.054794481822422
dqn,123,3636,84451,9.86,14,1,0,0.050000000000000044,0.19215644399325052,3.631516615549723
dqn,123,3637,84467,9.84,16,1,0,0.050000000000000044,0.11718849278986454,4.058780193328857
dqn,123,3638,84491,9.76,24,1,0,0.050000000000000044,0.1254072810212771,4.045727411905925
dqn,123,3639,84508,9.83,17,1,0,0.050000000000000044,0.14464059621095657,4.227956295013428
dqn,123,3640,84521,9.870000000000001,13,1,0,0.050000000000000044,0.17624161144097647,4.401203393936157
dqn,123,3641,84532,9.89,11,1,0,0.050000000000000044,0.13224139561255774,3.834367513656616
dqn,123,3642,84547,9.85,15,1,0,0.050000000000000044,0.16541020572185516,4.1914098262786865
dqn,123,3643,84562,9.85,15,1,0,0.050000000000000044,0.16312811523675919,4.148055255413055
dqn,123,3644,84576,9.86,14,1,0,0.050000000000000044,0.1846480816602707,3.991698980331421
dqn,123,3645,84595,9.81,19,1,0,0.050000000000000044,0.12109702825546265,3.907676935195923
dqn,123,3646,84616,9.790000000000001,21,1,0,0.050000000000000044,0.12250743061304092,4.077104051907857
dqn,123,3647,84633,9.83,17,1,0,0.050000000000000044,0.11844872683286667,4.126532137393951
dqn,123,3648,84651,9.82,18,1,0,0.050000000000000044,0.16353150829672813,4.2553790807724
dqn,123,3649,84665,9.86,14,1,0,0.050000000000000044,0.13345684856176376,3.5648677349090576
dqn,123,3650,84691,9.74,26,1,0,0.050000000000000044,0.12124613299965858,4.116326649983724
dqn,123,3651,84711,9.8,20,1,0,0.050000000000000044,0.10700066983699799,4.053787565231323
dqn,123,3652,84724,9.870000000000001,13,1,0,0.050000000000000044,0.13501013815402985,3.717080235481262
dqn,123,3653,84747,9.77,23,1,0,0.050000000000000044,0.14072443842887877,4.434356784820556
dqn,123,3654,84761,9.86,14,1,0,0.050000000000000044,0.17815721966326237,4.218403220176697
dqn,123,3655,84794,-10.33,33,0,1,0.050000000000000044,0.14116622041910887,4.117237061262131
dqn,123,3656,84814,9.8,20,1,0,0.050000000000000044,0.12036817967891693,4.101152038574218
dqn,123,3657,84827,9.870000000000001,13,1,0,0.050000000000000044,0.1382651428381602,4.484937032063802
dqn,123,3658,84860,9.67,33,1,0,0.050000000000000044,0.14093928204642403,4.179605854882134
dqn,123,3659,84901,9.59,41,1,0,0.050000000000000044,0.13328596353530883,3.9913875579833986
dqn,123,3660,84914,9.870000000000001,13,1,0,0.050000000000000044,0.14649458229541779,3.8472816149393716
dqn,123,3661,84927,9.870000000000001,13,1,0,0.050000000000000044,0.15518563985824585,4.170597076416016
dqn,123,3662,84942,-10.15,15,0,1,0.050000000000000044,0.14566409401595592,3.8139095306396484
dqn,123,3663,84956,9.86,14,1,0,0.050000000000000044,0.17264844477176666,3.9540403485298157
dqn,123,3664,84971,9.85,15,1,0,0.050000000000000044,0.13300594687461853,4.184557755788167
dqn,123,3665,84996,9.75,25,1,0,0.050000000000000044,0.11087562037365777,4.242441858564105
dqn,123,3666,85019,9.77,23,1,0,0.050000000000000044,0.26930918395519254,4.629294586181641
dqn,123,3667,85037,9.82,18,1,0,0.050000000000000044,0.2422252744436264,4.876809024810791
dqn,123,3668,85059,9.78,22,1,0,0.050000000000000044,0.23785549402236938,4.838862180709839
dqn,123,3669,85120,-10.61,61,0,1,0.050000000000000044,0.16488418076187372,4.712076842784882
dqn,123,3670,85347,-12.269999999999996,227,0,1,0.050000000000000044,0.14536671140896423,4.790239670446941
dqn,123,3671,85515,-11.680000000000001,168,0,1,0.050000000000000044,0.1477429441043309,4.848899154436021
dqn,123,3672,85673,-11.580000000000002,158,0,1,0.050000000000000044,0.14030983690172433,4.841101813316345
dqn,123,3673,85730,-10.57,57,0,1,0.050000000000000044,0.12027284130454063,4.931466409138271
dqn,123,3674,85799,-10.69,69,0,1,0.050000000000000044,0.12653272730462692,4.90287130019244
dqn,123,3675,86020,-12.209999999999997,221,0,1,0.050000000000000044,0.13677333588046686,4.9052984203611105
dqn,123,3676,86055,-10.35,35,0,1,0.050000000000000044,0.18141210451722145,5.656137943267822
dqn,123,3677,86141,9.14,86,1,0,0.050000000000000044,0.1627050959928469,5.3498288718136875
dqn,123,3678,86154,9.870000000000001,13,1,0,0.050000000000000044,0.13490956028302512,5.132447401682536
dqn,123,3679,86178,9.76,24,1,0,0.050000000000000044,0.14346774915854135,5.45850682258606
dqn,123,3680,86197,9.81,19,1,0,0.050000000000000044,0.1236415982246399,5.36409854888916
dqn,123,3681,86220,9.77,23,1,0,0.050000000000000044,0.1011113499601682,5.210072755813599
dqn,123,3682,86233,9.870000000000001,13,1,0,0.050000000000000044,0.1557839810848236,5.588257471720378
dqn,123,3683,86259,9.74,26,1,0,0.050000000000000044,0.12620283787449202,5.52171516418457
dqn,123,3684,86264,-10.049999999999999,5,0,1,0.050000000000000044,0.12068767100572586,5.236321449279785
dqn,123,3685,86304,9.6,40,1,0,0.050000000000000044,0.13145435750484466,5.685916376113892
dqn,123,3686,86397,-10.93,93,0,1,0.050000000000000044,0.13068478165761285,5.4106627754543135
dqn,123,3687,86417,-10.2,20,0,1,0.050000000000000044,0.12554087042808532,5.290684509277344
dqn,123,3688,86449,-10.32,32,0,1,0.050000000000000044,0.10515069542452693,5.610888063907623
dqn,123,3689,86471,9.78,22,1,0,0.050000000000000044,0.11128233224153519,5.706534194946289
dqn,123,3690,86491,-10.2,20,0,1,0.050000000000000044,0.09201890230178833,5.500338554382324
dqn,123,3691,86512,9.790000000000001,21,1,0,0.050000000000000044,0.12085986013213794,5.491535027821858
dqn,123,3692,86537,9.75,25,1,0,0.050000000000000044,0.08890941614905994,5.328734556833903
dqn,123,3693,86568,9.69,31,1,0,0.050000000000000044,0.11421501357108355,5.479310691356659
dqn,123,3694,86587,9.81,19,1,0,0.050000000000000044,0.1188759133219719,5.762964129447937
dqn,123,3695,86606,-10.19,19,0,1,0.050000000000000044,0.10337771028280258,5.572896194458008
dqn,123,3696,86628,9.78,22,1,0,0.050000000000000044,0.11249911412596703,5.785955826441447
dqn,123,3697,86643,9.85,15,1,0,0.050000000000000044,0.08738264193137486,5.4704867998758955
dqn,123,3698,86716,9.27,73,1,0,0.050000000000000044,0.1266908461326047,5.4315439525403475
dqn,123,3699,86742,-10.26,26,0,1,0.050000000000000044,0.11210735514760017,5.5078714688618975
dqn,123,3700,86775,9.67,33,1,0,0.050000000000000044,0.11326802428811789,5.353155434131622
dqn,123,3701,86802,9.73,27,1,0,0.050000000000000044,0.0990837716630527,5.50860459463937
dqn,123,3702,86815,9.870000000000001,13,1,0,0.050000000000000044,0.1488242968916893,5.565187136332194
dqn,123,3703,86851,9.64,36,1,0,0.050000000000000044,0.10738737550046709,5.564711570739746
dqn,123,3704,86869,9.82,18,1,0,0.050000000000000044,0.14821263700723647,5.5845952987670895
dqn,123,3705,86887,9.82,18,1,0,0.050000000000000044,0.1026008166372776,5.406189799308777
dqn,123,3706,86931,-10.44,44,0,1,0.050000000000000044,0.10466518693349579,5.422836477106268
dqn,123,3707,86960,9.71,29,1,0,0.050000000000000044,0.08795208390802145,5.680158019065857
dqn,123,3708,86964,-10.04,4,0,1,0.050000000000000044,0.1099742203950882,5.880540370941162
dqn,123,3709,86981,9.83,17,1,0,0.050000000000000044,0.06845005694776773,5.4247846603393555
dqn,123,3710,87018,9.63,37,1,0,0.050000000000000044,0.17209109001689488,5.636157671610515
dqn,123,3711,87077,9.41,59,1,0,0.050000000000000044,0.17665659586588542,5.686054229736328
dqn,123,3712,87101,9.76,24,1,0,0.050000000000000044,0.13233711694677672,5.983631531397502
dqn,123,3713,87116,9.85,15,1,0,0.050000000000000044,0.1168292686343193,5.858287215232849
dqn,123,3714,87242,-11.260000000000002,126,0,1,0.050000000000000044,0.11012587263699501,6.037810648641279
dqn,123,3715,87274,-10.32,32,0,1,0.050000000000000044,0.10538407228887081,5.707254648208618
dqn,123,3716,87293,9.81,19,1,0,0.050000000000000044,0.1395501360297203,5.742271804809571
dqn,123,3717,87312,9.81,19,1,0,0.050000000000000044,0.10853421092033386,6.068897819519043
dqn,123,3718,87328,9.84,16,1,0,0.050000000000000044,0.12223796918988228,5.886782288551331
dqn,123,3719,87339,9.89,11,1,0,0.050000000000000044,0.11465540155768394,5.85230278968811
dqn,123,3720,87351,-10.12,12,0,1,0.050000000000000044,0.1143515333533287,5.884654680887858
dqn,123,3721,87507,8.44,156,1,0,0.050000000000000044,0.09484641540509003,5.955478105789576
dqn,123,3722,87522,9.85,15,1,0,0.050000000000000044,0.07461343612521887,5.967627286911011
dqn,123,3723,87569,9.53,47,1,0,0.050000000000000044,0.08841585740447044,5.729621171951294
dqn,123,3724,87606,9.63,37,1,0,0.050000000000000044,0.0987175926566124,6.1149648030598955
dqn,123,3725,87625,9.81,19,1,0,0.050000000000000044,0.08106116279959678,5.596764373779297
dqn,123,3726,87703,9.219999999999999,78,1,0,0.050000000000000044,0.09624859808306944,6.022314347718892
dqn,123,3727,87726,9.77,23,1,0,0.050000000000000044,0.09795734596749146,6.034601926803589
dqn,123,3728,87752,9.74,26,1,0,0.050000000000000044,0.09733508420842034,6.140894753592355
dqn,123,3729,87775,9.77,23,1,0,0.050000000000000044,0.09979510009288788,5.878356266021728
dqn,123,3730,87891,8.84,116,1,0,0.050000000000000044,0.08688682292042108,6.055303540723077
dqn,123,3731,87922,9.69,31,1,0,0.050000000000000044,0.08465700130909681,6.125654220581055
dqn,123,3732,87943,9.790000000000001,21,1,0,0.050000000000000044,0.08724790439009666,6.161404418945312
dqn,123,3733,87988,9.55,45,1,0,0.050000000000000044,0.09201667085289955,5.882511695226033
dqn,123,3734,88014,9.74,26,1,0,0.050000000000000044,0.15290067717432976,6.066107114156087
dqn,123,3735,88063,9.51,49,1,0,0.050000000000000044,0.17684969368080297,6.5252145528793335
dqn,123,3736,88086,9.77,23,1,0,0.050000000000000044,0.13940182328224182,6.334956328074138
dqn,123,3737,88108,-10.22,22,0,1,0.050000000000000044,0.126752487073342,6.4869169394175215
dqn,123,3738,88131,9.77,23,1,0,0.050000000000000044,0.10828388631343841,6.591381549835205
dqn,123,3739,88183,9.48,52,1,0,0.050000000000000044,0.09652359267840019,6.359544570629414
dqn,123,3740,88210,9.73,27,1,0,0.050000000000000044,0.1037262859089034,6.472285202571324
dqn,123,3741,88233,9.77,23,1,0,0.050000000000000044,0.09944794264932473,6.749412377675374
dqn,123,3742,88247,-10.14,14,0,1,0.050000000000000044,0.09976433465878169,6.36076291402181
dqn,123,3743,88300,9.47,53,1,0,0.050000000000000044,0.09802243406219142,6.549807173865182
dqn,123,3744,88321,9.790000000000001,21,1,0,0.050000000000000044,0.08707908987998962,6.244249248504639
dqn,123,3745,88334,9.870000000000001,13,1,0,0.050000000000000044,0.08267093449831009,6.501049041748047
dqn,123,3746,88430,9.04,96,1,0,0.050000000000000044,0.09023870729530852,6.483479420344035
dqn,123,3747,88455,9.75,25,1,0,0.050000000000000044,0.08286878218253453,6.488744258880615
dqn,123,3748,88465,-10.1,10,0,1,0.050000000000000044,0.07776662210623424,6.446529070536296
dqn,123,3749,88478,9.870000000000001,13,1,0,0.050000000000000044,0.07340386261542638,6.288037618001302
dqn,123,3750,88497,9.81,19,1,0,0.050000000000000044,0.09000009596347809,6.39931001663208
dqn,123,3751,88539,9.58,42,1,0,0.050000000000000044,0.07859452478587628,6.755724191665649
dqn,123,3752,88557,9.82,18,1,0,0.050000000000000044,0.08090171664953232,6.345449161529541
dqn,123,3753,88576,9.81,19,1,0,0.050000000000000044,0.08133979737758637,6.338542175292969
dqn,123,3754,88616,9.6,40,1,0,0.050000000000000044,0.08895858563482761,6.5572028160095215
dqn,123,3755,88621,-10.049999999999999,5,0,1,0.050000000000000044,0.09121441841125488,6.820772171020508
dqn,123,3756,88651,9.7,30,1,0,0.050000000000000044,0.0717993825674057,6.440637316022601
dqn,123,3757,88679,9.72,28,1,0,0.050000000000000044,0.08810141682624817,6.481597968510219
dqn,123,3758,88695,9.84,16,1,0,0.050000000000000044,0.072679802775383,6.644397616386414
dqn,123,3759,88716,9.790000000000001,21,1,0,0.050000000000000044,0.08831600472331047,6.5379611651102705
dqn,123,3760,88759,9.57,43,1,0,0.050000000000000044,0.11694552004337311,6.6094574451446535
dqn,123,3761,88781,9.78,22,1,0,0.050000000000000044,0.09117572878797849,6.3651368618011475
dqn,123,3762,88872,-10.91,91,0,1,0.050000000000000044,0.07938403328475745,6.5796705121579375
dqn,123,3763,88885,9.870000000000001,13,1,0,0.050000000000000044,0.07378482942779858,6.601243336995442
dqn,123,3764,88933,9.52,48,1,0,0.050000000000000044,0.07884573098272085,6.580854137738545
dqn,123,3765,88960,9.73,27,1,0,0.050000000000000044,0.07726861749376569,6.424620355878558
dqn,123,3766,88985,9.75,25,1,0,0.050000000000000044,0.07605083162585895,6.481539011001587
dqn,123,3767,89007,9.78,22,1,0,0.050000000000000044,0.1089302122592926,6.633389282226562
dqn,123,3768,89028,9.790000000000001,21,1,0,0.050000000000000044,0.15390775352716446,7.021576166152954
dqn,123,3769,89147,8.809999999999999,119,1,0,0.050000000000000044,0.10500946846501581,7.122157590142612
dqn,123,3770,89197,9.5,50,1,0,0.050000000000000044,0.08175765722990036,7.0062874647287225
dqn,123,3771,89243,-10.46,46,0,1,0.050000000000000044,0.08063534105365927,7.028202013535933
dqn,123,3772,89262,9.81,19,1,0,0.050000000000000044,0.10357515513896942,7.265126514434814
dqn,123,3773,89263,-10.01,1,0,1,0.050000000000000044,,
dqn,123,3774,89279,9.84,16,1,0,0.050000000000000044,0.06644652131944895,6.868209958076477
dqn,123,3775,89282,-10.03,3,0,1,0.050000000000000044,0.09091276675462723,6.838940143585205
dqn,123,3776,89289,-10.07,7,0,1,0.050000000000000044,0.07653576135635376,7.037922620773315
dqn,123,3777,89340,-10.51,51,0,1,0.050000000000000044,0.08429909669435941,6.971581128927378
dqn,123,3778,89388,-10.48,48,0,1,0.050000000000000044,0.0709684994071722,7.132777810096741
dqn,123,3779,89401,-10.129999999999999,13,0,1,0.050000000000000044,0.06399975841244061,7.359351793924968
dqn,123,3780,89431,9.7,30,1,0,0.050000000000000044,0.07288753879921776,6.983595371246338
dqn,123,3781,89614,8.169999999999998,183,1,0,0.050000000000000044,0.08149182375358499,6.957028585931529
dqn,123,3782,89792,8.219999999999999,178,1,0,0.050000000000000044,0.067314615762896,7.057886547512478
dqn,123,3783,89968,-11.760000000000002,176,0,1,0.050000000000000044,0.07271847865459594,7.103278311816129
dqn,123,3784,89977,-10.09,9,0,1,0.050000000000000044,0.05624929443001747,7.133575439453125
dqn,123,3785,90019,-10.42,42,0,1,0.050000000000000044,0.10457196943461895,7.265870380401611
dqn,123,3786,90275,-2.5599999999999894,256,0,0,0.050000000000000044,0.07815632660640404,7.442207761108875
dqn,123,3787,90531,-2.5599999999999894,256,0,0,0.050000000000000044,0.059840570960659534,7.458310656249523
dqn,123,3788,90604,-10.73,73,0,1,0.050000000000000044,0.05596537554734632,7.599658062583522
dqn,123,3789,90860,-2.5599999999999894,256,0,0,0.050000000000000044,0.055921029939781874,7.420523375272751
dqn,123,3790,91054,8.059999999999999,194,1,0,0.050000000000000044,0.06451039396536846,7.6102219720681505
dqn,123,3791,91075,9.790000000000001,21,1,0,0.050000000000000044,0.056466826051473615,7.741415023803711
dqn,123,3792,91105,9.7,30,1,0,0.050000000000000044,0.05142977763898671,8.019645392894745
dqn,123,3793,91134,9.71,29,1,0,0.050000000000000044,0.05875253677368164,7.949689728873117
dqn,123,3794,91165,9.69,31,1,0,0.050000000000000044,0.056660777889192104,7.854896366596222
dqn,123,3795,91179,9.86,14,1,0,0.050000000000000044,0.04748375962177912,7.941751162211101
dqn,123,3796,91180,-10.01,1,0,1,0.050000000000000044,0.08474543690681458,8.139480590820312
dqn,123,3797,91197,9.83,17,1,0,0.050000000000000044,0.05966467596590519,8.006471157073975
dqn,123,3798,91242,9.55,45,1,0,0.050000000000000044,0.05809641561724923,7.86402212489735
dqn,123,3799,91264,9.78,22,1,0,0.050000000000000044,0.05884480724732081,7.911409695943196
dqn,123,3800,91311,9.53,47,1,0,0.050000000000000044,0.046503272246230735,7.929107969457453
dqn,123,3801,91334,9.77,23,1,0,0.050000000000000044,0.05480225818852583,7.943430582682292
dqn,123,3802,91354,9.8,20,1,0,0.050000000000000044,0.04717744663357735,7.9260108947753904
dqn,123,3803,91373,9.81,19,1,0,0.050000000000000044,0.0429365910589695,7.843058490753174
dqn,123,3804,91396,9.77,23,1,0,0.050000000000000044,0.047332540775338806,7.846024513244629
dqn,123,3805,91417,9.790000000000001,21,1,0,0.050000000000000044,0.0444322444498539,7.769321537017822
dqn,123,3806,91442,9.75,25,1,0,0.050000000000000044,0.049208191533883415,7.876042127609253
dqn,123,3807,91548,8.94,106,1,0,0.050000000000000044,0.0626771135462655,7.921652652599193
dqn,123,3808,91559,-10.11,11,0,1,0.050000000000000044,0.046882953494787216,7.861982583999634
dqn,123,3809,91623,-10.64,64,0,1,0.050000000000000044,0.05663114972412586,7.9464298486709595
dqn,123,3810,91844,7.790000000000003,221,1,0,0.050000000000000044,0.048120543926155994,7.976547181606293
dqn,123,3811,91879,9.65,35,1,0,0.050000000000000044,0.04879100853577256,7.929809987545013
dqn,123,3812,91951,9.28,72,1,0,0.050000000000000044,0.03899411339726713,8.001926634046766
dqn,123,3813,91987,-10.36,36,0,1,0.050000000000000044,0.04658106134997474,7.9700954755147295
dqn,123,3814,92189,7.979999999999999,202,1,0,0.050000000000000044,0.05525587689058453,8.189347407397102
dqn,123,3815,92274,9.15,85,1,0,0.050000000000000044,0.04380092876298087,8.215023767380487
dqn,123,3816,92345,9.29,71,1,0,0.050000000000000044,0.049523974975778,8.249687194824219
dqn,123,3817,92363,9.82,18,1,0,0.050000000000000044,0.04556488245725632,8.23742938041687
dqn,123,3818,92381,-10.18,18,0,1,0.050000000000000044,0.03658548928797245,8.298829460144043
dqn,123,3819,92444,9.37,63,1,0,0.050000000000000044,0.04678680468350649,8.165318459272385
dqn,123,3820,92478,-10.34,34,0,1,0.050000000000000044,0.039108170196413994,8.279420256614685
dqn,123,3821,92507,9.71,29,1,0,0.050000000000000044,0.04387252990688596,8.313647678920201
dqn,123,3822,92517,-10.1,10,0,1,0.050000000000000044,0.04018281027674675,8.42099380493164
dqn,123,3823,92571,9.46,54,1,0,0.050000000000000044,0.035048154111091905,8.162816964662992
dqn,123,3824,92827,-2.5599999999999894,256,0,0,0.050000000000000044,0.049083160381997004,8.198228619992733
dqn,123,3825,92969,8.579999999999998,142,1,0,0.050000000000000044,0.04248380748968986,8.238096475601196
dqn,123,3826,93207,-12.379999999999994,238,0,1,0.050000000000000044,0.04674115650734659,8.390939308425127
dqn,123,3827,93227,9.8,20,1,0,0.050000000000000044,0.038219654187560084,8.650748825073242
dqn,123,3828,93231,-10.04,4,0,1,0.050000000000000044,0.028287269175052643,8.32148551940918
dqn,123,3829,93268,9.63,37,1,0,0.050000000000000044,0.051912983506917955,8.505829811096191
dqn,123,3830,93295,9.73,27,1,0,0.050000000000000044,0.035815855488181114,8.486066341400146
dqn,123,3831,93310,9.85,15,1,0,0.050000000000000044,0.03470902098342776,8.440663576126099
dqn,123,3832,93328,9.82,18,1,0,0.050000000000000044,0.03298017792403698,8.465105056762695
dqn,123,3833,93377,9.51,49,1,0,0.050000000000000044,0.03563464029381672,8.556634823481241
dqn,123,3834,93453,9.24,76,1,0,0.050000000000000044,0.03782397881150246,8.478803333483244
dqn,123,3835,93544,9.09,91,1,0,0.050000000000000044,0.03769467949219372,8.456193467845088
dqn,123,3836,93571,9.73,27,1,0,0.050000000000000044,0.048397149269779526,8.29666535059611
dqn,123,3837,93634,9.37,63,1,0,0.050000000000000044,0.03269185638055205,8.38662338256836
dqn,123,3838,93668,-10.34,34,0,1,0.050000000000000044,0.047649364090628095,8.469383557637533
dqn,123,3839,93825,8.43,157,1,0,0.050000000000000044,0.042438885722404875,8.451971433101557
dqn,123,3840,93829,-10.04,4,0,1,0.050000000000000044,0.048716798424720764,8.54007625579834
dqn,123,3841,93891,9.379999999999999,62,1,0,0.050000000000000044,0.03467481955885887,8.457124169667562
dqn,123,3842,93938,9.53,47,1,0,0.050000000000000044,0.03616800392046571,8.442062695821127
dqn,123,3843,94027,9.11,89,1,0,0.050000000000000044,0.03920904309912161,8.636153416200118
dqn,123,3844,94049,9.78,22,1,0,0.050000000000000044,0.04337878370036682,8.557610034942627
dqn,123,3845,94135,9.14,86,1,0,0.050000000000000044,0.0366394127763453,8.690574645996094
dqn,123,3846,94190,9.45,55,1,0,0.050000000000000044,0.032224991624908786,8.572997093200684
dqn,123,3847,94371,8.19,181,1,0,0.050000000000000044,0.032877218950953746,8.766479100121392
dqn,123,3848,94412,9.59,41,1,0,0.050000000000000044,0.03433631733059883,8.75585582039573
dqn,123,3849,94518,8.94,106,1,0,0.050000000000000044,0.028340350836515427,8.699769240159254
dqn,123,3850,94573,9.45,55,1,0,0.050000000000000044,0.03609170312327998,8.811701842716761
dqn,123,3851,94618,-10.45,45,0,1,0.050000000000000044,0.04051860100166364,8.723442597822709
dqn,123,3852,94633,9.85,15,1,0,0.050000000000000044,0.026402337476611137,8.843298196792603
dqn,123,3853,94650,9.83,17,1,0,0.050000000000000044,0.027319004759192467,8.574203252792358
dqn,123,3854,94703,9.47,53,1,0,0.050000000000000044,0.03396878133599575,8.728336480947641
dqn,123,3855,94727,9.76,24,1,0,0.050000000000000044,0.0315992267181476,8.800216992696127
dqn,123,3856,94750,9.77,23,1,0,0.050000000000000044,0.03510052369286617,8.687980651855469
dqn,123,3857,94846,9.04,96,1,0,0.050000000000000044,0.02986823391014089,8.741488456726074
dqn,123,3858,94862,9.84,16,1,0,0.050000000000000044,0.028046651277691126,8.700592041015625
dqn,123,3859,94877,9.85,15,1,0,0.050000000000000044,0.028260235209017992,8.641706466674805
dqn,123,3860,94900,-10.23,23,0,1,0.050000000000000044,0.028151352889835835,8.696272691090902
dqn,123,3861,94937,-10.37,37,0,1,0.050000000000000044,0.030125034352143604,8.694718890719944
dqn,123,3862,95006,9.31,69,1,0,0.050000000000000044,0.02658410622354816,8.848193336935605
dqn,123,3863,95069,9.37,63,1,0,0.050000000000000044,0.04343473899643868,8.74379301071167
dqn,123,3864,95134,9.35,65,1,0,0.050000000000000044,0.034623866667971015,8.7768474817276
dqn,123,3865,95217,9.17,83,1,0,0.050000000000000044,0.031185655012017206,8.85897177741641
dqn,123,3866,95288,9.29,71,1,0,0.050000000000000044,0.02580876513901684,8.818660683102078
dqn,123,3867,95354,9.34,66,1,0,0.050000000000000044,0.024826070643030107,8.864578604698181
dqn,123,3868,95405,9.49,51,1,0,0.050000000000000044,0.026422324375464365,8.862664369436411
dqn,123,3869,95432,9.73,27,1,0,0.050000000000000044,0.026843603434307233,8.973308971949987
dqn,123,3870,95491,9.41,59,1,0,0.050000000000000044,0.031277875149888654,8.793430805206299
dqn,123,3871,95667,8.239999999999998,176,1,0,0.050000000000000044,0.02622269195589152,8.88722545450384
dqn,123,3872,95911,-12.439999999999992,244,0,1,0.050000000000000044,0.023238573681379927,8.83615113868088
dqn,123,3873,96124,-12.129999999999999,213,0,1,0.050000000000000044,0.02853887059070446,8.97922655388161
dqn,123,3874,96178,-10.54,54,0,1,0.050000000000000044,0.02783384632605773,9.075153277470516
dqn,123,3875,96213,9.65,35,1,0,0.050000000000000044,0.024377714635597333,9.001251962449816
dqn,123,3876,96266,9.47,53,1,0,0.050000000000000044,0.021218587286197223,9.085542825552134
dqn,123,3877,96285,9.81,19,1,0,0.050000000000000044,0.023724981769919395,8.945764923095703
dqn,123,3878,96408,8.77,123,1,0,0.050000000000000044,0.020989181533936533,9.040169500535534
dqn,123,3879,96483,9.25,75,1,0,0.050000000000000044,0.01986192689380712,9.004567305246988
dqn,123,3880,96523,-10.4,40,0,1,0.050000000000000044,0.021026855148375035,9.090034866333008
dqn,123,3881,96549,9.74,26,1,0,0.050000000000000044,0.022895786112972667,9.013237135750908
dqn,123,3882,96586,9.63,37,1,0,0.050000000000000044,0.01708743131409089,9.053549766540527
dqn,123,3883,96672,-10.86,86,0,1,0.050000000000000044,0.024621618403629822,9.00207536870783
dqn,123,3884,96701,9.71,29,1,0,0.050000000000000044,0.01556382394794907,8.997728756495885
dqn,123,3885,96758,9.43,57,1,0,0.050000000000000044,0.018509412916111096,9.050400393349785
dqn,123,3886,96798,9.6,40,1,0,0.050000000000000044,0.01847427822649479,9.116612148284911
dqn,123,3887,96824,9.74,26,1,0,0.050000000000000044,0.019374909145491465,9.030461856297084
dqn,123,3888,96850,-10.26,26,0,1,0.050000000000000044,0.03924564365297556,9.095513661702475
dqn,123,3889,96942,9.08,92,1,0,0.050000000000000044,0.023196540570453457,9.005557391954506
dqn,123,3890,96970,9.72,28,1,0,0.050000000000000044,0.02247783448547125,8.97554383959089
dqn,123,3891,97018,-10.48,48,0,1,0.050000000000000044,0.0227789010386914,8.993252674738565
dqn,123,3892,97040,9.78,22,1,0,0.050000000000000044,0.020665462594479322,9.125503857930502
dqn,123,3893,97162,8.78,122,1,0,0.050000000000000044,0.02038634503260255,9.104375425974528
dqn,123,3894,97181,9.81,19,1,0,0.050000000000000044,0.015262623131275178,9.143978309631347
dqn,123,3895,97208,9.73,27,1,0,0.050000000000000044,0.020804593472608497,8.983158384050641
dqn,123,3896,97230,9.78,22,1,0,0.050000000000000044,0.020030375197529794,9.167512512207031
dqn,123,3897,97252,-10.22,22,0,1,0.050000000000000044,0.018498199991881847,9.202272415161133
dqn,123,3898,97320,9.32,68,1,0,0.050000000000000044,0.019802362384165034,8.979269588694853
dqn,123,3899,97335,-10.15,15,0,1,0.050000000000000044,0.015002323624988398,9.159751256306967
dqn,123,3900,97405,9.3,70,1,0,0.050000000000000044,0.014056448824703693,9.108966509501139
dqn,123,3901,97441,9.64,36,1,0,0.050000000000000044,0.012618307231201066,9.174355824788412
dqn,123,3902,97443,-10.02,2,0,1,0.050000000000000044,,
dqn,123,3903,97472,9.71,29,1,0,0.050000000000000044,0.013471319573000073,9.03893268108368
dqn,123,3904,97489,9.83,17,1,0,0.050000000000000044,0.01382912672124803,9.197472095489502
dqn,123,3905,97556,9.33,67,1,0,0.050000000000000044,0.015535816166769056,9.044590893913718
dqn,123,3906,97609,9.47,53,1,0,0.050000000000000044,0.013298790901899338,9.061622839707594
dqn,123,3907,97626,-10.17,17,0,1,0.050000000000000044,0.01312951510772109,9.116121053695679
dqn,123,3908,97645,9.81,19,1,0,0.050000000000000044,0.014449191838502884,9.03270206451416
dqn,123,3909,97684,9.61,39,1,0,0.050000000000000044,0.01520835068076849,9.16241283416748
dqn,123,3910,97712,9.72,28,1,0,0.050000000000000044,0.012485124303826265,8.920638356889997
dqn,123,3911,97745,9.67,33,1,0,0.050000000000000044,0.01574686949606985,8.905657649040222
dqn,123,3912,97812,9.33,67,1,0,0.050000000000000044,0.01459016974138863,8.990257599774528
dqn,123,3913,97853,9.59,41,1,0,0.050000000000000044,0.012243675626814365,9.07213897705078
dqn,123,3914,97882,9.71,29,1,0,0.050000000000000044,0.01370844550962959,9.049446787152972
dqn,123,3915,97916,-10.34,34,0,1,0.050000000000000044,0.012394609757595591,9.202158715989855
dqn,123,3916,97976,9.4,60,1,0,0.050000000000000044,0.013673098602642616,8.980866686503093
dqn,123,3917,97989,-10.129999999999999,13,0,1,0.050000000000000044,0.016196788909534614,9.040506362915039
dqn,123,3918,98081,9.08,92,1,0,0.050000000000000044,0.0215656460546281,9.068153547204059
dqn,123,3919,98108,9.73,27,1,0,0.050000000000000044,0.01956523156591824,9.133491379874092
dqn,123,3920,98204,9.04,96,1,0,0.050000000000000044,0.017539389392671485,8.931520660718283
dqn,123,3921,98225,9.790000000000001,21,1,0,0.050000000000000044,0.015310591645538807,9.025490188598633
dqn,123,3922,98256,9.69,31,1,0,0.050000000000000044,0.014458252000622451,8.994529962539673
dqn,123,3923,98280,9.76,24,1,0,0.050000000000000044,0.020323782693594694,9.037661075592041
dqn,123,3924,98291,9.89,11,1,0,0.050000000000000044,0.012669239193201065,9.110781192779541
dqn,123,3925,98306,9.85,15,1,0,0.050000000000000044,0.018136451952159405,9.104686498641968
dqn,123,3926,98320,9.86,14,1,0,0.050000000000000044,0.013654040172696114,8.900898218154907
dqn,123,3927,98347,9.73,27,1,0,0.050000000000000044,0.018620965847124655,9.040441830952963
dqn,123,3928,98413,9.34,66,1,0,0.050000000000000044,0.02169280795051771,9.037222581751207
dqn,123,3929,98434,-10.209999999999999,21,0,1,0.050000000000000044,0.02897266261279583,9.11750087738037
dqn,123,3930,98460,9.74,26,1,0,0.050000000000000044,0.015801127600882734,9.211996759687151
dqn,123,3931,98497,9.63,37,1,0,0.050000000000000044,0.01532704041649898,9.128095414903429
dqn,123,3932,98537,9.6,40,1,0,0.050000000000000044,0.0160248713567853,9.081368350982666
dqn,123,3933,98552,9.85,15,1,0,0.050000000000000044,0.01393958879634738,9.047656059265137
dqn,123,3934,98563,9.89,11,1,0,0.050000000000000044,0.060343870893120766,8.842224597930908
dqn,123,3935,98607,9.56,44,1,0,0.050000000000000044,0.017033973116088997,9.086566144769842
dqn,123,3936,98651,9.56,44,1,0,0.050000000000000044,0.01807595281438394,9.103304602883078
dqn,123,3937,98671,9.8,20,1,0,0.050000000000000044,0.014813492260873317,9.171152496337891
dqn,123,3938,98714,9.57,43,1,0,0.050000000000000044,0.0159706702794541,9.022130272605203
dqn,123,3939,98739,9.75,25,1,0,0.050000000000000044,0.016427185852080584,9.083161989847818
dqn,123,3940,98765,9.74,26,1,0,0.050000000000000044,0.013602156059018202,9.022195134844099
dqn,123,3941,98802,9.63,37,1,0,0.050000000000000044,0.015244461596012115,9.173686027526855
dqn,123,3942,98827,9.75,25,1,0,0.050000000000000044,0.024245373128602903,9.198789596557617
dqn,123,3943,98840,9.870000000000001,13,1,0,0.050000000000000044,0.014580274699255824,9.114655494689941
dqn,123,3944,98889,9.51,49,1,0,0.050000000000000044,0.01765506132505834,9.03102938334147
dqn,123,3945,98909,9.8,20,1,0,0.050000000000000044,0.024079747125506402,9.02271614074707
dqn,123,3946,98931,9.78,22,1,0,0.050000000000000044,0.014999903552234174,9.23593864440918
dqn,123,3947,98942,9.89,11,1,0,0.050000000000000044,0.01609180774539709,9.207025845845541
dqn,123,3948,98961,9.81,19,1,0,0.050000000000000044,0.01443824265152216,9.125782012939453
dqn,123,3949,98986,9.75,25,1,0,0.050000000000000044,0.016342727622638147,8.99176549911499
dqn,123,3950,99003,9.83,17,1,0,0.050000000000000044,0.01107849832624197,9.241123914718628
dqn,123,3951,99031,9.72,28,1,0,0.050000000000000044,0.019479821968291487,9.167393139430455
dqn,123,3952,99037,-10.06,6,0,1,0.050000000000000044,0.026860509999096394,9.061192035675049
dqn,123,3953,99056,9.81,19,1,0,0.050000000000000044,0.015632116980850697,9.201638412475585
dqn,123,3954,99080,9.76,24,1,0,0.050000000000000044,0.015385407023131847,9.126705328623453
dqn,123,3955,99091,9.89,11,1,0,0.050000000000000044,0.01854806300252676,9.211974620819092
dqn,123,3956,99102,9.89,11,1,0,0.050000000000000044,0.032259086767832436,9.143566131591797
dqn,123,3957,99115,-10.129999999999999,13,0,1,0.050000000000000044,0.01780988834798336,9.371593475341797
dqn,123,3958,99142,9.73,27,1,0,0.050000000000000044,0.01963294842945678,9.204665728977748
dqn,123,3959,99153,9.89,11,1,0,0.050000000000000044,0.02506316763659318,9.152077992757162
dqn,123,3960,99164,9.89,11,1,0,0.050000000000000044,0.01587240242709716,9.000332514444986
dqn,123,3961,99181,-10.17,17,0,1,0.050000000000000044,0.015651007648557425,9.19626784324646
dqn,123,3962,99223,-10.42,42,0,1,0.050000000000000044,0.01748521691188216,9.080825233459473
dqn,123,3963,99241,9.82,18,1,0,0.050000000000000044,0.018859977647662163,9.086071586608886
dqn,123,3964,99255,9.86,14,1,0,0.050000000000000044,0.020724345619479816,8.921548843383789
dqn,123,3965,99268,9.870000000000001,13,1,0,0.050000000000000044,0.01932054292410612,8.952412366867065
dqn,123,3966,99284,9.84,16,1,0,0.050000000000000044,0.010284052230417728,9.113497972488403
dqn,123,3967,99336,-10.52,52,0,1,0.050000000000000044,0.025304932720386066,8.975774398216835
dqn,123,3968,99368,9.68,32,1,0,0.050000000000000044,0.016579324495978653,9.172183632850647
dqn,123,3969,99379,-10.11,11,0,1,0.050000000000000044,0.01680281199514866,9.338553428649902
dqn,123,3970,99393,9.86,14,1,0,0.050000000000000044,0.018348921788856387,8.992517948150635
dqn,123,3971,99417,-10.24,24,0,1,0.050000000000000044,0.023945791491617758,9.040059725443522
dqn,123,3972,99434,9.83,17,1,0,0.050000000000000044,0.014749954221770167,9.184489965438843
dqn,123,3973,99442,-10.08,8,0,1,0.050000000000000044,0.010899577289819717,9.242038249969482
dqn,123,3974,99464,-10.22,22,0,1,0.050000000000000044,0.015892682286600273,8.972491264343262
dqn,123,3975,99486,9.78,22,1,0,0.050000000000000044,0.013366253301501273,9.285939598083496
dqn,123,3976,99526,9.6,40,1,0,0.050000000000000044,0.013792610866948963,9.093241024017335
dqn,123,3977,99539,9.870000000000001,13,1,0,0.050000000000000044,0.01317067164927721,9.206430117289225
dqn,123,3978,99574,9.65,35,1,0,0.050000000000000044,0.018965413690441184,9.231169064839682
dqn,123,3979,99590,9.84,16,1,0,0.050000000000000044,0.014462543418630958,9.219858646392822
dqn,123,3980,99655,9.35,65,1,0,0.050000000000000044,0.015482311166124418,9.16523164510727
dqn,123,3981,99677,-10.22,22,0,1,0.050000000000000044,0.009815671558802327,9.26762056350708
dqn,123,3982,99680,-10.03,3,0,1,0.050000000000000044,0.01612415350973606,9.322214126586914
dqn,123,3983,99701,9.790000000000001,21,1,0,0.050000000000000044,0.01134671587496996,9.21905517578125
dqn,123,3984,99727,9.74,26,1,0,0.050000000000000044,0.017514225095510483,9.10306723912557
dqn,123,3985,99752,9.75,25,1,0,0.050000000000000044,0.010859149508178234,9.280210767473493
dqn,123,3986,99763,9.89,11,1,0,0.050000000000000044,0.017760119400918484,9.23129940032959
dqn,123,3987,99785,9.78,22,1,0,0.050000000000000044,0.013755474239587784,9.033806006113688
dqn,123,3988,99803,9.82,18,1,0,0.050000000000000044,0.011237611761316657,9.204010963439941
dqn,123,3989,99835,9.68,32,1,0,0.050000000000000044,0.013099713483825326,9.219428777694702
dqn,123,3990,99846,9.89,11,1,0,0.050000000000000044,0.01405363374700149,9.283637682596842
dqn,123,3991,99896,9.5,50,1,0,0.050000000000000044,0.013732803913836297,9.146338022672213
dqn,123,3992,99926,9.7,30,1,0,0.050000000000000044,0.02540985308587551,8.994446073259626
dqn,123,3993,99958,9.68,32,1,0,0.050000000000000044,0.013595048571005464,9.260042309761047
dqn,123,3994,99980,9.78,22,1,0,0.050000000000000044,0.016636213132490713,9.142901738484701
dqn,123,3995,100000,9.8,20,1,0,0.050000000000000044,0.01515615899115801,9.061969566345216
