algorithm,seed,episode,global_step,episode_return,episode_steps,success,collision,epsilon,mean_loss,mean_q
dqn,2026,1,4,-10.04,4,0,1,0.9999366666666667,,
dqn,2026,2,8,-10.04,4,0,1,0.9998733333333333,,
dqn,2026,3,23,-10.15,15,0,1,0.9996358333333333,,
dqn,2026,4,26,-10.03,3,0,1,0.9995883333333333,,
dqn,2026,5,28,-10.02,2,0,1,0.9995566666666666,,
dqn,2026,6,31,-10.03,3,0,1,0.9995091666666667,,
dqn,2026,7,35,-10.04,4,0,1,0.9994458333333334,,
dqn,2026,8,62,-10.27,27,0,1,0.9990183333333333,,
dqn,2026,9,64,-10.02,2,0,1,0.9989866666666667,,
dqn,2026,10,73,-10.09,9,0,1,0.9988441666666666,,
dqn,2026,11,78,-10.049999999999999,5,0,1,0.998765,,
dqn,2026,12,83,-10.049999999999999,5,0,1,0.9986858333333334,,
dqn,2026,13,100,-10.17,17,0,1,0.9984166666666666,,
dqn,2026,14,108,-10.08,8,0,1,0.99829,,
dqn,2026,15,110,-10.02,2,0,1,0.9982583333333334,,
dqn,2026,16,121,-10.11,11,0,1,0.9980841666666667,,
dqn,2026,17,125,-10.04,4,0,1,0.9980208333333334,,
dqn,2026,18,132,-10.07,7,0,1,0.99791,,
dqn,2026,19,142,-10.1,10,0,1,0.9977516666666667,,
dqn,2026,20,158,-10.16,16,0,1,0.9974983333333334,,
dqn,2026,21,176,-10.18,18,0,1,0.9972133333333333,,
dqn,2026,22,183,-10.07,7,0,1,0.9971025,,
dqn,2026,23,222,-10.39,39,0,1,0.996485,,
dqn,2026,24,234,-10.12,12,0,1,0.996295,,
dqn,2026,25,255,-10.209999999999999,21,0,1,0.9959625,,
dqn,2026,26,259,-10.04,4,0,1,0.9958991666666667,,
dqn,2026,27,266,-10.07,7,0,1,0.9957883333333334,,
dqn,2026,28,287,-10.209999999999999,21,0,1,0.9954558333333333,,
dqn,2026,29,302,-10.15,15,0,1,0.9952183333333333,,
dqn,2026,30,310,-10.08,8,0,1,0.9950916666666667,,
dqn,2026,31,331,-10.209999999999999,21,0,1,0.9947591666666666,,
dqn,2026,32,340,-10.09,9,0,1,0.9946166666666667,,
dqn,2026,33,348,-10.08,8,0,1,0.99449,,
dqn,2026,34,352,-10.04,4,0,1,0.9944266666666667,,
dqn,2026,35,354,-10.02,2,0,1,0.994395,,
dqn,2026,36,357,-10.03,3,0,1,0.9943475,,
dqn,2026,37,369,-10.12,12,0,1,0.9941575,,
dqn,2026,38,376,-10.07,7,0,1,0.9940466666666666,,
dqn,2026,39,383,-10.07,7,0,1,0.9939358333333334,,
dqn,2026,40,385,-10.02,2,0,1,0.9939041666666667,,
dqn,2026,41,388,-10.03,3,0,1,0.9938566666666667,,
dqn,2026,42,391,-10.03,3,0,1,0.9938091666666666,,
dqn,2026,43,396,-10.049999999999999,5,0,1,0.99373,,
dqn,2026,44,398,-10.02,2,0,1,0.9936983333333334,,
dqn,2026,45,408,-10.1,10,0,1,0.99354,,
dqn,2026,46,412,-10.04,4,0,1,0.9934766666666667,,
dqn,2026,47,420,-10.08,8,0,1,0.99335,,
dqn,2026,48,424,-10.04,4,0,1,0.9932866666666667,,
dqn,2026,49,431,-10.07,7,0,1,0.9931758333333334,,
dqn,2026,50,441,-10.1,10,0,1,0.9930175,,
dqn,2026,51,442,-10.01,1,0,1,0.9930016666666667,,
dqn,2026,52,448,-10.06,6,0,1,0.9929066666666667,,
dqn,2026,53,449,-10.01,1,0,1,0.9928908333333333,,
dqn,2026,54,463,-10.14,14,0,1,0.9926691666666667,,
dqn,2026,55,505,-10.42,42,0,1,0.9920041666666667,,
dqn,2026,56,507,-10.02,2,0,1,0.9919725,,
dqn,2026,57,511,-10.04,4,0,1,0.9919091666666666,,
dqn,2026,58,515,-10.04,4,0,1,0.9918458333333333,,
dqn,2026,59,519,-10.04,4,0,1,0.9917825,,
dqn,2026,60,534,-10.15,15,0,1,0.991545,,
dqn,2026,61,544,-10.1,10,0,1,0.9913866666666666,,
dqn,2026,62,551,-10.07,7,0,1,0.9912758333333334,,
dqn,2026,63,560,-10.09,9,0,1,0.9911333333333333,,
dqn,2026,64,565,-10.049999999999999,5,0,1,0.9910541666666667,,
dqn,2026,65,580,-10.15,15,0,1,0.9908166666666667,,
dqn,2026,66,599,-10.19,19,0,1,0.9905158333333334,,
dqn,2026,67,615,-10.16,16,0,1,0.9902625,,
dqn,2026,68,617,-10.02,2,0,1,0.9902308333333333,,
dqn,2026,69,625,-10.08,8,0,1,0.9901041666666667,,
dqn,2026,70,628,-10.03,3,0,1,0.9900566666666667,,
dqn,2026,71,630,-10.02,2,0,1,0.990025,,
dqn,2026,72,635,-10.049999999999999,5,0,1,0.9899458333333333,,
dqn,2026,73,643,-10.08,8,0,1,0.9898191666666667,,
dqn,2026,74,655,-10.12,12,0,1,0.9896291666666667,,
dqn,2026,75,659,-10.04,4,0,1,0.9895658333333334,,
dqn,2026,76,661,-10.02,2,0,1,0.9895341666666667,,
dqn,2026,77,668,-10.07,7,0,1,0.9894233333333333,,
dqn,2026,78,671,-10.03,3,0,1,0.9893758333333333,,
dqn,2026,79,677,-10.06,6,0,1,0.9892808333333334,,
dqn,2026,80,694,-10.17,17,0,1,0.9890116666666666,,
dqn,2026,81,703,-10.09,9,0,1,0.9888691666666667,,
dqn,2026,82,708,-10.049999999999999,5,0,1,0.98879,,
dqn,2026,83,718,-10.1,10,0,1,0.9886316666666667,,
dqn,2026,84,734,-10.16,16,0,1,0.9883783333333334,,
dqn,2026,85,736,-10.02,2,0,1,0.9883466666666667,,
dqn,2026,86,743,-10.07,7,0,1,0.9882358333333333,,
dqn,2026,87,747,-10.04,4,0,1,0.9881725,,
dqn,2026,88,757,-10.1,10,0,1,0.9880141666666666,,
dqn,2026,89,759,-10.02,2,0,1,0.9879825,,
dqn,2026,90,761,-10.02,2,0,1,0.9879508333333333,,
dqn,2026,91,772,-10.11,11,0,1,0.9877766666666666,,
dqn,2026,92,790,-10.18,18,0,1,0.9874916666666667,,
dqn,2026,93,800,-10.1,10,0,1,0.9873333333333333,,
dqn,2026,94,807,-10.07,7,0,1,0.9872225,,
dqn,2026,95,810,-10.03,3,0,1,0.987175,,
dqn,2026,96,814,-10.04,4,0,1,0.9871116666666667,,
dqn,2026,97,822,-10.08,8,0,1,0.986985,,
dqn,2026,98,825,-10.03,3,0,1,0.9869375,,
dqn,2026,99,845,-10.2,20,0,1,0.9866208333333333,,
dqn,2026,100,848,-10.03,3,0,1,0.9865733333333333,,
dqn,2026,101,851,-10.03,3,0,1,0.9865258333333333,,
dqn,2026,102,869,-10.18,18,0,1,0.9862408333333333,,
dqn,2026,103,875,-10.06,6,0,1,0.9861458333333334,,
dqn,2026,104,881,-10.06,6,0,1,0.9860508333333333,,
dqn,2026,105,883,-10.02,2,0,1,0.9860191666666667,,
dqn,2026,106,891,-10.08,8,0,1,0.9858925,,
dqn,2026,107,894,-10.03,3,0,1,0.985845,,
dqn,2026,108,901,-10.07,7,0,1,0.9857341666666667,,
dqn,2026,109,904,-10.03,3,0,1,0.9856866666666667,,
dqn,2026,110,906,-10.02,2,0,1,0.985655,,
dqn,2026,111,911,-10.049999999999999,5,0,1,0.9855758333333333,,
dqn,2026,112,917,-10.06,6,0,1,0.9854808333333334,,
dqn,2026,113,919,-10.02,2,0,1,0.9854491666666667,,
dqn,2026,114,925,-10.06,6,0,1,0.9853541666666666,,
dqn,2026,115,928,-10.03,3,0,1,0.9853066666666667,,
dqn,2026,116,937,-10.09,9,0,1,0.9851641666666666,,
dqn,2026,117,953,-10.16,16,0,1,0.9849108333333333,,
dqn,2026,118,955,-10.02,2,0,1,0.9848791666666666,,
dqn,2026,119,965,-10.1,10,0,1,0.9847208333333334,,
dqn,2026,120,990,-10.25,25,0,1,0.984325,,
dqn,2026,121,1004,-10.14,14,0,1,0.9841033333333333,,
dqn,2026,122,1009,-10.049999999999999,5,0,1,0.9840241666666667,,
dqn,2026,123,1015,-10.06,6,0,1,0.9839291666666666,,
dqn,2026,124,1021,-10.06,6,0,1,0.9838341666666667,,
dqn,2026,125,1030,-10.09,9,0,1,0.9836916666666666,,
dqn,2026,126,1045,-10.15,15,0,1,0.9834541666666666,,
dqn,2026,127,1065,-10.2,20,0,1,0.9831375,,
dqn,2026,128,1079,-10.14,14,0,1,0.9829158333333333,,
dqn,2026,129,1082,-10.03,3,0,1,0.9828683333333333,,
dqn,2026,130,1084,-10.02,2,0,1,0.9828366666666667,,
dqn,2026,131,1085,-10.01,1,0,1,0.9828208333333334,,
dqn,2026,132,1087,-10.02,2,0,1,0.9827891666666667,,
dqn,2026,133,1096,-10.09,9,0,1,0.9826466666666667,,
dqn,2026,134,1098,-10.02,2,0,1,0.982615,,
dqn,2026,135,1109,-10.11,11,0,1,0.9824408333333333,,
dqn,2026,136,1112,-10.03,3,0,1,0.9823933333333333,,
dqn,2026,137,1114,-10.02,2,0,1,0.9823616666666667,,
dqn,2026,138,1117,-10.03,3,0,1,0.9823141666666667,,
dqn,2026,139,1119,-10.02,2,0,1,0.9822825,,
dqn,2026,140,1130,-10.11,11,0,1,0.9821083333333334,,
dqn,2026,141,1147,-10.17,17,0,1,0.9818391666666667,,
dqn,2026,142,1159,-10.12,12,0,1,0.9816491666666667,,
dqn,2026,143,1174,-10.15,15,0,1,0.9814116666666667,,
dqn,2026,144,1176,-10.02,2,0,1,0.98138,,
dqn,2026,145,1180,-10.04,4,0,1,0.9813166666666666,,
dqn,2026,146,1184,-10.04,4,0,1,0.9812533333333333,,
dqn,2026,147,1190,-10.06,6,0,1,0.9811583333333334,,
dqn,2026,148,1197,-10.07,7,0,1,0.9810475,,
dqn,2026,149,1206,-10.09,9,0,1,0.980905,,
dqn,2026,150,1211,-10.049999999999999,5,0,1,0.9808258333333333,,
dqn,2026,151,1215,-10.04,4,0,1,0.9807625,,
dqn,2026,152,1248,-10.33,33,0,1,0.98024,,
dqn,2026,153,1277,-10.29,29,0,1,0.9797808333333333,,
dqn,2026,154,1309,-10.32,32,0,1,0.9792741666666667,,
dqn,2026,155,1312,-10.03,3,0,1,0.9792266666666667,,
dqn,2026,156,1327,-10.15,15,0,1,0.9789891666666667,,
dqn,2026,157,1329,-10.02,2,0,1,0.9789575,,
dqn,2026,158,1331,-10.02,2,0,1,0.9789258333333334,,
dqn,2026,159,1343,-10.12,12,0,1,0.9787358333333334,,
dqn,2026,160,1367,-10.24,24,0,1,0.9783558333333333,,
dqn,2026,161,1379,-10.12,12,0,1,0.9781658333333333,,
dqn,2026,162,1383,-10.04,4,0,1,0.9781025,,
dqn,2026,163,1393,-10.1,10,0,1,0.9779441666666666,,
dqn,2026,164,1409,-10.16,16,0,1,0.9776908333333333,,
dqn,2026,165,1430,-10.209999999999999,21,0,1,0.9773583333333333,,
dqn,2026,166,1438,-10.08,8,0,1,0.9772316666666667,,
dqn,2026,167,1458,-10.2,20,0,1,0.976915,,
dqn,2026,168,1463,-10.049999999999999,5,0,1,0.9768358333333333,,
dqn,2026,169,1469,-10.06,6,0,1,0.9767408333333334,,
dqn,2026,170,1474,-10.049999999999999,5,0,1,0.9766616666666667,,
dqn,2026,171,1482,-10.08,8,0,1,0.976535,,
dqn,2026,172,1495,-10.129999999999999,13,0,1,0.9763291666666667,,
dqn,2026,173,1506,-10.11,11,0,1,0.976155,,
dqn,2026,174,1529,-10.23,23,0,1,0.9757908333333334,,
dqn,2026,175,1535,-10.06,6,0,1,0.9756958333333333,,
dqn,2026,176,1538,-10.03,3,0,1,0.9756483333333333,,
dqn,2026,177,1541,-10.03,3,0,1,0.9756008333333334,,
dqn,2026,178,1545,-10.04,4,0,1,0.9755375,,
dqn,2026,179,1567,-10.22,22,0,1,0.9751891666666667,,
dqn,2026,180,1574,-10.07,7,0,1,0.9750783333333334,,
dqn,2026,181,1576,-10.02,2,0,1,0.9750466666666666,,
dqn,2026,182,1580,-10.04,4,0,1,0.9749833333333333,,
dqn,2026,183,1612,-10.32,32,0,1,0.9744766666666667,,
dqn,2026,184,1617,-10.049999999999999,5,0,1,0.9743975,,
dqn,2026,185,1620,-10.03,3,0,1,0.97435,,
dqn,2026,186,1626,-10.06,6,0,1,0.974255,,
dqn,2026,187,1632,-10.06,6,0,1,0.97416,,
dqn,2026,188,1636,-10.04,4,0,1,0.9740966666666666,,
dqn,2026,189,1648,-10.12,12,0,1,0.9739066666666667,,
dqn,2026,190,1649,-10.01,1,0,1,0.9738908333333334,,
dqn,2026,191,1658,-10.09,9,0,1,0.9737483333333333,,
dqn,2026,192,1673,-10.15,15,0,1,0.9735108333333333,,
dqn,2026,193,1705,-10.32,32,0,1,0.9730041666666667,,
dqn,2026,194,1710,-10.049999999999999,5,0,1,0.972925,,
dqn,2026,195,1717,-10.07,7,0,1,0.9728141666666666,,
dqn,2026,196,1737,-10.2,20,0,1,0.9724975,,
dqn,2026,197,1740,-10.03,3,0,1,0.97245,,
dqn,2026,198,1742,-10.02,2,0,1,0.9724183333333334,,
dqn,2026,199,1744,-10.02,2,0,1,0.9723866666666666,,
dqn,2026,200,1745,-10.01,1,0,1,0.9723708333333333,,
dqn,2026,201,1748,-10.03,3,0,1,0.9723233333333333,,
dqn,2026,202,1750,-10.02,2,0,1,0.9722916666666667,,
dqn,2026,203,1761,-10.11,11,0,1,0.9721175,,
dqn,2026,204,1771,-10.1,10,0,1,0.9719591666666667,,
dqn,2026,205,1781,-10.1,10,0,1,0.9718008333333333,,
dqn,2026,206,1783,-10.02,2,0,1,0.9717691666666667,,
dqn,2026,207,1792,-10.09,9,0,1,0.9716266666666666,,
dqn,2026,208,1802,-10.1,10,0,1,0.9714683333333334,,
dqn,2026,209,1803,-10.01,1,0,1,0.9714525,,
dqn,2026,210,1805,-10.02,2,0,1,0.9714208333333333,,
dqn,2026,211,1827,-10.22,22,0,1,0.9710725,,
dqn,2026,212,1846,-10.19,19,0,1,0.9707716666666667,,
dqn,2026,213,1854,-10.08,8,0,1,0.970645,,
dqn,2026,214,1863,-10.09,9,0,1,0.9705025,,
dqn,2026,215,1865,-10.02,2,0,1,0.9704708333333333,,
dqn,2026,216,1873,-10.08,8,0,1,0.9703441666666667,,
dqn,2026,217,1880,-10.07,7,0,1,0.9702333333333333,,
dqn,2026,218,1882,-10.02,2,0,1,0.9702016666666666,,
dqn,2026,219,1892,-10.1,10,0,1,0.9700433333333334,,
dqn,2026,220,1911,-10.19,19,0,1,0.9697425,,
dqn,2026,221,1913,-10.02,2,0,1,0.9697108333333333,,
dqn,2026,222,1923,-10.1,10,0,1,0.9695525,,
dqn,2026,223,1948,-10.25,25,0,1,0.9691566666666667,,
dqn,2026,224,1951,-10.03,3,0,1,0.9691091666666667,,
dqn,2026,225,1960,-10.09,9,0,1,0.9689666666666666,,
dqn,2026,226,1977,-10.17,17,0,1,0.9686975,,
dqn,2026,227,1987,-10.1,10,0,1,0.9685391666666666,,
dqn,2026,228,2007,-10.2,20,0,1,0.9682225,1.2714117169380188,-0.0019340002909302711
dqn,2026,229,2008,-10.01,1,0,1,0.9682066666666667,1.3178629875183105,-0.048803262412548065
dqn,2026,230,2013,-10.049999999999999,5,0,1,0.9681275,0.7296140193939209,-0.06562909483909607
dqn,2026,231,2017,-10.04,4,0,1,0.9680641666666666,0.44698819518089294,-0.11131040006875992
dqn,2026,232,2019,-10.02,2,0,1,0.9680325,,
dqn,2026,233,2028,-10.09,9,0,1,0.96789,0.9583304127057394,-0.14059412479400635
dqn,2026,234,2029,-10.01,1,0,1,0.9678741666666667,,
dqn,2026,235,2062,-10.33,33,0,1,0.9673516666666667,1.0627536550164223,-0.23077788949012756
dqn,2026,236,2066,-10.04,4,0,1,0.9672883333333333,1.2655317783355713,-0.12235059589147568
dqn,2026,237,2103,-10.37,37,0,1,0.9667025,1.1786932150522869,-0.22179852591620552
dqn,2026,238,2110,-10.07,7,0,1,0.9665916666666666,1.593700110912323,-0.33725596964359283
dqn,2026,239,2131,-10.209999999999999,21,0,1,0.9662591666666667,0.8656223595142365,-0.2629121959209442
dqn,2026,240,2149,-10.18,18,0,1,0.9659741666666667,0.9175058126449585,-0.11982595473527909
dqn,2026,241,2154,-10.049999999999999,5,0,1,0.965895,1.1332074403762817,-0.10545678436756134
dqn,2026,242,2162,-10.08,8,0,1,0.9657683333333333,1.0260073840618134,-0.18094422668218613
dqn,2026,243,2166,-10.04,4,0,1,0.965705,1.3612935543060303,-0.25919127464294434
dqn,2026,244,2171,-10.049999999999999,5,0,1,0.9656258333333333,1.2536119222640991,-0.30891236662864685
dqn,2026,245,2174,-10.03,3,0,1,0.9655783333333333,0.5809710025787354,-0.2969290614128113
dqn,2026,246,2177,-10.03,3,0,1,0.9655308333333333,1.2818272113800049,-0.4226403832435608
dqn,2026,247,2179,-10.02,2,0,1,0.9654991666666667,,
dqn,2026,248,2186,-10.07,7,0,1,0.9653883333333333,1.218253254890442,-0.3889673948287964
dqn,2026,249,2189,-10.03,3,0,1,0.9653408333333333,1.5038056373596191,-0.44896435737609863
dqn,2026,250,2204,-10.15,15,0,1,0.9651033333333333,0.9780390858650208,-0.3988209590315819
dqn,2026,251,2206,-10.02,2,0,1,0.9650716666666667,,
dqn,2026,252,2208,-10.02,2,0,1,0.96504,0.7741785049438477,-0.28017497062683105
dqn,2026,253,2219,-10.11,11,0,1,0.9648658333333333,0.7247693538665771,-0.28652115166187286
dqn,2026,254,2227,-10.08,8,0,1,0.9647391666666667,0.8691123723983765,-0.28080299496650696
dqn,2026,255,2233,-10.06,6,0,1,0.9646441666666666,0.7191894054412842,-0.3017117977142334
dqn,2026,256,2238,-10.049999999999999,5,0,1,0.964565,0.47948113083839417,-0.27543532848358154
dqn,2026,257,2240,-10.02,2,0,1,0.9645333333333334,0.4045356512069702,-0.17257025837898254
dqn,2026,258,2247,-10.07,7,0,1,0.9644225,0.49168699979782104,-0.2580409049987793
dqn,2026,259,2250,-10.03,3,0,1,0.964375,0.8794959187507629,-0.44869500398635864
dqn,2026,260,2267,-10.17,17,0,1,0.9641058333333333,0.8978672921657562,-0.6224424988031387
dqn,2026,261,2278,-10.11,11,0,1,0.9639316666666666,0.8819150924682617,-0.6876707772413889
dqn,2026,262,2289,-10.11,11,0,1,0.9637575,0.7976433436075846,-0.370087871948878
dqn,2026,263,2294,-10.049999999999999,5,0,1,0.9636783333333333,0.8267672061920166,-0.4935099184513092
dqn,2026,264,2300,-10.06,6,0,1,0.9635833333333333,0.7289613485336304,-0.7562271952629089
dqn,2026,265,2308,-10.08,8,0,1,0.9634566666666666,0.7341219186782837,-1.0791719555854797
dqn,2026,266,2313,-10.049999999999999,5,0,1,0.9633775,0.5896797776222229,-1.5577411651611328
dqn,2026,267,2316,-10.03,3,0,1,0.96333,1.0856056213378906,-1.407005786895752
dqn,2026,268,2339,-10.23,23,0,1,0.9629658333333333,0.8022171020507812,-1.210336196422577
dqn,2026,269,2346,-10.07,7,0,1,0.962855,0.6759169697761536,-0.4982081353664398
dqn,2026,270,2352,-10.06,6,0,1,0.9627600000000001,0.44285114109516144,-0.769874781370163
dqn,2026,271,2377,-10.25,25,0,1,0.9623641666666667,0.4533350095152855,-1.2043297092119853
dqn,2026,272,2390,-10.129999999999999,13,0,1,0.9621583333333333,0.5121400852998098,-0.6124405463536581
dqn,2026,273,2446,-10.56,56,0,1,0.9612716666666666,0.46807175661836353,-0.8733306378126144
dqn,2026,274,2506,-10.6,60,0,1,0.9603216666666666,0.3746725916862488,-0.7797214051087697
dqn,2026,275,2511,-10.049999999999999,5,0,1,0.9602425,0.3938716650009155,-1.0028841495513916
dqn,2026,276,2520,-10.09,9,0,1,0.9601,0.4608073929945628,-0.8853103915850321
dqn,2026,277,2526,-10.06,6,0,1,0.960005,0.2944933772087097,-1.2281619310379028
dqn,2026,278,2532,-10.06,6,0,1,0.95991,0.4679073616862297,-0.7087268531322479
dqn,2026,279,2541,-10.09,9,0,1,0.9597675,0.4952666759490967,-0.8837573826313019
dqn,2026,280,2543,-10.02,2,0,1,0.9597358333333333,,
dqn,2026,281,2565,-10.22,22,0,1,0.9593875,0.2879894400636355,-0.9134362488985062
dqn,2026,282,2568,-10.03,3,0,1,0.95934,0.6060099005699158,-0.6395269632339478
dqn,2026,283,2577,-10.09,9,0,1,0.9591975,0.46250931918621063,-0.5364199429750443
dqn,2026,284,2580,-10.03,3,0,1,0.95915,0.38374146819114685,-1.4020493030548096
dqn,2026,285,2583,-10.03,3,0,1,0.9591025,,
dqn,2026,286,2657,-10.74,74,0,1,0.9579308333333333,0.3933895255782102,-0.6877542828258715
dqn,2026,287,2666,-10.09,9,0,1,0.9577883333333334,0.444860115647316,-0.8710030615329742
dqn,2026,288,2682,-10.16,16,0,1,0.957535,0.286729353480041,-1.0504639074206352
dqn,2026,289,2685,-10.03,3,0,1,0.9574875,0.3367384076118469,-0.6894415020942688
dqn,2026,290,2687,-10.02,2,0,1,0.9574558333333333,,
dqn,2026,291,2692,-10.049999999999999,5,0,1,0.9573766666666667,0.2795967757701874,-0.7519085705280304
dqn,2026,292,2698,-10.06,6,0,1,0.9572816666666667,0.09957782924175262,-0.5724936723709106
dqn,2026,293,2706,-10.08,8,0,1,0.957155,0.24014423042535782,-1.0094310194253922
dqn,2026,294,2719,-10.129999999999999,13,0,1,0.9569491666666666,0.39028316736221313,-0.9614396095275879
dqn,2026,295,2722,-10.03,3,0,1,0.9569016666666667,0.2320924997329712,-0.9368264675140381
dqn,2026,296,2731,-10.09,9,0,1,0.9567591666666667,0.4026851952075958,-1.3666613101959229
dqn,2026,297,2733,-10.02,2,0,1,0.9567275,0.20039339363574982,-1.2581838369369507
dqn,2026,298,2746,-10.129999999999999,13,0,1,0.9565216666666667,0.4969662030537923,-0.8951098521550497
dqn,2026,299,2748,-10.02,2,0,1,0.95649,0.04117363318800926,-0.23587368428707123
dqn,2026,300,2754,-10.06,6,0,1,0.956395,0.5041038990020752,-0.9670979976654053
dqn,2026,301,2780,-10.26,26,0,1,0.9559833333333333,0.3011361871446882,-0.6245377915246146
dqn,2026,302,2803,-10.23,23,0,1,0.9556191666666667,0.225478857755661,-1.0497877478599549
dqn,2026,303,2815,-10.12,12,0,1,0.9554291666666667,0.17964121202627817,-0.7673474748929342
dqn,2026,304,2818,-10.03,3,0,1,0.9553816666666667,0.1749420315027237,-0.7605607509613037
dqn,2026,305,2820,-10.02,2,0,1,0.95535,0.1904970407485962,-1.1928672790527344
dqn,2026,306,2830,-10.1,10,0,1,0.9551916666666667,0.4840942583978176,-0.9962102174758911
dqn,2026,307,2832,-10.02,2,0,1,0.95516,0.7832348346710205,-0.6519230008125305
dqn,2026,308,2847,-10.15,15,0,1,0.9549225,0.3733426034450531,-0.7700682679812113
dqn,2026,309,2866,-10.19,19,0,1,0.9546216666666667,0.5411374151706696,-0.9634283423423767
dqn,2026,310,2871,-10.049999999999999,5,0,1,0.9545425,0.308869868516922,-0.6597158908843994
dqn,2026,311,2880,-10.09,9,0,1,0.9544,0.3136710226535797,-0.5566538572311401
dqn,2026,312,2883,-10.03,3,0,1,0.9543525,,
dqn,2026,313,2893,-10.1,10,0,1,0.9541941666666667,0.21082651118437448,-0.5781990587711334
dqn,2026,314,2895,-10.02,2,0,1,0.9541625,,
dqn,2026,315,2899,-10.04,4,0,1,0.9540991666666667,0.05105118080973625,-0.8661973476409912
dqn,2026,316,2906,-10.07,7,0,1,0.9539883333333333,0.12144778296351433,-0.6304445564746857
dqn,2026,317,2911,-10.049999999999999,5,0,1,0.9539091666666667,0.44506871700286865,-0.7918500900268555
dqn,2026,318,2931,-10.2,20,0,1,0.9535925,0.3312621355056763,-0.941332745552063
dqn,2026,319,2948,-10.17,17,0,1,0.9533233333333333,0.4067776739597321,-0.7242386221885682
dqn,2026,320,2970,-10.22,22,0,1,0.952975,0.3115193575620651,-0.8865602254867554
dqn,2026,321,2977,-10.07,7,0,1,0.9528641666666666,0.2260410338640213,-0.9129406213760376
dqn,2026,322,2998,-10.209999999999999,21,0,1,0.9525316666666667,0.23374921083450317,-0.8118663132190704
dqn,2026,323,3004,-10.06,6,0,1,0.9524366666666667,0.33960799127817154,-0.9471684098243713
dqn,2026,324,3009,-10.049999999999999,5,0,1,0.9523575,0.11150044947862625,-0.787469208240509
dqn,2026,325,3010,-10.01,1,0,1,0.9523416666666666,,
dqn,2026,326,3015,-10.049999999999999,5,0,1,0.9522625,0.15047717094421387,-0.43084827065467834
dqn,2026,327,3026,-10.11,11,0,1,0.9520883333333333,0.15201939083635807,-0.6658871372540792
dqn,2026,328,3037,-10.11,11,0,1,0.9519141666666666,0.335308276116848,-0.709934244553248
dqn,2026,329,3062,-10.25,25,0,1,0.9515183333333334,0.3014342791090409,-0.9116168220837911
dqn,2026,330,3064,-10.02,2,0,1,0.9514866666666667,0.409010648727417,-1.1468970775604248
dqn,2026,331,3071,-10.07,7,0,1,0.9513758333333333,0.19081474840641022,-0.5599191188812256
dqn,2026,332,3075,-10.04,4,0,1,0.9513125,0.12756381928920746,-0.372252881526947
dqn,2026,333,3080,-10.049999999999999,5,0,1,0.9512333333333334,0.2520441971719265,-0.612424835562706
dqn,2026,334,3086,-10.06,6,0,1,0.9511383333333333,0.13801051676273346,-0.6285691261291504
dqn,2026,335,3088,-10.02,2,0,1,0.9511066666666667,0.5729626417160034,-0.6376345157623291
dqn,2026,336,3112,-10.24,24,0,1,0.9507266666666667,0.36414869005481404,-0.8714343756437302
dqn,2026,337,3126,-10.14,14,0,1,0.950505,0.23087205489476523,-0.6913816134134928
dqn,2026,338,3133,-10.07,7,0,1,0.9503941666666667,0.30031417310237885,-0.3605307936668396
dqn,2026,339,3143,-10.1,10,0,1,0.9502358333333334,0.4491092637181282,-0.6561026871204376
dqn,2026,340,3153,-10.1,10,0,1,0.9500775,0.3447239100933075,-0.8314887483914694
dqn,2026,341,3191,-10.38,38,0,1,0.9494758333333333,0.341167240196632,-0.7563612129953172
dqn,2026,342,3193,-10.02,2,0,1,0.9494441666666666,0.10810744017362595,-1.9178297519683838
dqn,2026,343,3197,-10.04,4,0,1,0.9493808333333333,0.028581496328115463,-0.9971060752868652
dqn,2026,344,3234,-10.37,37,0,1,0.948795,0.3336600967579418,-0.6741009636057748
dqn,2026,345,3239,-10.049999999999999,5,0,1,0.9487158333333333,0.13062699139118195,-1.1876412630081177
dqn,2026,346,3241,-10.02,2,0,1,0.9486841666666667,0.1889718770980835,-0.5947888493537903
dqn,2026,347,3243,-10.02,2,0,1,0.9486525,,
dqn,2026,348,3249,-10.06,6,0,1,0.9485575,0.2451377436518669,-0.937027096748352
dqn,2026,349,3268,-10.19,19,0,1,0.9482566666666666,0.33624829202890394,-0.6550935745239258
dqn,2026,350,3271,-10.03,3,0,1,0.9482091666666667,,
dqn,2026,351,3277,-10.06,6,0,1,0.9481141666666667,0.20855839550495148,-1.1833055317401886
dqn,2026,352,3286,-10.09,9,0,1,0.9479716666666667,0.3998420871794224,-0.7906726896762848
dqn,2026,353,3292,-10.06,6,0,1,0.9478766666666667,0.14588411524891853,-0.6625346541404724
dqn,2026,354,3296,-10.04,4,0,1,0.9478133333333333,0.17380563914775848,-0.44170746207237244
dqn,2026,355,3299,-10.03,3,0,1,0.9477658333333333,,
dqn,2026,356,3301,-10.02,2,0,1,0.9477341666666667,0.2751231789588928,-0.8441513180732727
dqn,2026,357,3308,-10.07,7,0,1,0.9476233333333334,0.15522370487451553,-0.4713374450802803
dqn,2026,358,3316,-10.08,8,0,1,0.9474966666666667,0.4580070823431015,-1.0976873338222504
dqn,2026,359,3319,-10.03,3,0,1,0.9474491666666667,,
dqn,2026,360,3328,-10.09,9,0,1,0.9473066666666666,0.2634458194176356,-0.9874721566836039
dqn,2026,361,3334,-10.06,6,0,1,0.9472116666666667,0.20447498559951782,-0.5979639291763306
dqn,2026,362,3347,-10.129999999999999,13,0,1,0.9470058333333333,0.21986202398935953,-0.6689700285593668
dqn,2026,363,3355,-10.08,8,0,1,0.9468791666666667,0.5734260678291321,-1.138017177581787
dqn,2026,364,3360,-10.049999999999999,5,0,1,0.9468,0.5668109357357025,-1.0895330309867859
dqn,2026,365,3381,-10.209999999999999,21,0,1,0.9464675,0.2986574679613113,-0.8337610602378845
dqn,2026,366,3387,-10.06,6,0,1,0.9463725000000001,0.44981423020362854,-0.9417462944984436
dqn,2026,367,3394,-10.07,7,0,1,0.9462616666666667,0.4515700489282608,-0.7383664846420288
dqn,2026,368,3396,-10.02,2,0,1,0.94623,0.40689629316329956,-1.1135563850402832
dqn,2026,369,3403,-10.07,7,0,1,0.9461191666666666,0.24851146340370178,-0.9846279621124268
dqn,2026,370,3413,-10.1,10,0,1,0.9459608333333334,0.3013671487569809,-0.8789699872334799
dqn,2026,371,3417,-10.04,4,0,1,0.9458975000000001,0.3961432874202728,-0.8830056190490723
dqn,2026,372,3421,-10.04,4,0,1,0.9458341666666666,0.2514313757419586,-0.6577864289283752
dqn,2026,373,3425,-10.04,4,0,1,0.9457708333333333,0.13313201069831848,-1.0129011869430542
dqn,2026,374,3455,-10.3,30,0,1,0.9452958333333333,0.2658103063170399,-1.0202384335654122
dqn,2026,375,3460,-10.049999999999999,5,0,1,0.9452166666666667,0.2812671959400177,-0.852776437997818
dqn,2026,376,3462,-10.02,2,0,1,0.945185,,
dqn,2026,377,3473,-10.11,11,0,1,0.9450108333333334,0.27818816403547925,-0.7321430941422781
dqn,2026,378,3487,-10.14,14,0,1,0.9447891666666667,0.35521145661671955,-0.7565221985181173
dqn,2026,379,3497,-10.1,10,0,1,0.9446308333333333,0.12146412332852681,-0.9408012231191
dqn,2026,380,3499,-10.02,2,0,1,0.9445991666666667,,
dqn,2026,381,3503,-10.04,4,0,1,0.9445358333333334,0.38750144839286804,-0.3077402114868164
dqn,2026,382,3510,-10.07,7,0,1,0.944425,0.37899982184171677,-0.521395742893219
dqn,2026,383,3513,-10.03,3,0,1,0.9443775,0.169202521443367,-0.9316507577896118
dqn,2026,384,3518,-10.049999999999999,5,0,1,0.9442983333333334,0.2532525658607483,-1.0553520917892456
dqn,2026,385,3529,-10.11,11,0,1,0.9441241666666667,0.11994201534738143,-0.7542601724465688
dqn,2026,386,3539,-10.1,10,0,1,0.9439658333333334,0.4022856056690216,-0.7373219728469849
dqn,2026,387,3555,-10.16,16,0,1,0.9437125,0.2781918663531542,-0.7234184592962265
dqn,2026,388,3565,-10.1,10,0,1,0.9435541666666667,0.3433738847573598,-0.5980325142542521
dqn,2026,389,3572,-10.07,7,0,1,0.9434433333333333,0.3591984361410141,-0.8317285180091858
dqn,2026,390,3591,-10.19,19,0,1,0.9431425,0.1778380312025547,-0.7473582774400711
dqn,2026,391,3596,-10.049999999999999,5,0,1,0.9430633333333334,0.19637606292963028,-0.9291873276233673
dqn,2026,392,3599,-10.03,3,0,1,0.9430158333333334,,
dqn,2026,393,3617,-10.18,18,0,1,0.9427308333333333,0.19311696533113717,-0.5898115873336792
dqn,2026,394,3641,-10.24,24,0,1,0.9423508333333334,0.29941241070628166,-1.0092642505963643
dqn,2026,395,3659,-10.18,18,0,1,0.9420658333333334,0.35949716344475746,-1.027301363646984
dqn,2026,396,3660,-10.01,1,0,1,0.94205,0.4248737692832947,-1.114551067352295
dqn,2026,397,3673,-10.129999999999999,13,0,1,0.9418441666666667,0.23715843756993613,-1.114337186018626
dqn,2026,398,3677,-10.04,4,0,1,0.9417808333333333,0.3822418451309204,-1.0901479721069336
dqn,2026,399,3683,-10.06,6,0,1,0.9416858333333333,0.14529259502887726,-0.5054307579994202
dqn,2026,400,3692,-10.09,9,0,1,0.9415433333333333,0.2805123031139374,-0.6692484418551127
dqn,2026,401,3702,-10.1,10,0,1,0.941385,0.2559450566768646,-0.7041612565517426
dqn,2026,402,3717,-10.15,15,0,1,0.9411475,0.26622630655765533,-0.6221450045704842
dqn,2026,403,3719,-10.02,2,0,1,0.9411158333333334,,
dqn,2026,404,3735,-10.16,16,0,1,0.9408625,0.17281537503004074,-1.0655401647090912
dqn,2026,405,3749,-10.14,14,0,1,0.9406408333333334,0.18547001481056213,-1.0858319252729416
dqn,2026,406,3755,-10.06,6,0,1,0.9405458333333333,0.21184463798999786,-0.5794969797134399
dqn,2026,407,3788,-10.33,33,0,1,0.9400233333333333,0.21801077812496159,-0.8240241176552243
dqn,2026,408,3791,-10.03,3,0,1,0.9399758333333333,,
dqn,2026,409,3793,-10.02,2,0,1,0.9399441666666667,0.09490843117237091,-0.9004917144775391
dqn,2026,410,3794,-10.01,1,0,1,0.9399283333333334,,
dqn,2026,411,3796,-10.02,2,0,1,0.9398966666666667,0.14645665884017944,-0.5302578210830688
dqn,2026,412,3816,-10.2,20,0,1,0.93958,0.09758729264140129,-0.5115267515182496
dqn,2026,413,3819,-10.03,3,0,1,0.9395325,,
dqn,2026,414,3823,-10.04,4,0,1,0.9394691666666667,0.12217091023921967,-1.3400261402130127
dqn,2026,415,3849,-10.26,26,0,1,0.9390575,0.26760924075331005,-1.0299003209386552
dqn,2026,416,3901,-10.52,52,0,1,0.9382341666666667,0.2953215843209854,-0.9724186933957614
dqn,2026,417,3907,-10.06,6,0,1,0.9381391666666666,0.04588181525468826,-0.5585812926292419
dqn,2026,418,3911,-10.04,4,0,1,0.9380758333333333,0.17180129885673523,-0.8455774784088135
dqn,2026,419,3917,-10.06,6,0,1,0.9379808333333334,0.2195148840546608,-0.83763587474823
dqn,2026,420,3919,-10.02,2,0,1,0.9379491666666667,,
dqn,2026,421,3922,-10.03,3,0,1,0.9379016666666666,0.17809006571769714,-0.7553587555885315
dqn,2026,422,3924,-10.02,2,0,1,0.93787,0.1930360198020935,-1.1685975790023804
dqn,2026,423,3933,-10.09,9,0,1,0.9377275,0.23266682028770447,-0.9410024285316467
dqn,2026,424,3935,-10.02,2,0,1,0.9376958333333334,,
dqn,2026,425,3944,-10.09,9,0,1,0.9375533333333333,0.17516340781003237,-0.7005454500516256
dqn,2026,426,3955,-10.11,11,0,1,0.9373791666666667,0.17128066532313824,-0.8752785623073578
dqn,2026,427,3958,-10.03,3,0,1,0.9373316666666667,0.3396414518356323,-1.0745234489440918
dqn,2026,428,3970,-10.12,12,0,1,0.9371416666666667,0.3439875344435374,-1.0319668054580688
dqn,2026,429,3973,-10.03,3,0,1,0.9370941666666667,0.1088523119688034,-1.1683088541030884
dqn,2026,430,3975,-10.02,2,0,1,0.9370625,,
dqn,2026,431,3988,-10.129999999999999,13,0,1,0.9368566666666667,0.4345656558871269,-0.7163753286004066
dqn,2026,432,3995,-10.07,7,0,1,0.9367458333333334,0.1382911503314972,-0.376686155796051
dqn,2026,433,3998,-10.03,3,0,1,0.9366983333333333,0.6106868982315063,-1.9906924962997437
dqn,2026,434,4004,-10.06,6,0,1,0.9366033333333333,0.18833420425653458,-0.5494802445173264
dqn,2026,435,4006,-10.02,2,0,1,0.9365716666666667,,
dqn,2026,436,4031,-10.25,25,0,1,0.9361758333333333,0.2605952589462201,-0.5574945708115896
dqn,2026,437,4032,-10.01,1,0,1,0.93616,0.19861960411071777,-1.0078083276748657
dqn,2026,438,4046,-10.14,14,0,1,0.9359383333333333,0.27284976840019226,-0.8469799160957336
dqn,2026,439,4049,-10.03,3,0,1,0.9358908333333333,0.3809014856815338,-0.8462778329849243
dqn,2026,440,4061,-10.12,12,0,1,0.9357008333333333,0.308516393105189,-0.5412332713603973
dqn,2026,441,4070,-10.09,9,0,1,0.9355583333333334,0.26352541148662567,-0.8848464787006378
dqn,2026,442,4076,-10.06,6,0,1,0.9354633333333333,0.4321826845407486,-1.0949783325195312
dqn,2026,443,4086,-10.1,10,0,1,0.935305,0.2668473720550537,-1.4645219445228577
dqn,2026,444,4098,-10.12,12,0,1,0.935115,0.20836071173350015,-1.1368592977523804
dqn,2026,445,4107,-10.09,9,0,1,0.9349725,0.20477116107940674,-0.9482734799385071
dqn,2026,446,4111,-10.04,4,0,1,0.9349091666666667,0.034651532769203186,-0.3443257808685303
dqn,2026,447,4129,-10.18,18,0,1,0.9346241666666667,0.19018778800964356,-0.9849589467048645
dqn,2026,448,4131,-10.02,2,0,1,0.9345925,,
dqn,2026,449,4150,-10.19,19,0,1,0.9342916666666666,0.1855125829577446,-0.4338603734970093
dqn,2026,450,4163,-10.129999999999999,13,0,1,0.9340858333333333,0.1256556361913681,-1.0748970707257588
dqn,2026,451,4187,-10.24,24,0,1,0.9337058333333333,0.1605545183022817,-0.7549219702680906
dqn,2026,452,4191,-10.04,4,0,1,0.9336425,0.20076334476470947,-0.8758951425552368
dqn,2026,453,4192,-10.01,1,0,1,0.9336266666666667,0.3076840937137604,-0.7329691648483276
dqn,2026,454,4206,-10.14,14,0,1,0.933405,0.21876249214013418,-0.704857587814331
dqn,2026,455,4212,-10.06,6,0,1,0.93331,0.11420448869466782,-0.7743514627218246
dqn,2026,456,4224,-10.12,12,0,1,0.93312,0.167242760459582,-0.6939402719338735
dqn,2026,457,4234,-10.1,10,0,1,0.9329616666666667,0.17695311456918716,-1.175173044204712
dqn,2026,458,4272,-10.38,38,0,1,0.93236,0.14056238532066345,-0.8331132978200912
dqn,2026,459,4278,-10.06,6,0,1,0.932265,0.036501772701740265,-0.8660361766815186
dqn,2026,460,4282,-10.04,4,0,1,0.9322016666666667,0.10242550075054169,-0.6855065822601318
dqn,2026,461,4284,-10.02,2,0,1,0.9321699999999999,0.09737704694271088,-0.6584272384643555
dqn,2026,462,4295,-10.11,11,0,1,0.9319958333333334,0.15651582926511765,-0.9314396604895592
dqn,2026,463,4296,-10.01,1,0,1,0.93198,0.17049717903137207,-1.253859519958496
dqn,2026,464,4309,-10.129999999999999,13,0,1,0.9317741666666667,0.11891717463731766,-0.7092313965161642
dqn,2026,465,4336,-10.27,27,0,1,0.9313466666666667,0.13125374700341905,-0.771723883492606
dqn,2026,466,4356,-10.2,20,0,1,0.93103,0.11570804268121719,-0.7943210184574128
dqn,2026,467,4357,-10.01,1,0,1,0.9310141666666667,,
dqn,2026,468,4390,-10.33,33,0,1,0.9304916666666667,0.09759530937299132,-0.7357844524085522
dqn,2026,469,4403,-10.129999999999999,13,0,1,0.9302858333333334,0.20683105289936066,-1.005302866299947
dqn,2026,470,4441,-10.38,38,0,1,0.9296841666666666,0.13906318247318267,-1.002957633137703
dqn,2026,471,4444,-10.03,3,0,1,0.9296366666666667,0.09779480844736099,-1.2658329010009766
dqn,2026,472,4447,-10.03,3,0,1,0.9295891666666667,,
dqn,2026,473,4478,-10.31,31,0,1,0.9290983333333334,0.1135444501414895,-0.803444180637598
dqn,2026,474,4487,-10.09,9,0,1,0.9289558333333333,0.043398285284638405,-0.6313141286373138
dqn,2026,475,4495,-10.08,8,0,1,0.9288291666666667,0.0920725092291832,-1.02206951379776
dqn,2026,476,4503,-10.08,8,0,1,0.9287025,0.07486426644027233,-1.2894200682640076
dqn,2026,477,4518,-10.15,15,0,1,0.928465,0.08974250499159098,-0.8576407134532928
dqn,2026,478,4519,-10.01,1,0,1,0.9284491666666667,,
dqn,2026,479,4538,-10.19,19,0,1,0.9281483333333334,0.09385760128498077,-1.0000326991081239
dqn,2026,480,4540,-10.02,2,0,1,0.9281166666666667,0.07208145409822464,-0.8915353417396545
dqn,2026,481,4541,-10.01,1,0,1,0.9281008333333334,,
dqn,2026,482,4545,-10.04,4,0,1,0.9280375,0.08093000948429108,-1.1419644355773926
dqn,2026,483,4548,-10.03,3,0,1,0.92799,0.035528648644685745,-1.191754698753357
dqn,2026,484,4553,-10.049999999999999,5,0,1,0.9279108333333334,0.049025826156139374,-0.7612550258636475
dqn,2026,485,4566,-10.129999999999999,13,0,1,0.927705,0.06450759619474411,-0.6706479589144388
dqn,2026,486,4577,-10.11,11,0,1,0.9275308333333333,0.07830606276790301,-1.1029090881347656
dqn,2026,487,4590,-10.129999999999999,13,0,1,0.927325,0.09234843651453654,-0.7992184360822042
dqn,2026,488,4593,-10.03,3,0,1,0.9272775,0.029910407960414886,-0.16506487131118774
dqn,2026,489,4595,-10.02,2,0,1,0.9272458333333333,,
dqn,2026,490,4596,-10.01,1,0,1,0.92723,0.12970039248466492,-1.3231351375579834
dqn,2026,491,4645,-10.49,49,0,1,0.9264541666666667,0.0702088326215744,-0.9245810185869535
dqn,2026,492,4677,-10.32,32,0,1,0.9259475,0.10613232338801026,-1.2240629196166992
dqn,2026,493,4693,-10.16,16,0,1,0.9256941666666667,0.08117758389562368,-0.9113764017820358
dqn,2026,494,4695,-10.02,2,0,1,0.9256625,,
dqn,2026,495,4698,-10.03,3,0,1,0.925615,0.05551817640662193,-0.46752268075942993
dqn,2026,496,4712,-10.14,14,0,1,0.9253933333333333,0.061055565252900124,-0.8149471133947372
dqn,2026,497,4714,-10.02,2,0,1,0.9253616666666666,,
dqn,2026,498,4717,-10.03,3,0,1,0.9253141666666667,0.05078809708356857,-0.5634926557540894
dqn,2026,499,4720,-10.03,3,0,1,0.9252666666666667,0.08398294448852539,-1.0161590576171875
dqn,2026,500,4725,-10.049999999999999,5,0,1,0.9251875,0.06469874829053879,-0.8803609013557434
dqn,2026,501,4735,-10.1,10,0,1,0.9250291666666667,0.06521326117217541,-0.8198441565036774
dqn,2026,502,4737,-10.02,2,0,1,0.9249975,0.03438667953014374,-0.092574343085289
dqn,2026,503,4746,-10.09,9,0,1,0.924855,0.03388471994549036,-0.8840206116437912
dqn,2026,504,4752,-10.06,6,0,1,0.92476,0.0592671986669302,-0.6474686563014984
dqn,2026,505,4754,-10.02,2,0,1,0.9247283333333334,,
dqn,2026,506,4761,-10.07,7,0,1,0.9246175,0.05281038396060467,-1.0539953708648682
dqn,2026,507,4791,-10.3,30,0,1,0.9241425,0.06549998026873384,-1.2159349152020045
dqn,2026,508,4802,-10.11,11,0,1,0.9239683333333333,0.07270496214429538,-0.9566280345122019
dqn,2026,509,4806,-10.04,4,0,1,0.923905,0.045726776123046875,-0.8500066995620728
dqn,2026,510,4833,-10.27,27,0,1,0.9234775,0.06931656545826367,-0.945595247404916
dqn,2026,511,4840,-10.07,7,0,1,0.9233666666666667,0.06754986569285393,-0.8433506190776825
dqn,2026,512,4848,-10.08,8,0,1,0.9232400000000001,0.04544062353670597,-1.4741999506950378
dqn,2026,513,4851,-10.03,3,0,1,0.9231925,,
dqn,2026,514,4870,-10.19,19,0,1,0.9228916666666667,0.0674169547855854,-0.9853896141052246
dqn,2026,515,4873,-10.03,3,0,1,0.9228441666666667,0.03081769496202469,-0.7800922989845276
dqn,2026,516,4890,-10.17,17,0,1,0.922575,0.06908062240108848,-1.3616642206907272
dqn,2026,517,4893,-10.03,3,0,1,0.9225275,0.049480993300676346,-0.5083037614822388
dqn,2026,518,4899,-10.06,6,0,1,0.9224325,0.09901496022939682,-0.12428072094917297
dqn,2026,519,4904,-10.049999999999999,5,0,1,0.9223533333333334,0.05895164608955383,-0.6517859399318695
dqn,2026,520,4928,-10.24,24,0,1,0.9219733333333333,0.04690735538800558,-0.7115209003289541
dqn,2026,521,4954,-10.26,26,0,1,0.9215616666666666,0.03981444891542196,-0.9365663230419159
dqn,2026,522,4974,-10.2,20,0,1,0.921245,0.04388773590326309,-0.8859921097755432
dqn,2026,523,4979,-10.049999999999999,5,0,1,0.9211658333333334,0.018043261021375656,-0.64920973777771
dqn,2026,524,4996,-10.17,17,0,1,0.9208966666666667,0.04112195335328579,-0.7476834774017334
dqn,2026,525,5001,-10.049999999999999,5,0,1,0.9208175000000001,0.03867511451244354,-0.8795945048332214
dqn,2026,526,5007,-10.06,6,0,1,0.9207225,0.022242777049541473,-1.5697933435440063
dqn,2026,527,5025,-10.18,18,0,1,0.9204375,0.023088983446359634,-1.0536426663398744
dqn,2026,528,5027,-10.02,2,0,1,0.9204058333333334,,
dqn,2026,529,5052,-10.25,25,0,1,0.92001,0.04049042080129896,-0.9081229056630816
dqn,2026,530,5085,-10.33,33,0,1,0.9194875,0.027458929922431707,-0.869657576084137
dqn,2026,531,5101,-10.16,16,0,1,0.9192341666666667,0.028473585145547986,-0.8939688615500927
dqn,2026,532,5111,-10.1,10,0,1,0.9190758333333333,0.034492116421461105,-1.3562592267990112
dqn,2026,533,5113,-10.02,2,0,1,0.9190441666666667,0.033770520240068436,-0.9772677421569824
dqn,2026,534,5122,-10.09,9,0,1,0.9189016666666667,0.0264885276556015,-0.8241365253925323
dqn,2026,535,5135,-10.129999999999999,13,0,1,0.9186958333333334,0.029809068888425827,-1.2473249435424805
dqn,2026,536,5147,-10.12,12,0,1,0.9185058333333334,0.017258410962919395,-0.635770857334137
dqn,2026,537,5155,-10.08,8,0,1,0.9183791666666666,0.01693194592371583,-0.9415776133537292
dqn,2026,538,5158,-10.03,3,0,1,0.9183316666666667,0.01707243174314499,-0.5496628284454346
dqn,2026,539,5167,-10.09,9,0,1,0.9181891666666667,0.021884527057409286,-1.0526859164237976
dqn,2026,540,5176,-10.09,9,0,1,0.9180466666666667,0.015206914395093918,-0.8189790348211924
dqn,2026,541,5181,-10.049999999999999,5,0,1,0.9179675,0.016667069867253304,-0.4176432490348816
dqn,2026,542,5196,-10.15,15,0,1,0.91773,0.020764749962836504,-0.8429917320609093
dqn,2026,543,5225,-10.29,29,0,1,0.9172708333333334,0.0393542612769774,-1.1245437094143458
dqn,2026,544,5247,-10.22,22,0,1,0.9169225,0.04226806983351707,-0.5184682756662369
dqn,2026,545,5278,-10.31,31,0,1,0.9164316666666666,0.03219319577328861,-0.7973021157085896
dqn,2026,546,5281,-10.03,3,0,1,0.9163841666666667,0.02024790272116661,-0.7949949502944946
dqn,2026,547,5287,-10.06,6,0,1,0.9162891666666667,0.021413268521428108,-0.2985667288303375
dqn,2026,548,5293,-10.06,6,0,1,0.9161941666666666,0.020615708082914352,-0.7563222050666809
dqn,2026,549,5300,-10.07,7,0,1,0.9160833333333334,0.01582879154011607,-0.8447717428207397
dqn,2026,550,5303,-10.03,3,0,1,0.9160358333333334,,
dqn,2026,551,5323,-10.2,20,0,1,0.9157191666666666,0.019515443965792655,-1.0495802819728852
dqn,2026,552,5342,-10.19,19,0,1,0.9154183333333333,0.018110950663685798,-1.1506405472755432
dqn,2026,553,5348,-10.06,6,0,1,0.9153233333333334,0.019954398274421692,-1.1640005111694336
dqn,2026,554,5379,-10.31,31,0,1,0.9148325,0.016716579773596356,-0.452009562935148
dqn,2026,555,5414,9.65,35,1,0,0.9142783333333333,0.02290646152363883,-0.7817288868957095
dqn,2026,556,5418,-10.04,4,0,1,0.914215,0.01993723213672638,-1.2409383058547974
dqn,2026,557,5425,-10.07,7,0,1,0.9141041666666667,0.012999515980482101,-0.6948594152927399
dqn,2026,558,5429,-10.04,4,0,1,0.9140408333333333,0.012533397413790226,-0.39702969789505005
dqn,2026,559,5443,-10.14,14,0,1,0.9138191666666666,0.013390503202875456,-0.8978397051493326
dqn,2026,560,5444,-10.01,1,0,1,0.9138033333333333,0.010796858929097652,-0.4470037817955017
dqn,2026,561,5476,-10.32,32,0,1,0.9132966666666666,0.016818071831949055,-0.7344733327627182
dqn,2026,562,5479,-10.03,3,0,1,0.9132491666666667,,
dqn,2026,563,5485,-10.06,6,0,1,0.9131541666666667,0.01604974688962102,-1.119341790676117
dqn,2026,564,5497,-10.12,12,0,1,0.9129641666666667,0.016038593215246994,-0.887146015961965
dqn,2026,565,5502,-10.049999999999999,5,0,1,0.912885,0.010986150242388248,-1.0130420923233032
dqn,2026,566,5583,-10.81,81,0,1,0.9116025,0.022529026307165623,-0.8784772232174873
dqn,2026,567,5585,-10.02,2,0,1,0.9115708333333333,0.04226801171898842,-0.9342151880264282
dqn,2026,568,5588,-10.03,3,0,1,0.9115233333333334,0.014982922933995724,-0.9609324336051941
dqn,2026,569,5591,-10.03,3,0,1,0.9114758333333334,,
dqn,2026,570,5611,-10.2,20,0,1,0.9111591666666666,0.04708440825343132,-1.163451761007309
dqn,2026,571,5635,-10.24,24,0,1,0.9107791666666667,0.03613571667422851,-0.8152233362197876
dqn,2026,572,5665,9.7,30,1,0,0.9103041666666667,0.01895047421567142,-0.544912257231772
dqn,2026,573,5680,-10.15,15,0,1,0.9100666666666667,0.020256602903828025,-0.6305207759141922
dqn,2026,574,5685,-10.049999999999999,5,0,1,0.9099875,0.019674761220812798,-0.9176250696182251
dqn,2026,575,5701,-10.16,16,0,1,0.9097341666666667,0.019816636107861996,-0.5953438878059387
dqn,2026,576,5704,-10.03,3,0,1,0.9096866666666666,0.007218881975859404,-0.9089571833610535
dqn,2026,577,5716,-10.12,12,0,1,0.9094966666666666,0.00978630424166719,-0.8870129287242889
dqn,2026,578,5722,-10.06,6,0,1,0.9094016666666667,0.030423225834965706,-1.6606407165527344
dqn,2026,579,5724,-10.02,2,0,1,0.90937,0.008382638916373253,-1.2019696235656738
dqn,2026,580,5732,-10.08,8,0,1,0.9092433333333333,0.012178474571555853,-0.5239769518375397
dqn,2026,581,5738,-10.06,6,0,1,0.9091483333333333,0.008656477555632591,-0.595736563205719
dqn,2026,582,5740,-10.02,2,0,1,0.9091166666666667,0.013069386593997478,-0.8799823522567749
dqn,2026,583,5755,-10.15,15,0,1,0.9088791666666667,0.015189175804456076,-0.7860590393344561
dqn,2026,584,5760,-10.049999999999999,5,0,1,0.9088,0.02430836856365204,-0.9229918122291565
dqn,2026,585,5763,-10.03,3,0,1,0.9087525,,
dqn,2026,586,5767,-10.04,4,0,1,0.9086891666666667,0.011572507210075855,-0.3839062750339508
dqn,2026,587,5784,-10.17,17,0,1,0.90842,0.07620584685355425,-0.8202348530292511
dqn,2026,588,5789,-10.049999999999999,5,0,1,0.9083408333333334,0.012272085063159466,-0.5421454906463623
dqn,2026,589,5791,-10.02,2,0,1,0.9083091666666667,,
dqn,2026,590,5794,-10.03,3,0,1,0.9082616666666666,0.013190144672989845,-0.5601080656051636
dqn,2026,591,5797,-10.03,3,0,1,0.9082141666666667,0.020779678598046303,-1.3922607898712158
dqn,2026,592,5805,-10.08,8,0,1,0.9080875,0.013325417879968882,-0.788909912109375
dqn,2026,593,5806,-10.01,1,0,1,0.9080716666666666,,
dqn,2026,594,5827,-10.209999999999999,21,0,1,0.9077391666666667,0.01581828687340021,-0.8755543470382691
dqn,2026,595,5852,-10.25,25,0,1,0.9073433333333334,0.017001754737326076,-0.8204411693981716
dqn,2026,596,5855,-10.03,3,0,1,0.9072958333333333,,
dqn,2026,597,5859,-10.04,4,0,1,0.9072325,0.013144217431545258,-0.42478829622268677
dqn,2026,598,5870,-10.11,11,0,1,0.9070583333333333,0.013274919241666794,-0.8321728110313416
dqn,2026,599,5874,-10.04,4,0,1,0.906995,0.00817503035068512,-0.58821702003479
dqn,2026,600,5885,-10.11,11,0,1,0.9068208333333333,0.010475049105783304,-0.7480374574661255
dqn,2026,601,5889,-10.04,4,0,1,0.9067575,0.01986655779182911,-1.3647327423095703
dqn,2026,602,5892,-10.03,3,0,1,0.90671,0.012012416496872902,-1.36478853225708
dqn,2026,603,5901,-10.09,9,0,1,0.9065675,0.014779884833842516,-1.0095300674438477
dqn,2026,604,5903,-10.02,2,0,1,0.9065358333333333,,
dqn,2026,605,5907,-10.04,4,0,1,0.9064725,0.007682441268116236,-0.536609411239624
dqn,2026,606,5909,-10.02,2,0,1,0.9064408333333334,0.015394195914268494,-1.0091497898101807
dqn,2026,607,5916,-10.07,7,0,1,0.90633,0.010117184836417437,-0.4901062697172165
dqn,2026,608,5921,-10.049999999999999,5,0,1,0.9062508333333333,0.007615329697728157,-1.3930976390838623
dqn,2026,609,5927,-10.06,6,0,1,0.9061558333333334,0.020748669281601906,-0.9191356897354126
dqn,2026,610,5934,-10.07,7,0,1,0.906045,0.013440057402476668,-0.9425398409366608
dqn,2026,611,5938,-10.04,4,0,1,0.9059816666666667,0.005509000271558762,-0.4304888844490051
dqn,2026,612,5945,-10.07,7,0,1,0.9058708333333334,0.016979067120701075,-0.7886002063751221
dqn,2026,613,5957,-10.12,12,0,1,0.9056808333333334,0.009609050893535217,-0.9094773928324381
dqn,2026,614,5974,-10.17,17,0,1,0.9054116666666667,0.010496219620108604,-0.6031357422471046
dqn,2026,615,6020,-10.46,46,0,1,0.9046833333333333,0.012728028309841951,-0.7991987091178695
dqn,2026,616,6029,-10.09,9,0,1,0.9045408333333333,0.011724431999027729,-0.8447237610816956
dqn,2026,617,6062,-10.33,33,0,1,0.9040183333333334,0.013531014905311167,-1.197234883904457
dqn,2026,618,6073,-10.11,11,0,1,0.9038441666666667,0.010743735047678152,-1.0651970704396565
dqn,2026,619,6075,-10.02,2,0,1,0.9038125,,
dqn,2026,620,6085,-10.1,10,0,1,0.9036541666666666,0.11460398385922115,-0.6755718986193339
dqn,2026,621,6108,-10.23,23,0,1,0.90329,0.01077100409505268,-1.0018506546815236
dqn,2026,622,6113,-10.049999999999999,5,0,1,0.9032108333333333,0.004787033889442682,-0.5926059484481812
dqn,2026,623,6125,-10.12,12,0,1,0.9030208333333334,0.00735686377932628,-0.8995053370793661
dqn,2026,624,6127,-10.02,2,0,1,0.9029891666666667,,
dqn,2026,625,6129,-10.02,2,0,1,0.9029575,0.007191273383796215,-0.8701428771018982
dqn,2026,626,6133,-10.04,4,0,1,0.9028941666666667,0.00448567233979702,-0.906259298324585
dqn,2026,627,6158,-10.25,25,0,1,0.9024983333333334,0.059691919634739556,-0.6605029900868734
dqn,2026,628,6164,-10.06,6,0,1,0.9024033333333333,0.02387300319969654,-0.8472813665866852
dqn,2026,629,6166,-10.02,2,0,1,0.9023716666666667,,
dqn,2026,630,6171,-10.049999999999999,5,0,1,0.9022925,0.00842960737645626,-0.624714732170105
dqn,2026,631,6174,-10.03,3,0,1,0.902245,0.012988805770874023,-1.13100266456604
dqn,2026,632,6179,-10.049999999999999,5,0,1,0.9021658333333333,0.005915503483265638,-1.080928921699524
dqn,2026,633,6198,-10.19,19,0,1,0.901865,0.006738326046615839,-0.7758235454559326
dqn,2026,634,6210,-10.12,12,0,1,0.901675,0.006567652647693952,-0.7279283106327057
dqn,2026,635,6226,-10.16,16,0,1,0.9014216666666667,0.007501616491936147,-0.7541887760162354
dqn,2026,636,6228,-10.02,2,0,1,0.90139,0.007325606420636177,-0.6091668009757996
dqn,2026,637,6241,-10.129999999999999,13,0,1,0.9011841666666667,0.011163602272669474,-0.805198868115743
dqn,2026,638,6248,-10.07,7,0,1,0.9010733333333334,0.006837686523795128,-0.7943337559700012
dqn,2026,639,6253,-10.049999999999999,5,0,1,0.9009941666666667,0.016023147851228714,-0.9123988747596741
dqn,2026,640,6262,-10.09,9,0,1,0.9008516666666667,0.009745222516357899,-1.276206374168396
dqn,2026,641,6299,-10.37,37,0,1,0.9002658333333333,0.006695387315832906,-0.7051573163933225
dqn,2026,642,6304,-10.049999999999999,5,0,1,0.9001866666666667,0.16721450723707676,-1.1444292068481445
dqn,2026,643,6311,-10.07,7,0,1,0.9000758333333333,0.009385363198816776,-1.1876275539398193
dqn,2026,644,6322,-10.11,11,0,1,0.8999016666666667,0.013044664015372595,-0.5252152234315872
dqn,2026,645,6324,-10.02,2,0,1,0.8998700000000001,0.009523767977952957,-1.1879777908325195
dqn,2026,646,6344,-10.2,20,0,1,0.8995533333333333,0.011779221147298813,-0.7991807341575623
dqn,2026,647,6348,-10.04,4,0,1,0.89949,0.0070619103498756886,-1.4196557998657227
dqn,2026,648,6351,-10.03,3,0,1,0.8994425,,
dqn,2026,649,6372,-10.209999999999999,21,0,1,0.89911,0.008613847312517464,-0.8333478197455406
dqn,2026,650,6379,-10.07,7,0,1,0.8989991666666667,0.010173543356359005,-1.093956470489502
dqn,2026,651,6389,-10.1,10,0,1,0.8988408333333333,0.00820673784861962,-0.9337176481882731
dqn,2026,652,6393,-10.04,4,0,1,0.8987775,0.0027236167807132006,-0.4164605736732483
dqn,2026,653,6401,-10.08,8,0,1,0.8986508333333333,0.009804231813177466,-0.8537562489509583
dqn,2026,654,6403,-10.02,2,0,1,0.8986191666666666,,
dqn,2026,655,6406,-10.03,3,0,1,0.8985716666666667,0.00549476919695735,-1.2075536251068115
dqn,2026,656,6428,-10.22,22,0,1,0.8982233333333334,0.006276441932034989,-0.6894375135501226
dqn,2026,657,6442,-10.14,14,0,1,0.8980016666666667,0.004964351421222091,-0.7704578141371409
dqn,2026,658,6443,-10.01,1,0,1,0.8979858333333334,,
dqn,2026,659,6462,-10.19,19,0,1,0.897685,0.005000465176999569,-1.0344449996948242
dqn,2026,660,6468,-10.06,6,0,1,0.89759,0.0064388124737888575,-0.7165360450744629
dqn,2026,661,6478,-10.1,10,0,1,0.8974316666666666,0.16103914356790483,-0.8237307667732239
dqn,2026,662,6484,-10.06,6,0,1,0.8973366666666667,0.0037616330664604902,-0.7341853380203247
dqn,2026,663,6486,-10.02,2,0,1,0.897305,,
dqn,2026,664,6492,-10.06,6,0,1,0.89721,0.0074609017465263605,-0.5098413825035095
dqn,2026,665,6497,-10.049999999999999,5,0,1,0.8971308333333333,0.0052926624193787575,-0.7384284138679504
dqn,2026,666,6508,-10.11,11,0,1,0.8969566666666666,0.10699947861333688,-0.9502464135487875
dqn,2026,667,6513,-10.049999999999999,5,0,1,0.8968775,0.012473048642277718,-0.6643515825271606
dqn,2026,668,6522,-10.09,9,0,1,0.8967350000000001,0.003931205486878753,-0.49184054136276245
dqn,2026,669,6543,-10.209999999999999,21,0,1,0.8964025,0.012617260962724686,-0.8699325919151306
dqn,2026,670,6552,-10.09,9,0,1,0.8962600000000001,0.011302373682459196,-0.7216436266899109
dqn,2026,671,6560,-10.08,8,0,1,0.8961333333333333,0.008483664598315954,-0.8365783989429474
dqn,2026,672,6565,-10.049999999999999,5,0,1,0.8960541666666667,0.013387279585003853,-0.6715782284736633
dqn,2026,673,6575,-10.1,10,0,1,0.8958958333333333,0.006820546695962548,-0.7873987704515457
dqn,2026,674,6583,-10.08,8,0,1,0.8957691666666667,0.011081557255238295,-0.7904470860958099
dqn,2026,675,6594,-10.11,11,0,1,0.895595,0.004441922220091025,-0.7170200447241465
dqn,2026,676,6602,-10.08,8,0,1,0.8954683333333333,0.15754264779388905,-0.738877534866333
dqn,2026,677,6608,-10.06,6,0,1,0.8953733333333334,0.005945815704762936,-0.677395835518837
dqn,2026,678,6661,-10.53,53,0,1,0.8945341666666666,0.031024238972279888,-0.9283503546164587
dqn,2026,679,6672,-10.11,11,0,1,0.89436,0.010703694463397065,-1.071548879146576
dqn,2026,680,6685,-10.129999999999999,13,0,1,0.8941541666666667,0.012299714299539724,-0.7244768440723419
dqn,2026,681,6711,-10.26,26,0,1,0.8937425,0.006744775067393978,-0.7991839796304703
dqn,2026,682,6724,-10.129999999999999,13,0,1,0.8935366666666666,0.00993637356441468,-0.940433144569397
dqn,2026,683,6771,-10.47,47,0,1,0.8927925,0.006733757359060374,-0.8057600070129741
dqn,2026,684,6799,-10.28,28,0,1,0.8923491666666666,0.005193436318742377,-0.7615660003253392
dqn,2026,685,6803,-10.04,4,0,1,0.8922858333333333,0.00631828885525465,-1.3560481071472168
dqn,2026,686,6807,-10.04,4,0,1,0.8922225,0.0024254238232970238,-1.0686655044555664
dqn,2026,687,6814,-10.07,7,0,1,0.8921116666666666,0.006255185231566429,-0.6178182363510132
dqn,2026,688,6820,-10.06,6,0,1,0.8920166666666667,0.003975745406933129,-0.7277341187000275
dqn,2026,689,6825,-10.049999999999999,5,0,1,0.8919375,0.004842814989387989,-0.7009835839271545
dqn,2026,690,6827,-10.02,2,0,1,0.8919058333333334,,
dqn,2026,691,6830,-10.03,3,0,1,0.8918583333333333,0.007270066998898983,-1.1838330030441284
dqn,2026,692,6832,-10.02,2,0,1,0.8918266666666667,0.008635755628347397,-0.9023955464363098
dqn,2026,693,6834,-10.02,2,0,1,0.891795,,
dqn,2026,694,6838,-10.04,4,0,1,0.8917316666666667,0.0028448509983718395,-0.43429091572761536
dqn,2026,695,6840,-10.02,2,0,1,0.8917,0.009230803698301315,-1.274379014968872
dqn,2026,696,6846,-10.06,6,0,1,0.891605,0.004061174113303423,-0.43375933170318604
dqn,2026,697,6851,-10.049999999999999,5,0,1,0.8915258333333334,0.004638128448277712,-0.38620349764823914
dqn,2026,698,6888,-10.37,37,0,1,0.8909400000000001,0.004408837528899312,-0.7843644976615906
dqn,2026,699,6901,-10.129999999999999,13,0,1,0.8907341666666667,0.004716435680165887,-0.692938099304835
dqn,2026,700,6907,-10.06,6,0,1,0.8906391666666666,0.009311134926974773,-0.9869092702865601
dqn,2026,701,6913,-10.06,6,0,1,0.8905441666666667,0.003798446385189891,-0.7473917901515961
dqn,2026,702,6922,-10.09,9,0,1,0.8904016666666666,0.0037892841501161456,-0.6869507394731045
dqn,2026,703,6924,-10.02,2,0,1,0.89037,0.0063691637478768826,-1.2360258102416992
dqn,2026,704,6926,-10.02,2,0,1,0.8903383333333333,,
dqn,2026,705,6932,-10.06,6,0,1,0.8902433333333333,0.0035344469361007214,-0.5621221959590912
dqn,2026,706,6939,-10.07,7,0,1,0.8901325,0.01959775760769844,-1.4851794242858887
dqn,2026,707,6943,-10.04,4,0,1,0.8900691666666667,0.011650582775473595,-1.2941240072250366
dqn,2026,708,6950,-10.07,7,0,1,0.8899583333333333,0.006189005449414253,-1.0215899050235748
dqn,2026,709,6969,-10.19,19,0,1,0.8896575,0.0072773688472807406,-0.7252485968172551
dqn,2026,710,7006,-10.37,37,0,1,0.8890716666666667,0.00612240776212679,-0.9557839002874162
dqn,2026,711,7018,-10.12,12,0,1,0.8888816666666667,0.003572827437892556,-0.5627802411715189
dqn,2026,712,7020,-10.02,2,0,1,0.88885,0.008782090619206429,-0.8456056118011475
dqn,2026,713,7026,-10.06,6,0,1,0.888755,0.006455463357269764,-0.9931635856628418
dqn,2026,714,7046,-10.2,20,0,1,0.8884383333333333,0.005712446942925453,-0.7630761981010437
dqn,2026,715,7049,-10.03,3,0,1,0.8883908333333334,0.009700678288936615,-0.9634220600128174
dqn,2026,716,7077,-10.28,28,0,1,0.8879475,0.005908309016376734,-0.7915408068469593
dqn,2026,717,7101,-10.24,24,0,1,0.8875675000000001,0.003564154884467522,-0.6023415426413218
dqn,2026,718,7106,-10.049999999999999,5,0,1,0.8874883333333333,0.007284051273018122,-0.9952824711799622
dqn,2026,719,7113,-10.07,7,0,1,0.8873775,0.006326534086838365,-0.7319035828113556
dqn,2026,720,7138,-10.25,25,0,1,0.8869816666666667,0.004940287093631923,-0.7029961297909418
dqn,2026,721,7146,-10.08,8,0,1,0.886855,0.010569208534434438,-0.824148029088974
dqn,2026,722,7150,-10.04,4,0,1,0.8867916666666666,0.002431437373161316,-0.851797342300415
dqn,2026,723,7152,-10.02,2,0,1,0.88676,0.0028900231700390577,-0.5280379056930542
dqn,2026,724,7163,-10.11,11,0,1,0.8865858333333334,0.008189880521968007,-0.4337156265974045
dqn,2026,725,7164,-10.01,1,0,1,0.88657,0.006414731498807669,-1.0640860795974731
dqn,2026,726,7174,-10.1,10,0,1,0.8864116666666667,0.005484990542754531,-0.8997234106063843
dqn,2026,727,7177,-10.03,3,0,1,0.8863641666666666,0.008223123848438263,-1.0045406818389893
dqn,2026,728,7195,-10.18,18,0,1,0.8860791666666666,0.006423288956284523,-0.8219380117952824
dqn,2026,729,7197,-10.02,2,0,1,0.8860475,0.006809237413108349,-0.7656763792037964
dqn,2026,730,7200,-10.03,3,0,1,0.886,0.008942680433392525,-1.69254469871521
dqn,2026,731,7224,-10.24,24,0,1,0.8856200000000001,0.009748117765411735,-0.5901315708955129
dqn,2026,732,7234,-10.1,10,0,1,0.8854616666666667,0.005787263158708811,-0.6848602592945099
dqn,2026,733,7236,-10.02,2,0,1,0.88543,0.0076453047804534435,-0.01587512344121933
dqn,2026,734,7240,-10.04,4,0,1,0.8853666666666666,0.004938460886478424,-1.1548104286193848
dqn,2026,735,7286,-10.46,46,0,1,0.8846383333333333,0.006272597831081261,-0.9965388124639337
dqn,2026,736,7303,-10.17,17,0,1,0.8843691666666667,0.007013291819021106,-0.7764718979597092
dqn,2026,737,7308,-10.049999999999999,5,0,1,0.88429,0.006302138324826956,-0.9898892045021057
dqn,2026,738,7323,-10.15,15,0,1,0.8840525,0.006321417090172569,-0.5635875264803568
dqn,2026,739,7328,-10.049999999999999,5,0,1,0.8839733333333334,0.0055018148850649595,-0.4821990728378296
dqn,2026,740,7368,-10.4,40,0,1,0.88334,0.0074852702906355265,-0.7906518876552582
dqn,2026,741,7370,-10.02,2,0,1,0.8833083333333334,,
dqn,2026,742,7395,-10.25,25,0,1,0.8829125,0.005370251562756796,-0.952910840511322
dqn,2026,743,7468,-10.73,73,0,1,0.8817566666666666,0.0229057820489336,-0.9063548916264584
dqn,2026,744,7476,-10.08,8,0,1,0.88163,0.006464991252869368,-0.7409703284502029
dqn,2026,745,7482,-10.06,6,0,1,0.881535,0.00809185765683651,-0.446466863155365
dqn,2026,746,7485,-10.03,3,0,1,0.8814875,0.0020248843356966972,-0.38789328932762146
dqn,2026,747,7495,-10.1,10,0,1,0.8813291666666667,0.004238930996507406,-0.6716581732034683
dqn,2026,748,7498,-10.03,3,0,1,0.8812816666666666,0.009528466500341892,-0.672723650932312
dqn,2026,749,7502,-10.04,4,0,1,0.8812183333333333,0.005574556067585945,-0.5537723302841187
dqn,2026,750,7506,-10.04,4,0,1,0.881155,0.007490350864827633,-1.0718656778335571
dqn,2026,751,7522,-10.16,16,0,1,0.8809016666666667,0.003590563894249499,-0.5098366066813469
dqn,2026,752,7528,-10.06,6,0,1,0.8808066666666666,0.15760421939194202,-0.9328725337982178
dqn,2026,753,7544,-10.16,16,0,1,0.8805533333333333,0.0041749359224922955,-0.7613324820995331
dqn,2026,754,7548,-10.04,4,0,1,0.88049,0.003901720279827714,-1.1732490062713623
dqn,2026,755,7549,-10.01,1,0,1,0.8804741666666667,,
dqn,2026,756,7557,-10.08,8,0,1,0.8803475000000001,0.0028701378614641726,-1.088849663734436
dqn,2026,757,7564,-10.07,7,0,1,0.8802366666666667,0.0028423540061339736,-1.1835082173347473
dqn,2026,758,7565,-10.01,1,0,1,0.8802208333333333,,
dqn,2026,759,7579,-10.14,14,0,1,0.8799991666666667,0.004120158885295193,-0.8699153860410055
dqn,2026,760,7585,-10.06,6,0,1,0.8799041666666667,0.004918470745906234,-0.7736448049545288
dqn,2026,761,7592,-10.07,7,0,1,0.8797933333333333,0.0042616138234734535,-0.7899655103683472
dqn,2026,762,7594,-10.02,2,0,1,0.8797616666666667,,
dqn,2026,763,7600,-10.06,6,0,1,0.8796666666666667,0.003660953836515546,-0.6502352505922318
dqn,2026,764,7616,-10.16,16,0,1,0.8794133333333334,0.08101160963997245,-0.9448491372168064
dqn,2026,765,7629,-10.129999999999999,13,0,1,0.8792075,0.002791111823171377,-0.4894620676835378
dqn,2026,766,7634,-10.049999999999999,5,0,1,0.8791283333333333,0.001571348519064486,-0.07437355071306229
dqn,2026,767,7636,-10.02,2,0,1,0.8790966666666666,0.00425103772431612,-0.40316519141197205
dqn,2026,768,7650,-10.14,14,0,1,0.878875,0.10430668542782466,-1.126577893892924
dqn,2026,769,7682,-10.32,32,0,1,0.8783683333333333,0.042328593553975224,-0.7884888239204884
dqn,2026,770,7688,-10.06,6,0,1,0.8782733333333334,0.00429505470674485,-0.6164872348308563
dqn,2026,771,7696,-10.08,8,0,1,0.8781466666666666,0.0036285618552938104,-0.5676420032978058
dqn,2026,772,7713,-10.17,17,0,1,0.8778775,0.005719462991692126,-0.9783661961555481
dqn,2026,773,7722,-10.09,9,0,1,0.877735,0.004896821221336722,-0.6367248594760895
dqn,2026,774,7747,-10.25,25,0,1,0.8773391666666667,0.0050474051386117935,-0.599650427699089
dqn,2026,775,7751,-10.04,4,0,1,0.8772758333333334,0.00412918534129858,-0.8767702579498291
dqn,2026,776,7754,-10.03,3,0,1,0.8772283333333333,0.005496615078300238,-0.5209432244300842
dqn,2026,777,7764,-10.1,10,0,1,0.87707,0.002553904584298531,-0.5909757067759832
dqn,2026,778,7765,-10.01,1,0,1,0.8770541666666667,,
dqn,2026,779,7782,-10.17,17,0,1,0.876785,0.0032330333488062024,-0.9883708953857422
dqn,2026,780,7810,-10.28,28,0,1,0.8763416666666667,0.08984492865524121,-0.8289076132433755
dqn,2026,781,7824,-10.14,14,0,1,0.87612,0.002575478720245883,-0.3849162179976702
dqn,2026,782,7826,-10.02,2,0,1,0.8760883333333334,,
dqn,2026,783,7828,-10.02,2,0,1,0.8760566666666667,0.0016356292180716991,-0.6991618871688843
dqn,2026,784,7830,-10.02,2,0,1,0.876025,,
dqn,2026,785,7834,-10.04,4,0,1,0.8759616666666666,0.004216027446091175,-1.3475909233093262
dqn,2026,786,7842,-10.08,8,0,1,0.875835,0.004276677034795284,-0.7603536248207092
dqn,2026,787,7852,-10.1,10,0,1,0.8756766666666667,0.005354755092412233,-1.028031090895335
dqn,2026,788,7857,-10.049999999999999,5,0,1,0.8755975,0.0028848745860159397,-1.8247140645980835
dqn,2026,789,7868,-10.11,11,0,1,0.8754233333333333,0.005915693861121933,-0.7306479215621948
dqn,2026,790,7916,-10.48,48,0,1,0.8746633333333333,0.0034680805013825497,-0.6642537402609984
dqn,2026,791,7935,-10.19,19,0,1,0.8743624999999999,0.003750016156118363,-0.7761139571666718
dqn,2026,792,7940,-10.049999999999999,5,0,1,0.8742833333333333,0.004758512135595083,-0.7412504851818085
dqn,2026,793,7942,-10.02,2,0,1,0.8742516666666666,,
dqn,2026,794,7948,-10.06,6,0,1,0.8741566666666667,0.003921419149264693,-0.6029509902000427
dqn,2026,795,7951,-10.03,3,0,1,0.8741091666666667,,
dqn,2026,796,7954,-10.03,3,0,1,0.8740616666666667,0.004430423490703106,-0.8385130167007446
dqn,2026,797,7957,-10.03,3,0,1,0.8740141666666666,0.004611738491803408,-0.8850474953651428
dqn,2026,798,7968,-10.11,11,0,1,0.87384,0.0030640449840575457,-0.3995421379804611
dqn,2026,799,7978,-10.1,10,0,1,0.8736816666666667,0.0023989412002265453,-0.8653029799461365
dqn,2026,800,7982,-10.04,4,0,1,0.8736183333333334,0.003642623545601964,-0.5337662696838379
dqn,2026,801,7985,-10.03,3,0,1,0.8735708333333334,0.006146030500531197,-1.5384353399276733
dqn,2026,802,7987,-10.02,2,0,1,0.8735391666666666,,
dqn,2026,803,8020,-10.33,33,0,1,0.8730166666666667,0.036838959307513304,-0.7007804214954376
dqn,2026,804,8028,-10.08,8,0,1,0.8728899999999999,0.007150828372687101,-0.35664642602205276
dqn,2026,805,8041,-10.129999999999999,13,0,1,0.8726841666666667,0.004483100802948077,-0.7659676472345988
dqn,2026,806,8049,-10.08,8,0,1,0.8725575,0.002617497055325657,-0.521450400352478
dqn,2026,807,8053,-10.04,4,0,1,0.8724941666666667,0.005369494669139385,-0.6983110904693604
dqn,2026,808,8054,-10.01,1,0,1,0.8724783333333334,,
dqn,2026,809,8059,-10.049999999999999,5,0,1,0.8723991666666666,0.0010649410542100668,-0.07252320647239685
dqn,2026,810,8063,-10.04,4,0,1,0.8723358333333333,0.0040132091380655766,-0.57657790184021
dqn,2026,811,8065,-10.02,2,0,1,0.8723041666666667,0.001986095914617181,-0.6990382075309753
dqn,2026,812,8071,-10.06,6,0,1,0.8722091666666667,0.002906688954681158,-0.6844027042388916
dqn,2026,813,8089,-10.18,18,0,1,0.8719241666666666,0.0029110525734722613,-0.5322598487138748
dqn,2026,814,8091,-10.02,2,0,1,0.8718925,,
dqn,2026,815,8095,-10.04,4,0,1,0.8718291666666667,0.0013000211911275983,-0.23223251104354858
dqn,2026,816,8099,-10.04,4,0,1,0.8717658333333334,0.0024553106632083654,-0.6925382018089294
dqn,2026,817,8108,-10.09,9,0,1,0.8716233333333333,0.001678670950544377,-0.6856616934140524
dqn,2026,818,8114,-10.06,6,0,1,0.8715283333333333,0.00261973706074059,-1.184518575668335
dqn,2026,819,8132,-10.18,18,0,1,0.8712433333333334,0.00303844113368541,-0.6879153490066529
dqn,2026,820,8139,-10.07,7,0,1,0.8711325,0.0036862101405858994,-0.5561569929122925
dqn,2026,821,8174,-10.35,35,0,1,0.8705783333333333,0.03977566088239352,-0.9159886274072859
dqn,2026,822,8190,-10.16,16,0,1,0.870325,0.007442177273333073,-0.6871111541986465
dqn,2026,823,8193,-10.03,3,0,1,0.8702775,0.0028919721953570843,-0.5413316488265991
dqn,2026,824,8206,-10.129999999999999,13,0,1,0.8700716666666667,0.0038331065249318876,-0.7197739283243815
dqn,2026,825,8213,-10.07,7,0,1,0.8699608333333333,0.003909242572262883,-0.7130337953567505
dqn,2026,826,8224,-10.11,11,0,1,0.8697866666666667,0.002731731627136469,-0.5922317703564962
dqn,2026,827,8230,-10.06,6,0,1,0.8696916666666666,0.004825415089726448,-1.0043706893920898
dqn,2026,828,8254,-10.24,24,0,1,0.8693116666666667,0.0033808341055798032,-0.48210079967975616
dqn,2026,829,8260,-10.06,6,0,1,0.8692166666666667,0.003010712447576225,-0.9397823810577393
dqn,2026,830,8268,-10.08,8,0,1,0.86909,0.0021332786418497562,-0.7144293487071991
dqn,2026,831,8273,-10.049999999999999,5,0,1,0.8690108333333333,0.0044566611759364605,-1.4699231386184692
dqn,2026,832,8277,-10.04,4,0,1,0.8689475,0.0019498799229040742,-0.3784484565258026
dqn,2026,833,8298,-10.209999999999999,21,0,1,0.868615,0.002708664955571294,-0.8927522420883178
dqn,2026,834,8300,-10.02,2,0,1,0.8685833333333334,0.0038247762713581324,-0.5320072770118713
dqn,2026,835,8312,-10.12,12,0,1,0.8683933333333334,0.0024970417143777013,-1.131295621395111
dqn,2026,836,8323,-10.11,11,0,1,0.8682191666666667,0.002258992870338261,-0.6073616147041321
dqn,2026,837,8325,-10.02,2,0,1,0.8681875,0.0018808494787663221,-0.059365734457969666
dqn,2026,838,8357,-10.32,32,0,1,0.8676808333333333,0.0029796459421049803,-0.9425841085612774
dqn,2026,839,8365,-10.08,8,0,1,0.8675541666666666,0.0037205672124400735,-0.9993438348174095
dqn,2026,840,8379,-10.14,14,0,1,0.8673325000000001,0.0026149756352727613,-0.38831984748442966
dqn,2026,841,8385,-10.06,6,0,1,0.8672375,0.003544959588907659,-0.37226424366235733
dqn,2026,842,8388,-10.03,3,0,1,0.86719,0.002720489399507642,-0.6699396371841431
dqn,2026,843,8429,-10.41,41,0,1,0.8665408333333333,0.002902981999795884,-0.8421168625354767
dqn,2026,844,8446,-10.17,17,0,1,0.8662716666666667,0.0029856909532099962,-1.0107894539833069
dqn,2026,845,8463,-10.17,17,0,1,0.8660025,0.001967706368304789,-0.7748204469680786
dqn,2026,846,8469,-10.06,6,0,1,0.8659075,0.0042304134694859385,-0.7946509346365929
dqn,2026,847,8477,-10.08,8,0,1,0.8657808333333333,0.0022289727348834276,-0.9239664077758789
dqn,2026,848,8482,-10.049999999999999,5,0,1,0.8657016666666667,0.0018243619706481695,-0.6793777346611023
dqn,2026,849,8483,-10.01,1,0,1,0.8656858333333334,,
dqn,2026,850,8487,-10.04,4,0,1,0.8656225,0.0014370320132002234,-1.1731418371200562
dqn,2026,851,8494,-10.07,7,0,1,0.8655116666666667,0.004585185437463224,-1.0461924076080322
dqn,2026,852,8509,-10.15,15,0,1,0.8652741666666667,0.002490451035555452,-0.5129498615860939
dqn,2026,853,8520,-10.11,11,0,1,0.8651,0.003749461301291982,-0.8165579835573832
dqn,2026,854,8523,-10.03,3,0,1,0.8650525,,
dqn,2026,855,8532,-10.09,9,0,1,0.8649100000000001,0.003300244687125087,-0.9208105007807413
dqn,2026,856,8534,-10.02,2,0,1,0.8648783333333334,,
dqn,2026,857,8551,-10.17,17,0,1,0.8646091666666667,0.00222970440518111,-0.5310028530657291
dqn,2026,858,8555,-10.04,4,0,1,0.8645458333333333,0.3053882420063019,-1.1882574558258057
dqn,2026,859,8566,-10.11,11,0,1,0.8643716666666666,0.0022838665172457695,-0.5694477160771688
dqn,2026,860,8583,-10.17,17,0,1,0.8641025,0.0034355469688307494,-0.8275276720523834
dqn,2026,861,8585,-10.02,2,0,1,0.8640708333333333,0.005386476404964924,-1.1586098670959473
dqn,2026,862,8589,-10.04,4,0,1,0.8640075,0.004593636374920607,-1.375427484512329
dqn,2026,863,8597,-10.08,8,0,1,0.8638808333333333,0.001828241627663374,-0.7161123901605606
dqn,2026,864,8601,-10.04,4,0,1,0.8638175,0.003949637059122324,-0.8250503540039062
dqn,2026,865,8606,-10.049999999999999,5,0,1,0.8637383333333333,0.0017465015407651663,-0.03503960371017456
dqn,2026,866,8612,-10.06,6,0,1,0.8636433333333333,0.0018819058313965797,-0.9458049535751343
dqn,2026,867,8618,-10.06,6,0,1,0.8635483333333334,0.3013167679309845,-0.5425155162811279
dqn,2026,868,8619,-10.01,1,0,1,0.8635325,,
dqn,2026,869,8621,-10.02,2,0,1,0.8635008333333334,0.002035153564065695,-0.84214186668396
dqn,2026,870,8648,-10.27,27,0,1,0.8630733333333334,0.0033334228542766403,-0.7187077147620065
dqn,2026,871,8663,-10.15,15,0,1,0.8628358333333334,0.002478088950738311,-0.5363060037295023
dqn,2026,872,8665,-10.02,2,0,1,0.8628041666666667,0.0012018734123557806,-0.05763863027095795
dqn,2026,873,8676,-10.11,11,0,1,0.86263,0.0016336787569647033,-0.5765919586022695
dqn,2026,874,8682,-10.06,6,0,1,0.862535,0.0018931407248601317,-0.5355353951454163
dqn,2026,875,8709,-10.27,27,0,1,0.8621075,0.002373448489899082,-0.5367603919335774
dqn,2026,876,8751,-10.42,42,0,1,0.8614425,0.0027918281848542392,-0.8096929132938385
dqn,2026,877,8757,-10.06,6,0,1,0.8613475,0.004010433563962579,-1.3236574530601501
dqn,2026,878,8760,-10.03,3,0,1,0.8613,0.0023548458702862263,-0.3990193009376526
dqn,2026,879,8765,-10.049999999999999,5,0,1,0.8612208333333333,0.004010126926004887,-1.0525132417678833
dqn,2026,880,8773,-10.08,8,0,1,0.8610941666666667,0.1541317105293274,-0.573401927947998
dqn,2026,881,8775,-10.02,2,0,1,0.8610625000000001,,
dqn,2026,882,8798,-10.23,23,0,1,0.8606983333333333,0.004021910368464887,-0.8445936093727747
dqn,2026,883,8802,-10.04,4,0,1,0.860635,0.0035270785447210073,-0.670002818107605
dqn,2026,884,8828,-10.26,26,0,1,0.8602233333333333,0.004639312891023499,-0.6388502717018127
dqn,2026,885,8830,-10.02,2,0,1,0.8601916666666667,,
dqn,2026,886,8851,-10.209999999999999,21,0,1,0.8598591666666666,0.004732018336653709,-1.2242435097694397
dqn,2026,887,8868,-10.17,17,0,1,0.8595900000000001,0.0024501751642674206,-0.7597508907318116
dqn,2026,888,8872,-10.04,4,0,1,0.8595266666666667,0.002061752835288644,-1.0413570404052734
dqn,2026,889,8875,-10.03,3,0,1,0.8594791666666667,,
dqn,2026,890,8881,-10.06,6,0,1,0.8593841666666666,0.0022823597537353635,-1.0025481581687927
dqn,2026,891,8882,-10.01,1,0,1,0.8593683333333333,,
dqn,2026,892,8887,-10.049999999999999,5,0,1,0.8592891666666667,0.0011057181982323527,-0.21456030011177063
dqn,2026,893,8891,-10.04,4,0,1,0.8592258333333334,0.0012192698195576668,-0.5450093150138855
dqn,2026,894,8910,-10.19,19,0,1,0.858925,0.0016034425585530697,-0.5090718030929565
dqn,2026,895,8913,-10.03,3,0,1,0.8588775,0.0006534982239827514,-0.5376775860786438
dqn,2026,896,8924,-10.11,11,0,1,0.8587033333333334,0.001736375115190943,-0.8002570867538452
dqn,2026,897,8927,-10.03,3,0,1,0.8586558333333334,,
dqn,2026,898,8940,-10.129999999999999,13,0,1,0.85845,0.0011220218730159104,-0.7364928647875786
dqn,2026,899,8942,-10.02,2,0,1,0.8584183333333333,,
dqn,2026,900,8944,-10.02,2,0,1,0.8583866666666666,0.0023300680331885815,-0.54856938123703
dqn,2026,901,8960,-10.16,16,0,1,0.8581333333333333,0.0024401591217610985,-0.6486431956291199
dqn,2026,902,8963,-10.03,3,0,1,0.8580858333333333,,
dqn,2026,903,8969,-10.06,6,0,1,0.8579908333333334,0.0014958933170419186,-0.9500157833099365
dqn,2026,904,8980,-10.11,11,0,1,0.8578166666666667,0.0015904611597458522,-0.9667814572652181
dqn,2026,905,8999,-10.19,19,0,1,0.8575158333333334,0.0023186660546343774,-0.982618898153305
dqn,2026,906,9008,-10.09,9,0,1,0.8573733333333333,0.0020590957331781587,-0.2976311941941579
dqn,2026,907,9016,-10.08,8,0,1,0.8572466666666667,0.0031099457992240787,-0.7428529262542725
dqn,2026,908,9022,-10.06,6,0,1,0.8571516666666666,0.004159537144005299,-0.8291465044021606
dqn,2026,909,9047,-10.25,25,0,1,0.8567558333333334,0.002435887271227936,-0.5421006505688032
dqn,2026,910,9080,-10.33,33,0,1,0.8562333333333334,0.002827713084924552,-0.587757494714525
dqn,2026,911,9093,-10.129999999999999,13,0,1,0.8560275,0.10405244849001367,-0.9334410627683004
dqn,2026,912,9106,-10.129999999999999,13,0,1,0.8558216666666667,0.006361092596004407,-0.8331040143966675
dqn,2026,913,9108,-10.02,2,0,1,0.85579,0.01309807226061821,-1.37136971950531
dqn,2026,914,9110,-10.02,2,0,1,0.8557583333333334,,
dqn,2026,915,9112,-10.02,2,0,1,0.8557266666666666,0.003138829953968525,-0.5180888772010803
dqn,2026,916,9121,-10.09,9,0,1,0.8555841666666667,0.0044416801538318396,-0.56060591340065
dqn,2026,917,9140,-10.19,19,0,1,0.8552833333333334,0.005163695523515343,-0.9509400188922882
dqn,2026,918,9149,-10.09,9,0,1,0.8551408333333334,0.005246998276561499,-0.6946053355932236
dqn,2026,919,9154,-10.049999999999999,5,0,1,0.8550616666666667,0.003533048089593649,-0.18175238370895386
dqn,2026,920,9164,-10.1,10,0,1,0.8549033333333333,0.008842835823694864,-0.7855905493100485
dqn,2026,921,9180,-10.16,16,0,1,0.85465,0.07887930434662849,-0.8469360582530499
dqn,2026,922,9182,-10.02,2,0,1,0.8546183333333334,,
dqn,2026,923,9185,-10.03,3,0,1,0.8545708333333334,0.0051096295937895775,-1.0086381435394287
dqn,2026,924,9188,-10.03,3,0,1,0.8545233333333333,0.003223904874175787,-0.9744853973388672
dqn,2026,925,9190,-10.02,2,0,1,0.8544916666666666,,
dqn,2026,926,9198,-10.08,8,0,1,0.854365,0.14996016630902886,-0.9389967918395996
dqn,2026,927,9208,-10.1,10,0,1,0.8542066666666667,0.003180186962708831,-0.7687552471955618
dqn,2026,928,9226,-10.18,18,0,1,0.8539216666666667,0.004836216568946838,-0.8933561891317368
dqn,2026,929,9242,-10.16,16,0,1,0.8536683333333334,0.004323362547438592,-0.6482687294483185
dqn,2026,930,9277,-10.35,35,0,1,0.8531141666666666,0.003752757122533189,-0.7101280689239502
dqn,2026,931,9283,-10.06,6,0,1,0.8530191666666667,0.0035003693774342537,-1.1195811033248901
dqn,2026,932,9287,-10.04,4,0,1,0.8529558333333334,0.004126533400267363,-0.945647656917572
dqn,2026,933,9303,-10.16,16,0,1,0.8527025,0.0033237196039408445,-0.457229882478714
dqn,2026,934,9309,-10.06,6,0,1,0.8526075,0.0035253854002803564,-0.7204538583755493
dqn,2026,935,9312,-10.03,3,0,1,0.85256,0.002425448503345251,-0.4962962865829468
dqn,2026,936,9325,-10.129999999999999,13,0,1,0.8523541666666666,0.0038834632529566684,-0.6717146436373392
dqn,2026,937,9332,-10.07,7,0,1,0.8522433333333334,0.004308453644625843,-0.7929053008556366
dqn,2026,938,9334,-10.02,2,0,1,0.8522116666666667,,
dqn,2026,939,9347,-10.129999999999999,13,0,1,0.8520058333333334,0.004217714924986164,-0.5697400569915771
dqn,2026,940,9363,-10.16,16,0,1,0.8517525,0.002779622212983668,-0.6833574771881104
dqn,2026,941,9404,-10.41,41,0,1,0.8511033333333333,0.0045920171012932606,-0.5953409306027673
dqn,2026,942,9432,-10.28,28,0,1,0.85066,0.003212631563656032,-0.8305981159210205
dqn,2026,943,9457,-10.25,25,0,1,0.8502641666666667,0.0025811607483774424,-0.8634707430998484
dqn,2026,944,9463,-10.06,6,0,1,0.8501691666666666,0.0023702639155089855,-0.025503933429718018
dqn,2026,945,9468,-10.049999999999999,5,0,1,0.85009,0.0033714064629748464,-0.8200077712535858
dqn,2026,946,9507,-10.39,39,0,1,0.8494725,0.0037088807051380477,-0.9417051275571188
dqn,2026,947,9510,-10.03,3,0,1,0.849425,0.004151008557528257,-0.7989071607589722
dqn,2026,948,9517,-10.07,7,0,1,0.8493141666666667,0.0020350407576188445,0.0038124248385429382
dqn,2026,949,9524,-10.07,7,0,1,0.8492033333333333,0.002278107451274991,-0.8922907412052155
dqn,2026,950,9526,-10.02,2,0,1,0.8491716666666667,,
dqn,2026,951,9536,-10.1,10,0,1,0.8490133333333334,0.002572438524415096,-0.7773022651672363
dqn,2026,952,9542,-10.06,6,0,1,0.8489183333333333,0.0033551137894392014,-0.9736966490745544
dqn,2026,953,9556,-10.14,14,0,1,0.8486966666666667,0.002766254299785942,-0.7695174813270569
dqn,2026,954,9561,-10.049999999999999,5,0,1,0.8486175,0.002109524328261614,-0.8014284372329712
dqn,2026,955,9572,-10.11,11,0,1,0.8484433333333333,0.004183324286714196,-1.021456201871236
dqn,2026,956,9606,-10.34,34,0,1,0.847905,0.003094456362305209,-0.7771337181329727
dqn,2026,957,9648,-10.42,42,0,1,0.84724,0.002289290285923264,-0.6886373067444022
dqn,2026,958,9662,-10.14,14,0,1,0.8470183333333333,0.002143188534925381,-0.5466471413771311
dqn,2026,959,9663,-10.01,1,0,1,0.8470025,,
dqn,2026,960,9673,-10.1,10,0,1,0.8468441666666666,0.002508556858325998,-0.8095104098320007
dqn,2026,961,9704,-10.31,31,0,1,0.8463533333333333,0.003871388209518045,-0.7291788756847382
dqn,2026,962,9753,-10.49,49,0,1,0.8455775,0.002742695175887396,-0.6608485380808512
dqn,2026,963,9766,-10.129999999999999,13,0,1,0.8453716666666666,0.0023625324635456004,-0.5105007489522299
dqn,2026,964,9768,-10.02,2,0,1,0.84534,0.0032377741299569607,-0.8243147134780884
dqn,2026,965,9778,-10.1,10,0,1,0.8451816666666667,0.002987674088217318,-0.4817945510149002
dqn,2026,966,9782,-10.04,4,0,1,0.8451183333333333,0.003863036632537842,-0.3244744539260864
dqn,2026,967,9786,-10.04,4,0,1,0.845055,0.002901950851082802,-0.987198531627655
dqn,2026,968,9788,-10.02,2,0,1,0.8450233333333333,0.003168990835547447,-0.6278256177902222
dqn,2026,969,9808,-10.2,20,0,1,0.8447066666666667,0.0031835284549742936,-0.9121793329715728
dqn,2026,970,9837,-10.29,29,0,1,0.8442475,0.09084005963190325,-0.90363695366042
dqn,2026,971,9842,-10.049999999999999,5,0,1,0.8441683333333333,0.004348623100668192,-0.6589035987854004
dqn,2026,972,9845,-10.03,3,0,1,0.8441208333333333,0.0018514528637751937,-0.17321443557739258
dqn,2026,973,9860,-10.15,15,0,1,0.8438833333333333,0.0040375200915150344,-0.8969700187444687
dqn,2026,974,9868,-10.08,8,0,1,0.8437566666666667,0.003342052223160863,-0.6299581080675125
dqn,2026,975,9871,-10.03,3,0,1,0.8437091666666667,,
dqn,2026,976,9873,-10.02,2,0,1,0.8436775,0.004452581983059645,-0.6211931705474854
dqn,2026,977,9880,-10.07,7,0,1,0.8435666666666667,0.002360213897190988,-0.677061527967453
dqn,2026,978,9924,-10.44,44,0,1,0.84287,0.0026867280566048894,-0.7162720141085711
dqn,2026,979,9969,-10.45,45,0,1,0.8421575,0.004714444068006494,-0.7636425644159317
dqn,2026,980,9974,-10.049999999999999,5,0,1,0.8420783333333333,0.004679528065025806,-0.7773196697235107
dqn,2026,981,9991,-10.17,17,0,1,0.8418091666666667,0.004508476238697767,-0.9393614083528519
dqn,2026,982,9997,-10.06,6,0,1,0.8417141666666667,0.00210618251003325,-0.5642326176166534
dqn,2026,983,10039,-10.42,42,0,1,0.8410491666666666,0.0028401049086824058,-0.5088118642568589
dqn,2026,984,10043,-10.04,4,0,1,0.8409858333333333,0.0027462015859782696,-0.29616594314575195
dqn,2026,985,10046,-10.03,3,0,1,0.8409383333333333,0.004043306224048138,-0.4513363540172577
dqn,2026,986,10050,-10.04,4,0,1,0.840875,0.0029230599757283926,-0.6267521381378174
dqn,2026,987,10054,-10.04,4,0,1,0.8408116666666667,0.005129394121468067,-0.5301039218902588
dqn,2026,988,10056,-10.02,2,0,1,0.84078,0.002243980299681425,-0.6760193705558777
dqn,2026,989,10061,-10.049999999999999,5,0,1,0.8407008333333333,0.002046306151896715,-0.33412110805511475
dqn,2026,990,10112,-10.51,51,0,1,0.8398933333333334,0.002319596277979704,-0.6711727311977973
dqn,2026,991,10119,-10.07,7,0,1,0.8397825,0.001306478283368051,-0.991276741027832
dqn,2026,992,10125,-10.06,6,0,1,0.8396875,0.003061841242015362,-1.001133680343628
dqn,2026,993,10141,-10.16,16,0,1,0.8394341666666667,0.0016443129279650748,-0.3543226420879364
dqn,2026,994,10144,-10.03,3,0,1,0.8393866666666667,0.0017470431048423052,-0.8198186159133911
dqn,2026,995,10167,-10.23,23,0,1,0.8390225,0.00159164615906775,-0.7772148311138153
dqn,2026,996,10171,-10.04,4,0,1,0.8389591666666667,0.0016031231498345733,-0.032251253724098206
dqn,2026,997,10179,-10.08,8,0,1,0.8388325,0.002830734709277749,-1.1340670585632324
dqn,2026,998,10184,-10.049999999999999,5,0,1,0.8387533333333334,0.0013546828995458782,-0.3899886757135391
dqn,2026,999,10186,-10.02,2,0,1,0.8387216666666667,,
dqn,2026,1000,10192,-10.06,6,0,1,0.8386266666666666,0.0017367025138810277,-1.3070203065872192
dqn,2026,1001,10198,-10.06,6,0,1,0.8385316666666667,0.0021052872762084007,-0.8107395172119141
dqn,2026,1002,10207,-10.09,9,0,1,0.8383891666666667,0.0023320509353652596,-0.627565547823906
dqn,2026,1003,10216,-10.09,9,0,1,0.8382466666666667,0.002471518663999935,-1.273643930753072
dqn,2026,1004,10219,-10.03,3,0,1,0.8381991666666666,,
dqn,2026,1005,10237,-10.18,18,0,1,0.8379141666666667,0.0026186849689111115,-0.5121331334114074
dqn,2026,1006,10257,-10.2,20,0,1,0.8375975,0.0020096499705687166,-0.7752771735191345
dqn,2026,1007,10295,-10.38,38,0,1,0.8369958333333334,0.002826015975895441,-0.6847548865609698
dqn,2026,1008,10316,-10.209999999999999,21,0,1,0.8366633333333333,0.0018579115082199376,-0.5181093911329905
dqn,2026,1009,10343,-10.27,27,0,1,0.8362358333333333,0.0020027904344412186,-0.728740339477857
dqn,2026,1010,10346,-10.03,3,0,1,0.8361883333333333,0.0018707172712311149,-0.8123211860656738
dqn,2026,1011,10385,-10.39,39,0,1,0.8355708333333334,0.0015443109266925603,-0.4889103800058365
dqn,2026,1012,10421,-10.36,36,0,1,0.8350008333333334,0.00149248868951367,-0.6862461898061964
dqn,2026,1013,10427,-10.06,6,0,1,0.8349058333333333,0.0019386019557714462,-0.31627997756004333
dqn,2026,1014,10432,-10.049999999999999,5,0,1,0.8348266666666666,0.0008890504541341215,-0.39651843905448914
dqn,2026,1015,10476,-10.44,44,0,1,0.83413,0.029437910733659835,-0.708198528398167
dqn,2026,1016,10482,-10.06,6,0,1,0.8340350000000001,0.003334339475259185,-1.3043525218963623
dqn,2026,1017,10514,-10.32,32,0,1,0.8335283333333333,0.0014647920907009393,-0.6680624596774578
dqn,2026,1018,10526,-10.12,12,0,1,0.8333383333333333,0.001279131354143222,-0.5913282831509908
dqn,2026,1019,10533,-10.07,7,0,1,0.8332275,0.0010828306549228728,-0.3995887041091919
dqn,2026,1020,10556,-10.23,23,0,1,0.8328633333333333,0.0017053136931887518,-0.6557779163122177
dqn,2026,1021,10573,-10.17,17,0,1,0.8325941666666667,0.0021223957592155784,-0.96083565056324
dqn,2026,1022,10599,-10.26,26,0,1,0.8321825,0.0014272057839358847,-0.42981008688608807
dqn,2026,1023,10629,-10.3,30,0,1,0.8317075,0.0013116829577484168,-0.402984444051981
dqn,2026,1024,10638,-10.09,9,0,1,0.831565,0.001279424293898046,-0.54987733066082
dqn,2026,1025,10645,-10.07,7,0,1,0.8314541666666666,0.002208645106293261,-0.18673808127641678
dqn,2026,1026,10667,-10.22,22,0,1,0.8311058333333333,0.002001752331852913,-0.49394504725933075
dqn,2026,1027,10683,-10.16,16,0,1,0.8308525,0.0021101185702718794,-0.5554867163300514
dqn,2026,1028,10700,-10.17,17,0,1,0.8305833333333333,0.0025952686090022327,-0.7169214397668838
dqn,2026,1029,10709,-10.09,9,0,1,0.8304408333333333,0.0023145428276620805,-0.7650569081306458
dqn,2026,1030,10711,-10.02,2,0,1,0.8304091666666666,,
dqn,2026,1031,10713,-10.02,2,0,1,0.8303775,0.0012034305837005377,-0.804460346698761
dqn,2026,1032,10720,-10.07,7,0,1,0.8302666666666667,0.00239243550458923,-0.38004936277866364
dqn,2026,1033,10724,-10.04,4,0,1,0.8302033333333334,0.0013535160105675459,-0.8085877895355225
dqn,2026,1034,10728,-10.04,4,0,1,0.83014,0.005417964421212673,-0.8435002565383911
dqn,2026,1035,10737,-10.09,9,0,1,0.8299974999999999,0.001255431561730802,-0.3199959024786949
dqn,2026,1036,10774,-10.37,37,0,1,0.8294116666666667,0.004567107806603114,-0.46547327521774506
dqn,2026,1037,10778,-10.04,4,0,1,0.8293483333333334,0.004511682316660881,-0.35853031277656555
dqn,2026,1038,10791,-10.129999999999999,13,0,1,0.8291425,0.0042872776587804156,-0.8886377612749735
dqn,2026,1039,10798,-10.07,7,0,1,0.8290316666666666,0.005037663737311959,-0.9368402659893036
dqn,2026,1040,10809,-10.11,11,0,1,0.8288575,0.0025646269787102938,-0.6913933753967285
dqn,2026,1041,10814,-10.049999999999999,5,0,1,0.8287783333333334,0.001043559517711401,-0.332099050283432
dqn,2026,1042,10828,-10.14,14,0,1,0.8285566666666666,0.0019602060492616147,-0.6977486237883568
dqn,2026,1043,10849,-10.209999999999999,21,0,1,0.8282241666666667,0.003191045834682882,-0.6477052211761475
dqn,2026,1044,10855,-10.06,6,0,1,0.8281291666666667,0.003175183665007353,-0.9580725431442261
dqn,2026,1045,10857,-10.02,2,0,1,0.8280975,0.0040748994797468185,-0.532638430595398
dqn,2026,1046,10875,-10.18,18,0,1,0.8278125000000001,0.0027237136964686215,-0.723518505692482
dqn,2026,1047,10878,-10.03,3,0,1,0.8277650000000001,0.0008323336951434612,-0.16023093461990356
dqn,2026,1048,10928,-10.5,50,0,1,0.8269733333333333,0.0016064796587810493,-0.49256227165460587
dqn,2026,1049,10945,-10.17,17,0,1,0.8267041666666667,0.0022429973469115794,-0.9275687038898468
dqn,2026,1050,10953,-10.08,8,0,1,0.8265775,0.15163464343640953,-0.7983453571796417
dqn,2026,1051,10968,-10.15,15,0,1,0.8263400000000001,0.0010520369687583297,-0.5329498872160912
dqn,2026,1052,10980,-10.12,12,0,1,0.82615,0.0016401776811107993,-0.6437321503957113
dqn,2026,1053,10994,-10.14,14,0,1,0.8259283333333334,0.0013084815194209416,-0.9312598506609598
dqn,2026,1054,11006,-10.12,12,0,1,0.8257383333333334,0.0013545092466908197,-0.749407559633255
dqn,2026,1055,11009,-10.03,3,0,1,0.8256908333333334,0.3109719455242157,-0.9628063440322876
dqn,2026,1056,11015,-10.06,6,0,1,0.8255958333333333,0.0013608122244477272,-0.4605609178543091
dqn,2026,1057,11016,-10.01,1,0,1,0.82558,0.0016804970800876617,-0.9447627067565918
dqn,2026,1058,11034,-10.18,18,0,1,0.825295,0.07821761303057428,-0.3454168140888214
dqn,2026,1059,11067,-10.33,33,0,1,0.8247725,0.007984332012711093,-0.8046645969152451
dqn,2026,1060,11076,-10.09,9,0,1,0.82463,0.004560993596290548,-0.8106414303183556
dqn,2026,1061,11082,-10.06,6,0,1,0.824535,0.003046720987185836,-0.9861831665039062
dqn,2026,1062,11086,-10.04,4,0,1,0.8244716666666667,0.002805905882269144,-0.17993824183940887
dqn,2026,1063,11097,-10.11,11,0,1,0.8242975,0.0017663910014865298,-0.532181570927302
dqn,2026,1064,11110,-10.129999999999999,13,0,1,0.8240916666666667,0.004450411458189289,-0.8151703278223673
dqn,2026,1065,11123,-10.129999999999999,13,0,1,0.8238858333333333,0.001971810512865583,-0.23370801905790964
dqn,2026,1066,11146,-10.23,23,0,1,0.8235216666666667,0.0021560226062623165,-0.878002256155014
dqn,2026,1067,11147,-10.01,1,0,1,0.8235058333333334,,
dqn,2026,1068,11160,-10.129999999999999,13,0,1,0.8233,0.0018320475646760315,-0.7235440164804459
dqn,2026,1069,11163,-10.03,3,0,1,0.8232525,,
dqn,2026,1070,11165,-10.02,2,0,1,0.8232208333333333,0.0014515356160700321,-0.799890398979187
dqn,2026,1071,11174,-10.09,9,0,1,0.8230783333333334,0.001647695666179061,-0.7051452398300171
dqn,2026,1072,11182,-10.08,8,0,1,0.8229516666666666,0.0014301020419225097,-0.8712790608406067
dqn,2026,1073,11183,-10.01,1,0,1,0.8229358333333333,,
dqn,2026,1074,11185,-10.02,2,0,1,0.8229041666666667,0.0007807408692315221,0.15997642278671265
dqn,2026,1075,11190,-10.049999999999999,5,0,1,0.822825,0.002328802365809679,-0.3313812017440796
dqn,2026,1076,11201,-10.11,11,0,1,0.8226508333333333,0.0016299407773961623,-0.5205816924571991
dqn,2026,1077,11234,-10.33,33,0,1,0.8221283333333333,0.0015694891117163934,-0.5174579825252295
dqn,2026,1078,11242,-10.08,8,0,1,0.8220016666666667,0.002049072296358645,-0.7940714061260223
dqn,2026,1079,11258,-10.16,16,0,1,0.8217483333333333,0.0023466626298613846,-0.48415303230285645
dqn,2026,1080,11288,-10.3,30,0,1,0.8212733333333333,0.0029756439762422815,-0.6480309367179871
dqn,2026,1081,11298,-10.1,10,0,1,0.821115,0.0031966001261025667,-0.3412174582481384
dqn,2026,1082,11323,-10.25,25,0,1,0.8207191666666667,0.003555261568787197,-0.7449030578136444
dqn,2026,1083,11332,-10.09,9,0,1,0.8205766666666667,0.0053405364354451495,-0.49645039439201355
dqn,2026,1084,11361,-10.29,29,0,1,0.8201175,0.04662659825823669,-0.8313419137682233
dqn,2026,1085,11371,-10.1,10,0,1,0.8199591666666667,0.0027270885184407234,-0.39740823209285736
dqn,2026,1086,11389,-10.18,18,0,1,0.8196741666666667,0.003585731936618686,-0.5361802488565445
dqn,2026,1087,11394,-10.049999999999999,5,0,1,0.819595,0.001462469226680696,-0.6421370506286621
dqn,2026,1088,11410,-10.16,16,0,1,0.8193416666666666,0.006735567236319184,-1.207116760313511
dqn,2026,1089,11431,-10.209999999999999,21,0,1,0.8190091666666667,0.00622556759044528,-0.7650431394577026
dqn,2026,1090,11479,9.52,48,1,0,0.8182491666666667,0.00431462127986985,-0.5859416623910269
dqn,2026,1091,11500,-10.209999999999999,21,0,1,0.8179166666666666,0.002087358404727032,-0.5584823936223984
dqn,2026,1092,11519,-10.19,19,0,1,0.8176158333333333,0.001349225000012666,-0.886688306927681
dqn,2026,1093,11524,-10.049999999999999,5,0,1,0.8175366666666667,0.0027871468337252736,-0.7793314158916473
dqn,2026,1094,11526,-10.02,2,0,1,0.817505,,
dqn,2026,1095,11537,-10.11,11,0,1,0.8173308333333333,0.002207478003886839,-0.9702001214027405
dqn,2026,1096,11543,-10.06,6,0,1,0.8172358333333334,0.0013920350465923548,-0.4502297043800354
dqn,2026,1097,11562,-10.19,19,0,1,0.816935,0.0009605801897123456,-0.3473815381526947
dqn,2026,1098,11566,-10.04,4,0,1,0.8168716666666667,0.0011740464251488447,-1.4467120170593262
dqn,2026,1099,11583,9.83,17,1,0,0.8166025,0.0013146189303370193,-0.6751915812492371
dqn,2026,1100,11605,-10.22,22,0,1,0.8162541666666667,0.05490628321422264,-0.6297049423058828
dqn,2026,1101,11608,-10.03,3,0,1,0.8162066666666666,0.0008224115590564907,-0.9527631998062134
dqn,2026,1102,11615,-10.07,7,0,1,0.8160958333333334,0.0010958544444292784,-0.7991456389427185
dqn,2026,1103,11625,-10.1,10,0,1,0.8159375,0.00160230603069067,-0.8175813655058543
dqn,2026,1104,11654,-10.29,29,0,1,0.8154783333333333,0.0030009235737712254,-0.6973683887294361
dqn,2026,1105,11659,-10.049999999999999,5,0,1,0.8153991666666667,0.001319747301749885,-0.7967101335525513
dqn,2026,1106,11665,-10.06,6,0,1,0.8153041666666667,0.004188845574390143,-0.8212493062019348
dqn,2026,1107,11684,-10.19,19,0,1,0.8150033333333333,0.002947665099054575,-0.5742126345634461
dqn,2026,1108,11714,-10.3,30,0,1,0.8145283333333333,0.0017030725139193237,-0.6075827117477145
dqn,2026,1109,11717,-10.03,3,0,1,0.8144808333333333,0.0007694371743127704,-0.1481020599603653
dqn,2026,1110,11742,-10.25,25,0,1,0.814085,0.0010545563612443705,-0.6085473895072937
dqn,2026,1111,11748,-10.06,6,0,1,0.81399,0.001098297827411443,-0.7062450647354126
dqn,2026,1112,11763,-10.15,15,0,1,0.8137525,0.0016464409418404102,-0.8001825412114462
dqn,2026,1113,11767,-10.04,4,0,1,0.8136891666666667,0.0011856489581987262,-0.6640820503234863
dqn,2026,1114,11774,-10.07,7,0,1,0.8135783333333333,0.002345006389077753,-0.61697056889534
dqn,2026,1115,11779,-10.049999999999999,5,0,1,0.8134991666666667,0.0008237750735133886,-0.6443067193031311
dqn,2026,1116,11782,-10.03,3,0,1,0.8134516666666667,0.0018566724611446261,-0.8181639313697815
dqn,2026,1117,11793,-10.11,11,0,1,0.8132775,0.0017388528989007075,-0.6226706107457479
dqn,2026,1118,11795,-10.02,2,0,1,0.8132458333333333,,
dqn,2026,1119,11797,-10.02,2,0,1,0.8132141666666667,0.0008601620211265981,-0.8069416284561157
dqn,2026,1120,11798,-10.01,1,0,1,0.8131983333333334,,
dqn,2026,1121,11802,-10.04,4,0,1,0.8131349999999999,0.00048379035433754325,-0.15098506212234497
dqn,2026,1122,11813,-10.11,11,0,1,0.8129608333333334,0.0019879202203204236,-0.4787581264972687
dqn,2026,1123,11836,-10.23,23,0,1,0.8125966666666666,0.0021436048943238952,-0.8989471395810446
dqn,2026,1124,11839,-10.03,3,0,1,0.8125491666666667,,
dqn,2026,1125,11847,-10.08,8,0,1,0.8124225,0.001981997978873551,-0.6526586711406708
dqn,2026,1126,11856,-10.09,9,0,1,0.81228,0.0010688163650532563,-0.6308680176734924
dqn,2026,1127,11859,-10.03,3,0,1,0.8122325,,
dqn,2026,1128,11874,-10.15,15,0,1,0.811995,0.0010986051347572356,-0.960663229227066
dqn,2026,1129,11891,-10.17,17,0,1,0.8117258333333334,0.07910573651315644,-0.7460927218198776
dqn,2026,1130,11894,-10.03,3,0,1,0.8116783333333333,0.003356014844030142,-1.3976081609725952
dqn,2026,1131,11905,-10.11,11,0,1,0.8115041666666667,0.0027992670657113194,-0.6099708875020345
dqn,2026,1132,11927,-10.22,22,0,1,0.8111558333333333,0.0024083191878162325,-0.6641520678997039
dqn,2026,1133,11938,-10.11,11,0,1,0.8109816666666667,0.002172230277210474,-1.0542375644048054
dqn,2026,1134,11946,-10.08,8,0,1,0.810855,0.001508370041847229,-0.3949221819639206
dqn,2026,1135,11965,-10.19,19,0,1,0.8105541666666667,0.0016727795591577888,-0.8286184847354889
dqn,2026,1136,12004,-10.39,39,0,1,0.8099366666666666,0.0022035819943994283,-0.6840895220637322
dqn,2026,1137,12008,-10.04,4,0,1,0.8098733333333333,0.0011218511499464512,-0.48012304306030273
dqn,2026,1138,12015,-10.07,7,0,1,0.8097624999999999,0.0017749022226780653,-1.5929107666015625
dqn,2026,1139,12026,-10.11,11,0,1,0.8095883333333334,0.0019123567811523874,-0.6830413738886515
dqn,2026,1140,12030,-10.04,4,0,1,0.809525,0.001578155905008316,-0.32732516527175903
dqn,2026,1141,12033,-10.03,3,0,1,0.8094775000000001,0.0031438064761459827,-1.100940465927124
dqn,2026,1142,12034,-10.01,1,0,1,0.8094616666666666,,
dqn,2026,1143,12064,-10.3,30,0,1,0.8089866666666666,0.0015192790742730722,-0.5771750248968601
dqn,2026,1144,12066,-10.02,2,0,1,0.808955,,
dqn,2026,1145,12074,-10.08,8,0,1,0.8088283333333334,0.0009273205796489492,-0.1652136743068695
dqn,2026,1146,12100,-10.26,26,0,1,0.8084166666666667,0.0015995407510282738,-0.7884969242981502
dqn,2026,1147,12103,-10.03,3,0,1,0.8083691666666667,,
dqn,2026,1148,12115,-10.12,12,0,1,0.8081791666666667,0.0009055299451574683,-0.5979384879271189
dqn,2026,1149,12125,-10.1,10,0,1,0.8080208333333333,0.0010002524747202794,-0.5732790927092234
dqn,2026,1150,12142,-10.17,17,0,1,0.8077516666666666,0.0027042397123295814,-0.6767482236027718
dqn,2026,1151,12146,-10.04,4,0,1,0.8076883333333333,0.004420729819685221,-0.9174399971961975
dqn,2026,1152,12160,-10.14,14,0,1,0.8074666666666667,0.002413033682387322,-0.567094013094902
dqn,2026,1153,12171,-10.11,11,0,1,0.8072925,0.004062140244059265,-0.9366120994091034
dqn,2026,1154,12195,-10.24,24,0,1,0.8069125,0.002271578060269045,-0.5001595032711824
dqn,2026,1155,12202,-10.07,7,0,1,0.8068016666666666,0.00369607366155833,-0.647062674164772
dqn,2026,1156,12228,-10.26,26,0,1,0.8063899999999999,0.004028567794843444,-0.772802105971745
dqn,2026,1157,12247,-10.19,19,0,1,0.8060891666666666,0.004606438946211711,-0.49630690552294254
dqn,2026,1158,12253,-10.06,6,0,1,0.8059941666666667,0.005670941609423608,-1.0902670621871948
dqn,2026,1159,12281,-10.28,28,0,1,0.8055508333333333,0.006625036542702999,-0.5343424784285682
dqn,2026,1160,12307,-10.26,26,0,1,0.8051391666666667,0.007501317265753944,-0.35338889559110004
dqn,2026,1161,12331,-10.24,24,0,1,0.8047591666666667,0.06083613420681407,-0.666073257724444
dqn,2026,1162,12335,-10.04,4,0,1,0.8046958333333334,0.00625939667224884,-0.18340758979320526
dqn,2026,1163,12340,-10.049999999999999,5,0,1,0.8046166666666666,0.014908083248883486,-0.5976395606994629
dqn,2026,1164,12360,-10.2,20,0,1,0.8043,0.02197888707742095,-0.37885020673274994
dqn,2026,1165,12371,-10.11,11,0,1,0.8041258333333333,0.03547160909511149,-0.8766787052154541
dqn,2026,1166,12400,-10.29,29,0,1,0.8036666666666666,0.023398943420033902,-0.7204447649419308
dqn,2026,1167,12414,-10.14,14,0,1,0.803445,0.0071281058092912035,-0.8665057818094889
dqn,2026,1168,12419,-10.049999999999999,5,0,1,0.8033658333333333,0.01205341424793005,-0.572437047958374
dqn,2026,1169,12423,-10.04,4,0,1,0.8033025,0.0036845779977738857,-0.13196198642253876
dqn,2026,1170,12427,-10.04,4,0,1,0.8032391666666667,0.006256873719394207,-0.664615273475647
dqn,2026,1171,12460,-10.33,33,0,1,0.8027166666666667,0.006249275381883813,-0.36647533708148533
dqn,2026,1172,12466,-10.06,6,0,1,0.8026216666666667,0.0051319170743227005,-0.1259387731552124
dqn,2026,1173,12474,-10.08,8,0,1,0.802495,0.012252814136445522,-0.9268171787261963
dqn,2026,1174,12496,-10.22,22,0,1,0.8021466666666667,0.010475321556441486,-0.4701846291621526
dqn,2026,1175,12511,-10.15,15,0,1,0.8019091666666667,0.033835661907990776,-0.6907775104045868
dqn,2026,1176,12516,-10.049999999999999,5,0,1,0.80183,0.015558145008981228,-0.7731003761291504
dqn,2026,1177,12525,-10.09,9,0,1,0.8016875,0.019421553472056985,-0.8775543570518494
dqn,2026,1178,12534,-10.09,9,0,1,0.801545,0.01651829294860363,-0.5486814826726913
dqn,2026,1179,12570,-10.36,36,0,1,0.800975,0.015186470053676102,-0.8483521342277527
dqn,2026,1180,12585,-10.15,15,0,1,0.8007375,0.09221498528495431,-0.4244034644216299
dqn,2026,1181,12657,-10.72,72,0,1,0.7995975,0.004824568905557196,-0.5622932960589727
dqn,2026,1182,12664,-10.07,7,0,1,0.7994866666666667,0.0028477635933086276,-0.47812773287296295
dqn,2026,1183,12667,-10.03,3,0,1,0.7994391666666667,,
dqn,2026,1184,12674,-10.07,7,0,1,0.7993283333333333,0.002958505181595683,-0.8701748847961426
dqn,2026,1185,12676,-10.02,2,0,1,0.7992966666666667,0.005127978045493364,-0.7562950253486633
dqn,2026,1186,12698,-10.22,22,0,1,0.7989483333333334,0.0016283331206068397,-0.41753411293029785
dqn,2026,1187,12716,-10.18,18,0,1,0.7986633333333333,0.0033475058851763608,-0.7736108869314193
dqn,2026,1188,12749,-10.33,33,0,1,0.7981408333333333,0.006953343458008021,-0.46105256490409374
dqn,2026,1189,12783,-10.34,34,0,1,0.7976025,0.003786000408581458,-0.47484759986400604
dqn,2026,1190,12799,-10.16,16,0,1,0.7973491666666667,0.004881657238001935,-0.6329473853111267
dqn,2026,1191,12806,-10.07,7,0,1,0.7972383333333333,0.003737102262675762,-0.8014369308948517
dqn,2026,1192,12813,-10.07,7,0,1,0.7971275,0.004509136197157204,-0.830209493637085
dqn,2026,1193,12817,-10.04,4,0,1,0.7970641666666667,0.0025038495659828186,-0.7946716547012329
dqn,2026,1194,12850,-10.33,33,0,1,0.7965416666666667,0.005054981869761832,-0.44585667084902525
dqn,2026,1195,12853,-10.03,3,0,1,0.7964941666666667,0.0009521874017082155,0.019332513213157654
dqn,2026,1196,12855,-10.02,2,0,1,0.7964625000000001,,
dqn,2026,1197,12866,-10.11,11,0,1,0.7962883333333334,0.0029814231287067137,-0.32351555426915485
dqn,2026,1198,12869,-10.03,3,0,1,0.7962408333333333,0.00250076106749475,-0.28387248516082764
dqn,2026,1199,12879,-10.1,10,0,1,0.7960825,0.002692942798603326,-0.21322252601385117
dqn,2026,1200,12889,-10.1,10,0,1,0.7959241666666667,0.003800956687579552,-0.813362310330073
dqn,2026,1201,12892,-10.03,3,0,1,0.7958766666666667,0.0035135475918650627,-0.4533730447292328
dqn,2026,1202,12921,-10.29,29,0,1,0.7954175,0.001929826061573944,-0.560677704002176
dqn,2026,1203,12938,-10.17,17,0,1,0.7951483333333333,0.0023836157051846385,-0.6009334176778793
dqn,2026,1204,12940,-10.02,2,0,1,0.7951166666666667,0.000859865453094244,-0.29509857296943665
dqn,2026,1205,12960,-10.2,20,0,1,0.7948,0.0029291437938809397,-0.6323221802711487
dqn,2026,1206,12991,-10.31,31,0,1,0.7943091666666666,0.0019470098943981742,-0.51978685600417
dqn,2026,1207,13011,-10.2,20,0,1,0.7939925,0.06471960056223906,-0.700160825252533
dqn,2026,1208,13020,-10.09,9,0,1,0.79385,0.002357314534795781,-0.42608395715554553
dqn,2026,1209,13023,-10.03,3,0,1,0.7938025,,
dqn,2026,1210,13032,-10.09,9,0,1,0.79366,0.0011234763660468161,-0.5609321395556132
dqn,2026,1211,13049,-10.17,17,0,1,0.7933908333333334,0.001191590738017112,-0.5558011885732412
dqn,2026,1212,13067,-10.18,18,0,1,0.7931058333333334,0.004117246309760958,-0.6085303667932749
dqn,2026,1213,13070,-10.03,3,0,1,0.7930583333333334,0.0016009054379537702,-0.1618320643901825
dqn,2026,1214,13076,-10.06,6,0,1,0.7929633333333334,0.003876532195135951,-0.42876583337783813
dqn,2026,1215,13094,-10.18,18,0,1,0.7926783333333334,0.0023066719877533615,-0.6831279750913382
dqn,2026,1216,13102,-10.08,8,0,1,0.7925516666666667,0.0022311146603897214,-0.7732414454221725
dqn,2026,1217,13111,-10.09,9,0,1,0.7924091666666666,0.0018399496038910002,-0.9507668018341064
dqn,2026,1218,13118,-10.07,7,0,1,0.7922983333333333,0.0029928548028692603,-0.5771728903055191
dqn,2026,1219,13130,-10.12,12,0,1,0.7921083333333334,0.0016289340953032176,-0.6190131306648254
dqn,2026,1220,13139,-10.09,9,0,1,0.7919658333333334,0.0011202030582353473,-0.6311028897762299
dqn,2026,1221,13143,-10.04,4,0,1,0.7919025,0.00035319640301167965,-0.15096645057201385
dqn,2026,1222,13148,-10.049999999999999,5,0,1,0.7918233333333333,0.0019360369769856334,-0.8813212513923645
dqn,2026,1223,13157,-10.09,9,0,1,0.7916808333333334,0.0012481995509006083,-0.7003916800022125
dqn,2026,1224,13158,-10.01,1,0,1,0.7916650000000001,,
dqn,2026,1225,13163,-10.049999999999999,5,0,1,0.7915858333333333,0.0008057108498178422,-0.15912505984306335
dqn,2026,1226,13182,-10.19,19,0,1,0.791285,0.0010074501798953861,-0.5348712801933289
dqn,2026,1227,13189,-10.07,7,0,1,0.7911741666666667,0.001358108245767653,-0.6203688234090805
dqn,2026,1228,13196,-10.07,7,0,1,0.7910633333333333,0.0023699732264503837,-0.5716923773288727
dqn,2026,1229,13213,-10.17,17,0,1,0.7907941666666667,0.0009890610017464496,-0.5038255527615547
dqn,2026,1230,13222,-10.09,9,0,1,0.7906516666666668,0.0012571486295200884,-0.3939763456583023
dqn,2026,1231,13249,-10.27,27,0,1,0.7902241666666667,0.001253350155561098,-0.6782782333237785
dqn,2026,1232,13266,-10.17,17,0,1,0.789955,0.07703009674878558,-0.5518994033336639
dqn,2026,1233,13271,-10.049999999999999,5,0,1,0.7898758333333333,0.0011474564671516418,-0.9401443600654602
dqn,2026,1234,13273,-10.02,2,0,1,0.7898441666666667,0.0020763245411217213,-0.4466812014579773
dqn,2026,1235,13278,-10.049999999999999,5,0,1,0.789765,0.002524265553802252,-0.9405874013900757
dqn,2026,1236,13282,-10.04,4,0,1,0.7897016666666667,0.0010241236304864287,-0.32872408628463745
dqn,2026,1237,13295,-10.129999999999999,13,0,1,0.7894958333333333,0.002055534472068151,-0.5362062454223633
dqn,2026,1238,13306,-10.11,11,0,1,0.7893216666666667,0.0012894717316764097,-0.8902967572212219
dqn,2026,1239,13312,-10.06,6,0,1,0.7892266666666667,0.0012847238685935736,-0.8920167684555054
dqn,2026,1240,13336,-10.24,24,0,1,0.7888466666666667,0.0014429737251096715,-0.8212116261323293
dqn,2026,1241,13341,-10.049999999999999,5,0,1,0.7887675000000001,0.0005353492451831698,-0.7895762920379639
dqn,2026,1242,13368,-10.27,27,0,1,0.78834,0.0010793360831615115,-0.4888299810034888
dqn,2026,1243,13379,-10.11,11,0,1,0.7881658333333333,0.0008039860404096544,-0.7178055942058563
dqn,2026,1244,13393,-10.14,14,0,1,0.7879441666666667,0.0011347547551849857,-0.2265927419066429
dqn,2026,1245,13403,-10.1,10,0,1,0.7877858333333334,0.002216347842477262,-0.7824766337871552
dqn,2026,1246,13411,-10.08,8,0,1,0.7876591666666667,0.001470077724661678,-0.16612529009580612
dqn,2026,1247,13420,-10.09,9,0,1,0.7875166666666666,0.0015090257802512497,-0.6777732868989309
dqn,2026,1248,13428,-10.08,8,0,1,0.78739,0.0017899309750646353,-0.8122452795505524
dqn,2026,1249,13473,-10.45,45,0,1,0.7866775,0.0010343625511847097,-0.48418616435744544
dqn,2026,1250,13479,-10.06,6,0,1,0.7865825,0.0012076401617377996,-0.15949639678001404
dqn,2026,1251,13508,-10.29,29,0,1,0.7861233333333333,0.0009589871915522963,-0.4649955667555332
dqn,2026,1252,13510,-10.02,2,0,1,0.7860916666666666,,
dqn,2026,1253,13512,-10.02,2,0,1,0.78606,0.0008725700317882001,-0.4838064908981323
dqn,2026,1254,13517,-10.049999999999999,5,0,1,0.7859808333333334,0.001885055098682642,-0.8199579119682312
dqn,2026,1255,13520,-10.03,3,0,1,0.7859333333333334,0.0009117856388911605,-0.15176472067832947
dqn,2026,1256,13536,-10.16,16,0,1,0.78568,0.0011761084315367043,-0.9143033921718597
dqn,2026,1257,13569,-10.33,33,0,1,0.7851575,0.0011575720782275312,-0.5875875800848007
dqn,2026,1258,13570,-10.01,1,0,1,0.7851416666666666,,
dqn,2026,1259,13573,-10.03,3,0,1,0.7850941666666666,0.0005550944479182363,-0.47510290145874023
dqn,2026,1260,13576,-10.03,3,0,1,0.7850466666666667,0.0010185475694015622,-0.6403288841247559
dqn,2026,1261,13578,-10.02,2,0,1,0.785015,,
dqn,2026,1262,13581,-10.03,3,0,1,0.7849675,0.0008866763673722744,-0.9723893404006958
dqn,2026,1263,13582,-10.01,1,0,1,0.7849516666666667,,
dqn,2026,1264,13593,-10.11,11,0,1,0.7847775,0.0009863779026394088,-0.6759291787942251
dqn,2026,1265,13600,-10.07,7,0,1,0.7846666666666666,0.0016069942503236234,-0.7142657041549683
dqn,2026,1266,13607,-10.07,7,0,1,0.7845558333333333,0.0006075590499676764,-0.6220313310623169
dqn,2026,1267,13655,-10.48,48,0,1,0.7837958333333334,0.0008169178351333054,-0.7957363799214363
dqn,2026,1268,13658,-10.03,3,0,1,0.7837483333333334,0.0007260856800712645,-0.797467827796936
dqn,2026,1269,13665,-10.07,7,0,1,0.7836375,0.0007128932629711926,-0.546820878982544
dqn,2026,1270,13677,-10.12,12,0,1,0.7834475,0.0014659970765933394,-0.4224199752012889
dqn,2026,1271,13688,-10.11,11,0,1,0.7832733333333334,0.0007502155009812365,-0.7891897261142731
dqn,2026,1272,13694,-10.06,6,0,1,0.7831783333333333,0.0015294819604605436,-0.7876322865486145
dqn,2026,1273,13705,-10.11,11,0,1,0.7830041666666667,0.000560133543331176,-0.42266379793485004
dqn,2026,1274,13715,-10.1,10,0,1,0.7828458333333334,0.0017305563960690051,-0.6338308751583099
dqn,2026,1275,13729,-10.14,14,0,1,0.7826241666666667,0.0005404261682997458,-0.2615792229771614
dqn,2026,1276,13739,-10.1,10,0,1,0.7824658333333333,0.0010206462466157973,-0.7117085754871368
dqn,2026,1277,13742,-10.03,3,0,1,0.7824183333333333,0.0006921536987647414,-1.1259154081344604
dqn,2026,1278,13746,-10.04,4,0,1,0.782355,0.0008680509054102004,-0.3272576928138733
dqn,2026,1279,13757,-10.11,11,0,1,0.7821808333333333,0.0009092640054101745,-0.5226383159557978
dqn,2026,1280,13789,-10.32,32,0,1,0.7816741666666667,0.0010211621047346853,-0.7340588234364986
dqn,2026,1281,13829,-10.4,40,0,1,0.7810408333333333,0.0010232841596007347,-0.6480005949735641
dqn,2026,1282,13859,-10.3,30,0,1,0.7805658333333333,0.0012304776215127536,-0.8184148158345904
dqn,2026,1283,13862,-10.03,3,0,1,0.7805183333333333,0.0009955742862075567,-1.4335298538208008
dqn,2026,1284,13871,-10.09,9,0,1,0.7803758333333334,0.0013862467021681368,-0.5583347082138062
dqn,2026,1285,13872,-10.01,1,0,1,0.78036,0.0007406533695757389,-0.30126598477363586
dqn,2026,1286,13906,-10.34,34,0,1,0.7798216666666666,0.0010652375676727388,-0.5472470037639141
dqn,2026,1287,13917,-10.11,11,0,1,0.7796475,0.0006291473788830141,-0.8551155130068461
dqn,2026,1288,13921,-10.04,4,0,1,0.7795841666666666,0.00034020227030850947,-0.1386473923921585
dqn,2026,1289,13924,-10.03,3,0,1,0.7795366666666667,0.0010571102611720562,-0.6119906902313232
dqn,2026,1290,13933,-10.09,9,0,1,0.7793941666666667,0.0008359232597285882,-0.14960233122110367
dqn,2026,1291,13944,-10.11,11,0,1,0.77922,0.001189016775848965,-1.0056322813034058
dqn,2026,1292,13947,-10.03,3,0,1,0.7791725,,
dqn,2026,1293,13950,-10.03,3,0,1,0.7791250000000001,0.000858171028085053,-1.1251885890960693
dqn,2026,1294,13973,-10.23,23,0,1,0.7787608333333333,0.000539291994452166,-0.5237660631537437
dqn,2026,1295,13975,-10.02,2,0,1,0.7787291666666667,,
dqn,2026,1296,13978,-10.03,3,0,1,0.7786816666666667,0.0006255613407120109,-0.4812541604042053
dqn,2026,1297,13988,-10.1,10,0,1,0.7785233333333333,0.00047553373345484334,-0.41602036853631336
dqn,2026,1298,14002,-10.14,14,0,1,0.7783016666666667,0.0005893966008443385,-0.6884734829266866
dqn,2026,1299,14013,-10.11,11,0,1,0.7781275,0.0006637935875914991,-0.5836300154527029
dqn,2026,1300,14036,-10.23,23,0,1,0.7777633333333334,0.0013527829093315329,-0.7672052433093389
dqn,2026,1301,14041,-10.049999999999999,5,0,1,0.7776841666666667,0.0012241298099979758,-0.7721676826477051
dqn,2026,1302,14047,-10.06,6,0,1,0.7775891666666667,0.0007070554420351982,-0.6413702964782715
dqn,2026,1303,14051,-10.04,4,0,1,0.7775258333333334,0.004617928992956877,-1.0034323930740356
dqn,2026,1304,14054,-10.03,3,0,1,0.7774783333333334,0.0005717049934901297,-1.2748463153839111
dqn,2026,1305,14062,-10.08,8,0,1,0.7773516666666667,0.0020825130632147193,-0.20335061475634575
dqn,2026,1306,14087,-10.25,25,0,1,0.7769558333333333,0.001997992988132561,-0.49826180934906006
dqn,2026,1307,14105,-10.18,18,0,1,0.7766708333333333,0.002747352095320821,-0.889593631029129
dqn,2026,1308,14126,-10.209999999999999,21,0,1,0.7763383333333334,0.06366074904799461,-0.6379169821739197
dqn,2026,1309,14147,-10.209999999999999,21,0,1,0.7760058333333333,0.0014070109464228153,-0.34554131627082824
dqn,2026,1310,14157,-10.1,10,0,1,0.7758475,0.0018298253028964002,-0.8965113759040833
dqn,2026,1311,14158,-10.01,1,0,1,0.7758316666666667,,
dqn,2026,1312,14189,-10.31,31,0,1,0.7753408333333334,0.0027634636135189794,-0.5281075090169907
dqn,2026,1313,14205,-10.16,16,0,1,0.7750875,0.0013537988997995853,-0.5611707121133804
dqn,2026,1314,14209,-10.04,4,0,1,0.7750241666666666,0.0011993714142590761,-0.6324036121368408
dqn,2026,1315,14231,-10.22,22,0,1,0.7746758333333333,0.0010426480206660927,-0.5385864973068237
dqn,2026,1316,14233,-10.02,2,0,1,0.7746441666666667,0.001605279161594808,-0.45937231183052063
dqn,2026,1317,14237,-10.04,4,0,1,0.7745808333333333,0.0009676307672634721,-0.46844482421875
dqn,2026,1318,14244,-10.07,7,0,1,0.77447,0.0011838399223051965,-0.4811268597841263
dqn,2026,1319,14246,-10.02,2,0,1,0.7744383333333333,,
dqn,2026,1320,14247,-10.01,1,0,1,0.7744225,,
dqn,2026,1321,14256,-10.09,9,0,1,0.77428,0.0005947437797052165,-0.41718800862630206
dqn,2026,1322,14275,-10.19,19,0,1,0.7739791666666667,0.0004711232104455121,-0.6290530264377594
dqn,2026,1323,14278,-10.03,3,0,1,0.7739316666666667,0.0007210761541500688,-0.3129252791404724
dqn,2026,1324,14295,-10.17,17,0,1,0.7736625,0.0006501680909423158,-0.7611479982733727
dqn,2026,1325,14308,-10.129999999999999,13,0,1,0.7734566666666667,0.0008738786418689415,-0.465011402964592
dqn,2026,1326,14336,-10.28,28,0,1,0.7730133333333333,0.0012204027027889555,-0.3144346560750689
dqn,2026,1327,14349,-10.129999999999999,13,0,1,0.7728075,0.0009536297681430975,-0.3016236995657285
dqn,2026,1328,14351,-10.02,2,0,1,0.7727758333333333,,
dqn,2026,1329,14354,-10.03,3,0,1,0.7727283333333334,0.0010180269600823522,-0.29851987957954407
dqn,2026,1330,14357,-10.03,3,0,1,0.7726808333333334,0.0004300168657209724,-0.15307879447937012
dqn,2026,1331,14360,-10.03,3,0,1,0.7726333333333333,0.0019279900006949902,-0.8213086128234863
dqn,2026,1332,14368,-10.08,8,0,1,0.7725066666666667,0.0023215352557599545,-1.0355786383152008
dqn,2026,1333,14387,-10.19,19,0,1,0.7722058333333334,0.0023631346921320073,-0.8370184823870659
dqn,2026,1334,14389,-10.02,2,0,1,0.7721741666666666,0.0020638552960008383,-0.7698287963867188
dqn,2026,1335,14407,-10.18,18,0,1,0.7718891666666667,0.0011495444341562688,-0.8447719365358353
dqn,2026,1336,14409,-10.02,2,0,1,0.7718575,0.00033376150531694293,-0.3033410906791687
dqn,2026,1337,14411,-10.02,2,0,1,0.7718258333333333,,
dqn,2026,1338,14430,-10.19,19,0,1,0.771525,0.0008881565590854734,-0.6629246771335602
dqn,2026,1339,14450,-10.2,20,0,1,0.7712083333333333,0.0017977314069867133,-0.6386292219161988
dqn,2026,1340,14459,-10.09,9,0,1,0.7710658333333333,0.002879008650779724,-0.675561785697937
dqn,2026,1341,14475,-10.16,16,0,1,0.7708125,0.0049039453733712435,-0.7137527018785477
dqn,2026,1342,14495,-10.2,20,0,1,0.7704958333333334,0.0028434220934286714,-0.6687979459762573
dqn,2026,1343,14500,-10.049999999999999,5,0,1,0.7704166666666666,0.0010972658346872777,-0.5596552044153214
dqn,2026,1344,14508,-10.08,8,0,1,0.77029,0.003489375696517527,-1.2922130227088928
dqn,2026,1345,14522,-10.14,14,0,1,0.7700683333333334,0.002180971709700922,-0.5220420062541962
dqn,2026,1346,14525,-10.03,3,0,1,0.7700208333333334,0.002038215287029743,-0.3351004421710968
dqn,2026,1347,14528,-10.03,3,0,1,0.7699733333333334,0.0005310343112796545,-0.6381382942199707
dqn,2026,1348,14534,-10.06,6,0,1,0.7698783333333333,0.001211993396282196,-0.12906062602996826
dqn,2026,1349,14541,-10.07,7,0,1,0.7697674999999999,0.001174463250208646,-0.21258234977722168
dqn,2026,1350,14568,-10.27,27,0,1,0.76934,0.0022212229003863676,-0.6875988415309361
dqn,2026,1351,14576,-10.08,8,0,1,0.7692133333333333,0.0011045898427255452,-0.5483859479427338
dqn,2026,1352,14582,-10.06,6,0,1,0.7691183333333333,0.0014847146812826395,-0.7803035378456116
dqn,2026,1353,14585,-10.03,3,0,1,0.7690708333333334,0.002690110821276903,-0.9308854341506958
dqn,2026,1354,14587,-10.02,2,0,1,0.7690391666666667,,
dqn,2026,1355,14640,-10.53,53,0,1,0.7682,0.0022629310676295844,-0.5104516462555954
dqn,2026,1356,14642,-10.02,2,0,1,0.7681683333333333,,
dqn,2026,1357,14645,-10.03,3,0,1,0.7681208333333334,0.001733998185954988,-0.806725263595581
dqn,2026,1358,14657,-10.12,12,0,1,0.7679308333333333,0.00428848647667716,-0.6062827308972677
dqn,2026,1359,14666,-10.09,9,0,1,0.7677883333333333,0.0036121991579420865,-0.4209751486778259
dqn,2026,1360,14687,-10.209999999999999,21,0,1,0.7674558333333333,0.0021342709893360733,-0.2477545976638794
dqn,2026,1361,14694,-10.07,7,0,1,0.7673449999999999,0.0038036477053537965,-0.5482159405946732
dqn,2026,1362,14695,-10.01,1,0,1,0.7673291666666666,,
dqn,2026,1363,14709,-10.14,14,0,1,0.7671075,0.003276226096204482,-0.8325093239545822
dqn,2026,1364,14714,-10.049999999999999,5,0,1,0.7670283333333333,0.0012451477814465761,-1.2605770826339722
dqn,2026,1365,14717,-10.03,3,0,1,0.7669808333333333,0.001110702520236373,-0.46675997972488403
dqn,2026,1366,14741,-10.24,24,0,1,0.7666008333333334,0.0013179154339013621,-0.7464421093463898
dqn,2026,1367,14752,-10.11,11,0,1,0.7664266666666667,0.0007598472487491866,-0.8433350324630737
dqn,2026,1368,14756,-10.04,4,0,1,0.7663633333333333,0.0014800088247284293,-0.8063117861747742
dqn,2026,1369,14758,-10.02,2,0,1,0.7663316666666666,,
dqn,2026,1370,14763,-10.049999999999999,5,0,1,0.7662525,0.0009446821641176939,-0.958476722240448
dqn,2026,1371,14770,-10.07,7,0,1,0.7661416666666667,0.0011525660520419478,-0.700239822268486
dqn,2026,1372,14772,-10.02,2,0,1,0.7661100000000001,0.0011220179731026292,-0.007769376039505005
dqn,2026,1373,14774,-10.02,2,0,1,0.7660783333333333,,
dqn,2026,1374,14779,-10.049999999999999,5,0,1,0.7659991666666667,0.00127215008251369,-0.33083122968673706
dqn,2026,1375,14804,-10.25,25,0,1,0.7656033333333334,0.001171939806746585,-0.5847589586462293
dqn,2026,1376,14843,-10.39,39,0,1,0.7649858333333334,0.00185302903668748,-0.5612990624374814
dqn,2026,1377,14857,-10.14,14,0,1,0.7647641666666667,0.1556305927806534,-0.9455388337373734
dqn,2026,1378,14880,-10.23,23,0,1,0.7644,0.003070514319309344,-0.31833020349343616
dqn,2026,1379,14892,-10.12,12,0,1,0.7642100000000001,0.0022359086821476617,-0.2985870689153671
dqn,2026,1380,14910,-10.18,18,0,1,0.763925,0.002285254537127912,-0.6268351525068283
dqn,2026,1381,14922,-10.12,12,0,1,0.763735,0.003974264021962881,-0.8623674114545187
dqn,2026,1382,14978,9.44,56,1,0,0.7628483333333334,0.001376435301998364,-0.5644625180533954
dqn,2026,1383,14993,-10.15,15,0,1,0.7626108333333333,0.07670874835457653,-0.5027815345674753
dqn,2026,1384,15051,-10.58,58,0,1,0.7616925,0.0013174284893986104,-0.5626060717872211
dqn,2026,1385,15053,-10.02,2,0,1,0.7616608333333333,0.0013034656876698136,-0.6523706912994385
dqn,2026,1386,15095,-10.42,42,0,1,0.7609958333333333,0.000949022569693625,-0.712827381491661
dqn,2026,1387,15109,-10.14,14,0,1,0.7607741666666666,0.0013931301946286112,-0.6245435997843742
dqn,2026,1388,15113,-10.04,4,0,1,0.7607108333333333,0.0005240924656391144,0.3202933371067047
dqn,2026,1389,15122,-10.09,9,0,1,0.7605683333333333,0.0024032386718317866,-0.41550782322883606
dqn,2026,1390,15124,-10.02,2,0,1,0.7605366666666666,0.003768972819671035,-0.4284476041793823
dqn,2026,1391,15126,-10.02,2,0,1,0.760505,,
dqn,2026,1392,15145,-10.19,19,0,1,0.7602041666666667,0.0023023612215183676,-0.5310970038175583
dqn,2026,1393,15147,-10.02,2,0,1,0.7601725,,
dqn,2026,1394,15152,-10.049999999999999,5,0,1,0.7600933333333333,0.0015148436068557203,-0.6314389407634735
dqn,2026,1395,15154,-10.02,2,0,1,0.7600616666666666,,
dqn,2026,1396,15164,-10.1,10,0,1,0.7599033333333334,0.0014655561729644735,-0.8524581591288248
dqn,2026,1397,15170,-10.06,6,0,1,0.7598083333333333,0.0008010266465134919,-0.6334744095802307
dqn,2026,1398,15172,-10.02,2,0,1,0.7597766666666667,0.0005209541996009648,-0.2999836206436157
dqn,2026,1399,15183,-10.11,11,0,1,0.7596025,0.0015916303964331746,-0.5573197305202484
dqn,2026,1400,15186,-10.03,3,0,1,0.759555,0.0011847499990835786,0.35334277153015137
dqn,2026,1401,15201,-10.15,15,0,1,0.7593175,0.002909786067903042,-0.6831270605325699
dqn,2026,1402,15215,-10.14,14,0,1,0.7590958333333333,0.001983689454694589,-0.5597387750943502
dqn,2026,1403,15232,-10.17,17,0,1,0.7588266666666666,0.0014961132197640835,-0.7584898069500923
dqn,2026,1404,15240,-10.08,8,0,1,0.7587,0.0028231043834239244,-0.5004302486777306
dqn,2026,1405,15242,-10.02,2,0,1,0.7586683333333333,,
dqn,2026,1406,15250,-10.08,8,0,1,0.7585416666666667,0.002241282956674695,-0.7681432515382767
dqn,2026,1407,15259,-10.09,9,0,1,0.7583991666666666,0.007123967865481973,-1.5406439900398254
dqn,2026,1408,15273,-10.14,14,0,1,0.7581775,0.003716684761457145,-0.4470802415162325
dqn,2026,1409,15285,-10.12,12,0,1,0.7579875,0.003455788673212131,-0.8191637198130289
dqn,2026,1410,15289,-10.04,4,0,1,0.7579241666666666,0.00286366930231452,-0.4739285707473755
dqn,2026,1411,15327,-10.38,38,0,1,0.7573225,0.0028385622297517126,-0.5194624496830834
dqn,2026,1412,15329,-10.02,2,0,1,0.7572908333333334,0.006999834440648556,-1.0077857971191406
dqn,2026,1413,15334,-10.049999999999999,5,0,1,0.7572116666666666,0.00048801297089084983,-0.1369408369064331
dqn,2026,1414,15343,-10.09,9,0,1,0.7570691666666667,0.007145555457100272,-0.4286642372608185
dqn,2026,1415,15350,-10.07,7,0,1,0.7569583333333333,0.012997634708881378,-1.670555055141449
dqn,2026,1416,15355,-10.049999999999999,5,0,1,0.7568791666666667,0.011635622940957546,-0.7227900624275208
dqn,2026,1417,15358,-10.03,3,0,1,0.7568316666666667,0.015450811013579369,-0.22318322956562042
dqn,2026,1418,15369,-10.11,11,0,1,0.7566575,0.018344058965643246,-0.511232907573382
dqn,2026,1419,15385,-10.16,16,0,1,0.7564041666666667,0.09055000881198794,-0.6870121397078037
dqn,2026,1420,15388,-10.03,3,0,1,0.7563566666666667,0.0152755007147789,-0.7036322355270386
dqn,2026,1421,15417,-10.29,29,0,1,0.7558975,0.050709492926086695,-0.5585764412369046
dqn,2026,1422,15420,-10.03,3,0,1,0.75585,0.0024845716543495655,-0.6299871206283569
dqn,2026,1423,15433,-10.129999999999999,13,0,1,0.7556441666666667,0.005284508845458428,-0.8860599001248678
dqn,2026,1424,15441,-10.08,8,0,1,0.7555175,0.002763381111435592,-0.7193121314048767
dqn,2026,1425,15444,-10.03,3,0,1,0.75547,0.004838836845010519,-0.5745080709457397
dqn,2026,1426,15450,-10.06,6,0,1,0.755375,0.011155095882713795,-0.41779643297195435
dqn,2026,1427,15482,-10.32,32,0,1,0.7548683333333334,0.023239908972755075,-0.6364251244813204
dqn,2026,1428,15487,-10.049999999999999,5,0,1,0.7547891666666666,0.1359187215566635,-0.8421299457550049
dqn,2026,1429,15527,-10.4,40,0,1,0.7541558333333334,0.0375048260204494,-0.6443193413317203
dqn,2026,1430,15557,-10.3,30,0,1,0.7536808333333334,0.036828062613494694,-0.40173286758363247
dqn,2026,1431,15562,-10.049999999999999,5,0,1,0.7536016666666667,0.05176650732755661,-0.14524658024311066
dqn,2026,1432,15565,-10.03,3,0,1,0.7535541666666666,0.01913488283753395,-0.08506490290164948
dqn,2026,1433,15571,-10.06,6,0,1,0.7534591666666667,0.01137176901102066,-0.6769671440124512
dqn,2026,1434,15585,-10.14,14,0,1,0.7532375,0.030895523726940155,-0.4476633556187153
dqn,2026,1435,15605,-10.2,20,0,1,0.7529208333333334,0.03209647685289383,-0.7053378939628601
dqn,2026,1436,15610,-10.049999999999999,5,0,1,0.7528416666666666,0.01216339971870184,-1.027535080909729
dqn,2026,1437,15639,-10.29,29,0,1,0.7523825,0.06308565513297383,-0.7322430057185036
dqn,2026,1438,15664,-10.25,25,0,1,0.7519866666666667,0.027812952042690346,-0.8287666929619653
dqn,2026,1439,15673,-10.09,9,0,1,0.7518441666666666,0.008482321165502071,-0.6922333836555481
dqn,2026,1440,15680,-10.07,7,0,1,0.7517333333333334,0.00884416839107871,-0.675955206155777
dqn,2026,1441,15689,-10.09,9,0,1,0.7515908333333333,0.008280905894935131,-0.9269536435604095
dqn,2026,1442,15697,-10.08,8,0,1,0.7514641666666667,0.011480231303721666,-0.4006970226764679
dqn,2026,1443,15705,-10.08,8,0,1,0.7513375,0.01598035916686058,-0.6945876404643059
dqn,2026,1444,15737,-10.32,32,0,1,0.7508308333333333,0.008430086221778765,-0.49227822944521904
dqn,2026,1445,15770,-10.33,33,0,1,0.7503083333333334,0.006338554419926368,-0.6062907576560974
dqn,2026,1446,15790,-10.2,20,0,1,0.7499916666666666,0.003548338427208364,-0.6334226965904236
dqn,2026,1447,15809,-10.19,19,0,1,0.7496908333333333,0.0031316101551055906,-0.45664496421813966
dqn,2026,1448,15835,-10.26,26,0,1,0.7492791666666667,0.0059984705682533486,-0.5516313277184963
dqn,2026,1449,15839,-10.04,4,0,1,0.7492158333333334,0.0018588223028928041,-0.17913967370986938
dqn,2026,1450,15843,-10.04,4,0,1,0.7491525,0.006771850399672985,-0.5261580348014832
dqn,2026,1451,15850,-10.07,7,0,1,0.7490416666666666,0.0032056067138910294,-0.473185196518898
dqn,2026,1452,15860,-10.1,10,0,1,0.7488833333333333,0.0021199575470139584,-0.6090724418560663
dqn,2026,1453,15880,-10.2,20,0,1,0.7485666666666666,0.002165171061642468,-0.8567053198814392
dqn,2026,1454,15887,-10.07,7,0,1,0.7484558333333333,0.003897640388458967,-0.7680858373641968
dqn,2026,1455,15925,-10.38,38,0,1,0.7478541666666667,0.001649468857795,-0.6022283166646958
dqn,2026,1456,15937,-10.12,12,0,1,0.7476641666666667,0.0011838068215486903,-0.4551061491171519
dqn,2026,1457,15948,-10.11,11,0,1,0.74749,0.0013488871433461707,-0.6445485552151998
dqn,2026,1458,15950,-10.02,2,0,1,0.7474583333333333,,
dqn,2026,1459,15963,-10.129999999999999,13,0,1,0.7472525,0.0018056139427547653,-0.7919845879077911
dqn,2026,1460,15965,-10.02,2,0,1,0.7472208333333333,0.001029411912895739,-1.1263103485107422
dqn,2026,1461,15980,-10.15,15,0,1,0.7469833333333333,0.0024058242415776476,-0.786262258887291
dqn,2026,1462,15996,-10.16,16,0,1,0.74673,0.0011447557481005788,-0.37680159509181976
dqn,2026,1463,16001,-10.049999999999999,5,0,1,0.7466508333333334,0.0013734963722527027,-0.4856397211551666
dqn,2026,1464,16004,-10.03,3,0,1,0.7466033333333333,0.3149932324886322,-0.9792563915252686
dqn,2026,1465,16011,-10.07,7,0,1,0.7464925,0.001387729775160551,-0.8024953007698059
dqn,2026,1466,16031,-10.2,20,0,1,0.7461758333333334,0.0011215839185751975,-0.5128178104758263
dqn,2026,1467,16038,-10.07,7,0,1,0.746065,0.0008011945756152272,-0.5590837150812149
dqn,2026,1468,16046,-10.08,8,0,1,0.7459383333333334,0.001740296371281147,-0.5435972660779953
dqn,2026,1469,16048,-10.02,2,0,1,0.7459066666666667,0.002907887566834688,-0.449015349149704
dqn,2026,1470,16058,-10.1,10,0,1,0.7457483333333333,0.0020495475619100034,-0.733434796333313
dqn,2026,1471,16070,-10.12,12,0,1,0.7455583333333333,0.0013044285587966442,-0.4998352527618408
dqn,2026,1472,16073,-10.03,3,0,1,0.7455108333333333,0.000643842970021069,-0.46754252910614014
dqn,2026,1473,16077,-10.04,4,0,1,0.7454475,0.0020822433289140463,-0.6141830086708069
dqn,2026,1474,16079,-10.02,2,0,1,0.7454158333333334,,
dqn,2026,1475,16094,-10.15,15,0,1,0.7451783333333333,0.0021361409162636846,-1.0909676551818848
dqn,2026,1476,16106,-10.12,12,0,1,0.7449883333333334,0.0037441723980009556,-0.44896819194157916
dqn,2026,1477,16109,-10.03,3,0,1,0.7449408333333334,0.0015834345249459147,-0.18321681022644043
dqn,2026,1478,16115,-10.06,6,0,1,0.7448458333333333,0.004895680584013462,-0.5270846486091614
dqn,2026,1479,16197,-10.82,82,0,1,0.7435475,0.0022061956059631137,-0.8462033158256894
dqn,2026,1480,16201,-10.04,4,0,1,0.7434841666666667,0.0015225381357595325,-1.1161695718765259
dqn,2026,1481,16203,-10.02,2,0,1,0.7434525000000001,,
dqn,2026,1482,16206,-10.03,3,0,1,0.743405,0.0007954580942168832,-0.6401957869529724
dqn,2026,1483,16211,-10.049999999999999,5,0,1,0.7433258333333334,0.000949376611970365,-0.16075560450553894
dqn,2026,1484,16246,-10.35,35,0,1,0.7427716666666666,0.037669925083820194,-0.48325269917647046
dqn,2026,1485,16257,-10.11,11,0,1,0.7425975,0.0046537563515206175,-0.8749443789323171
dqn,2026,1486,16263,-10.06,6,0,1,0.7425025000000001,0.0036312437150627375,-1.0000340938568115
dqn,2026,1487,16296,-10.33,33,0,1,0.7419800000000001,0.0023798375558625492,-0.44448525044653153
dqn,2026,1488,16299,-10.03,3,0,1,0.7419325,,
dqn,2026,1489,16305,-10.06,6,0,1,0.7418375,0.002096898853778839,-0.05600088834762573
dqn,2026,1490,16309,-10.04,4,0,1,0.7417741666666666,0.002514561405405402,-0.7940978407859802
dqn,2026,1491,16310,-10.01,1,0,1,0.7417583333333333,,
dqn,2026,1492,16312,-10.02,2,0,1,0.7417266666666666,0.0008151060901582241,-0.1692485809326172
dqn,2026,1493,16322,-10.1,10,0,1,0.7415683333333334,0.0016162000829353929,-0.49515804648399353
dqn,2026,1494,16327,-10.049999999999999,5,0,1,0.7414891666666668,0.0010038996115326881,-0.6265749335289001
dqn,2026,1495,16334,-10.07,7,0,1,0.7413783333333334,0.0007123438117559999,-0.46994757652282715
dqn,2026,1496,16357,-10.23,23,0,1,0.7410141666666668,0.0007195532574163129,-0.3437360500295957
dqn,2026,1497,16416,-10.59,59,0,1,0.7400800000000001,0.0007010999232685814,-0.7491558164358139
dqn,2026,1498,16428,-10.12,12,0,1,0.73989,0.0016642576083540916,-0.8398979604244232
dqn,2026,1499,16430,-10.02,2,0,1,0.7398583333333333,,
dqn,2026,1500,16450,-10.2,20,0,1,0.7395416666666667,0.0009268165216781199,-0.6813145130872726
dqn,2026,1501,16456,-10.06,6,0,1,0.7394466666666667,0.001558411109726876,-0.7176728844642639
dqn,2026,1502,16493,-10.37,37,0,1,0.7388608333333333,0.0009702812757394793,-0.6563261581791772
dqn,2026,1503,16496,-10.03,3,0,1,0.7388133333333333,0.0018973862752318382,-0.45596909523010254
dqn,2026,1504,16498,-10.02,2,0,1,0.7387816666666667,,
dqn,2026,1505,16517,-10.19,19,0,1,0.7384808333333334,0.0008250218350440263,-0.6109077513217926
dqn,2026,1506,16536,-10.19,19,0,1,0.7381800000000001,0.0008885244198609144,-0.32129128724336625
dqn,2026,1507,16544,-10.08,8,0,1,0.7380533333333333,0.0007826501387171447,-0.708496704697609
dqn,2026,1508,16548,-10.04,4,0,1,0.73799,0.0011385480174794793,-0.45850759744644165
dqn,2026,1509,16554,-10.06,6,0,1,0.737895,0.0007765332702547312,-0.9523727893829346
dqn,2026,1510,16560,-10.06,6,0,1,0.7378,0.0018539917073212564,-0.9074302315711975
dqn,2026,1511,16565,-10.049999999999999,5,0,1,0.7377208333333334,0.0003081665199715644,0.1656808853149414
dqn,2026,1512,16573,-10.08,8,0,1,0.7375941666666667,0.001799838151782751,-0.5420083329081535
dqn,2026,1513,16581,-10.08,8,0,1,0.7374675,0.0006391044007614255,-0.31160688400268555
dqn,2026,1514,16585,-10.04,4,0,1,0.7374041666666666,0.0023628619965165854,-0.6574143171310425
dqn,2026,1515,16588,-10.03,3,0,1,0.7373566666666667,0.0020262133330106735,-0.6483640670776367
dqn,2026,1516,16620,-10.32,32,0,1,0.73685,0.0013533060628105886,-0.7560572251677513
dqn,2026,1517,16624,-10.04,4,0,1,0.7367866666666667,0.0004525658441707492,-0.3230434060096741
dqn,2026,1518,16636,-10.12,12,0,1,0.7365966666666667,0.000940642940501372,-0.4330661694208781
dqn,2026,1519,16647,-10.11,11,0,1,0.7364225,0.0012013501836918294,-0.5459707528352737
dqn,2026,1520,16649,-10.02,2,0,1,0.7363908333333333,0.001590757630765438,-1.3044493198394775
dqn,2026,1521,16656,-10.07,7,0,1,0.73628,0.000671717367367819,-0.4825953245162964
dqn,2026,1522,16661,-10.049999999999999,5,0,1,0.7362008333333334,0.000685731356497854,-0.959625780582428
dqn,2026,1523,16670,-10.09,9,0,1,0.7360583333333334,0.0008171646040864289,-0.06321204453706741
dqn,2026,1524,16677,-10.07,7,0,1,0.7359475,0.0010646719310898334,-0.8052386939525604
dqn,2026,1525,16681,-10.04,4,0,1,0.7358841666666667,0.0010305204195901752,-0.33066534996032715
dqn,2026,1526,16684,-10.03,3,0,1,0.7358366666666667,0.0009033295209519565,-0.8054819107055664
dqn,2026,1527,16686,-10.02,2,0,1,0.735805,,
dqn,2026,1528,16703,-10.17,17,0,1,0.7355358333333334,0.0006881842637085356,-0.5527921430766582
dqn,2026,1529,16722,-10.19,19,0,1,0.7352350000000001,0.0008604995033238083,-0.5777140378952026
dqn,2026,1530,16727,-10.049999999999999,5,0,1,0.7351558333333333,0.0012454594252631068,-0.644783616065979
dqn,2026,1531,16730,-10.03,3,0,1,0.7351083333333334,0.0008629176300019026,-0.30378687381744385
dqn,2026,1532,16746,-10.16,16,0,1,0.734855,0.0010855778673430905,-0.7670287042856216
dqn,2026,1533,16760,-10.14,14,0,1,0.7346333333333334,0.0007378032387350686,-0.7984664551913738
dqn,2026,1534,16763,-10.03,3,0,1,0.7345858333333334,,
dqn,2026,1535,16768,-10.049999999999999,5,0,1,0.7345066666666666,0.0005851961032021791,-0.48172037303447723
dqn,2026,1536,16770,-10.02,2,0,1,0.734475,,
dqn,2026,1537,16771,-10.01,1,0,1,0.7344591666666667,,
dqn,2026,1538,16783,-10.12,12,0,1,0.7342691666666668,0.0006849620258435607,-0.3092558979988098
dqn,2026,1539,16785,-10.02,2,0,1,0.7342375,0.0005382726667448878,-0.3244915306568146
dqn,2026,1540,16787,-10.02,2,0,1,0.7342058333333333,,
dqn,2026,1541,16798,-10.11,11,0,1,0.7340316666666666,0.0005642079825823506,-0.48415931065877277
dqn,2026,1542,16801,-10.03,3,0,1,0.7339841666666667,0.0016056345775723457,-0.6238421201705933
dqn,2026,1543,16820,-10.19,19,0,1,0.7336833333333334,0.0007354419736657292,-0.5110077172517776
dqn,2026,1544,16852,-10.32,32,0,1,0.7331766666666667,0.039105525491322624,-0.7375263758003712
dqn,2026,1545,16855,-10.03,3,0,1,0.7331291666666667,,
dqn,2026,1546,16857,-10.02,2,0,1,0.7330975,0.0004075994365848601,-0.32193922996520996
dqn,2026,1547,16859,-10.02,2,0,1,0.7330658333333333,,
dqn,2026,1548,16861,-10.02,2,0,1,0.7330341666666667,0.0004189889004919678,-0.15657638013362885
dqn,2026,1549,16867,-10.06,6,0,1,0.7329391666666667,0.0016857965383678675,-0.8188730478286743
dqn,2026,1550,16880,-10.129999999999999,13,0,1,0.7327333333333333,0.0018995736609213054,-0.38936156779527664
dqn,2026,1551,16906,-10.26,26,0,1,0.7323216666666668,0.002483893030633529,-0.6925622771183649
dqn,2026,1552,16908,-10.02,2,0,1,0.73229,0.004450951237231493,-0.1899190992116928
dqn,2026,1553,16920,-10.12,12,0,1,0.7321,0.003791952932563921,-0.8418467044830322
dqn,2026,1554,16922,-10.02,2,0,1,0.7320683333333333,,
dqn,2026,1555,16933,-10.11,11,0,1,0.7318941666666667,0.002873821184039116,-0.7079998850822449
dqn,2026,1556,16971,-10.38,38,0,1,0.7312925,0.0018983529233891103,-0.4058651369478967
dqn,2026,1557,16984,-10.129999999999999,13,0,1,0.7310866666666667,0.0019679931574501097,-0.7588465064764023
dqn,2026,1558,16988,-10.04,4,0,1,0.7310233333333334,0.0015234006568789482,-0.6674385666847229
dqn,2026,1559,17000,-10.12,12,0,1,0.7308333333333333,0.0019108157915373643,-0.46167826155821484
dqn,2026,1560,17002,-10.02,2,0,1,0.7308016666666667,,
dqn,2026,1561,17005,-10.03,3,0,1,0.7307541666666667,0.0006675961194559932,-0.6440409421920776
dqn,2026,1562,17006,-10.01,1,0,1,0.7307383333333334,,
dqn,2026,1563,17025,-10.19,19,0,1,0.7304375000000001,0.002511065965518355,-0.5422277987003327
dqn,2026,1564,17052,-10.27,27,0,1,0.73001,0.0019628278927744497,-0.764727954353605
dqn,2026,1565,17054,-10.02,2,0,1,0.7299783333333334,,
dqn,2026,1566,17069,-10.15,15,0,1,0.7297408333333334,0.07543046479986515,-0.7197278663516045
dqn,2026,1567,17077,-10.08,8,0,1,0.7296141666666667,0.003523000981658697,-0.9309148788452148
dqn,2026,1568,17079,-10.02,2,0,1,0.7295825,,
dqn,2026,1569,17091,-10.12,12,0,1,0.7293925,0.0035348881501704454,-0.45777276158332825
dqn,2026,1570,17098,-10.07,7,0,1,0.7292816666666667,0.0019795507250819355,-0.46703048050403595
dqn,2026,1571,17103,-10.049999999999999,5,0,1,0.7292025,0.006343568675220013,0.0495946928858757
dqn,2026,1572,17109,-10.06,6,0,1,0.7291075,0.0019424267229624093,-0.5481919497251511
dqn,2026,1573,17115,-10.06,6,0,1,0.7290125000000001,0.004920537583529949,-0.5335551500320435
dqn,2026,1574,17121,-10.06,6,0,1,0.7289175,0.0023325947113335133,-0.4976673424243927
dqn,2026,1575,17123,-10.02,2,0,1,0.7288858333333333,,
dqn,2026,1576,17128,-10.049999999999999,5,0,1,0.7288066666666667,0.004152796696871519,-0.4491345286369324
dqn,2026,1577,17144,-10.16,16,0,1,0.7285533333333334,0.0018259173521073535,-0.6165487989783287
dqn,2026,1578,17147,-10.03,3,0,1,0.7285058333333334,,
dqn,2026,1579,17150,-10.03,3,0,1,0.7284583333333334,0.0017354863230139017,-0.787361204624176
dqn,2026,1580,17158,-10.08,8,0,1,0.7283316666666667,0.0013538338826037943,-0.8704658448696136
dqn,2026,1581,17159,-10.01,1,0,1,0.7283158333333334,,
dqn,2026,1582,17165,-10.06,6,0,1,0.7282208333333333,0.0013766213814960793,-0.5793340504169464
dqn,2026,1583,17167,-10.02,2,0,1,0.7281891666666667,,
dqn,2026,1584,17169,-10.02,2,0,1,0.7281575,0.0008597010164521635,-0.648654580116272
dqn,2026,1585,17181,-10.12,12,0,1,0.7279675000000001,0.001042399953197067,-0.7929972509543101
dqn,2026,1586,17188,-10.07,7,0,1,0.7278566666666667,0.0016656655352562666,-0.5016274601221085
dqn,2026,1587,17206,-10.18,18,0,1,0.7275716666666667,0.0013280728599056602,-0.5561972111463547
dqn,2026,1588,17210,-10.04,4,0,1,0.7275083333333334,0.0017063263803720474,-0.9520028829574585
dqn,2026,1589,17216,-10.06,6,0,1,0.7274133333333334,0.00201475468929857,-0.6626528799533844
dqn,2026,1590,17218,-10.02,2,0,1,0.7273816666666667,,
dqn,2026,1591,17240,-10.22,22,0,1,0.7270333333333334,0.0016418741724919528,-0.777056967218717
dqn,2026,1592,17247,-10.07,7,0,1,0.7269225,0.0005510456976480782,-0.8083505630493164
dqn,2026,1593,17249,-10.02,2,0,1,0.7268908333333334,0.0013471369165927172,-0.9477492570877075
dqn,2026,1594,17251,-10.02,2,0,1,0.7268591666666667,,
dqn,2026,1595,17265,-10.14,14,0,1,0.7266375,0.0013435996370390058,-0.6889310032129288
dqn,2026,1596,17274,-10.09,9,0,1,0.726495,0.0010400081519037485,-0.23289813101291656
dqn,2026,1597,17281,-10.07,7,0,1,0.7263841666666667,0.0015273747558239847,-0.7091904431581497
dqn,2026,1598,17294,-10.129999999999999,13,0,1,0.7261783333333334,0.0012746877425039809,-0.38668423891067505
dqn,2026,1599,17295,-10.01,1,0,1,0.7261625,,
dqn,2026,1600,17300,-10.049999999999999,5,0,1,0.7260833333333334,0.001693815749604255,-0.9497392177581787
dqn,2026,1601,17316,-10.16,16,0,1,0.72583,0.0006896287814015523,-0.3611982837319374
dqn,2026,1602,17319,-10.03,3,0,1,0.7257825,,
dqn,2026,1603,17323,-10.04,4,0,1,0.7257191666666667,0.0003304114216007292,0.006009332835674286
dqn,2026,1604,17328,-10.049999999999999,5,0,1,0.7256400000000001,0.000744484961614944,-0.46969762444496155
dqn,2026,1605,17331,-10.03,3,0,1,0.7255925000000001,,
dqn,2026,1606,17333,-10.02,2,0,1,0.7255608333333334,0.0005138751002959907,-0.8054419755935669
dqn,2026,1607,17355,-10.22,22,0,1,0.7252125,0.0008926270762458444,-0.61387699842453
dqn,2026,1608,17375,-10.2,20,0,1,0.7248958333333333,0.0007782094937283546,-0.5790408790111542
dqn,2026,1609,17388,-10.129999999999999,13,0,1,0.7246900000000001,0.07895501488383161,-0.8773822486400604
dqn,2026,1610,17444,-10.56,56,0,1,0.7238033333333334,0.02366674886850108,-0.7707568492208209
dqn,2026,1611,17450,-10.06,6,0,1,0.7237083333333334,0.0045289527624845505,-0.7677931189537048
dqn,2026,1612,17492,-10.42,42,0,1,0.7230433333333334,0.007199907336722721,-0.39756045558235864
dqn,2026,1613,17496,-10.04,4,0,1,0.72298,0.005893787369132042,-0.4371854066848755
dqn,2026,1614,17505,-10.09,9,0,1,0.7228375,0.003848821041174233,-0.041111454367637634
dqn,2026,1615,17510,-10.049999999999999,5,0,1,0.7227583333333334,0.002057234523817897,-0.6224573850631714
dqn,2026,1616,17513,-10.03,3,0,1,0.7227108333333334,0.006601589731872082,-0.5314138531684875
dqn,2026,1617,17515,-10.02,2,0,1,0.7226791666666668,,
dqn,2026,1618,17546,-10.31,31,0,1,0.7221883333333334,0.005571588990278542,-0.6449726708233356
dqn,2026,1619,17558,-10.12,12,0,1,0.7219983333333333,0.10720215830951929,-0.7660485108693441
dqn,2026,1620,17559,-10.01,1,0,1,0.7219825,,
dqn,2026,1621,17567,-10.08,8,0,1,0.7218558333333334,0.011891539441421628,-0.5036003440618515
dqn,2026,1622,17575,-10.08,8,0,1,0.7217291666666668,0.009194973448757082,-0.3649306744337082
dqn,2026,1623,17576,-10.01,1,0,1,0.7217133333333334,0.020916126668453217,-1.5491676330566406
dqn,2026,1624,17580,-10.04,4,0,1,0.72165,0.012141146697103977,-0.5721505880355835
dqn,2026,1625,17593,-10.129999999999999,13,0,1,0.7214441666666667,0.014499531826004386,-0.6084628502527872
dqn,2026,1626,17596,-10.03,3,0,1,0.7213966666666667,0.060120679438114166,-1.9610328674316406
dqn,2026,1627,17645,-10.49,49,0,1,0.7206208333333334,0.019151075689781766,-0.7796717466165622
dqn,2026,1628,17647,-10.02,2,0,1,0.7205891666666666,,
dqn,2026,1629,17650,-10.03,3,0,1,0.7205416666666666,0.0059103528037667274,-0.9306752681732178
dqn,2026,1630,17660,-10.1,10,0,1,0.7203833333333334,0.007192314214383562,-0.7355331381162008
dqn,2026,1631,17675,-10.15,15,0,1,0.7201458333333334,0.015373091523845991,-1.021057407061259
dqn,2026,1632,17685,-10.1,10,0,1,0.7199875,0.012698734877631068,-0.8285208543141683
dqn,2026,1633,17691,-10.06,6,0,1,0.7198925,0.005370016675442457,-0.5951946973800659
dqn,2026,1634,17717,-10.26,26,0,1,0.7194808333333333,0.0060368182603269815,-0.7295902499130794
dqn,2026,1635,17722,-10.049999999999999,5,0,1,0.7194016666666667,0.004437459632754326,-0.496875524520874
dqn,2026,1636,17743,-10.209999999999999,21,0,1,0.7190691666666666,0.004161243978887797,-0.2563490569591522
dqn,2026,1637,17778,-10.35,35,0,1,0.718515,0.004293889111270093,-0.839745432138443
dqn,2026,1638,17786,-10.08,8,0,1,0.7183883333333334,0.0015425259480252862,-0.6488284468650818
dqn,2026,1639,17793,-10.07,7,0,1,0.7182775,0.0008538014953956008,-0.5552967041730881
dqn,2026,1640,17815,-10.22,22,0,1,0.7179291666666667,0.0015180435962975024,-0.6396173477172852
dqn,2026,1641,17827,-10.12,12,0,1,0.7177391666666667,0.0017843497917056084,-0.7603526512781779
dqn,2026,1642,17831,-10.04,4,0,1,0.7176758333333333,0.0008832903113216162,-0.16335922479629517
dqn,2026,1643,17842,-10.11,11,0,1,0.7175016666666667,0.0007463928001622359,-0.2556970367829005
dqn,2026,1644,17864,-10.22,22,0,1,0.7171533333333333,0.0027251327749885,-0.6105937560399374
dqn,2026,1645,17867,-10.03,3,0,1,0.7171058333333333,,
dqn,2026,1646,17870,-10.03,3,0,1,0.7170583333333334,0.0007148541044443846,-1.123665690422058
dqn,2026,1647,17871,-10.01,1,0,1,0.7170425,,
dqn,2026,1648,17875,-10.04,4,0,1,0.7169791666666667,0.0010192346526309848,-0.3293023705482483
dqn,2026,1649,17882,-10.07,7,0,1,0.7168683333333334,0.00332453940063715,-0.5977248400449753
dqn,2026,1650,17906,-10.24,24,0,1,0.7164883333333334,0.004420229330814133,-0.41976182411114377
dqn,2026,1651,17910,-10.04,4,0,1,0.7164250000000001,0.00914088822901249,-0.7049552798271179
dqn,2026,1652,17918,-10.08,8,0,1,0.7162983333333334,0.005741999892052263,-0.6900057792663574
dqn,2026,1653,17922,-10.04,4,0,1,0.716235,0.004963718820363283,-0.4448578953742981
dqn,2026,1654,17930,-10.08,8,0,1,0.7161083333333333,0.0011981184361502528,-0.08108536899089813
dqn,2026,1655,17934,-10.04,4,0,1,0.716045,0.009539194405078888,-0.7052428126335144
dqn,2026,1656,17941,-10.07,7,0,1,0.7159341666666668,0.0036216169828549027,-0.5446383506059647
dqn,2026,1657,17944,-10.03,3,0,1,0.7158866666666667,0.008953186683356762,-0.5762497186660767
dqn,2026,1658,17975,-10.31,31,0,1,0.7153958333333333,0.0935173031674432,-0.4473400924886976
dqn,2026,1659,17986,-10.11,11,0,1,0.7152216666666666,0.011618283577263355,-0.4834884703159332
dqn,2026,1660,17988,-10.02,2,0,1,0.71519,0.011643009260296822,-0.7422592043876648
dqn,2026,1661,18012,-10.24,24,0,1,0.71481,0.004532029328402132,-0.7773923402031263
dqn,2026,1662,18030,-10.18,18,0,1,0.7145250000000001,0.0024007015745155513,-0.5365214124321938
dqn,2026,1663,18035,-10.049999999999999,5,0,1,0.7144458333333334,0.0041276016272604465,-0.6555455923080444
dqn,2026,1664,18038,-10.03,3,0,1,0.7143983333333334,0.0017689266242086887,-0.1534956991672516
dqn,2026,1665,18049,-10.11,11,0,1,0.7142241666666667,0.0010647703311406076,-0.640866776307424
dqn,2026,1666,18072,-10.23,23,0,1,0.7138599999999999,0.0028251088224351406,-0.7778382102648417
dqn,2026,1667,18081,-10.09,9,0,1,0.7137175,0.0022798489080742,-0.6619572192430496
dqn,2026,1668,18084,-10.03,3,0,1,0.71367,0.0008583873277530074,-0.8176690340042114
dqn,2026,1669,18086,-10.02,2,0,1,0.7136383333333334,,
dqn,2026,1670,18094,-10.08,8,0,1,0.7135116666666668,0.0027003014693036675,-1.2080390453338623
dqn,2026,1671,18096,-10.02,2,0,1,0.7134800000000001,0.0005717900348827243,-0.3235087990760803
dqn,2026,1672,18147,-10.51,51,0,1,0.7126725,0.001743830672542875,-0.6468456983566284
dqn,2026,1673,18154,-10.07,7,0,1,0.7125616666666668,0.0016574655892327428,-0.8027622103691101
dqn,2026,1674,18203,-10.49,49,0,1,0.7117858333333333,0.028376788866201725,-0.8178389631211758
dqn,2026,1675,18205,-10.02,2,0,1,0.7117541666666667,0.001666646683588624,-0.028311342000961304
dqn,2026,1676,18218,-10.129999999999999,13,0,1,0.7115483333333334,0.012893627708156904,-1.0804773767789204
dqn,2026,1677,18220,-10.02,2,0,1,0.7115166666666667,0.006458858959376812,-0.5914687514305115
dqn,2026,1678,18231,-10.11,11,0,1,0.7113425,0.013488135766237974,-1.0365272760391235
dqn,2026,1679,18233,-10.02,2,0,1,0.7113108333333333,0.0007898339536041021,-0.47576016187667847
dqn,2026,1680,18242,-10.09,9,0,1,0.7111683333333334,0.015629961038939655,-0.8232569098472595
dqn,2026,1681,18266,-10.24,24,0,1,0.7107883333333334,0.05685224285116419,-0.6538789520661036
dqn,2026,1682,18285,-10.19,19,0,1,0.7104874999999999,0.030947226751595735,-0.9980325043201447
dqn,2026,1683,18299,-10.14,14,0,1,0.7102658333333334,0.04704066466850539,-0.2976580634713173
dqn,2026,1684,18304,-10.049999999999999,5,0,1,0.7101866666666667,0.041840810328722,-0.6984067112207413
dqn,2026,1685,18332,-10.28,28,0,1,0.7097433333333334,0.07622111109750611,-0.681103663785117
dqn,2026,1686,18339,-10.07,7,0,1,0.7096325000000001,0.017427602782845497,-0.5907357335090637
dqn,2026,1687,18343,-10.04,4,0,1,0.7095691666666666,0.0761471837759018,-0.34556421637535095
dqn,2026,1688,18347,-10.04,4,0,1,0.7095058333333333,0.059574685990810394,-0.33341413736343384
dqn,2026,1689,18348,-10.01,1,0,1,0.70949,0.017271436750888824,-0.5633525848388672
dqn,2026,1690,18355,-10.07,7,0,1,0.7093791666666667,0.004877103958278894,-0.1822696477174759
dqn,2026,1691,18358,-10.03,3,0,1,0.7093316666666667,0.1489015519618988,-0.9336780905723572
dqn,2026,1692,18409,-10.51,51,0,1,0.7085241666666666,0.049457957717375114,-0.6889911144971848
dqn,2026,1693,18418,-10.09,9,0,1,0.7083816666666667,0.017457119072787464,-0.8754057288169861
dqn,2026,1694,18425,-10.07,7,0,1,0.7082708333333334,0.008544768788851798,-0.5416587144136429
dqn,2026,1695,18433,-10.08,8,0,1,0.7081441666666666,0.00800206046551466,-0.8697530329227448
dqn,2026,1696,18436,-10.03,3,0,1,0.7080966666666666,0.022005252540111542,-1.2161319255828857
dqn,2026,1697,18443,-10.07,7,0,1,0.7079858333333333,0.010681863874197006,-0.2733933925628662
dqn,2026,1698,18451,-10.08,8,0,1,0.7078591666666667,0.1674977201037109,-1.047473520040512
dqn,2026,1699,18453,-10.02,2,0,1,0.7078275,0.00986929889768362,-1.0060430765151978
dqn,2026,1700,18470,-10.17,17,0,1,0.7075583333333333,0.0033561004092916846,-0.4213693868368864
dqn,2026,1701,18481,-10.11,11,0,1,0.7073841666666667,0.005049425254886349,-0.3566831648349762
dqn,2026,1702,18484,-10.03,3,0,1,0.7073366666666667,0.002058266894891858,-0.5040374994277954
dqn,2026,1703,18489,-10.049999999999999,5,0,1,0.7072575000000001,0.006610135547816753,-0.8436753153800964
dqn,2026,1704,18494,-10.049999999999999,5,0,1,0.7071783333333332,0.007628046441823244,-0.033022262156009674
dqn,2026,1705,18530,-10.36,36,0,1,0.7066083333333333,0.004799842123045689,-0.7169907854663001
dqn,2026,1706,18533,-10.03,3,0,1,0.7065608333333333,0.0014318458270281553,-0.6565614342689514
dqn,2026,1707,18539,-10.06,6,0,1,0.7064658333333333,0.002719148527830839,-1.1336133480072021
dqn,2026,1708,18555,-10.16,16,0,1,0.7062124999999999,0.0006425332103390247,-0.6523111462593079
dqn,2026,1709,18582,-10.27,27,0,1,0.7057850000000001,0.0020693910607535925,-0.8260678138051715
dqn,2026,1710,18598,-10.16,16,0,1,0.7055316666666667,0.002747046804870479,-0.4948340058326721
dqn,2026,1711,18618,-10.2,20,0,1,0.7052149999999999,0.001495150930713862,-0.5118102252483367
dqn,2026,1712,18621,-10.03,3,0,1,0.7051675,0.0007102472009137273,-0.3226885199546814
dqn,2026,1713,18626,-10.049999999999999,5,0,1,0.7050883333333333,0.0037714624777436256,-0.9921175241470337
dqn,2026,1714,18632,-10.06,6,0,1,0.7049933333333334,0.0013857212325092405,-0.4053656905889511
dqn,2026,1715,18673,-10.41,41,0,1,0.7043441666666668,0.03176906598964706,-0.7726135194301605
dqn,2026,1716,18679,-10.06,6,0,1,0.7042491666666666,0.0067932880483567715,-1.0886811017990112
dqn,2026,1717,18693,-10.14,14,0,1,0.7040275,0.002459616764099337,-0.6650998443365097
dqn,2026,1718,18697,-10.04,4,0,1,0.7039641666666667,0.00147333275526762,-0.4745113253593445
dqn,2026,1719,18739,-10.42,42,0,1,0.7032991666666666,0.00215017213486135,-0.5792344406247139
dqn,2026,1720,18748,-10.09,9,0,1,0.7031566666666667,0.0013784945864851277,-0.9280670682589213
dqn,2026,1721,18750,-10.02,2,0,1,0.703125,,
dqn,2026,1722,18768,-10.18,18,0,1,0.70284,0.0014696978963911534,-0.6129340767860413
dqn,2026,1723,18793,-10.25,25,0,1,0.7024441666666668,0.0007172203865290309,-0.5138278106848398
dqn,2026,1724,18800,-10.07,7,0,1,0.7023333333333333,0.0005930052866460755,-0.6422298699617386
dqn,2026,1725,18814,-10.14,14,0,1,0.7021116666666667,0.0015403198776766658,-0.7550037602583567
dqn,2026,1726,18816,-10.02,2,0,1,0.70208,0.0011846108827739954,-0.6605087518692017
dqn,2026,1727,18856,-10.4,40,0,1,0.7014466666666667,0.001057161984499544,-0.6475319996476173
dqn,2026,1728,18865,-10.09,9,0,1,0.7013041666666666,0.0009791713673621416,-1.0520723462104797
dqn,2026,1729,18889,-10.24,24,0,1,0.7009241666666667,0.051437322477189205,-0.7229167819023132
dqn,2026,1730,18891,-10.02,2,0,1,0.7008924999999999,,
dqn,2026,1731,18895,-10.04,4,0,1,0.7008291666666666,0.002713829278945923,-0.9860690236091614
dqn,2026,1732,18898,-10.03,3,0,1,0.7007816666666666,0.0018979298183694482,-0.8176741600036621
dqn,2026,1733,18901,-10.03,3,0,1,0.7007341666666667,0.004620321094989777,-0.9466058611869812
dqn,2026,1734,18914,-10.129999999999999,13,0,1,0.7005283333333334,0.0010194019220458965,-0.6470818022886912
dqn,2026,1735,18919,-10.049999999999999,5,0,1,0.7004491666666667,0.0016872156411409378,-0.6628036499023438
dqn,2026,1736,18971,-10.52,52,0,1,0.6996258333333334,0.0011934381864893322,-0.5943368971347809
dqn,2026,1737,18978,-10.07,7,0,1,0.699515,0.0022832158720120788,-1.2432717084884644
dqn,2026,1738,18980,-10.02,2,0,1,0.6994833333333333,0.0018944931216537952,-0.5027309060096741
dqn,2026,1739,19006,-10.26,26,0,1,0.6990716666666668,0.05118801897818533,-0.6429051620264848
dqn,2026,1740,19016,-10.1,10,0,1,0.6989133333333333,0.0033740202973907194,-0.3592475851376851
dqn,2026,1741,19028,-10.12,12,0,1,0.6987233333333334,0.0018809835892170668,-0.7844435075918833
dqn,2026,1742,19072,-10.44,44,0,1,0.6980266666666667,0.0012349678965454752,-0.4378026452931491
dqn,2026,1743,19090,-10.18,18,0,1,0.6977416666666667,0.0019300162384752184,-0.5553439185023308
dqn,2026,1744,19107,-10.17,17,0,1,0.6974724999999999,0.07858812838094309,-0.5890155285596848
dqn,2026,1745,19134,-10.27,27,0,1,0.697045,0.0026473322400956283,-0.8160984941891262
dqn,2026,1746,19190,-10.56,56,0,1,0.6961583333333333,0.0015191531731813615,-0.7574619821139744
dqn,2026,1747,19196,-10.06,6,0,1,0.6960633333333333,0.0014160158461891115,-0.7202304303646088
dqn,2026,1748,19201,-10.049999999999999,5,0,1,0.6959841666666666,0.0017615132965147495,-0.48156657814979553
dqn,2026,1749,19216,-10.15,15,0,1,0.6957466666666667,0.08087357089971192,-0.9037882685661316
dqn,2026,1750,19222,-10.06,6,0,1,0.6956516666666667,0.0038925616536289454,-1.4302942752838135
dqn,2026,1751,19226,-10.04,4,0,1,0.6955883333333333,0.0005105080781504512,-0.6587464809417725
dqn,2026,1752,19230,-10.04,4,0,1,0.695525,0.0025928448885679245,-0.6786127090454102
dqn,2026,1753,19237,-10.07,7,0,1,0.6954141666666667,0.0018105386989191175,-0.5934895575046539
dqn,2026,1754,19247,-10.1,10,0,1,0.6952558333333334,0.0026269525988027453,-0.6239732205867767
dqn,2026,1755,19257,-10.1,10,0,1,0.6950974999999999,0.001399440496849517,-0.65778915087382
dqn,2026,1756,19263,-10.06,6,0,1,0.6950025,0.0014255954883992672,-0.8329492807388306
dqn,2026,1757,19273,-10.1,10,0,1,0.6948441666666667,0.0012641347226841997,-0.6568458080291748
dqn,2026,1758,19275,-10.02,2,0,1,0.6948125,,
dqn,2026,1759,19290,-10.15,15,0,1,0.6945749999999999,0.0017201454902533442,-0.8215427398681641
dqn,2026,1760,19297,-10.07,7,0,1,0.6944641666666667,0.0010199864627793431,-0.8957823812961578
dqn,2026,1761,19302,-10.049999999999999,5,0,1,0.694385,0.003298464696854353,-0.2995349168777466
dqn,2026,1762,19316,-10.14,14,0,1,0.6941633333333334,0.0021415701194200665,-0.5839582085609436
dqn,2026,1763,19319,-10.03,3,0,1,0.6941158333333333,,
dqn,2026,1764,19357,-10.38,38,0,1,0.6935141666666667,0.00109464822744485,-0.5720063745975494
dqn,2026,1765,19379,-10.22,22,0,1,0.6931658333333333,0.0009527523536235095,-0.9191982865333557
dqn,2026,1766,19400,-10.209999999999999,21,0,1,0.6928333333333334,0.0012751429167110473,-0.7075601269801458
dqn,2026,1767,19405,-10.049999999999999,5,0,1,0.6927541666666667,0.0012612690916284919,-0.6451905369758606
dqn,2026,1768,19417,-10.12,12,0,1,0.6925641666666666,0.0010648619014925014,-0.32283445199330646
dqn,2026,1769,19432,-10.15,15,0,1,0.6923266666666666,0.0014550041814800352,-0.582764744758606
dqn,2026,1770,19447,-10.15,15,0,1,0.6920891666666666,0.001389412578040113,-0.3830225020647049
dqn,2026,1771,19452,-10.049999999999999,5,0,1,0.69201,0.002348398556932807,-0.8387427926063538
dqn,2026,1772,19496,-10.44,44,0,1,0.6913133333333333,0.028731833087724888,-0.6794069368730892
dqn,2026,1773,19499,-10.03,3,0,1,0.6912658333333334,,
dqn,2026,1774,19509,-10.1,10,0,1,0.6911075,0.0005740761116612703,-0.44420839349428815
dqn,2026,1775,19514,-10.049999999999999,5,0,1,0.6910283333333334,0.0008408870780840516,-0.8054251074790955
dqn,2026,1776,19517,-10.03,3,0,1,0.6909808333333334,0.0013257527025416493,-1.136674165725708
dqn,2026,1777,19521,-10.04,4,0,1,0.6909175000000001,0.000667737505864352,-0.8227200508117676
dqn,2026,1778,19531,-10.1,10,0,1,0.6907591666666666,0.00048069686454255134,-0.6561621576547623
dqn,2026,1779,19541,-10.1,10,0,1,0.6906008333333333,0.001080269871939284,-0.7026629745960236
dqn,2026,1780,19545,-10.04,4,0,1,0.6905375,0.0010372641263529658,-0.6690509915351868
dqn,2026,1781,19552,-10.07,7,0,1,0.6904266666666666,0.0008035494538489729,-0.7445145845413208
dqn,2026,1782,19639,-10.870000000000001,87,0,1,0.6890491666666667,0.0006749827055803811,-0.6696418623129526
dqn,2026,1783,19646,-10.07,7,0,1,0.6889383333333333,0.00048340921057388186,-0.3311813324689865
dqn,2026,1784,19666,-10.2,20,0,1,0.6886216666666667,0.00046521119656972587,-0.596320241689682
dqn,2026,1785,19701,-10.35,35,0,1,0.6880675,0.0007547397237633251,-0.5818553616603216
dqn,2026,1786,19715,-10.14,14,0,1,0.6878458333333333,0.0008775074578200778,-0.9734200636545817
dqn,2026,1787,19729,-10.14,14,0,1,0.6876241666666667,0.0005433279584394768,-0.6165991127490997
dqn,2026,1788,19734,-10.049999999999999,5,0,1,0.6875450000000001,0.00035195384407415986,-0.32562491297721863
dqn,2026,1789,19746,-10.12,12,0,1,0.6873549999999999,0.0006777465459890664,-0.7587817509969076
dqn,2026,1790,19754,-10.08,8,0,1,0.6872283333333333,0.001354481908492744,-0.7530378699302673
dqn,2026,1791,19783,-10.29,29,0,1,0.6867691666666667,0.0009436258322758866,-0.5399458493505206
dqn,2026,1792,19786,-10.03,3,0,1,0.6867216666666667,0.000767652178183198,-0.805512547492981
dqn,2026,1793,19803,-10.17,17,0,1,0.6864525,0.0006071600146242417,-0.3697669059038162
dqn,2026,1794,19832,-10.29,29,0,1,0.6859933333333333,0.000490752518089721,-0.25054987147450447
dqn,2026,1795,19845,-10.129999999999999,13,0,1,0.6857875,0.0007710125064477324,-0.934399942557017
dqn,2026,1796,19858,-10.129999999999999,13,0,1,0.6855816666666666,0.0004318536472662042,-0.3333766038219134
dqn,2026,1797,19870,-10.12,12,0,1,0.6853916666666666,0.0004487720822604994,-0.5949787894884745
dqn,2026,1798,19893,-10.23,23,0,1,0.6850275,0.0007595792267238721,-0.7428442984819412
dqn,2026,1799,19911,-10.18,18,0,1,0.6847425,0.0005815085314679891,-0.3653329089283943
dqn,2026,1800,19919,-10.08,8,0,1,0.6846158333333333,0.0003175220626872033,-0.9021276235580444
dqn,2026,1801,19922,-10.03,3,0,1,0.6845683333333333,0.00025818616268225014,-0.32587704062461853
dqn,2026,1802,19932,-10.1,10,0,1,0.68441,0.0007360885598851988,-1.2480883200963337
dqn,2026,1803,19987,-10.55,55,0,1,0.6835391666666667,0.0005451604710497821,-0.7288734110502096
dqn,2026,1804,20001,-10.14,14,0,1,0.6833175,0.07882384554250166,-0.6866141334176064
dqn,2026,1805,20022,-10.209999999999999,21,0,1,0.682985,0.0009879827266559005,-0.4421055853366852
dqn,2026,1806,20053,-10.31,31,0,1,0.6824941666666666,0.0013517332190531306,-0.5582983270287514
dqn,2026,1807,20058,-10.049999999999999,5,0,1,0.682415,0.0003167373070027679,-0.6585172414779663
dqn,2026,1808,20067,-10.09,9,0,1,0.6822725000000001,0.000621450541075319,-0.17767119407653809
dqn,2026,1809,20093,-10.26,26,0,1,0.6818608333333334,0.04498221507362489,-0.6756888457706997
dqn,2026,1810,20103,-10.1,10,0,1,0.6817025,0.0021289574215188622,-0.8446897864341736
dqn,2026,1811,20108,-10.049999999999999,5,0,1,0.6816233333333334,0.000855759579280857,-0.5941004455089569
dqn,2026,1812,20118,-10.1,10,0,1,0.681465,0.0029243917670100927,-0.47323963046073914
dqn,2026,1813,20156,-10.38,38,0,1,0.6808633333333334,0.03267718076822348,-0.8728985339403152
dqn,2026,1814,20170,-10.14,14,0,1,0.6806416666666667,0.003708877212678393,-0.31117036441961926
dqn,2026,1815,20189,-10.19,19,0,1,0.6803408333333334,0.0035868225153535605,-0.5764071837067604
dqn,2026,1816,20192,-10.03,3,0,1,0.6802933333333333,0.003293712856248021,-0.7913753986358643
dqn,2026,1817,20202,-10.1,10,0,1,0.6801349999999999,0.0004090669972356409,-0.4114833250641823
dqn,2026,1818,20220,-10.18,18,0,1,0.6798500000000001,0.003285807534120977,-0.4637212693691254
dqn,2026,1819,20224,-10.04,4,0,1,0.6797866666666667,0.0013232652563601732,-1.309951663017273
dqn,2026,1820,20235,-10.11,11,0,1,0.6796125,0.0015050095971673727,-0.9954703152179718
dqn,2026,1821,20239,-10.04,4,0,1,0.6795491666666666,0.0022926852107048035,-1.167930006980896
dqn,2026,1822,20306,-10.67,67,0,1,0.6784883333333334,0.019745792209184456,-0.5371881609453875
dqn,2026,1823,20349,-10.43,43,0,1,0.6778075,0.0009665770604359833,-0.7163951315663077
dqn,2026,1824,20361,-10.12,12,0,1,0.6776175,0.0008425082875570903,-0.7706798513730367
dqn,2026,1825,20369,-10.08,8,0,1,0.6774908333333334,0.0009347845625597984,-0.649511069059372
dqn,2026,1826,20390,-10.209999999999999,21,0,1,0.6771583333333333,0.0018627535551786422,-0.7604404568672181
dqn,2026,1827,20393,-10.03,3,0,1,0.6771108333333333,0.003850626992061734,-0.46834516525268555
dqn,2026,1828,20400,-10.07,7,0,1,0.677,0.001230189111083746,-1.2314322888851166
dqn,2026,1829,20420,-10.2,20,0,1,0.6766833333333333,0.0026552887400612237,-0.6265420317649841
dqn,2026,1830,20446,-10.26,26,0,1,0.6762716666666666,0.0026188354386249557,-0.7169065674146017
dqn,2026,1831,20448,-10.02,2,0,1,0.67624,0.0009128042729571462,-0.1668270230293274
dqn,2026,1832,20456,-10.08,8,0,1,0.6761133333333333,0.0006512634718092158,-0.5791342109441757
dqn,2026,1833,20473,-10.17,17,0,1,0.6758441666666667,0.002176225374569185,-0.8623054176568985
dqn,2026,1834,20504,-10.31,31,0,1,0.6753533333333334,0.0010476426814420847,-0.5576382167637348
dqn,2026,1835,20506,-10.02,2,0,1,0.6753216666666667,,
dqn,2026,1836,20528,-10.22,22,0,1,0.6749733333333333,0.001423845950436468,-0.6626487821340561
dqn,2026,1837,20540,-10.12,12,0,1,0.6747833333333333,0.1025687349610962,-0.801332434018453
dqn,2026,1838,20552,-10.12,12,0,1,0.6745933333333334,0.0017807393742259592,-0.46387133995691937
dqn,2026,1839,20560,-10.08,8,0,1,0.6744666666666667,0.0020098653621971607,-0.9682950079441071
dqn,2026,1840,20587,-10.27,27,0,1,0.6740391666666667,0.0015309988181494798,-0.5001581013202667
dqn,2026,1841,20592,-10.049999999999999,5,0,1,0.67396,0.0006829715275671333,-0.33757469803094864
dqn,2026,1842,20619,-10.27,27,0,1,0.6735325,0.052048436065282054,-0.4170832758148511
dqn,2026,1843,20637,-10.18,18,0,1,0.6732475,0.0011756776075344533,-0.429849836230278
dqn,2026,1844,20643,-10.06,6,0,1,0.6731525,0.00023119048273656517,-0.1723172664642334
dqn,2026,1845,20645,-10.02,2,0,1,0.6731208333333334,0.0010816706344485283,-0.16955941915512085
dqn,2026,1846,20648,-10.03,3,0,1,0.6730733333333334,0.0015903504099696875,-1.0026752948760986
dqn,2026,1847,20665,-10.17,17,0,1,0.6728041666666666,0.0008738956967135891,-0.8626190572977066
dqn,2026,1848,20682,-10.17,17,0,1,0.672535,0.0011484295027912594,-0.6280966401100159
dqn,2026,1849,20703,-10.209999999999999,21,0,1,0.6722025,0.0012680758547503502,-0.3914857283234596
dqn,2026,1850,20706,-10.03,3,0,1,0.6721550000000001,0.0008002283284440637,-0.5133962035179138
dqn,2026,1851,20709,-10.03,3,0,1,0.6721075000000001,0.0019118752097710967,-0.842373251914978
dqn,2026,1852,20715,-10.06,6,0,1,0.6720125,0.0015972538385540247,-1.7833210229873657
dqn,2026,1853,20728,-10.129999999999999,13,0,1,0.6718066666666667,0.002459052251651883,-0.7050324901938438
dqn,2026,1854,20779,-10.51,51,0,1,0.6709991666666667,0.001234958581335377,-0.5367954758306345
dqn,2026,1855,20803,-10.24,24,0,1,0.6706191666666667,0.000617803899028028,-0.7179103828966618
dqn,2026,1856,20834,-10.31,31,0,1,0.6701283333333333,0.0011117568501504138,-0.39446709118783474
dqn,2026,1857,20839,-10.049999999999999,5,0,1,0.6700491666666667,0.0009208455448970199,-1.292106032371521
dqn,2026,1858,20847,-10.08,8,0,1,0.6699225,0.0008763620135141537,-0.6771824955940247
dqn,2026,1859,20873,-10.26,26,0,1,0.6695108333333333,0.0011246101909949044,-0.6145247582878385
dqn,2026,1860,20889,-10.16,16,0,1,0.6692575000000001,0.0010306894764653407,-0.37559371814131737
dqn,2026,1861,20906,-10.17,17,0,1,0.6689883333333333,0.0013427804879029281,-0.5071603953838348
dqn,2026,1862,20919,-10.129999999999999,13,0,1,0.6687825000000001,0.000655276565036426,-0.6569902201493582
dqn,2026,1863,20974,9.45,55,1,0,0.6679116666666667,0.0007194898270037291,-0.543856754899025
dqn,2026,1864,20980,-10.06,6,0,1,0.6678166666666667,0.00036248510878067464,-0.4992712736129761
dqn,2026,1865,20983,-10.03,3,0,1,0.6677691666666667,,
dqn,2026,1866,20989,-10.06,6,0,1,0.6676741666666667,0.0006265802658163011,-0.26813437044620514
dqn,2026,1867,20998,-10.09,9,0,1,0.6675316666666666,0.000794081570347771,-0.7349449098110199
dqn,2026,1868,21008,-10.1,10,0,1,0.6673733333333334,0.0005018464774669459,-1.0888805588086445
dqn,2026,1869,21013,-10.049999999999999,5,0,1,0.6672941666666667,0.0008673352422192693,-0.6608465909957886
dqn,2026,1870,21024,-10.11,11,0,1,0.66712,0.0008475317154079676,-0.7664810220400492
dqn,2026,1871,21032,-10.08,8,0,1,0.6669933333333333,0.0003129943579551764,-0.4249521493911743
dqn,2026,1872,21061,-10.29,29,0,1,0.6665341666666666,0.04492200101958588,-0.676931266273771
dqn,2026,1873,21072,-10.11,11,0,1,0.6663600000000001,0.001396027529456963,-0.35618924101193744
dqn,2026,1874,21114,-10.42,42,0,1,0.665695,0.0008713223069207743,-0.5594741225242614
dqn,2026,1875,21126,-10.12,12,0,1,0.665505,0.0009662052422451476,-0.618466799457868
dqn,2026,1876,21134,-10.08,8,0,1,0.6653783333333334,0.0008695030701346695,-0.7319034039974213
dqn,2026,1877,21136,-10.02,2,0,1,0.6653466666666668,0.0004297062987461686,-0.4962981641292572
dqn,2026,1878,21169,-10.33,33,0,1,0.6648241666666667,0.00046399657003348693,-0.6186387687921524
dqn,2026,1879,21213,-10.44,44,0,1,0.6641275,0.000470454766235145,-0.6588910655541853
dqn,2026,1880,21242,-10.29,29,0,1,0.6636683333333333,0.0006775477252501462,-0.612823194691113
dqn,2026,1881,21245,-10.03,3,0,1,0.6636208333333333,0.0009580051992088556,-0.6606012582778931
dqn,2026,1882,21248,-10.03,3,0,1,0.6635733333333333,0.00046771089546382427,-0.3413178026676178
dqn,2026,1883,21264,-10.16,16,0,1,0.66332,0.000472164225357119,-0.4196617156267166
dqn,2026,1884,21273,-10.09,9,0,1,0.6631775,0.0012213338050059974,-0.5746172964572906
dqn,2026,1885,21301,-10.28,28,0,1,0.6627341666666666,0.00047303920395539274,-0.47771889716386795
dqn,2026,1886,21320,-10.19,19,0,1,0.6624333333333334,0.0005669831414707005,-0.5278829276561737
dqn,2026,1887,21329,-10.09,9,0,1,0.6622908333333334,0.00039045611629262567,-0.6630532741546631
dqn,2026,1888,21335,-10.06,6,0,1,0.6621958333333333,0.0006837910041213036,-0.18750958144664764
dqn,2026,1889,21352,-10.17,17,0,1,0.6619266666666667,0.0010498702758923173,-1.0818270325660706
dqn,2026,1890,21403,-10.51,51,0,1,0.6611191666666667,0.0010283602532581426,-0.46881111711263657
dqn,2026,1891,21410,-10.07,7,0,1,0.6610083333333334,0.001713292091153562,-0.8500780463218689
dqn,2026,1892,21433,-10.23,23,0,1,0.6606441666666667,0.0009142076160060242,-0.6600229268272718
dqn,2026,1893,21445,-10.12,12,0,1,0.6604541666666667,0.001019442977849394,-0.8670832614103953
dqn,2026,1894,21455,-10.1,10,0,1,0.6602958333333333,0.15628019379801117,-0.9132699966430664
dqn,2026,1895,21464,-10.09,9,0,1,0.6601533333333334,0.0013934308080933988,-0.6968341767787933
dqn,2026,1896,21479,-10.15,15,0,1,0.6599158333333334,0.001835903991983893,-0.5700395802656809
dqn,2026,1897,21481,-10.02,2,0,1,0.6598841666666667,0.003437688108533621,-0.9472216367721558
dqn,2026,1898,21493,-10.12,12,0,1,0.6596941666666667,0.0006345319270621985,-0.39366281032562256
dqn,2026,1899,21495,-10.02,2,0,1,0.6596625,,
dqn,2026,1900,21509,-10.14,14,0,1,0.6594408333333334,0.0012132711708545685,-0.7404852211475372
dqn,2026,1901,21594,-10.85,85,0,1,0.6580950000000001,0.030469008052716077,-0.4104691041367395
dqn,2026,1902,21620,-10.26,26,0,1,0.6576833333333334,0.006160785743434515,-0.6584191641637257
dqn,2026,1903,21636,-10.16,16,0,1,0.65743,0.004874512735113967,-0.23924366757273674
dqn,2026,1904,21652,-10.16,16,0,1,0.6571766666666667,0.003470126393949613,-0.27884383127093315
dqn,2026,1905,21679,-10.27,27,0,1,0.6567491666666667,0.004492938343901187,-0.5583343977729479
dqn,2026,1906,21697,-10.18,18,0,1,0.6564641666666666,0.0060934409033507105,-0.6694867372512817
dqn,2026,1907,21718,-10.209999999999999,21,0,1,0.6561316666666667,0.005336672626435756,-0.7858053803443908
dqn,2026,1908,21722,-10.04,4,0,1,0.6560683333333334,0.0014768235851079226,-0.32528650760650635
dqn,2026,1909,21729,-10.07,7,0,1,0.6559575,0.0016471838462166488,-1.1259082555770874
dqn,2026,1910,21752,-10.23,23,0,1,0.6555933333333334,0.001588734642912944,-0.6882207045952479
dqn,2026,1911,21774,-10.22,22,0,1,0.6552450000000001,0.06386147001758218,-0.6519683420658111
dqn,2026,1912,21798,-10.24,24,0,1,0.654865,0.0036079597048228607,-0.5574154754479727
dqn,2026,1913,21813,-10.15,15,0,1,0.6546275,0.08057896723039448,-0.9770036190748215
dqn,2026,1914,21846,-10.33,33,0,1,0.654105,0.0018179084436269477,-0.6195385837927461
dqn,2026,1915,21860,-10.14,14,0,1,0.6538833333333334,0.0017293161654379219,-0.6257774047553539
dqn,2026,1916,21865,-10.049999999999999,5,0,1,0.6538041666666667,0.0023677367717027664,-0.9545379877090454
dqn,2026,1917,21906,-10.41,41,0,1,0.653155,0.0017249679542146624,-0.7302369847893715
dqn,2026,1918,21938,-10.32,32,0,1,0.6526483333333334,0.001377548134769313,-0.39636967424303293
dqn,2026,1919,21941,-10.03,3,0,1,0.6526008333333333,0.0019998003263026476,-1.1214170455932617
dqn,2026,1920,21945,-10.04,4,0,1,0.6525375,0.0011416322086006403,-0.6426736116409302
dqn,2026,1921,21952,-10.07,7,0,1,0.6524266666666667,0.15426017821300775,-0.2693262994289398
dqn,2026,1922,21964,-10.12,12,0,1,0.6522366666666667,0.0011001558353503544,-0.4890688012043635
dqn,2026,1923,21968,-10.04,4,0,1,0.6521733333333334,0.0009059107978828251,-1.7839871644973755
dqn,2026,1924,21989,-10.209999999999999,21,0,1,0.6518408333333334,0.0009267913643270731,-0.5637155905365944
dqn,2026,1925,22011,9.78,22,1,0,0.6514925,0.0009967803198378533,-0.5375464588403702
dqn,2026,1926,22022,-10.11,11,0,1,0.6513183333333333,0.0023660080041736364,-0.1644416550795237
dqn,2026,1927,22029,-10.07,7,0,1,0.6512075,0.001589811232406646,-0.20531290769577026
dqn,2026,1928,22042,-10.129999999999999,13,0,1,0.6510016666666667,0.0037275072342405715,-0.6079107423623403
dqn,2026,1929,22044,-10.02,2,0,1,0.65097,0.007593093439936638,-0.6068198084831238
dqn,2026,1930,22053,-10.09,9,0,1,0.6508275,0.003187276655808091,-1.0071960091590881
dqn,2026,1931,22059,-10.06,6,0,1,0.6507325,0.0017923807026818395,-0.3565623462200165
dqn,2026,1932,22061,-10.02,2,0,1,0.6507008333333334,0.0005553207593038678,-0.9756296277046204
dqn,2026,1933,22064,-10.03,3,0,1,0.6506533333333333,0.0013614925555884838,-0.9613660573959351
dqn,2026,1934,22076,-10.12,12,0,1,0.6504633333333334,0.0020697338428969183,-0.5481386184692383
dqn,2026,1935,22079,-10.03,3,0,1,0.6504158333333334,,
dqn,2026,1936,22084,-10.049999999999999,5,0,1,0.6503366666666667,0.0022892772976774722,-0.6877017617225647
dqn,2026,1937,22087,-10.03,3,0,1,0.6502891666666667,,
dqn,2026,1938,22101,-10.14,14,0,1,0.6500675,0.0009250724542653188,-0.4887609928846359
dqn,2026,1939,22108,-10.07,7,0,1,0.6499566666666667,0.002075806667562574,-0.6765156686306
dqn,2026,1940,22142,-10.34,34,0,1,0.6494183333333334,0.0012352956910035573,-0.7020924277603626
dqn,2026,1941,22144,-10.02,2,0,1,0.6493866666666667,0.0012732980540022254,-0.48804980516433716
dqn,2026,1942,22181,-10.37,37,0,1,0.6488008333333334,0.0012634745475629137,-0.6330519285466936
dqn,2026,1943,22220,-10.39,39,0,1,0.6481833333333333,0.0018815387797076256,-0.623797795176506
dqn,2026,1944,22231,-10.11,11,0,1,0.6480091666666667,0.002708995365537703,-0.7719851136207581
dqn,2026,1945,22242,-10.11,11,0,1,0.647835,0.10161579904767375,-0.5902127027511597
dqn,2026,1946,22245,-10.03,3,0,1,0.6477875,0.0022669618483632803,-0.7959104776382446
dqn,2026,1947,22250,-10.049999999999999,5,0,1,0.6477083333333333,0.0008353454177267849,-0.18922460079193115
dqn,2026,1948,22253,-10.03,3,0,1,0.6476608333333334,0.3001979887485504,-0.5263767838478088
dqn,2026,1949,22275,-10.22,22,0,1,0.6473125,0.002223464148119092,-0.9162209391593933
dqn,2026,1950,22305,-10.3,30,0,1,0.6468375,0.004684095678385347,-0.5880650393664837
dqn,2026,1951,22319,-10.14,14,0,1,0.6466158333333334,0.0039182753923038645,-0.26484309136867523
dqn,2026,1952,22323,-10.04,4,0,1,0.6465525000000001,0.001542048528790474,-0.6441373825073242
dqn,2026,1953,22334,-10.11,11,0,1,0.6463783333333333,0.0094855020288378,-0.1731024906039238
dqn,2026,1954,22363,-10.29,29,0,1,0.6459191666666667,0.007774996770811933,-0.6963378680603844
dqn,2026,1955,22369,-10.06,6,0,1,0.6458241666666666,0.0037230263696983457,-0.6531838178634644
dqn,2026,1956,22371,-10.02,2,0,1,0.6457925,,
dqn,2026,1957,22375,-10.04,4,0,1,0.6457291666666667,0.0008671108516864479,-0.3547177016735077
dqn,2026,1958,22379,-10.04,4,0,1,0.6456658333333334,0.0032603410072624683,-0.8522951602935791
dqn,2026,1959,22384,-10.049999999999999,5,0,1,0.6455866666666668,0.0011252692202106118,-0.8245091736316681
dqn,2026,1960,22415,-10.31,31,0,1,0.6450958333333334,0.0029553505425740567,-0.7252029648848942
dqn,2026,1961,22438,-10.23,23,0,1,0.6447316666666667,0.0024129178976484886,-0.6087968870997429
dqn,2026,1962,22441,-10.03,3,0,1,0.6446841666666667,0.002531688893213868,-0.8386831879615784
dqn,2026,1963,22457,-10.16,16,0,1,0.6444308333333333,0.0023228363133966923,-0.8538715243339539
dqn,2026,1964,22468,-10.11,11,0,1,0.6442566666666667,0.0019090414280071855,-1.003468930721283
dqn,2026,1965,22471,-10.03,3,0,1,0.6442091666666667,,
dqn,2026,1966,22496,-10.25,25,0,1,0.6438133333333333,0.0010028998658526689,-0.4786506784813745
dqn,2026,1967,22515,-10.19,19,0,1,0.6435125,0.0007129329969757237,-0.4480670839548111
dqn,2026,1968,22519,-10.04,4,0,1,0.6434491666666666,0.0011234881822019815,-0.5070067048072815
dqn,2026,1969,22527,-10.08,8,0,1,0.6433225,0.0006994175200816244,-0.11627139151096344
dqn,2026,1970,22535,-10.08,8,0,1,0.6431958333333334,0.0006117802113294601,-0.43191874772310257
dqn,2026,1971,22540,-10.049999999999999,5,0,1,0.6431166666666668,0.0016355941770598292,-0.8022395372390747
dqn,2026,1972,22546,-10.06,6,0,1,0.6430216666666666,0.0003839147975668311,-0.6563135385513306
dqn,2026,1973,22556,-10.1,10,0,1,0.6428633333333333,0.0021512653523435197,-1.0520201921463013
dqn,2026,1974,22565,-10.09,9,0,1,0.6427208333333334,0.001065737335011363,-0.4074544906616211
dqn,2026,1975,22579,-10.14,14,0,1,0.6424991666666666,0.0008612633876812955,-0.6107584436734518
dqn,2026,1976,22589,-10.1,10,0,1,0.6423408333333334,0.0006384707327621678,-0.3962395985921224
dqn,2026,1977,22593,-10.04,4,0,1,0.6422775000000001,0.0011311565758660436,-1.4518970251083374
dqn,2026,1978,22596,-10.03,3,0,1,0.6422300000000001,0.0010173567570745945,-0.8219767808914185
dqn,2026,1979,22603,-10.07,7,0,1,0.6421191666666667,0.0006054630503058434,-0.8341412544250488
dqn,2026,1980,22613,-10.1,10,0,1,0.6419608333333333,0.000942080010039111,-0.6153250237305959
dqn,2026,1981,22659,-10.46,46,0,1,0.6412325000000001,0.028638258106763136,-0.5725761218504473
dqn,2026,1982,22674,-10.15,15,0,1,0.640995,0.07593536243075505,-0.2945178747177124
dqn,2026,1983,22706,-10.32,32,0,1,0.6404883333333333,0.03828237580819405,-0.6414903700351715
dqn,2026,1984,22709,-10.03,3,0,1,0.6404408333333333,0.0020473047625273466,0.0035820305347442627
dqn,2026,1985,22712,-10.03,3,0,1,0.6403933333333334,0.002301224274560809,-0.6268399357795715
dqn,2026,1986,22720,-10.08,8,0,1,0.6402666666666668,0.0011833980970550328,-0.43493160605430603
dqn,2026,1987,22735,-10.15,15,0,1,0.6400291666666666,0.0019730740071584782,-0.7789900898933411
dqn,2026,1988,22737,-10.02,2,0,1,0.6399975,0.002000609878450632,-0.4899997115135193
dqn,2026,1989,22745,-10.08,8,0,1,0.6398708333333334,0.0009325300925411284,-0.9057189449667931
dqn,2026,1990,22755,-10.1,10,0,1,0.6397125,0.0029159768018871546,-0.735083594918251
dqn,2026,1991,22762,-10.07,7,0,1,0.6396016666666666,0.0020251060486771166,-0.6457703411579132
dqn,2026,1992,22769,-10.07,7,0,1,0.6394908333333333,0.003257584263337776,-0.5301076918840408
dqn,2026,1993,22815,-10.46,46,0,1,0.6387625000000001,0.0009629529271147807,-0.6038703891364011
dqn,2026,1994,22903,-10.88,88,0,1,0.6373691666666668,0.0004793457311197099,-0.669137338345701
dqn,2026,1995,22912,-10.09,9,0,1,0.6372266666666666,0.0003974316835713883,-0.400078684091568
dqn,2026,1996,22915,-10.03,3,0,1,0.6371791666666666,,
dqn,2026,1997,22923,-10.08,8,0,1,0.6370525,0.0003567278035916388,-0.4133814722299576
dqn,2026,1998,22957,-10.34,34,0,1,0.6365141666666667,0.03551426720676116,-0.627077450354894
dqn,2026,1999,22962,-10.049999999999999,5,0,1,0.6364350000000001,0.00037529546534642577,-0.34312936663627625
dqn,2026,2000,22980,-10.18,18,0,1,0.63615,0.0045733190723694864,-0.8617334246635437
dqn,2026,2001,22989,-10.09,9,0,1,0.6360075000000001,0.0039369223231915385,-0.6419454887509346
dqn,2026,2002,23011,-10.22,22,0,1,0.6356591666666667,0.002481752960011363,-0.6406188070774078
dqn,2026,2003,23030,-10.19,19,0,1,0.6353583333333332,0.0030863914638757707,-0.2733080700039864
dqn,2026,2004,23034,-10.04,4,0,1,0.6352949999999999,0.0024638171307742596,-1.175947904586792
dqn,2026,2005,23038,-10.04,4,0,1,0.6352316666666666,0.000692478846758604,-0.1783389300107956
dqn,2026,2006,23041,-10.03,3,0,1,0.6351841666666667,0.0006861023139208555,-0.17570999264717102
dqn,2026,2007,23056,-10.15,15,0,1,0.6349466666666668,0.001939501060405746,-0.626218281686306
dqn,2026,2008,23073,-10.17,17,0,1,0.6346775,0.0018261796794831753,-0.6715836226940155
dqn,2026,2009,23078,-10.049999999999999,5,0,1,0.6345983333333334,0.002483523217961192,-0.8590508103370667
dqn,2026,2010,23133,-10.55,55,0,1,0.6337275,0.022588769876165316,-0.6320289639489991
dqn,2026,2011,23141,-10.08,8,0,1,0.6336008333333334,0.0010749422945082188,-0.5095138996839523
dqn,2026,2012,23165,-10.24,24,0,1,0.6332208333333333,0.0011922035676737626,-0.4031771620114644
dqn,2026,2013,23166,-10.01,1,0,1,0.633205,,
dqn,2026,2014,23191,-10.25,25,0,1,0.6328091666666666,0.0012721113986723747,-0.4023740515112877
dqn,2026,2015,23211,-10.2,20,0,1,0.6324925,0.0009937335853464901,-0.5323252558708191
dqn,2026,2016,23216,-10.049999999999999,5,0,1,0.6324133333333333,0.002336469595320523,-0.20839166641235352
dqn,2026,2017,23248,-10.32,32,0,1,0.6319066666666666,0.0012986699694010895,-0.30688303895294666
dqn,2026,2018,23270,-10.22,22,0,1,0.6315583333333334,0.0023567319381982087,-0.6376476466655732
dqn,2026,2019,23275,-10.049999999999999,5,0,1,0.6314791666666666,0.000591822958085686,-0.6719031929969788
dqn,2026,2020,23291,-10.16,16,0,1,0.6312258333333334,0.00462557707214728,-0.5501757562160492
dqn,2026,2021,23300,-10.09,9,0,1,0.6310833333333334,0.0016756056575104594,-0.22038480142752329
dqn,2026,2022,23302,-10.02,2,0,1,0.6310516666666667,,
dqn,2026,2023,23318,-10.16,16,0,1,0.6307983333333333,0.0022803901811130345,-0.46487075462937355
dqn,2026,2024,23324,-10.06,6,0,1,0.6307033333333334,0.0014201462035998702,-0.4374111294746399
dqn,2026,2025,23338,-10.14,14,0,1,0.6304816666666666,0.0014583876666923363,-0.7247475385665894
dqn,2026,2026,23366,-10.28,28,0,1,0.6300383333333333,0.04444706853246316,-0.4354937672615051
dqn,2026,2027,23369,-10.03,3,0,1,0.6299908333333333,0.003178372047841549,-0.3754989206790924
dqn,2026,2028,23377,-10.08,8,0,1,0.6298641666666667,0.0015748604200780392,-0.6753847301006317
dqn,2026,2029,23393,-10.16,16,0,1,0.6296108333333333,0.001133530015067663,-0.8199396729469299
dqn,2026,2030,23395,-10.02,2,0,1,0.6295791666666667,,
dqn,2026,2031,23401,-10.06,6,0,1,0.6294841666666666,0.0010615047940518707,-0.676905632019043
dqn,2026,2032,23403,-10.02,2,0,1,0.6294525,,
dqn,2026,2033,23406,-10.03,3,0,1,0.629405,0.00018589211686048657,-0.18243347108364105
dqn,2026,2034,23416,-10.1,10,0,1,0.6292466666666667,0.000607495584214727,-0.5605272452036539
dqn,2026,2035,23426,-10.1,10,0,1,0.6290883333333332,0.0009426470496691763,-0.7644957900047302
dqn,2026,2036,23429,-10.03,3,0,1,0.6290408333333333,0.00020745540678035468,-0.5086145401000977
dqn,2026,2037,23435,-10.06,6,0,1,0.6289458333333333,0.0024391214828938246,-0.6434094905853271
dqn,2026,2038,23462,-10.27,27,0,1,0.6285183333333333,0.04151349631138146,-0.6442269768033709
dqn,2026,2039,23465,-10.03,3,0,1,0.6284708333333333,0.0002624482731334865,-0.0258316770195961
dqn,2026,2040,23488,-10.23,23,0,1,0.6281066666666666,0.04759521671318604,-0.500962828596433
dqn,2026,2041,23498,-10.1,10,0,1,0.6279483333333333,0.003419327549636364,-0.558262050151825
dqn,2026,2042,23506,-10.08,8,0,1,0.6278216666666667,0.0021818483364768326,-0.6696471273899078
dqn,2026,2043,23527,-10.209999999999999,21,0,1,0.6274891666666667,0.002112661150749773,-0.5136188074946404
dqn,2026,2044,23528,-10.01,1,0,1,0.6274733333333333,0.0023426783736795187,-0.9774688482284546
dqn,2026,2045,23555,-10.27,27,0,1,0.6270458333333333,0.0032702801593889794,-0.6700635105371475
dqn,2026,2046,23561,-10.06,6,0,1,0.6269508333333333,0.004749528190586716,-0.5470806360244751
dqn,2026,2047,23572,-10.11,11,0,1,0.6267766666666668,0.0045337080567454295,-0.5880564351876577
dqn,2026,2048,23578,-10.06,6,0,1,0.6266816666666667,0.0007891810964792967,-0.19002261757850647
dqn,2026,2049,23615,-10.37,37,0,1,0.6260958333333333,0.0035948161320346925,-0.5704718033472697
dqn,2026,2050,23628,-10.129999999999999,13,0,1,0.6258900000000001,0.0018343470292165875,-0.5742597281932831
dqn,2026,2051,23632,-10.04,4,0,1,0.6258266666666668,0.0015840405831113458,-0.48365384340286255
dqn,2026,2052,23636,-10.04,4,0,1,0.6257633333333333,0.0012077370192855597,-0.5216856598854065
dqn,2026,2053,23679,-10.43,43,0,1,0.6250825,0.004452805418986827,-0.596888267993927
dqn,2026,2054,23697,-10.18,18,0,1,0.6247975,0.00859585867729038,-0.5079476594924927
dqn,2026,2055,23699,-10.02,2,0,1,0.6247658333333334,,
dqn,2026,2056,23703,-10.04,4,0,1,0.6247024999999999,0.01286353450268507,-0.26959091424942017
dqn,2026,2057,23708,-10.049999999999999,5,0,1,0.6246233333333333,0.005273906514048576,-0.5501461774110794
dqn,2026,2058,23715,-10.07,7,0,1,0.6245125,0.008530871942639351,-1.2029708623886108
dqn,2026,2059,23718,-10.03,3,0,1,0.624465,0.005307612009346485,-0.39158859848976135
dqn,2026,2060,23750,-10.32,32,0,1,0.6239583333333334,0.005201161678996868,-0.4550378592684865
dqn,2026,2061,23757,-10.07,7,0,1,0.6238475,0.0032454387983307242,-0.6549741625785828
dqn,2026,2062,23761,-10.04,4,0,1,0.6237841666666667,0.30646997690200806,-1.252758502960205
dqn,2026,2063,23779,-10.18,18,0,1,0.6234991666666667,0.003169269737554714,-0.9558299481868744
dqn,2026,2064,23782,-10.03,3,0,1,0.6234516666666667,0.0025646346621215343,-0.3402171730995178
dqn,2026,2065,23793,-10.11,11,0,1,0.6232774999999999,0.10236840215899672,-0.4962873011827469
dqn,2026,2066,23795,-10.02,2,0,1,0.6232458333333333,,
dqn,2026,2067,23831,-10.36,36,0,1,0.6226758333333333,0.006832665518029696,-0.5511507176690631
dqn,2026,2068,23843,-10.12,12,0,1,0.6224858333333334,0.010013605933636427,-0.8066927989323934
dqn,2026,2069,23857,-10.14,14,0,1,0.6222641666666666,0.004337961116107181,-0.3601246476173401
dqn,2026,2070,23871,-10.14,14,0,1,0.6220425,0.008930244327833256,-0.6922407547632853
dqn,2026,2071,23872,-10.01,1,0,1,0.6220266666666667,0.0037221726961433887,-0.3536875247955322
dqn,2026,2072,23885,-10.129999999999999,13,0,1,0.6218208333333333,0.005094410075495641,-0.8199391663074493
dqn,2026,2073,23918,-10.33,33,0,1,0.6212983333333333,0.03821236771909753,-0.47803682275116444
dqn,2026,2074,23930,-10.12,12,0,1,0.6211083333333334,0.010308869745737562,-0.6418326298395792
dqn,2026,2075,23939,-10.09,9,0,1,0.6209658333333333,0.015809277072548866,-0.7513834834098816
dqn,2026,2076,23968,-10.29,29,0,1,0.6205066666666667,0.021016506594605744,-0.7930362150073051
dqn,2026,2077,23997,-10.29,29,0,1,0.6200475,0.009172053941126381,-0.742132272039141
dqn,2026,2078,24026,-10.29,29,0,1,0.6195883333333334,0.006260638990040336,-0.5570499130657741
dqn,2026,2079,24033,-10.07,7,0,1,0.6194775,0.003417621715925634,-0.7363066971302032
dqn,2026,2080,24053,-10.2,20,0,1,0.6191608333333334,0.06459259409457445,-0.46185706853866576
dqn,2026,2081,24063,-10.1,10,0,1,0.6190025,0.004733095411211252,-0.5447254180908203
dqn,2026,2082,24080,-10.17,17,0,1,0.6187333333333334,0.0024126103147864343,-0.39781848788261415
dqn,2026,2083,24119,9.61,39,1,0,0.6181158333333333,0.0028337626200583247,-0.5254727005958557
dqn,2026,2084,24128,-10.09,9,0,1,0.6179733333333333,0.003334795357659459,-0.8232208093007406
dqn,2026,2085,24174,-10.46,46,0,1,0.617245,0.0025819502347572284,-0.576017715036869
dqn,2026,2086,24176,-10.02,2,0,1,0.6172133333333334,0.002675251569598913,-0.4506705403327942
dqn,2026,2087,24181,-10.049999999999999,5,0,1,0.6171341666666667,0.003719385713338852,-0.45153912901878357
dqn,2026,2088,24254,-10.73,73,0,1,0.6159783333333333,0.0023603710061353114,-0.6990528831051456
dqn,2026,2089,24257,-10.03,3,0,1,0.6159308333333333,0.0031024396885186434,-0.6338721513748169
dqn,2026,2090,24271,-10.14,14,0,1,0.6157091666666666,0.002272396581247449,-1.0071473320325215
dqn,2026,2091,24280,-10.09,9,0,1,0.6155666666666666,0.0025047168601304293,-0.6308063368002573
dqn,2026,2092,24289,-10.09,9,0,1,0.6154241666666667,0.002246423391625285,-0.6053812056779861
dqn,2026,2093,24291,-10.02,2,0,1,0.6153925,,
dqn,2026,2094,24322,-10.31,31,0,1,0.6149016666666667,0.003879476062138565,-0.5196883510798216
dqn,2026,2095,24332,-10.1,10,0,1,0.6147433333333333,0.0030086662154644728,-0.42829413463672
dqn,2026,2096,24369,-10.37,37,0,1,0.6141575,0.0030458742338750097,-0.6573326090971628
dqn,2026,2097,24382,-10.129999999999999,13,0,1,0.6139516666666667,0.0034111608983948827,-0.3230721379319827
dqn,2026,2098,24391,-10.09,9,0,1,0.6138091666666667,0.0026078871451318264,-0.23521648347377777
dqn,2026,2099,24425,-10.34,34,0,1,0.6132708333333333,0.0026681122318324116,-0.6377162039279938
dqn,2026,2100,24429,-10.04,4,0,1,0.6132075,0.000977621879428625,0.0192582905292511
dqn,2026,2101,24454,-10.25,25,0,1,0.6128116666666666,0.001754875702317804,-0.46622926493485767
dqn,2026,2102,24470,-10.16,16,0,1,0.6125583333333333,0.001860941352788359,-0.4962993562221527
dqn,2026,2103,24530,-10.6,60,0,1,0.6116083333333333,0.02146231416069592,-0.5503442356983821
dqn,2026,2104,24541,-10.11,11,0,1,0.6114341666666667,0.001490914961323142,-0.09436344106992085
dqn,2026,2105,24566,-10.25,25,0,1,0.6110383333333333,0.05351063838073363,-0.48284756392240524
dqn,2026,2106,24578,-10.12,12,0,1,0.6108483333333333,0.0017494692389542859,-0.6377479483683904
dqn,2026,2107,24645,-10.67,67,0,1,0.6097875,0.00432021334520815,-0.4749092512270984
dqn,2026,2108,24658,-10.129999999999999,13,0,1,0.6095816666666667,0.0036385743878781796,-0.7141678134600321
dqn,2026,2109,24663,-10.049999999999999,5,0,1,0.6095025000000001,0.0018428427865728736,-0.14530673623085022
dqn,2026,2110,24681,-10.18,18,0,1,0.6092175,0.003278895397670567,-0.7236400663852691
dqn,2026,2111,24684,-10.03,3,0,1,0.60917,0.004446389619261026,-1.284315824508667
dqn,2026,2112,24705,-10.209999999999999,21,0,1,0.6088375,0.0033518875017762182,-0.5205655470490456
dqn,2026,2113,24733,-10.28,28,0,1,0.6083941666666667,0.04873052878039224,-0.7259596926825387
dqn,2026,2114,24745,-10.12,12,0,1,0.6082041666666667,0.004475065817435582,-0.4018697092930476
dqn,2026,2115,24760,-10.15,15,0,1,0.6079666666666667,0.009797391307074577,-0.3443535380065441
dqn,2026,2116,24770,-10.1,10,0,1,0.6078083333333333,0.0028388909995555878,-0.3889233469963074
dqn,2026,2117,24808,-10.38,38,0,1,0.6072066666666667,0.006140015355776995,-0.309986038506031
dqn,2026,2118,24875,-10.67,67,0,1,0.6061458333333334,0.012949561794812325,-0.6745699662715197
dqn,2026,2119,24880,-10.049999999999999,5,0,1,0.6060666666666666,0.15730272745713592,-0.6631148010492325
dqn,2026,2120,24893,-10.129999999999999,13,0,1,0.6058608333333333,0.003990667484079798,-0.3835030198097229
dqn,2026,2121,24895,-10.02,2,0,1,0.6058291666666666,,
dqn,2026,2122,24900,-10.049999999999999,5,0,1,0.60575,0.00752271106466651,-0.5032978653907776
dqn,2026,2123,24902,-10.02,2,0,1,0.6057183333333334,,
dqn,2026,2124,24937,-10.35,35,0,1,0.6051641666666667,0.00627828249707818,-0.508206930425432
dqn,2026,2125,24938,-10.01,1,0,1,0.6051483333333334,,
dqn,2026,2126,25000,-10.620000000000001,62,0,1,0.6041666666666667,0.0031276525332941674,-0.5001097805798054
dqn,2026,2127,25112,-11.120000000000001,112,0,1,0.6023933333333333,0.0020188582670276184,-0.5604351625910827
dqn,2026,2128,25117,-10.049999999999999,5,0,1,0.6023141666666667,0.0006629421259276569,-0.29935938119888306
dqn,2026,2129,25145,-10.28,28,0,1,0.6018708333333334,0.0014050642826727458,-0.435365412916456
dqn,2026,2130,25149,-10.04,4,0,1,0.6018075,0.001226156367920339,-0.6060789823532104
dqn,2026,2131,25177,-10.28,28,0,1,0.6013641666666667,0.001993491131413196,-0.5788143681628364
dqn,2026,2132,25206,-10.29,29,0,1,0.600905,0.0015850701269560627,-0.34833931071417673
dqn,2026,2133,25209,-10.03,3,0,1,0.6008575,0.0006949123926460743,-0.7782447338104248
dqn,2026,2134,25226,-10.17,17,0,1,0.6005883333333333,0.0019766652694670483,-0.7967125326395035
dqn,2026,2135,25260,-10.34,34,0,1,0.60005,0.0016441854337851207,-0.6177372998661466
dqn,2026,2136,25263,-10.03,3,0,1,0.6000025,,
dqn,2026,2137,25279,-10.16,16,0,1,0.5997491666666667,0.0017194136453326792,-0.6404652744531631
dqn,2026,2138,25305,-10.26,26,0,1,0.5993375000000001,0.0014441817724478564,-0.3177321893828256
dqn,2026,2139,25408,-11.030000000000001,103,0,1,0.5977066666666667,0.0010319921308949303,-0.624014845261207
dqn,2026,2140,25439,-10.31,31,0,1,0.5972158333333333,0.0008474231082280832,-0.6928410657814571
dqn,2026,2141,25450,-10.11,11,0,1,0.5970416666666667,0.0015324070118367672,-0.4117207129796346
dqn,2026,2142,25454,-10.04,4,0,1,0.5969783333333334,0.005626688711345196,-1.6252894401550293
dqn,2026,2143,25458,-10.04,4,0,1,0.5969150000000001,0.0011284659849479795,-0.775769829750061
dqn,2026,2144,25471,-10.129999999999999,13,0,1,0.5967091666666666,0.0011990035030369957,-0.169614111383756
dqn,2026,2145,25495,-10.24,24,0,1,0.5963291666666667,0.0012862667790614069,-0.4742471401890119
dqn,2026,2146,25524,-10.29,29,0,1,0.59587,0.00099609055541805,-0.5362217947840691
dqn,2026,2147,25533,-10.09,9,0,1,0.5957275,0.001015466928947717,-0.7106349468231201
dqn,2026,2148,25543,-10.1,10,0,1,0.5955691666666667,0.0009025314211612567,-0.46766558289527893
dqn,2026,2149,25551,-10.08,8,0,1,0.5954425,0.0005632161628454924,-0.1254654861986637
dqn,2026,2150,25552,-10.01,1,0,1,0.5954266666666667,0.0009006592445075512,-0.6041580438613892
dqn,2026,2151,25554,-10.02,2,0,1,0.595395,,
dqn,2026,2152,25582,-10.28,28,0,1,0.5949516666666667,0.0011215881968382746,-0.5061101615428925
dqn,2026,2153,25607,-10.25,25,0,1,0.5945558333333334,0.0016616308809413265,-0.7593692888816198
dqn,2026,2154,25637,-10.3,30,0,1,0.5940808333333334,0.04133425465261098,-0.7189124207943678
dqn,2026,2155,25647,-10.1,10,0,1,0.5939225,0.00793851027265191,-0.6785503029823303
dqn,2026,2156,25652,-10.049999999999999,5,0,1,0.5938433333333334,0.007083063654135913,-0.4289316236972809
dqn,2026,2157,25670,-10.18,18,0,1,0.5935583333333334,0.00482672339421697,-0.41191713884472847
dqn,2026,2158,25672,-10.02,2,0,1,0.5935266666666668,0.00503794988617301,-0.017332956194877625
dqn,2026,2159,25682,-10.1,10,0,1,0.5933683333333334,0.0012673164310399443,-0.055662378668785095
dqn,2026,2160,25730,-10.48,48,0,1,0.5926083333333334,0.002644704257060463,-0.46184926355878514
dqn,2026,2161,25771,-10.41,41,0,1,0.5919591666666667,0.0011484845395898446,-0.4265943728387356
dqn,2026,2162,25780,-10.09,9,0,1,0.5918166666666667,0.0017688137983592849,-0.6881378789742788
dqn,2026,2163,25784,-10.04,4,0,1,0.5917533333333334,0.002326798625290394,-1.2509509325027466
dqn,2026,2164,25798,-10.14,14,0,1,0.5915316666666667,0.0013636474614031613,-0.6229072908560435
dqn,2026,2165,25802,-10.04,4,0,1,0.5914683333333334,0.0008653630502521992,-0.4515213966369629
dqn,2026,2166,25823,-10.209999999999999,21,0,1,0.5911358333333334,0.001254692324437201,-0.42826204299926757
dqn,2026,2167,25828,-10.049999999999999,5,0,1,0.5910566666666667,0.0006834170198999345,-0.222158994525671
dqn,2026,2168,25860,-10.32,32,0,1,0.59055,0.000790397883974947,-0.5246534273028374
dqn,2026,2169,25872,-10.12,12,0,1,0.59036,0.001676780074679603,-0.7850769758224487
dqn,2026,2170,25894,-10.22,22,0,1,0.5900116666666667,0.0026579273864626883,-0.6621639668941498
dqn,2026,2171,25927,-10.33,33,0,1,0.5894891666666666,0.0011435572305344976,-0.41856268141418695
dqn,2026,2172,25955,-10.28,28,0,1,0.5890458333333334,0.0008627395436633378,-0.45841862899916513
dqn,2026,2173,26042,-10.870000000000001,87,0,1,0.5876683333333333,0.014872281839912333,-0.5304633189331401
dqn,2026,2174,26053,-10.11,11,0,1,0.5874941666666667,0.002891564858146012,-0.47807392477989197
dqn,2026,2175,26060,-10.07,7,0,1,0.5873833333333334,0.0017926525324583054,-0.36285048723220825
dqn,2026,2176,26072,-10.12,12,0,1,0.5871933333333333,0.0011425580159993842,-0.2098686695098877
dqn,2026,2177,26079,-10.07,7,0,1,0.5870825000000001,0.0005851411260664463,0.16495560109615326
dqn,2026,2178,26084,-10.049999999999999,5,0,1,0.5870033333333333,0.001047743542585522,-0.6296667456626892
dqn,2026,2179,26094,-10.1,10,0,1,0.5868450000000001,0.0006883850583108142,-0.1351567730307579
dqn,2026,2180,26118,-10.24,24,0,1,0.586465,0.0009930207597790286,-0.7669809858004252
dqn,2026,2181,26139,-10.209999999999999,21,0,1,0.5861325000000001,0.0006402939325198531,-0.5356867924332619
dqn,2026,2182,26158,-10.19,19,0,1,0.5858316666666668,0.0008959023398347199,-0.4667258471250534
dqn,2026,2183,26161,-10.03,3,0,1,0.5857841666666667,0.0009462020825594664,-0.6240490674972534
dqn,2026,2184,26168,-10.07,7,0,1,0.5856733333333334,0.0006159975746413693,-0.39050886034965515
dqn,2026,2185,26172,-10.04,4,0,1,0.58561,0.0018990642856806517,-0.8126718997955322
dqn,2026,2186,26191,-10.19,19,0,1,0.5853091666666668,0.0009385449666297063,-0.5456489473581314
dqn,2026,2187,26204,-10.129999999999999,13,0,1,0.5851033333333333,0.0019787556084338576,-0.6701560169458389
dqn,2026,2188,26208,-10.04,4,0,1,0.58504,0.001986355520784855,-0.6103124022483826
dqn,2026,2189,26219,-10.11,11,0,1,0.5848658333333334,0.15029737100121565,-0.7122587561607361
dqn,2026,2190,26250,-10.31,31,0,1,0.5843750000000001,0.0006937440266483463,-0.47128256782889366
dqn,2026,2191,26257,-10.07,7,0,1,0.5842641666666667,0.0009261869709007442,-0.7861982583999634
dqn,2026,2192,26313,-10.56,56,0,1,0.5833775000000001,0.0008123964424677459,-0.4780951387115887
dqn,2026,2193,26320,-10.07,7,0,1,0.5832666666666667,0.0009457956912228838,-0.23107930272817612
dqn,2026,2194,26323,-10.03,3,0,1,0.5832191666666667,,
dqn,2026,2195,26332,-10.09,9,0,1,0.5830766666666667,0.002240872224016736,-0.638227125008901
dqn,2026,2196,26334,-10.02,2,0,1,0.583045,,
dqn,2026,2197,26343,-10.09,9,0,1,0.5829025000000001,0.002350682334508747,-0.45139193534851074
dqn,2026,2198,26352,-10.09,9,0,1,0.5827600000000001,0.0010053180109631892,-0.4837739517291387
dqn,2026,2199,26378,-10.26,26,0,1,0.5823483333333334,0.0006201069093852615,-0.4414884050687154
dqn,2026,2200,26392,-10.14,14,0,1,0.5821266666666667,0.003506295382976532,-0.29758232459425926
dqn,2026,2201,26402,-10.1,10,0,1,0.5819683333333334,0.002948213543277234,-0.48260655999183655
dqn,2026,2202,26404,-10.02,2,0,1,0.5819366666666668,0.010525375604629517,-1.664475679397583
dqn,2026,2203,26407,-10.03,3,0,1,0.5818891666666667,,
dqn,2026,2204,26413,-10.06,6,0,1,0.5817941666666667,0.004510794533416629,-0.4445463716983795
dqn,2026,2205,26454,-10.41,41,0,1,0.581145,0.019359448458999395,-0.560782004147768
dqn,2026,2206,26458,-10.04,4,0,1,0.5810816666666667,0.0009715686901472509,-0.9481340646743774
dqn,2026,2207,26474,-10.16,16,0,1,0.5808283333333334,0.032683910336345434,-0.3753387778997421
dqn,2026,2208,26494,-10.2,20,0,1,0.5805116666666668,0.017929127812385558,-0.7393324196338653
dqn,2026,2209,26502,-10.08,8,0,1,0.580385,0.011937411036342382,-0.3304585963487625
dqn,2026,2210,26507,-10.049999999999999,5,0,1,0.5803058333333333,0.01953507401049137,-1.3201639652252197
dqn,2026,2211,26521,-10.14,14,0,1,0.5800841666666667,0.012942626723088324,-0.18836346175521612
dqn,2026,2212,26524,-10.03,3,0,1,0.5800366666666668,0.012137481942772865,-0.8605874180793762
dqn,2026,2213,26545,-10.209999999999999,21,0,1,0.5797041666666667,0.07574497759342194,-0.6807624191045761
dqn,2026,2214,26559,-10.14,14,0,1,0.5794825,0.01565874016766126,-0.5223417729139328
dqn,2026,2215,26564,-10.049999999999999,5,0,1,0.5794033333333334,0.004645502602215856,-0.2887633889913559
dqn,2026,2216,26569,-10.049999999999999,5,0,1,0.5793241666666666,0.017942633479833603,-0.2415059506893158
dqn,2026,2217,26586,-10.17,17,0,1,0.5790550000000001,0.014767315471544862,-0.36883115768432617
dqn,2026,2218,26606,-10.2,20,0,1,0.5787383333333334,0.009744815505109727,-0.5869798392057419
dqn,2026,2219,26639,-10.33,33,0,1,0.5782158333333334,0.006153398047899827,-0.49062446132302284
dqn,2026,2220,26685,-10.46,46,0,1,0.5774875,0.0028016125676610195,-0.42989117962618667
dqn,2026,2221,26702,-10.17,17,0,1,0.5772183333333334,0.0016950377030298114,-0.2592980656772852
dqn,2026,2222,26712,-10.1,10,0,1,0.57706,0.001755333156324923,-0.4099140564600627
dqn,2026,2223,26732,-10.2,20,0,1,0.5767433333333334,0.001393049058970064,-0.11603363156318665
dqn,2026,2224,26760,-10.28,28,0,1,0.5763,0.0037183066098285572,-0.6064500893865313
dqn,2026,2225,26807,-10.47,47,0,1,0.5755558333333334,0.0038837045325304975,-0.5910691198977557
dqn,2026,2226,26809,-10.02,2,0,1,0.5755241666666667,0.0012794218491762877,-0.7884633541107178
dqn,2026,2227,26822,-10.129999999999999,13,0,1,0.5753183333333334,0.002568870666436851,-0.380868266026179
dqn,2026,2228,26860,-10.38,38,0,1,0.5747166666666668,0.0021657119097653775,-0.5553932815790177
dqn,2026,2229,26964,-11.040000000000001,104,0,1,0.57307,0.001141103637145044,-0.5560467787660085
dqn,2026,2230,26982,-10.18,18,0,1,0.5727850000000001,0.07922822458203882,-0.6252637282013893
dqn,2026,2231,26990,-10.08,8,0,1,0.5726583333333334,0.0006119407407823019,-0.2289482280611992
dqn,2026,2232,27012,-10.22,22,0,1,0.5723100000000001,0.0012139972823206335,-0.6623301853736242
dqn,2026,2233,27014,-10.02,2,0,1,0.5722783333333334,,
dqn,2026,2234,27040,-10.26,26,0,1,0.5718666666666667,0.0009699803527577647,-0.5427629692213876
dqn,2026,2235,27049,-10.09,9,0,1,0.5717241666666667,0.002269826247356832,-0.8098852038383484
dqn,2026,2236,27054,-10.049999999999999,5,0,1,0.571645,0.0009690225124359131,-0.3095093369483948
dqn,2026,2237,27078,-10.24,24,0,1,0.571265,0.0014712271610430132,-0.6375154530008634
dqn,2026,2238,27132,-10.54,54,0,1,0.5704100000000001,0.002491621022012883,-0.5423035142677171
dqn,2026,2239,27200,-10.68,68,0,1,0.5693333333333334,0.0041342104514649905,-0.4557863342411378
dqn,2026,2240,27213,-10.129999999999999,13,0,1,0.5691275,0.0016373264176460605,-0.5131114919980367
dqn,2026,2241,27214,-10.01,1,0,1,0.5691116666666667,,
dqn,2026,2242,27225,-10.11,11,0,1,0.5689375000000001,0.0021823165783037743,-0.8062202433745066
dqn,2026,2243,27255,-10.3,30,0,1,0.5684625000000001,0.0017195911121754242,-0.4074490985700062
dqn,2026,2244,27345,-10.9,90,0,1,0.5670375000000001,0.02821524028727056,-0.6046943515539169
dqn,2026,2245,27349,-10.04,4,0,1,0.5669741666666668,0.002726311795413494,-0.45321154594421387
dqn,2026,2246,27352,-10.03,3,0,1,0.5669266666666667,0.0031951582059264183,-0.4486262798309326
dqn,2026,2247,27355,-10.03,3,0,1,0.5668791666666666,,
dqn,2026,2248,27373,-10.18,18,0,1,0.5665941666666667,0.06334450205904432,-0.3911030635237694
dqn,2026,2249,27398,-10.25,25,0,1,0.5661983333333334,0.0064912022595914705,-0.7969350218772888
dqn,2026,2250,27400,-10.02,2,0,1,0.5661666666666667,0.014749407768249512,-0.899725615978241
dqn,2026,2251,27410,-10.1,10,0,1,0.5660083333333334,0.004121624166145921,-0.8797089010477066
dqn,2026,2252,27414,-10.04,4,0,1,0.565945,0.003190891817212105,-0.18796679377555847
dqn,2026,2253,27422,-10.08,8,0,1,0.5658183333333333,0.005376755143515766,-0.4292448163032532
dqn,2026,2254,27427,-10.049999999999999,5,0,1,0.5657391666666667,0.0030561520252376795,-0.9390637874603271
dqn,2026,2255,27446,-10.19,19,0,1,0.5654383333333333,0.0032341173151507973,-0.5205371618270874
dqn,2026,2256,27451,-10.049999999999999,5,0,1,0.5653591666666666,0.003330315463244915,-0.8305213451385498
dqn,2026,2257,27463,-10.12,12,0,1,0.5651691666666667,0.0036666134061912694,-0.8587343444426855
dqn,2026,2258,27477,-10.14,14,0,1,0.5649474999999999,0.0010768774227472022,-0.6014559119939804
dqn,2026,2259,27484,-10.07,7,0,1,0.5648366666666667,0.0047901701182127,-0.6914272904396057
dqn,2026,2260,27487,-10.03,3,0,1,0.5647891666666667,,
dqn,2026,2261,27495,-10.08,8,0,1,0.5646625000000001,0.003908648970536888,-0.7218749225139618
dqn,2026,2262,27498,-10.03,3,0,1,0.5646150000000001,0.002370943082496524,-0.7879815697669983
dqn,2026,2263,27505,-10.07,7,0,1,0.5645041666666667,0.0007695054518990219,-0.6474808752536774
dqn,2026,2264,27534,-10.29,29,0,1,0.564045,0.0008383242030894118,-0.3584395285163607
dqn,2026,2265,27547,-10.129999999999999,13,0,1,0.5638391666666667,0.0005116603764084479,-0.41682221988836926
dqn,2026,2266,27618,9.29,71,1,0,0.5627150000000001,0.01775723237207987,-0.5385974852575196
dqn,2026,2267,27629,-10.11,11,0,1,0.5625408333333333,0.0006973441923037171,-0.41007033983866376
dqn,2026,2268,27642,-10.129999999999999,13,0,1,0.562335,0.10079813001599784,-0.8027391135692596
dqn,2026,2269,27645,-10.03,3,0,1,0.5622875,0.0004588701413013041,-0.1515830159187317
dqn,2026,2270,27655,-10.1,10,0,1,0.5621291666666668,0.0013705301971640438,-0.21890462189912796
dqn,2026,2271,27661,-10.06,6,0,1,0.5620341666666666,0.000607238442171365,-0.46957843750715256
dqn,2026,2272,27744,-10.83,83,0,1,0.5607200000000001,0.0011342644949244069,-0.5194331137906938
dqn,2026,2273,27754,-10.1,10,0,1,0.5605616666666666,0.15217512904200703,-1.111800104379654
dqn,2026,2274,27758,-10.04,4,0,1,0.5604983333333333,0.0021361394319683313,-1.116351842880249
dqn,2026,2275,27759,-10.01,1,0,1,0.5604825,,
dqn,2026,2276,27774,-10.15,15,0,1,0.5602450000000001,0.00048203027836279944,-0.560390405356884
dqn,2026,2277,27784,-10.1,10,0,1,0.5600866666666666,0.0007642415584996343,-0.24848313629627228
dqn,2026,2278,27789,-10.049999999999999,5,0,1,0.5600075,0.0004187949816696346,-0.6403058171272278
dqn,2026,2279,27795,-10.06,6,0,1,0.5599125,0.3030560612678528,-0.4751722514629364
dqn,2026,2280,27798,-10.03,3,0,1,0.5598650000000001,0.0005331699503585696,-0.47186052799224854
dqn,2026,2281,27803,-10.049999999999999,5,0,1,0.5597858333333334,0.002352412324398756,-0.29662024974823
dqn,2026,2282,27856,-10.53,53,0,1,0.5589466666666667,0.0011167472527761544,-0.4872854011399405
dqn,2026,2283,27898,-10.42,42,0,1,0.5582816666666668,0.001327733529615216,-0.4061046689748764
dqn,2026,2284,27912,-10.14,14,0,1,0.55806,0.0005345815807231702,-0.3155393451452255
dqn,2026,2285,27917,-10.049999999999999,5,0,1,0.5579808333333334,0.0005923766875639558,-0.47246232628822327
dqn,2026,2286,27943,-10.26,26,0,1,0.5575691666666667,0.0012497511294592794,-0.3664877985914548
dqn,2026,2287,27946,-10.03,3,0,1,0.5575216666666667,0.0007646175217814744,-1.2887099981307983
dqn,2026,2288,28010,-10.64,64,0,1,0.5565083333333334,0.020855160324572353,-0.6206642133183777
dqn,2026,2289,28015,-10.049999999999999,5,0,1,0.5564291666666668,0.003296799957752228,-0.008234083652496338
dqn,2026,2290,28023,-10.08,8,0,1,0.5563024999999999,0.004880915395915508,-0.806782603263855
dqn,2026,2291,28070,-10.47,47,0,1,0.5555583333333334,0.0056455863086739555,-0.3521902300417423
dqn,2026,2292,28078,-10.08,8,0,1,0.5554316666666668,0.003429958363994956,-0.5734917670488358
dqn,2026,2293,28098,-10.2,20,0,1,0.555115,0.0019365912536159157,-0.41702168583869936
dqn,2026,2294,28107,-10.09,9,0,1,0.5549725000000001,0.003568636195268482,-0.41363145411014557
dqn,2026,2295,28123,-10.16,16,0,1,0.5547191666666667,0.001943857001606375,-0.5452359691262245
dqn,2026,2296,28132,-10.09,9,0,1,0.5545766666666667,0.003102788934484124,-0.694001724322637
dqn,2026,2297,28166,-10.34,34,0,1,0.5540383333333334,0.0026484955014893785,-0.5069556925445795
dqn,2026,2298,28174,-10.08,8,0,1,0.5539116666666667,0.0027485089376568794,-1.0173701643943787
dqn,2026,2299,28190,-10.16,16,0,1,0.5536583333333334,0.0014134448356344365,-0.635680541396141
dqn,2026,2300,28196,-10.06,6,0,1,0.5535633333333334,0.00030642011552117765,0.01872226595878601
dqn,2026,2301,28204,-10.08,8,0,1,0.5534366666666667,0.14410965098068118,-0.8611994385719299
dqn,2026,2302,28206,-10.02,2,0,1,0.5534049999999999,,
dqn,2026,2303,28218,-10.12,12,0,1,0.553215,0.0031558430831258497,-0.28042733669281006
dqn,2026,2304,28253,-10.35,35,0,1,0.5526608333333334,0.002811376267345622,-0.43278635541598004
dqn,2026,2305,28340,-10.870000000000001,87,0,1,0.5512833333333333,0.0009109247753671793,-0.3943289193240079
dqn,2026,2306,28373,-10.33,33,0,1,0.5507608333333334,0.03763130173319951,-0.48982300236821175
dqn,2026,2307,28382,-10.09,9,0,1,0.5506183333333334,0.1593544443603605,-0.36267609894275665
dqn,2026,2308,28443,-10.61,61,0,1,0.5496525,0.04130789005139377,-0.3930884977181753
dqn,2026,2309,28445,-10.02,2,0,1,0.5496208333333333,0.006281640846282244,-1.0092310905456543
dqn,2026,2310,28463,-10.18,18,0,1,0.5493358333333334,0.08448973740451038,-0.8786621242761612
dqn,2026,2311,28502,-10.39,39,0,1,0.5487183333333334,0.0030455731961410494,-0.5722039133310318
dqn,2026,2312,28507,-10.049999999999999,5,0,1,0.5486391666666667,0.0016783683095127344,-0.8068742752075195
dqn,2026,2313,28527,-10.2,20,0,1,0.5483225,0.003202652302570641,-0.28312245309352874
dqn,2026,2314,28531,-10.04,4,0,1,0.5482591666666667,0.005620712414383888,-0.8200991153717041
dqn,2026,2315,28533,-10.02,2,0,1,0.5482275000000001,0.0016429114621132612,-0.13451914489269257
dqn,2026,2316,28570,-10.37,37,0,1,0.5476416666666667,0.005842740414664149,-0.48933601131041843
dqn,2026,2317,28598,-10.28,28,0,1,0.5471983333333333,0.0041350890907259396,-0.3863261214324406
dqn,2026,2318,28612,-10.14,14,0,1,0.5469766666666667,0.001867410828708671,-0.2981512565165758
dqn,2026,2319,28615,-10.03,3,0,1,0.5469291666666667,,
dqn,2026,2320,28619,-10.04,4,0,1,0.5468658333333334,0.0033028838224709034,-0.32885104417800903
dqn,2026,2321,28631,-10.12,12,0,1,0.5466758333333334,0.001321185186194877,-0.4186571737130483
dqn,2026,2322,28651,-10.2,20,0,1,0.5463591666666667,0.005359513266012072,-0.34253171980381014
dqn,2026,2323,28660,-10.09,9,0,1,0.5462166666666667,0.0010660231540290017,-0.3595183789730072
dqn,2026,2324,28666,-10.06,6,0,1,0.5461216666666666,0.004863016773015261,-0.42551344633102417
dqn,2026,2325,28687,-10.209999999999999,21,0,1,0.5457891666666667,0.0019942702259868384,-0.3697585552930832
dqn,2026,2326,28701,-10.14,14,0,1,0.5455675,0.001318929615081288,-0.4597456194460392
dqn,2026,2327,28708,-10.07,7,0,1,0.5454566666666667,0.002157493305276148,-0.8077419400215149
dqn,2026,2328,28715,-10.07,7,0,1,0.5453458333333333,0.0010169238084927201,-0.9440236687660217
dqn,2026,2329,28732,-10.17,17,0,1,0.5450766666666667,0.0017659785808064044,-0.40139746069908144
dqn,2026,2330,28739,-10.07,7,0,1,0.5449658333333334,0.002888465765863657,-0.8163012266159058
dqn,2026,2331,28741,-10.02,2,0,1,0.5449341666666667,0.0009125428623519838,-0.2986398935317993
dqn,2026,2332,28746,-10.049999999999999,5,0,1,0.544855,0.0027441740967333317,-0.6126757860183716
dqn,2026,2333,28751,-10.049999999999999,5,0,1,0.5447758333333333,0.0009956798749044538,-0.2946987450122833
dqn,2026,2334,28786,-10.35,35,0,1,0.5442216666666666,0.0034284138172450992,-0.6672324422332976
dqn,2026,2335,28788,-10.02,2,0,1,0.54419,0.0014369698474183679,-0.8094251155853271
dqn,2026,2336,28803,-10.15,15,0,1,0.5439525000000001,0.09980928775621578,-0.49037722249825794
dqn,2026,2337,28829,-10.26,26,0,1,0.5435408333333334,0.002293847093824297,-0.5854060107043811
dqn,2026,2338,28830,-10.01,1,0,1,0.543525,,
dqn,2026,2339,28880,-10.5,50,0,1,0.5427333333333333,0.002077760685306902,-0.4290099705641086
dqn,2026,2340,28881,-10.01,1,0,1,0.5427175,,
dqn,2026,2341,28884,-10.03,3,0,1,0.54267,0.000767179240938276,-0.1442585587501526
dqn,2026,2342,28928,-10.44,44,0,1,0.5419733333333333,0.001739612793740393,-0.5694310705770146
dqn,2026,2343,28952,-10.24,24,0,1,0.5415933333333334,0.004531675290005903,-0.6497522046168646
dqn,2026,2344,28953,-10.01,1,0,1,0.5415775,,
dqn,2026,2345,28956,-10.03,3,0,1,0.5415300000000001,0.00038411759305745363,-0.4657428562641144
dqn,2026,2346,28971,-10.15,15,0,1,0.5412925,0.0037881926788638034,-0.3844244033098221
dqn,2026,2347,28980,-10.09,9,0,1,0.54115,0.004769263789057732,-0.6952272057533264
dqn,2026,2348,29016,-10.36,36,0,1,0.5405800000000001,0.00523267243988812,-0.5024355385038588
dqn,2026,2349,29027,-10.11,11,0,1,0.5404058333333334,0.0034557469189167023,-0.7121357321739197
dqn,2026,2350,29041,-10.14,14,0,1,0.5401841666666667,0.003220707396394573,-0.3782816231250763
dqn,2026,2351,29086,-10.45,45,0,1,0.5394716666666667,0.058953274369493804,-0.5041017884557898
dqn,2026,2352,29092,-10.06,6,0,1,0.5393766666666666,0.0015449891798198223,0.015205785632133484
dqn,2026,2353,29097,-10.049999999999999,5,0,1,0.5392975,0.0013228837633505464,0.018872402608394623
dqn,2026,2354,29101,-10.04,4,0,1,0.5392341666666667,0.002356486162170768,-0.6374002695083618
dqn,2026,2355,29106,-10.049999999999999,5,0,1,0.539155,0.0025966186076402664,-0.6527416110038757
dqn,2026,2356,29112,-10.06,6,0,1,0.53906,0.003233571886084974,-0.23335888981819153
dqn,2026,2357,29130,-10.18,18,0,1,0.538775,0.004092919523827732,-0.3593510463833809
dqn,2026,2358,29136,-10.06,6,0,1,0.53868,0.003940715570934117,-0.39860108494758606
dqn,2026,2359,29150,-10.14,14,0,1,0.5384583333333334,0.004076310123006503,-0.7777854303518931
dqn,2026,2360,29155,-10.049999999999999,5,0,1,0.5383791666666666,0.003262548241764307,-0.02058526873588562
dqn,2026,2361,29162,-10.07,7,0,1,0.5382683333333333,0.1621971852146089,-0.9215739071369171
dqn,2026,2362,29172,-10.1,10,0,1,0.53811,0.006728057439128558,-0.4441499213377635
dqn,2026,2363,29184,-10.12,12,0,1,0.53792,0.0027795874048024416,-0.20220297078291574
dqn,2026,2364,29186,-10.02,2,0,1,0.5378883333333333,,
dqn,2026,2365,29200,-10.14,14,0,1,0.5376666666666667,0.004408730543218553,-0.4499869178980589
dqn,2026,2366,29224,-10.24,24,0,1,0.5372866666666667,0.0035134183902603886,-0.44714411720633507
dqn,2026,2367,29230,-10.06,6,0,1,0.5371916666666667,0.001650435384362936,-0.338818222284317
dqn,2026,2368,29260,-10.3,30,0,1,0.5367166666666667,0.0028643628538702615,-0.5275104306638241
dqn,2026,2369,29336,-10.76,76,0,1,0.5355133333333333,0.019486996267101188,-0.5198842538030524
dqn,2026,2370,29460,-11.24,124,0,1,0.53355,0.002487939085826398,-0.4860284727427267
dqn,2026,2371,29463,-10.03,3,0,1,0.5335025,,
dqn,2026,2372,29470,-10.07,7,0,1,0.5333916666666667,0.0048415635246783495,-0.5232706069946289
dqn,2026,2373,29478,-10.08,8,0,1,0.533265,0.005033793015172705,-0.9117384552955627
dqn,2026,2374,29482,-10.04,4,0,1,0.5332016666666667,0.0005368577549234033,-0.3187558650970459
dqn,2026,2375,29518,-10.36,36,0,1,0.5326316666666666,0.0014975367974127745,-0.4022792759868834
dqn,2026,2376,29528,-10.1,10,0,1,0.5324733333333334,0.003554102343817552,-0.6184786955515543
dqn,2026,2377,29533,-10.049999999999999,5,0,1,0.5323941666666667,0.000329802802298218,-0.14930027723312378
dqn,2026,2378,29535,-10.02,2,0,1,0.5323625000000001,,
dqn,2026,2379,29540,-10.049999999999999,5,0,1,0.5322833333333333,0.004164371988736093,-0.4142995774745941
dqn,2026,2380,29616,-10.76,76,0,1,0.53108,0.002581166556889289,-0.32510735604323837
dqn,2026,2381,29737,-11.21,121,0,1,0.5291641666666667,0.011713506922387752,-0.4368933382133643
dqn,2026,2382,29745,-10.08,8,0,1,0.5290375,0.0034304583678022027,-0.4938257373869419
dqn,2026,2383,29747,-10.02,2,0,1,0.5290058333333334,,
dqn,2026,2384,29751,-10.04,4,0,1,0.5289425,0.0015500526642426848,-0.7786782383918762
dqn,2026,2385,29772,-10.209999999999999,21,0,1,0.52861,0.0014865086122881621,-0.44536759704351425
dqn,2026,2386,29776,-10.04,4,0,1,0.5285466666666667,0.0003035491390619427,0.0024529993534088135
dqn,2026,2387,29780,-10.04,4,0,1,0.5284833333333334,0.00047490608994849026,-0.15407723188400269
dqn,2026,2388,29784,-10.04,4,0,1,0.52842,0.0007870470290072262,-0.4672780930995941
dqn,2026,2389,29790,-10.06,6,0,1,0.528325,0.0020706444047391415,-0.94068443775177
dqn,2026,2390,29792,-10.02,2,0,1,0.5282933333333333,0.00026210726355202496,-0.3101048469543457
dqn,2026,2391,29796,-10.04,4,0,1,0.52823,0.00250032776966691,-0.6593294143676758
dqn,2026,2392,29819,-10.23,23,0,1,0.5278658333333334,0.0020267074869479984,-0.598762571811676
dqn,2026,2393,29864,9.55,45,1,0,0.5271533333333334,0.001345284375323293,-0.5986369450887045
dqn,2026,2394,29867,-10.03,3,0,1,0.5271058333333334,,
dqn,2026,2395,29901,-10.34,34,0,1,0.5265675000000001,0.033936564170289785,-0.6151374694373872
dqn,2026,2396,29908,-10.07,7,0,1,0.5264566666666667,0.006305694347247481,-0.7489885091781616
dqn,2026,2397,29935,-10.27,27,0,1,0.5260291666666667,0.003560601267963648,-0.38194116204977036
dqn,2026,2398,29938,-10.03,3,0,1,0.5259816666666667,0.0017323592910543084,0.31041228771209717
dqn,2026,2399,29947,-10.09,9,0,1,0.5258391666666666,0.011087050661444664,-0.7654722630977631
dqn,2026,2400,29967,-10.2,20,0,1,0.5255225,0.0073268720880150795,-0.7154608845710755
dqn,2026,2401,30017,-10.5,50,0,1,0.5247308333333334,0.00726553276539422,-0.5471835216650596
dqn,2026,2402,30022,-10.049999999999999,5,0,1,0.5246516666666667,0.012402552179992199,-0.8450151681900024
dqn,2026,2403,30034,-10.12,12,0,1,0.5244616666666666,0.0024500718185057244,-0.3969832609097163
dqn,2026,2404,30067,-10.33,33,0,1,0.5239391666666666,0.0029522980039473623,-0.48399858362972736
dqn,2026,2405,30078,-10.11,11,0,1,0.523765,0.001885696469495694,-0.5150396525859833
dqn,2026,2406,30090,-10.12,12,0,1,0.5235750000000001,0.002121459227055311,-0.4733814199765523
dqn,2026,2407,30105,-10.15,15,0,1,0.5233375,0.0015552028198726475,-0.5867407470941544
dqn,2026,2408,30109,-10.04,4,0,1,0.5232741666666667,0.0013536441838368773,-0.31992003321647644
dqn,2026,2409,30121,-10.12,12,0,1,0.5230841666666667,0.0012686579721048474,-0.4104526142279307
dqn,2026,2410,30162,-10.41,41,0,1,0.522435,0.0024513418145943435,-0.5025248914957047
dqn,2026,2411,30173,-10.11,11,0,1,0.5222608333333334,0.002516861849774917,-0.3533919354279836
dqn,2026,2412,30199,-10.26,26,0,1,0.5218491666666667,0.003120937520482888,-0.6577623238166174
dqn,2026,2413,30241,-10.42,42,0,1,0.5211841666666667,0.0014797721365043385,-0.2571009505878795
dqn,2026,2414,30267,-10.26,26,0,1,0.5207725000000001,0.001552631933009252,-0.5735104978084564
dqn,2026,2415,30272,-10.049999999999999,5,0,1,0.5206933333333335,0.0008187589701265097,-0.37477027624845505
dqn,2026,2416,30278,-10.06,6,0,1,0.5205983333333333,0.00048403957043774426,-0.30323171615600586
dqn,2026,2417,30320,-10.42,42,0,1,0.5199333333333334,0.05743806679013439,-0.4176285497166894
dqn,2026,2418,30379,-10.59,59,0,1,0.5189991666666667,0.0019375683831250562,-0.4548450857400894
dqn,2026,2419,30383,-10.04,4,0,1,0.5189358333333334,0.000721275748219341,0.027397260069847107
dqn,2026,2420,30393,-10.1,10,0,1,0.5187775000000001,0.0010917907347902656,-0.13501678903897604
dqn,2026,2421,30399,-10.06,6,0,1,0.5186824999999999,0.0012213627342134714,-0.6427947878837585
dqn,2026,2422,30500,-11.01,101,0,1,0.5170833333333333,0.012883367560929261,-0.5447479644073889
dqn,2026,2423,30501,-10.01,1,0,1,0.5170675,,
dqn,2026,2424,30511,-10.1,10,0,1,0.5169091666666668,0.0011579663841985166,-0.6377772688865662
dqn,2026,2425,30520,-10.09,9,0,1,0.5167666666666666,0.001582638806818674,-0.25683480501174927
dqn,2026,2426,30546,-10.26,26,0,1,0.516355,0.0018726865043087553,-0.7388896644115448
dqn,2026,2427,30556,-10.1,10,0,1,0.5161966666666666,0.0013324789664087195,-0.23904712994893393
dqn,2026,2428,30578,-10.22,22,0,1,0.5158483333333332,0.0026728193508461116,-0.40952686965465546
dqn,2026,2429,30595,-10.17,17,0,1,0.5155791666666667,0.0036711142311105505,-0.24574723094701767
dqn,2026,2430,30632,-10.37,37,0,1,0.5149933333333334,0.003721491346368566,-0.6324172370135784
dqn,2026,2431,30646,-10.14,14,0,1,0.5147716666666666,0.0026140809641219676,-0.2930385967095693
dqn,2026,2432,30722,-10.76,76,0,1,0.5135683333333334,0.0018540280396241303,-0.48444722279122
dqn,2026,2433,30752,-10.3,30,0,1,0.5130933333333334,0.0020099404646316543,-0.6524999607354403
dqn,2026,2434,30808,-10.56,56,0,1,0.5122066666666667,0.022159456624649465,-0.45654677599668503
dqn,2026,2435,30811,-10.03,3,0,1,0.5121591666666667,,
dqn,2026,2436,30827,-10.16,16,0,1,0.5119058333333333,0.0009070033484022133,-0.2222287580370903
dqn,2026,2437,30869,-10.42,42,0,1,0.5112408333333334,0.028179823452691464,-0.4604176716371016
dqn,2026,2438,30873,-10.04,4,0,1,0.5111775000000001,0.004288473632186651,-0.7559290528297424
dqn,2026,2439,30881,-10.08,8,0,1,0.5110508333333332,0.0033043110743165016,-0.2449382022023201
dqn,2026,2440,30956,-10.75,75,0,1,0.5098633333333333,0.0024470282185479605,-0.3877389525112353
dqn,2026,2441,30970,-10.14,14,0,1,0.5096416666666668,0.000967635695512096,-0.461389884352684
dqn,2026,2442,30976,-10.06,6,0,1,0.5095466666666667,0.001887642778456211,-0.48074255883693695
dqn,2026,2443,31020,-10.44,44,0,1,0.50885,0.002837318109496581,-0.43384421278129925
dqn,2026,2444,31023,-10.03,3,0,1,0.5088025,,
dqn,2026,2445,31026,-10.03,3,0,1,0.5087550000000001,0.003773284610360861,0.05214696377515793
dqn,2026,2446,31052,-10.26,26,0,1,0.5083433333333334,0.005061120934052659,-0.6890481454985482
dqn,2026,2447,31073,-10.209999999999999,21,0,1,0.5080108333333333,0.0062595485942438245,-0.37553469836711884
dqn,2026,2448,31135,-10.620000000000001,62,0,1,0.5070291666666666,0.023154299155188105,-0.4749862253665924
dqn,2026,2449,31142,-10.07,7,0,1,0.5069183333333334,0.14090341655537486,-0.820221871137619
dqn,2026,2450,31182,-10.4,40,0,1,0.506285,0.004466955602401868,-0.36584667265415194
dqn,2026,2451,31213,-10.31,31,0,1,0.5057941666666668,0.0029629822383867577,-0.1379180932417512
dqn,2026,2452,31217,-10.04,4,0,1,0.5057308333333334,0.0017926767468452454,-0.3051031827926636
dqn,2026,2453,31237,-10.2,20,0,1,0.5054141666666667,0.0025049430900253356,-0.6736884772777557
dqn,2026,2454,31261,-10.24,24,0,1,0.5050341666666667,0.0010653332428773865,-0.5117675562699636
dqn,2026,2455,31297,-10.36,36,0,1,0.5044641666666667,0.0019282744033262134,-0.6942615658044815
dqn,2026,2456,31321,-10.24,24,0,1,0.5040841666666667,0.0014045426990681638,-0.3764657328526179
dqn,2026,2457,31348,-10.27,27,0,1,0.5036566666666666,0.04392830904024387,-0.40502363230500904
dqn,2026,2458,31380,-10.32,32,0,1,0.50315,0.0018278810530318879,-0.4798246929422021
dqn,2026,2459,31389,-10.09,9,0,1,0.5030075,0.0012966534559382126,-0.5511864423751831
dqn,2026,2460,31403,-10.14,14,0,1,0.5027858333333334,0.0009250826600085323,-0.17939474682013193
dqn,2026,2461,31422,-10.19,19,0,1,0.502485,0.0013204489019699394,-0.6566931664943695
dqn,2026,2462,31439,-10.17,17,0,1,0.5022158333333333,0.0008692775736562908,-0.4111119844019413
dqn,2026,2463,31455,-10.16,16,0,1,0.5019625000000001,0.0009543434789520688,-0.2184188198298216
dqn,2026,2464,31489,-10.34,34,0,1,0.5014241666666667,0.0007350698385077218,-0.33180590139495003
dqn,2026,2465,31491,-10.02,2,0,1,0.5013924999999999,,
dqn,2026,2466,31511,-10.2,20,0,1,0.5010758333333334,0.0005263268074486404,-0.5557057142257691
dqn,2026,2467,31513,-10.02,2,0,1,0.5010441666666667,0.0007441937923431396,-0.6283749341964722
dqn,2026,2468,31530,-10.17,17,0,1,0.5007750000000001,0.0005330419153324328,-0.295750729739666
dqn,2026,2469,31532,-10.02,2,0,1,0.5007433333333333,0.0004827149386983365,-0.29165318608283997
dqn,2026,2470,31535,-10.03,3,0,1,0.5006958333333333,,
dqn,2026,2471,31550,-10.15,15,0,1,0.5004583333333333,0.0743413328382303,-0.2505687531083822
dqn,2026,2472,31556,-10.06,6,0,1,0.5003633333333333,0.0017266428912989795,-0.6055388152599335
dqn,2026,2473,31566,-10.1,10,0,1,0.500205,0.0003080452443100512,-0.2970960885286331
dqn,2026,2474,31569,-10.03,3,0,1,0.5001575,0.000845248403493315,-0.627314567565918
dqn,2026,2475,31608,-10.39,39,0,1,0.49954,0.0018759239115752279,-0.721231746673584
dqn,2026,2476,31664,-10.56,56,0,1,0.4986533333333333,0.001881638658232987,-0.5036777736885207
dqn,2026,2477,31693,-10.29,29,0,1,0.4981941666666667,0.0431936644184004,-0.566631521497454
dqn,2026,2478,31699,-10.06,6,0,1,0.49809916666666665,0.0022915974259376526,-0.640550434589386
dqn,2026,2479,31703,-10.04,4,0,1,0.49803583333333334,0.0006747882580384612,-0.4573708772659302
dqn,2026,2480,31706,-10.03,3,0,1,0.49798833333333337,0.0004630478797480464,-0.45421817898750305
dqn,2026,2481,31709,-10.03,3,0,1,0.4979408333333334,0.002595799043774605,-0.43463262915611267
dqn,2026,2482,31712,-10.03,3,0,1,0.4978933333333334,0.0018418948166072369,-0.5965410470962524
dqn,2026,2483,31722,-10.1,10,0,1,0.49773500000000004,0.0016981236112769693,-0.13803204149007797
dqn,2026,2484,31731,-10.09,9,0,1,0.4975925,0.001629697799216956,-0.06781350821256638
dqn,2026,2485,31757,-10.26,26,0,1,0.4971808333333334,0.041064456986662536,-0.2080978506377765
dqn,2026,2486,31762,-10.049999999999999,5,0,1,0.49710166666666666,0.0031428830698132515,-0.9738652110099792
dqn,2026,2487,31824,-10.620000000000001,62,0,1,0.49612,0.002065395707177231,-0.37939812056720257
dqn,2026,2488,31832,-10.08,8,0,1,0.4959933333333334,0.0050401517655700445,-0.31551024317741394
dqn,2026,2489,31842,-10.1,10,0,1,0.495835,0.0022032129927538335,-0.12458420544862747
dqn,2026,2490,31862,-10.2,20,0,1,0.4955183333333333,0.004630259284749627,-0.52693772315979
dqn,2026,2491,31864,-10.02,2,0,1,0.49548666666666663,0.00360661162994802,-0.6383394598960876
dqn,2026,2492,31897,-10.33,33,0,1,0.49496416666666676,0.0030540409425157122,-0.414820309728384
dqn,2026,2493,31943,-10.46,46,0,1,0.4942358333333333,0.0016052020364440978,-0.39632936363870447
dqn,2026,2494,31950,-10.07,7,0,1,0.49412500000000004,0.004026665992569178,-0.8905394449830055
dqn,2026,2495,32062,-11.120000000000001,112,0,1,0.49235166666666674,0.003397021617794443,-0.41220173904938356
dqn,2026,2496,32074,-10.12,12,0,1,0.4921616666666667,0.002055761714776357,-0.7215910951296488
dqn,2026,2497,32078,-10.04,4,0,1,0.4920983333333334,0.00045316063915379345,0.027090877294540405
dqn,2026,2498,32080,-10.02,2,0,1,0.49206666666666676,0.001026941230520606,-0.6194407939910889
dqn,2026,2499,32082,-10.02,2,0,1,0.4920350000000001,,
dqn,2026,2500,32117,-10.35,35,0,1,0.49148083333333337,0.001207650800804711,-0.2698082857661777
dqn,2026,2501,32134,-10.17,17,0,1,0.4912116666666667,0.0005785006142104976,-0.7684425115585327
dqn,2026,2502,32137,-10.03,3,0,1,0.49116416666666673,0.0003341111878398806,-0.6182982921600342
dqn,2026,2503,32167,-10.3,30,0,1,0.4906891666666666,0.001021072530420497,-0.5655061027833393
dqn,2026,2504,32171,-10.04,4,0,1,0.4906258333333333,0.0006657084450125694,-0.29330891370773315
dqn,2026,2505,32185,-10.14,14,0,1,0.49040416666666675,0.07804142264649272,-0.4064157158136368
dqn,2026,2506,32189,-10.04,4,0,1,0.49034083333333334,0.004060743376612663,-0.9102513790130615
dqn,2026,2507,32195,-10.06,6,0,1,0.4902458333333334,0.0011037508957087994,-0.28804877400398254
dqn,2026,2508,32197,-10.02,2,0,1,0.49021416666666673,0.0011280517792329192,-0.14109599590301514
dqn,2026,2509,32213,-10.16,16,0,1,0.4899608333333333,0.0040248876612167805,-0.29320893436670303
dqn,2026,2510,32224,-10.11,11,0,1,0.4897866666666667,0.0052149410475976765,-0.4446954180796941
dqn,2026,2511,32241,-10.17,17,0,1,0.48951750000000005,0.004569272030494176,-0.2905880566686392
dqn,2026,2512,32247,-10.06,6,0,1,0.4894225000000001,0.006303447298705578,-0.40325668454170227
dqn,2026,2513,32249,-10.02,2,0,1,0.48939083333333333,0.001181859988719225,-0.11727575957775116
dqn,2026,2514,32267,-10.18,18,0,1,0.48910583333333346,0.0035312268300913274,-0.6732691712677479
dqn,2026,2515,32274,-10.07,7,0,1,0.48899499999999996,0.0017262523178942502,-0.43606065958738327
dqn,2026,2516,32277,-10.03,3,0,1,0.4889475,0.0012345927534624934,-1.5780917406082153
dqn,2026,2517,32282,-10.049999999999999,5,0,1,0.48886833333333335,0.0028348334599286318,-0.9427622556686401
dqn,2026,2518,32321,-10.39,39,0,1,0.4882508333333334,0.03286915131611749,-0.3218597464263439
dqn,2026,2519,32345,-10.24,24,0,1,0.48787083333333336,0.0022669436099628606,-0.327811062335968
dqn,2026,2520,32359,-10.14,14,0,1,0.4876491666666667,0.10493578917036454,-0.6942626535892487
dqn,2026,2521,32372,-10.129999999999999,13,0,1,0.48744333333333334,0.005866118299309164,-0.5399928465485573
dqn,2026,2522,32382,-10.1,10,0,1,0.4872850000000001,0.004208762664347887,0.01943226531147957
dqn,2026,2523,32385,-10.03,3,0,1,0.4872375000000001,0.012627936899662018,-0.8411039113998413
dqn,2026,2524,32389,-10.04,4,0,1,0.4871741666666668,0.0023236230481415987,-0.6104276180267334
dqn,2026,2525,32395,-10.06,6,0,1,0.4870791666666666,0.0011654079426079988,-0.29580238461494446
dqn,2026,2526,32398,-10.03,3,0,1,0.48703166666666664,0.009571485221385956,-0.5699970722198486
dqn,2026,2527,32406,-10.08,8,0,1,0.48690500000000003,0.00654305360512808,-0.3435319811105728
dqn,2026,2528,32417,-10.11,11,0,1,0.48673083333333333,0.10390239767730236,-0.6967943906784058
dqn,2026,2529,32445,-10.28,28,0,1,0.4862875000000001,0.0057683190098032355,-0.5389780955655235
dqn,2026,2530,32457,-10.12,12,0,1,0.48609749999999996,0.003941039981630941,-0.365044504404068
dqn,2026,2531,32497,-10.4,40,0,1,0.4854641666666667,0.0014419861108763143,-0.4361551024019718
dqn,2026,2532,32563,-10.66,66,0,1,0.48441916666666673,0.0011881938798978808,-0.5126855135895312
dqn,2026,2533,32599,-10.36,36,0,1,0.48384916666666666,0.0010553358006291091,-0.5978491140736474
dqn,2026,2534,32600,-10.01,1,0,1,0.48383333333333334,0.0002869273885153234,-0.44968199729919434
dqn,2026,2535,32681,-10.81,81,0,1,0.4825508333333334,0.016029972605610964,-0.4065701365470886
dqn,2026,2536,32743,-10.620000000000001,62,0,1,0.4815691666666667,0.020609710140464206,-0.44902380704879763
dqn,2026,2537,32750,-10.07,7,0,1,0.48145833333333343,0.0015064390026964247,-0.6942396461963654
dqn,2026,2538,32762,-10.12,12,0,1,0.4812683333333333,0.0006068598401422302,-0.17734274516503015
dqn,2026,2539,32766,-10.04,4,0,1,0.481205,0.000180522256414406,0.19721370935440063
dqn,2026,2540,32793,-10.27,27,0,1,0.4807775000000001,0.04307683832095271,-0.5426112839153835
dqn,2026,2541,32824,-10.31,31,0,1,0.48028666666666664,0.0012924137849950057,-0.4064022656530142
dqn,2026,2542,32845,-10.209999999999999,21,0,1,0.4799541666666667,0.000853770156390965,-0.44812387228012085
dqn,2026,2543,32856,-10.11,11,0,1,0.4797800000000001,0.0017096363784124453,-0.77375195423762
dqn,2026,2544,32858,-10.02,2,0,1,0.47974833333333333,,
dqn,2026,2545,32912,-10.54,54,0,1,0.4788933333333334,0.0006857859947818465,-0.4154703239245074
dqn,2026,2546,32925,-10.129999999999999,13,0,1,0.47868750000000004,0.0004189672666446616,-0.2880512351791064
dqn,2026,2547,32942,-10.17,17,0,1,0.4784183333333333,0.000181342624273384,-0.16599366813898087
dqn,2026,2548,32998,-10.56,56,0,1,0.4775316666666667,0.0006843037928255009,-0.36915816952075275
dqn,2026,2549,33040,-10.42,42,0,1,0.47686666666666677,0.0008066571979063817,-0.4595934762196107
dqn,2026,2550,33043,-10.03,3,0,1,0.4768191666666667,,
dqn,2026,2551,33048,-10.049999999999999,5,0,1,0.47674000000000005,0.0002893196142395027,-0.694636732339859
dqn,2026,2552,33087,-10.39,39,0,1,0.4761225,0.0012867859202540582,-0.4219487061103185
dqn,2026,2553,33119,-10.32,32,0,1,0.47561583333333335,0.0037789959205838386,-0.39491360262036324
dqn,2026,2554,33151,-10.32,32,0,1,0.4751091666666667,0.00182057263009483,-0.379449550062418
dqn,2026,2555,33155,-10.04,4,0,1,0.4750458333333334,0.0005837356438860297,-0.4434921145439148
dqn,2026,2556,33159,-10.04,4,0,1,0.4749825000000001,0.0009457941632717848,-0.1407705694437027
dqn,2026,2557,33185,-10.26,26,0,1,0.4745708333333333,0.0010921263684784727,-0.6023813273225512
dqn,2026,2558,33196,-10.11,11,0,1,0.4743966666666667,0.0012610388366738334,-0.30044984817504883
dqn,2026,2559,33204,-10.08,8,0,1,0.47426999999999997,0.0008494662761222571,-0.385719433426857
dqn,2026,2560,33211,-10.07,7,0,1,0.4741591666666667,0.0017349800327792764,-0.1295623928308487
dqn,2026,2561,33216,-10.049999999999999,5,0,1,0.47408000000000006,0.002693960559554398,-0.6090502887964249
dqn,2026,2562,33228,-10.12,12,0,1,0.47389000000000003,0.0027950923734654984,-0.4672548770904541
dqn,2026,2563,33235,-10.07,7,0,1,0.47377916666666675,0.0005276637384667993,-0.28990858793258667
dqn,2026,2564,33240,-10.049999999999999,5,0,1,0.4737,0.0017391882138326764,-0.3669717460870743
dqn,2026,2565,33246,-10.06,6,0,1,0.47360499999999994,0.0021755234338343143,-0.7686454057693481
dqn,2026,2566,33255,-10.09,9,0,1,0.4734625,0.002497321809642017,-0.31409551203250885
dqn,2026,2567,33266,-10.11,11,0,1,0.4732883333333333,0.001986959755110244,-0.7874250113964081
dqn,2026,2568,33277,-10.11,11,0,1,0.4731141666666667,0.0007811788867305344,0.027438682814439137
dqn,2026,2569,33281,-10.04,4,0,1,0.4730508333333334,0.0016395897837355733,-0.6195598840713501
dqn,2026,2570,33287,-10.06,6,0,1,0.47295583333333335,0.0004464358207769692,0.18948158621788025
dqn,2026,2571,33318,-10.31,31,0,1,0.472465,0.04201659571117489,-0.46124059334397316
dqn,2026,2572,33355,-10.37,37,0,1,0.47187916666666674,0.002455658916409852,-0.3873939911524455
dqn,2026,2573,33453,-10.98,98,0,1,0.4703275,0.0019358066190034151,-0.4195019367337227
dqn,2026,2574,33472,-10.19,19,0,1,0.4700266666666667,0.0010615881881676614,-0.49603537917137147
dqn,2026,2575,33484,-10.12,12,0,1,0.4698366666666667,0.000839307865438362,-0.7274077335993449
dqn,2026,2576,33487,-10.03,3,0,1,0.4697891666666667,,
dqn,2026,2577,33507,-10.2,20,0,1,0.46947250000000007,0.0006624833593377843,-0.133438341319561
dqn,2026,2578,33513,-10.06,6,0,1,0.4693775,0.0006672742456430569,-0.706104964017868
dqn,2026,2579,33521,-10.08,8,0,1,0.4692508333333334,0.0007718259003013372,-0.3660597950220108
dqn,2026,2580,33539,-10.18,18,0,1,0.4689658333333333,0.0011664167686831206,-0.38642990961670876
dqn,2026,2581,33579,-10.4,40,0,1,0.46833250000000004,0.002342502438114025,-0.41257468312978746
dqn,2026,2582,33613,-10.34,34,0,1,0.4677941666666666,0.002566155809391704,-0.4367310230930646
dqn,2026,2583,33628,-10.15,15,0,1,0.46755666666666673,0.0007623592246090993,-0.6229616105556488
dqn,2026,2584,33727,-10.99,99,0,1,0.4659891666666667,0.012677598440859583,-0.5614056376119455
dqn,2026,2585,33753,-10.26,26,0,1,0.4655775,0.0009680759456906733,-0.5226750799587795
dqn,2026,2586,33759,-10.06,6,0,1,0.4654825,0.0003076574648730457,-0.31294935941696167
dqn,2026,2587,33798,-10.39,39,0,1,0.464865,0.0314869444402575,-0.3418159246444702
dqn,2026,2588,33850,-10.52,52,0,1,0.4640416666666667,0.0013307761020349483,-0.5953726212565715
dqn,2026,2589,33859,-10.09,9,0,1,0.46389916666666664,0.0009621428325772285,-0.4602423906326294
dqn,2026,2590,33876,-10.17,17,0,1,0.46363,0.0010296695516444742,-0.5210070788860321
dqn,2026,2591,33948,-10.72,72,0,1,0.46249000000000007,0.0008732792808182745,-0.5139541021651692
dqn,2026,2592,33951,-10.03,3,0,1,0.4624425000000001,,
dqn,2026,2593,33995,-10.44,44,0,1,0.4617458333333334,0.0008128389083801515,-0.42816384068944235
dqn,2026,2594,33996,-10.01,1,0,1,0.4617300000000001,0.0018711722223088145,-0.4514148533344269
dqn,2026,2595,34011,-10.15,15,0,1,0.4614925000000001,0.0018926859484054148,-0.41607684393723804
dqn,2026,2596,34013,-10.02,2,0,1,0.46146083333333343,0.30536288022994995,-1.282599925994873
dqn,2026,2597,34023,-10.1,10,0,1,0.46130249999999995,0.004383735358715057,-0.7577816843986511
dqn,2026,2598,34026,-10.03,3,0,1,0.46125499999999997,0.0012323377886787057,-0.28784996271133423
dqn,2026,2599,34047,-10.209999999999999,21,0,1,0.4609225,0.0010842345771379768,-0.697745943069458
dqn,2026,2600,34054,-10.07,7,0,1,0.46081166666666673,0.13983505708165467,-0.5923292487859726
dqn,2026,2601,34059,-10.049999999999999,5,0,1,0.4607325,0.004200682044029236,-0.9087958335876465
dqn,2026,2602,34062,-10.03,3,0,1,0.460685,0.00018011717475019395,-0.13286852836608887
dqn,2026,2603,34126,-10.64,64,0,1,0.4596716666666667,0.0026554828828011523,-0.47865633200854063
dqn,2026,2604,34132,-10.06,6,0,1,0.45957666666666674,0.0010972170857712626,-0.6145216524600983
dqn,2026,2605,34148,-10.16,16,0,1,0.4593233333333333,0.0034083798236679286,-0.1247895397245884
dqn,2026,2606,34190,-10.42,42,0,1,0.4586583333333334,0.006560735532548279,-0.339555948972702
dqn,2026,2607,34215,-10.25,25,0,1,0.4582625,0.0036584175929116705,-0.43095527092615765
dqn,2026,2608,34224,-10.09,9,0,1,0.45811999999999997,0.0016184409614652395,-0.4665484329064687
dqn,2026,2609,34229,-10.049999999999999,5,0,1,0.45804083333333334,0.001933943945914507,-0.7793031930923462
dqn,2026,2610,34243,-10.14,14,0,1,0.45781916666666667,0.0023671631837108484,-0.3066805402437846
dqn,2026,2611,34266,-10.23,23,0,1,0.45745499999999995,0.0015460615201542776,-0.5430145164330801
dqn,2026,2612,34275,-10.09,9,0,1,0.4573125,0.0011159793066326529,-0.21842408925294876
dqn,2026,2613,34286,-10.11,11,0,1,0.4571383333333333,0.19879279471933842,-0.9673893849054972
dqn,2026,2614,34303,-10.17,17,0,1,0.45686916666666666,0.01367074012523517,-0.7457114458084106
dqn,2026,2615,34307,-10.04,4,0,1,0.45680583333333336,0.0010688737966120243,0.02295929193496704
dqn,2026,2616,34372,-10.65,65,0,1,0.4557766666666667,0.03312332583728301,-0.38807730902643767
dqn,2026,2617,34376,-10.04,4,0,1,0.4557133333333334,0.00448981486260891,-0.6042479872703552
dqn,2026,2618,34378,-10.02,2,0,1,0.45568166666666676,,
dqn,2026,2619,34387,-10.09,9,0,1,0.4555391666666666,0.003928937017917633,-0.36262980103492737
dqn,2026,2620,34405,-10.18,18,0,1,0.4552541666666666,0.0058030943851917986,-0.33076243102550507
dqn,2026,2621,34416,-10.11,11,0,1,0.45508000000000004,0.0028973414252201715,-0.18496769666671753
dqn,2026,2622,34443,-10.27,27,0,1,0.4546525000000001,0.00528734454807515,-0.6883282487591108
dqn,2026,2623,34462,-10.19,19,0,1,0.4543516666666667,0.00238518031546846,-0.36104928255081176
dqn,2026,2624,34476,-10.14,14,0,1,0.45413000000000003,0.003294601570814848,-0.787443995475769
dqn,2026,2625,34482,-10.06,6,0,1,0.4540350000000001,0.0031709857285022736,-0.6505818367004395
dqn,2026,2626,34484,-10.02,2,0,1,0.4540033333333334,0.001830649795010686,-0.6443842053413391
dqn,2026,2627,34493,-10.09,9,0,1,0.4538608333333334,0.002664916275534779,-0.7672984004020691
dqn,2026,2628,34553,-10.6,60,0,1,0.4529108333333334,0.0030921194469556213,-0.5374995991587639
dqn,2026,2629,34564,-10.11,11,0,1,0.4527366666666668,0.0010208725337482367,-0.19921502470970154
dqn,2026,2630,34568,-10.04,4,0,1,0.45267333333333326,0.0010548776481300592,-0.1539730280637741
dqn,2026,2631,34583,-10.15,15,0,1,0.45243583333333337,0.001521882601082325,-0.41146065791447956
dqn,2026,2632,34590,-10.07,7,0,1,0.452325,0.0014055754872970283,-0.686843991279602
dqn,2026,2633,34645,-10.55,55,0,1,0.4514541666666667,0.0018250945577165112,-0.31670149309294565
dqn,2026,2634,34649,-10.04,4,0,1,0.4513908333333333,0.004163539037108421,-0.7540768384933472
dqn,2026,2635,34654,-10.049999999999999,5,0,1,0.45131166666666667,0.0022483773063868284,-0.7653435468673706
dqn,2026,2636,34670,-10.16,16,0,1,0.45105833333333334,0.07694028970581712,-0.6984166502952576
dqn,2026,2637,34678,-10.08,8,0,1,0.45093166666666673,0.0003482148313196376,0.2543093413114548
dqn,2026,2638,34689,-10.11,11,0,1,0.4507574999999999,0.001983846324340751,-0.40955850481987
dqn,2026,2639,34694,-10.049999999999999,5,0,1,0.4506783333333333,0.0003022855380550027,-0.1240219995379448
dqn,2026,2640,34721,-10.27,27,0,1,0.4502508333333334,0.0007552165396711123,-0.4185302342687334
dqn,2026,2641,34723,-10.02,2,0,1,0.4502191666666667,,
dqn,2026,2642,34750,-10.27,27,0,1,0.4497916666666666,0.08120125177915075,-0.33267660651888165
dqn,2026,2643,34756,-10.06,6,0,1,0.44969666666666663,0.002234494953881949,-0.7802429497241974
dqn,2026,2644,34762,-10.06,6,0,1,0.4496016666666667,0.005143957212567329,-0.46859055757522583
dqn,2026,2645,34780,-10.18,18,0,1,0.4493166666666667,0.002313313842751086,-0.39915798902511596
dqn,2026,2646,34803,-10.23,23,0,1,0.4489525000000001,0.001282432023435831,-0.4648084282875061
dqn,2026,2647,34817,-10.14,14,0,1,0.4487308333333333,0.0011645527847576886,-0.4632362648844719
dqn,2026,2648,34818,-10.01,1,0,1,0.448715,,
dqn,2026,2649,34825,-10.07,7,0,1,0.4486041666666667,0.0014695624122396111,-0.4654521495103836
dqn,2026,2650,34848,-10.23,23,0,1,0.4482400000000001,0.048106531699886546,-0.4188538094361623
dqn,2026,2651,34879,-10.31,31,0,1,0.44774916666666664,0.005257103708572686,-0.69809718642916
dqn,2026,2652,34918,-10.39,39,0,1,0.4471316666666667,0.003939766978146508,-0.4855204164981842
dqn,2026,2653,34936,-10.18,18,0,1,0.4468466666666666,0.00197953674942255,-0.31599864959716795
dqn,2026,2654,34951,-10.15,15,0,1,0.4466091666666667,0.0017048524071772893,-0.6986306111017863
dqn,2026,2655,34977,-10.26,26,0,1,0.4461975,0.0017183132378184901,-0.6941932748470988
dqn,2026,2656,35003,-10.26,26,0,1,0.4457858333333333,0.0021058233881679675,-0.4346288243929545
dqn,2026,2657,35009,-10.06,6,0,1,0.44569083333333337,0.001634793123230338,-0.5488598644733429
dqn,2026,2658,35013,-10.04,4,0,1,0.44562750000000007,0.0030572551768273115,-0.9291101098060608
dqn,2026,2659,35031,-10.18,18,0,1,0.4453425000000001,0.0009105863719014451,-0.3822377435863018
dqn,2026,2660,35056,9.75,25,1,0,0.4449466666666666,0.0017307633243035525,-0.3302533690418516
dqn,2026,2661,35082,-10.26,26,0,1,0.444535,0.000765996776560011,-0.3933023288846016
dqn,2026,2662,35083,-10.01,1,0,1,0.4445191666666667,,
dqn,2026,2663,35166,-10.83,83,0,1,0.44320500000000007,0.0010177782539921324,-0.3966166561558133
dqn,2026,2664,35172,-10.06,6,0,1,0.44311,0.0004988329746993259,-0.2128525748848915
dqn,2026,2665,35176,-10.04,4,0,1,0.4430466666666667,0.002072438597679138,-0.8038613796234131
dqn,2026,2666,35187,-10.11,11,0,1,0.4428725,0.0008363080560229719,-0.9559842646121979
dqn,2026,2667,35195,-10.08,8,0,1,0.4427458333333334,0.00035626116732601076,-0.5568114668130875
dqn,2026,2668,35211,-10.16,16,0,1,0.44249250000000007,0.00104979366005864,-0.5386460945010185
dqn,2026,2669,35233,-10.22,22,0,1,0.44214416666666667,0.0006768068415112793,-0.5808697293202082
dqn,2026,2670,35250,-10.17,17,0,1,0.441875,0.00031821915399632417,0.028400972485542297
dqn,2026,2671,35270,-10.2,20,0,1,0.4415583333333334,0.0007965094177052378,-0.4390079453587532
dqn,2026,2672,35279,-10.09,9,0,1,0.44141583333333334,0.0012125551293138415,-0.3847663551568985
dqn,2026,2673,35285,-10.06,6,0,1,0.4413208333333334,0.00036262699723010883,-0.2165735810995102
dqn,2026,2674,35294,-10.09,9,0,1,0.44117833333333334,0.0007959648792166263,-0.7946930825710297
dqn,2026,2675,35377,-10.83,83,0,1,0.4398641666666667,0.0014263399144900696,-0.4672579967549869
dqn,2026,2676,35388,-10.11,11,0,1,0.43969,0.001250070888393869,-0.7410874366760254
dqn,2026,2677,35408,-10.2,20,0,1,0.4393733333333334,0.000939461967209354,-0.37003201246261597
dqn,2026,2678,35416,-10.08,8,0,1,0.4392466666666667,0.00043646614358294755,-0.13792116940021515
dqn,2026,2679,35425,-10.09,9,0,1,0.43910416666666663,0.0012088411895092577,-0.4731801599264145
dqn,2026,2680,35469,9.56,44,1,0,0.43840750000000006,0.027362459590552713,-0.34660871055993164
dqn,2026,2681,35481,-10.12,12,0,1,0.43821750000000004,0.0009173035262695824,-0.5142855544885
dqn,2026,2682,35484,-10.03,3,0,1,0.43816999999999995,0.0005196058773435652,-0.3125205934047699
dqn,2026,2683,35493,-10.09,9,0,1,0.4380275,0.0017752050189301372,-0.5459388941526413
dqn,2026,2684,35528,-10.35,35,0,1,0.4374733333333334,0.0015925936750136316,-0.4141664107640584
dqn,2026,2685,35585,-10.57,57,0,1,0.43657083333333335,0.022556880102326562,-0.38579716054456575
dqn,2026,2686,35594,-10.09,9,0,1,0.4364283333333334,0.0015587475500069559,-0.045406851917505264
dqn,2026,2687,35605,-10.11,11,0,1,0.4362541666666666,0.0016691167062769334,-0.24987435340881348
dqn,2026,2688,35662,-10.57,57,0,1,0.4353516666666667,0.0027227173891982864,-0.4223327450454235
dqn,2026,2689,35687,-10.25,25,0,1,0.4349558333333333,0.003854687985343238,-0.3874431774020195
dqn,2026,2690,35689,-10.02,2,0,1,0.43492416666666667,0.007065111305564642,0.052793338894844055
dqn,2026,2691,35694,-10.049999999999999,5,0,1,0.43484500000000004,0.010846531018614769,-0.8915035724639893
dqn,2026,2692,35700,-10.06,6,0,1,0.4347500000000001,0.0038755249697715044,-0.16356036067008972
dqn,2026,2693,35724,-10.24,24,0,1,0.43437000000000003,0.005231526680290699,-0.43931448956330615
dqn,2026,2694,35768,-10.44,44,0,1,0.43367333333333336,0.0025452162001535976,-0.6177615929733623
dqn,2026,2695,35802,-10.34,34,0,1,0.43313500000000005,0.0020329777398728766,-0.32620844058692455
dqn,2026,2696,35806,-10.04,4,0,1,0.43307166666666674,0.002665372099727392,-0.2803017497062683
dqn,2026,2697,35813,-10.07,7,0,1,0.43296083333333335,0.005722489848267287,-0.2864718735218048
dqn,2026,2698,35855,-10.42,42,0,1,0.4322958333333333,0.004111157832085155,-0.6692160606384278
dqn,2026,2699,35865,-10.1,10,0,1,0.43213750000000006,0.005792792343224089,-0.23745690286159515
dqn,2026,2700,35872,-10.07,7,0,1,0.43202666666666667,0.0014229575463104993,-0.4630761966109276
dqn,2026,2701,35887,-10.15,15,0,1,0.4317891666666668,0.0010565408156253397,-0.25739455223083496
dqn,2026,2702,35922,-10.35,35,0,1,0.43123500000000003,0.0004812718543689698,-0.2873547789123323
dqn,2026,2703,35967,-10.45,45,0,1,0.43052250000000003,0.0007492941169237548,-0.46665636653249915
dqn,2026,2704,35971,-10.04,4,0,1,0.4304591666666666,0.00043953757267445326,-0.30802392959594727
dqn,2026,2705,35991,-10.2,20,0,1,0.4301425,0.05747849518666044,-0.4322052180767059
dqn,2026,2706,36049,-10.58,58,0,1,0.42922416666666674,0.002441709451765443,-0.3638015126188596
dqn,2026,2707,36096,-10.47,47,0,1,0.42847999999999997,0.0006784665965824388,-0.576285465930899
dqn,2026,2708,36110,-10.14,14,0,1,0.4282583333333334,0.0013863413284222286,-0.9009965459505717
dqn,2026,2709,36161,9.49,51,1,0,0.42745083333333334,0.0007550143994964086,-0.386901597564037
dqn,2026,2710,36191,-10.3,30,0,1,0.42697583333333344,0.0009581442739415381,-0.5158512890338898
dqn,2026,2711,36312,-11.21,121,0,1,0.4250600000000001,0.012464842806953275,-0.4826921844674695
dqn,2026,2712,36344,-10.32,32,0,1,0.42455333333333334,0.003119575463642832,-0.4520026929676533
dqn,2026,2713,36371,-10.27,27,0,1,0.4241258333333334,0.004545504372799769,-0.22480329126119614
dqn,2026,2714,36447,-10.76,76,0,1,0.4229225,0.0023275533534807004,-0.49622572880042226
dqn,2026,2715,36448,-10.01,1,0,1,0.42290666666666665,0.0006630932912230492,-0.6476555466651917
dqn,2026,2716,36453,-10.049999999999999,5,0,1,0.4228275,0.0019835131242871284,-0.9747115969657898
dqn,2026,2717,36514,-10.61,61,0,1,0.4218616666666667,0.018977278192566397,-0.3376657406489054
dqn,2026,2718,36517,-10.03,3,0,1,0.4218141666666667,0.000290615571429953,0.01226837933063507
dqn,2026,2719,36529,-10.12,12,0,1,0.4216241666666667,0.006524890467214088,-0.3433397610982259
dqn,2026,2720,36562,-10.33,33,0,1,0.4211016666666667,0.019399352662730962,-0.28005232382565737
dqn,2026,2721,36564,-10.02,2,0,1,0.42106999999999994,0.003557352814823389,-0.3041301965713501
dqn,2026,2722,36570,-10.06,6,0,1,0.420975,0.015989655628800392,-0.231009840965271
dqn,2026,2723,36615,-10.45,45,0,1,0.4202625000000001,0.008698709520765326,-0.362444053996693
dqn,2026,2724,36653,-10.38,38,0,1,0.41966083333333337,0.0050950900535099205,-0.43361476957798006
dqn,2026,2725,36658,-10.049999999999999,5,0,1,0.41958166666666674,0.015189322642982006,-0.5766900777816772
dqn,2026,2726,36715,-10.57,57,0,1,0.4186791666666667,0.00957726314663887,-0.3723029430423464
dqn,2026,2727,36742,-10.27,27,0,1,0.4182516666666667,0.012731136887201242,-0.23942948026316507
dqn,2026,2728,36789,-10.47,47,0,1,0.41750750000000003,0.009259146776457783,-0.5191210259993871
dqn,2026,2729,36808,-10.19,19,0,1,0.4172066666666666,0.06286919210106134,-0.6044135570526123
dqn,2026,2730,36821,-10.129999999999999,13,0,1,0.4170008333333334,0.003051843688202401,-0.25146617492039997
dqn,2026,2731,36852,-10.31,31,0,1,0.41651000000000005,0.042447294341400266,-0.37606379855424166
dqn,2026,2732,36856,-10.04,4,0,1,0.41644666666666674,0.004197019152343273,-0.13926298916339874
dqn,2026,2733,36861,-10.049999999999999,5,0,1,0.4163675000000001,0.020467108115553856,-0.09018309414386749
dqn,2026,2734,36881,-10.2,20,0,1,0.41605083333333337,0.004838939942419529,-0.42773789912462234
dqn,2026,2735,36896,-10.15,15,0,1,0.41581333333333337,0.0030910256900824606,-0.32396581023931503
dqn,2026,2736,36908,-10.12,12,0,1,0.41562333333333334,0.007752489919463794,-0.6184418797492981
dqn,2026,2737,36958,-10.5,50,0,1,0.4148316666666667,0.004951356848323485,-0.3247245065867901
dqn,2026,2738,36966,-10.08,8,0,1,0.414705,0.0039628257509320974,-0.36884981393814087
dqn,2026,2739,36969,-10.03,3,0,1,0.4146575,0.003213364165276289,-0.9427753686904907
dqn,2026,2740,36986,-10.17,17,0,1,0.41438833333333336,0.004245415271725506,-0.15487296134233475
dqn,2026,2741,37035,-10.49,49,0,1,0.41361250000000005,0.006028978231673439,-0.34925249467293423
dqn,2026,2742,37068,-10.33,33,0,1,0.41308999999999996,0.004015347561410938,-0.20739135394493738
dqn,2026,2743,37074,-10.06,6,0,1,0.412995,0.0021928842179477215,-0.3021412491798401
dqn,2026,2744,37089,-10.15,15,0,1,0.4127575,0.00470456454786472,-0.7409055382013321
dqn,2026,2745,37106,-10.17,17,0,1,0.41248833333333346,0.004817533248569816,-0.2581135667860508
dqn,2026,2746,37159,-10.53,53,0,1,0.41164916666666673,0.002441598178568081,-0.24228984919878152
dqn,2026,2747,37258,-10.99,99,0,1,0.4100816666666667,0.002040483357850462,-0.4350999319553375
dqn,2026,2748,37329,-10.71,71,0,1,0.4089575000000001,0.01712986706115771,-0.37378211774759823
dqn,2026,2749,37343,-10.14,14,0,1,0.4087358333333334,0.0010483229513435315,-0.4123825828234355
dqn,2026,2750,37379,-10.36,36,0,1,0.40816583333333334,0.001069677498890087,-0.31612032155195874
dqn,2026,2751,37437,-10.58,58,0,1,0.4072475,0.0008883951134824505,-0.46439310957988106
dqn,2026,2752,37440,-10.03,3,0,1,0.4072,0.00021488056518137455,0.01062580943107605
dqn,2026,2753,37482,-10.42,42,0,1,0.406535,0.000526384578552097,-0.32917776256799697
dqn,2026,2754,37497,-10.15,15,0,1,0.4062975,0.0008512207205058075,-0.38940274715423584
dqn,2026,2755,37525,-10.28,28,0,1,0.40585416666666674,0.0008706818417912083,-0.5913298896380833
dqn,2026,2756,37553,-10.28,28,0,1,0.4054108333333334,0.0008114383630787156,-0.1976697210754667
dqn,2026,2757,37623,-10.7,70,0,1,0.4043025,0.0015022194129414856,-0.5314769797465381
dqn,2026,2758,37629,-10.06,6,0,1,0.40420750000000005,0.002605247311294079,-0.3350827246904373
dqn,2026,2759,37669,-10.4,40,0,1,0.4035741666666667,0.0025411638751393186,-0.492849250882864
dqn,2026,2760,37676,-10.07,7,0,1,0.4034633333333334,0.0018279881624039263,-0.3046817444264889
dqn,2026,2761,37688,-10.12,12,0,1,0.4032733333333334,0.003114334074780345,-0.28911953667799634
dqn,2026,2762,37700,-10.12,12,0,1,0.40308333333333335,0.003199427000557383,-0.5499309798081716
dqn,2026,2763,37702,-10.02,2,0,1,0.4030516666666667,,
dqn,2026,2764,37706,-10.04,4,0,1,0.4029883333333334,0.0009430085774511099,-0.3395601511001587
dqn,2026,2765,37716,-10.1,10,0,1,0.40283,0.0025436734625448785,-0.40373992919921875
dqn,2026,2766,37720,-10.04,4,0,1,0.4027666666666666,0.00040252908365800977,-0.13771164417266846
dqn,2026,2767,37730,-10.1,10,0,1,0.40260833333333335,0.0009193886071443558,-0.38735347986221313
dqn,2026,2768,37746,-10.16,16,0,1,0.402355,0.07657319167628884,-0.28642669320106506
dqn,2026,2769,37770,-10.24,24,0,1,0.4019750000000001,0.007608768957046171,-0.660201778014501
dqn,2026,2770,37782,-10.12,12,0,1,0.40178499999999995,0.21652802079916,-0.5028967360655466
dqn,2026,2771,37790,-10.08,8,0,1,0.40165833333333334,0.009413172956556082,-0.6425102949142456
dqn,2026,2772,37803,-10.129999999999999,13,0,1,0.4014525,0.011770328817268213,-0.29902154207229614
dqn,2026,2773,37816,-10.129999999999999,13,0,1,0.40124666666666675,0.01039948471589014,-0.48746438696980476
dqn,2026,2774,37822,-10.06,6,0,1,0.4011516666666667,0.012517686001956463,-0.4433610737323761
dqn,2026,2775,37845,-10.23,23,0,1,0.40078749999999996,0.08284668321721256,-0.48776718104879063
dqn,2026,2776,37856,-10.11,11,0,1,0.4006133333333334,0.13095426745712757,-0.31390729049841565
dqn,2026,2777,37863,-10.07,7,0,1,0.4005025,0.0333317406475544,-0.5332620739936829
dqn,2026,2778,37887,-10.24,24,0,1,0.40012250000000005,0.0302971750497818,-0.48952442904313404
dqn,2026,2779,37891,-10.04,4,0,1,0.40005916666666674,0.019184362143278122,-0.6783096194267273
dqn,2026,2780,37924,-10.33,33,0,1,0.39953666666666665,0.0172863044620802,-0.5407693650987413
dqn,2026,2781,37958,-10.34,34,0,1,0.39899833333333334,0.010936629099887796,-0.3598128017038107
dqn,2026,2782,38004,-10.46,46,0,1,0.39827,0.007282280780297394,-0.4494805422921975
dqn,2026,2783,38073,-10.69,69,0,1,0.39717750000000007,0.02128710365950075,-0.43652135615839677
dqn,2026,2784,38082,-10.09,9,0,1,0.397035,0.008004237664863467,-0.38745304197072983
dqn,2026,2785,38108,-10.26,26,0,1,0.3966233333333333,0.005487910355441272,-0.3636093756982258
dqn,2026,2786,38112,-10.04,4,0,1,0.39656,0.0055716559290885925,-0.6140052676200867
dqn,2026,2787,38171,9.41,59,1,0,0.39562583333333334,0.004306372853794268,-0.695245874779565
dqn,2026,2788,38199,-10.28,28,0,1,0.3951825,0.048468519667429585,-0.19203209770577295
dqn,2026,2789,38212,-10.129999999999999,13,0,1,0.39497666666666664,0.00369536125799641,-0.23912455514073372
dqn,2026,2790,38216,-10.04,4,0,1,0.39491333333333334,0.036697112023830414,-1.0327246189117432
dqn,2026,2791,38220,-10.04,4,0,1,0.39485000000000003,0.010361372493207455,-0.7745076417922974
dqn,2026,2792,38248,-10.28,28,0,1,0.3944066666666667,0.00834232971205243,-0.39551056389297756
dqn,2026,2793,38250,-10.02,2,0,1,0.39437500000000003,,
dqn,2026,2794,38254,-10.04,4,0,1,0.3943116666666667,0.0016784964827820659,-0.12757062911987305
dqn,2026,2795,38277,-10.23,23,0,1,0.3939475,0.004595747159328312,-0.7539921502272288
dqn,2026,2796,38278,-10.01,1,0,1,0.3939316666666667,,
dqn,2026,2797,38284,-10.06,6,0,1,0.3938366666666667,0.0032481939997524023,-0.258626114577055
dqn,2026,2798,38286,-10.02,2,0,1,0.39380500000000007,,
dqn,2026,2799,38294,-10.08,8,0,1,0.39367833333333335,0.0015226818504743278,-0.514210119843483
dqn,2026,2800,38312,-10.18,18,0,1,0.3933933333333334,0.0016075703082606197,-0.43999550193548204
dqn,2026,2801,38314,-10.02,2,0,1,0.3933616666666667,,
dqn,2026,2802,38316,-10.02,2,0,1,0.39333000000000007,0.0009552306728437543,-0.41903623938560486
dqn,2026,2803,38326,-10.1,10,0,1,0.3931716666666667,0.001762407016940415,-0.3508303761482239
dqn,2026,2804,38359,-10.33,33,0,1,0.3926491666666667,0.037834872608073056,-0.4857754725962877
dqn,2026,2805,38366,-10.07,7,0,1,0.39253833333333343,0.0008921191038098186,-0.6789711117744446
dqn,2026,2806,38431,-10.65,65,0,1,0.3915091666666667,0.019278364965430228,-0.32915367651730776
dqn,2026,2807,38480,-10.49,49,0,1,0.3907333333333334,0.0037631079993354012,-0.5053478662784283
dqn,2026,2808,38486,-10.06,6,0,1,0.3906383333333334,0.0024897742550820112,-0.6108542680740356
dqn,2026,2809,38524,-10.38,38,0,1,0.3900366666666667,0.0015615489042829721,-0.2189534641802311
dqn,2026,2810,38532,-10.08,8,0,1,0.3899100000000001,0.0022930892882868648,-0.13410887494683266
dqn,2026,2811,38534,-10.02,2,0,1,0.3898783333333333,,
dqn,2026,2812,38595,-10.61,61,0,1,0.3889125,0.022131083424513538,-0.46285685027639073
dqn,2026,2813,38610,-10.15,15,0,1,0.3886750000000001,0.006031939585227519,-0.6395881995558739
dqn,2026,2814,38622,-10.12,12,0,1,0.38848499999999997,0.0025066727927575507,-0.7649037341276804
dqn,2026,2815,38637,-10.15,15,0,1,0.38824749999999997,0.003958175453590229,-0.580082967877388
dqn,2026,2816,38644,-10.07,7,0,1,0.3881366666666667,0.004522081580944359,-0.21078534796833992
dqn,2026,2817,38663,-10.19,19,0,1,0.3878358333333334,0.004401965852594003,-0.5218249708414078
dqn,2026,2818,38667,-10.04,4,0,1,0.3877725000000001,0.009113309904932976,-0.4005259573459625
dqn,2026,2819,38676,-10.09,9,0,1,0.38763000000000003,0.0022184614402552447,-0.21489330381155014
dqn,2026,2820,38697,-10.209999999999999,21,0,1,0.38729749999999996,0.001992075063753873,-0.4701328843832016
dqn,2026,2821,38730,-10.33,33,0,1,0.3867750000000001,0.0008154521419783123,-0.38895847648382187
dqn,2026,2822,38781,-10.51,51,0,1,0.3859675,0.0009471126003728176,-0.4351950574379701
dqn,2026,2823,38855,-10.74,74,0,1,0.38479583333333345,0.001291733382256805,-0.4592546323935191
dqn,2026,2824,38909,-10.54,54,0,1,0.3839408333333334,0.0012055932061879762,-0.42342078419668333
dqn,2026,2825,38918,-10.09,9,0,1,0.38379833333333346,0.001036996312905103,-0.7677448093891144
dqn,2026,2826,38927,-10.09,9,0,1,0.3836558333333333,0.0006176965907798149,-0.10790608450770378
dqn,2026,2827,38945,-10.18,18,0,1,0.3833708333333333,0.0005423249851446599,-0.1341865688562393
dqn,2026,2828,38954,-10.09,9,0,1,0.3832283333333334,0.001604361750651151,-0.3693692088127136
dqn,2026,2829,39055,-11.01,101,0,1,0.3816291666666667,0.0010115535894874483,-0.45329848498106
dqn,2026,2830,39064,-10.09,9,0,1,0.38148666666666664,0.0010857486243670185,-0.09647316485643387
dqn,2026,2831,39082,-10.18,18,0,1,0.38120166666666666,0.0007354278932325542,-0.2407527044415474
dqn,2026,2832,39153,-10.71,71,0,1,0.38007750000000007,0.016613926372277394,-0.4555760808289051
dqn,2026,2833,39228,-10.75,75,0,1,0.37888999999999995,0.031154394425500772,-0.4776159740592304
dqn,2026,2834,39250,-10.22,22,0,1,0.37854166666666667,0.0022558745229616763,-0.4438312500715256
dqn,2026,2835,39251,-10.01,1,0,1,0.37852583333333334,,
dqn,2026,2836,39305,-10.54,54,0,1,0.3776708333333334,0.022247185876559734,-0.29598342361194746
dqn,2026,2837,39376,-10.71,71,0,1,0.3765466666666667,0.0015694559487100276,-0.36792059366901714
dqn,2026,2838,39381,-10.049999999999999,5,0,1,0.37646750000000007,0.0004704761959146708,-0.10171672701835632
dqn,2026,2839,39547,-11.66,166,0,1,0.3738391666666667,0.00153596078225968,-0.26158901994548195
dqn,2026,2840,39603,-10.56,56,0,1,0.3729525,0.0012143748504708388,-0.4194575473666191
dqn,2026,2841,39648,-10.45,45,0,1,0.37224,0.0007955979563121218,-0.43840735343595344
dqn,2026,2842,39656,-10.08,8,0,1,0.3721133333333333,0.1452850299247075,-0.17265676707029343
dqn,2026,2843,39765,-11.09,109,0,1,0.3703875000000001,0.01219228516964466,-0.3721036927567588
dqn,2026,2844,39774,-10.09,9,0,1,0.37024499999999994,0.0014714136195834726,-0.6811502575874329
dqn,2026,2845,39781,-10.07,7,0,1,0.37013416666666665,0.0010580246307654306,-0.33823660016059875
dqn,2026,2846,39803,-10.22,22,0,1,0.36978583333333337,0.003780525759793818,-0.19937887638807297
dqn,2026,2847,39806,-10.03,3,0,1,0.3697383333333334,0.00045973449596203864,-0.10163787752389908
dqn,2026,2848,39826,-10.2,20,0,1,0.36942166666666676,0.0013202697067754344,-0.02442508190870285
dqn,2026,2849,39841,-10.15,15,0,1,0.36918416666666665,0.07024876037758077,-0.33421172201633453
dqn,2026,2850,39878,-10.37,37,0,1,0.36859833333333336,0.0008601305631196334,-0.35223887032932705
dqn,2026,2851,39979,-11.01,101,0,1,0.36699916666666665,0.0009102464013267308,-0.3916038402915001
dqn,2026,2852,39988,-10.09,9,0,1,0.3668566666666667,0.001246787462150678,-0.20530022929112116
dqn,2026,2853,40237,-12.489999999999991,249,0,1,0.36291416666666676,0.009646177839679313,-0.35810734571949127
dqn,2026,2854,40411,-11.740000000000002,174,0,1,0.3601591666666667,0.0030178179657140876,-0.34693503241206325
dqn,2026,2855,40414,-10.03,3,0,1,0.3601116666666667,0.002292126417160034,-0.24463528394699097
dqn,2026,2856,40452,-10.38,38,0,1,0.35951,0.002004573764861561,-0.30011679232120514
dqn,2026,2857,40473,-10.209999999999999,21,0,1,0.35917750000000004,0.0022900830022990703,-0.6069076120853424
dqn,2026,2858,40530,-10.57,57,0,1,0.358275,0.0017989021258212493,-0.28655592618244036
dqn,2026,2859,40606,-10.76,76,0,1,0.3570716666666668,0.01586447809639044,-0.2674142690865617
dqn,2026,2860,40691,-10.85,85,0,1,0.3557258333333333,0.0007802318252201769,-0.39207155754168826
dqn,2026,2861,40871,-11.8,180,0,1,0.3528758333333334,0.01396625772338464,-0.35887649257977805
dqn,2026,2862,40878,-10.07,7,0,1,0.352765,0.003737451392225921,-0.22463634610176086
dqn,2026,2863,40902,-10.24,24,0,1,0.35238500000000006,0.0021165601598719754,-0.3177741418282191
dqn,2026,2864,40952,-10.5,50,0,1,0.3515933333333334,0.0012659748720649916,-0.34769461017388564
dqn,2026,2865,40969,-10.17,17,0,1,0.35132416666666677,0.07635943357308861,-0.08941982686519623
dqn,2026,2866,40971,-10.02,2,0,1,0.3512925000000001,,
dqn,2026,2867,41159,8.12,188,1,0,0.3483158333333334,0.007584690414195722,-0.33462269081080215
dqn,2026,2868,41162,-10.03,3,0,1,0.3482683333333333,0.011613679118454456,-0.08762696385383606
dqn,2026,2869,41182,-10.2,20,0,1,0.34795166666666666,0.003576999984215945,-0.4318310499191284
dqn,2026,2870,41207,-10.25,25,0,1,0.3475558333333334,0.0022467176750069484,-0.30879562596480054
dqn,2026,2871,41235,-10.28,28,0,1,0.34711250000000005,0.0016825899947434664,-0.5093004448073251
dqn,2026,2872,41249,-10.14,14,0,1,0.34689083333333337,0.0011902593614649959,-0.1418891903012991
dqn,2026,2873,41257,-10.08,8,0,1,0.34676416666666676,0.0019716790411621332,-0.33222047984600067
dqn,2026,2874,41310,-10.53,53,0,1,0.34592500000000004,0.002323230289710829,-0.4704923566717368
dqn,2026,2875,41323,-10.129999999999999,13,0,1,0.3457191666666667,0.0018796076959309478,-0.1528248687585195
dqn,2026,2876,41346,-10.23,23,0,1,0.34535499999999997,0.0009254826824568833,-0.3931911786397298
dqn,2026,2877,41392,-10.46,46,0,1,0.34462666666666675,0.0012026920879482834,-0.32914142186443013
dqn,2026,2878,41408,-10.16,16,0,1,0.3443733333333333,0.00033791401438065805,-0.013578429818153381
dqn,2026,2879,41416,-10.08,8,0,1,0.3442466666666667,0.13949834849336185,-0.33220674842596054
dqn,2026,2880,41441,-10.25,25,0,1,0.34385083333333333,0.0022772390342045887,-0.5498316114147505
dqn,2026,2881,41480,-10.39,39,0,1,0.3432333333333334,0.001218171272194013,-0.3591807909309864
dqn,2026,2882,41490,-10.1,10,0,1,0.343075,0.002902256674133241,-0.33206896483898163
dqn,2026,2883,41552,-10.620000000000001,62,0,1,0.34209333333333336,0.019788013969446183,-0.3299890272319317
dqn,2026,2884,41569,-10.17,17,0,1,0.3418241666666667,0.0009389998449478298,-0.16998988017439842
dqn,2026,2885,41584,-10.15,15,0,1,0.3415866666666666,0.0016280270901916083,-0.429074726998806
dqn,2026,2886,41644,-10.6,60,0,1,0.3406366666666667,0.0007406543770533366,-0.181112040579319
dqn,2026,2887,41664,9.8,20,1,0,0.34032000000000007,0.0009535258170217276,-0.3919173151254654
dqn,2026,2888,41675,-10.11,11,0,1,0.34014583333333337,0.0007154644117690623,-0.25798220932483673
dqn,2026,2889,41696,-10.209999999999999,21,0,1,0.3398133333333334,0.0009100842823196823,-0.474772156526645
dqn,2026,2890,41745,-10.49,49,0,1,0.3390375000000001,0.000861922307497783,-0.3252441467096408
dqn,2026,2891,41763,-10.18,18,0,1,0.3387525000000001,0.000860711807035841,-0.46644918620586395
dqn,2026,2892,41772,-10.09,9,0,1,0.33860999999999997,0.00025193644978571683,0.010097014407316843
dqn,2026,2893,41867,-10.950000000000001,95,0,1,0.33710583333333344,0.040689672676228875,-0.38257813486068143
dqn,2026,2894,41917,-10.5,50,0,1,0.3363141666666667,0.04709488145621995,-0.4263014919482745
dqn,2026,2895,41924,-10.07,7,0,1,0.3362033333333334,0.0014734914875589311,-0.015360523015260696
dqn,2026,2896,41969,-10.45,45,0,1,0.3354908333333334,0.005980068902400407,-0.3537009371952577
dqn,2026,2897,41971,-10.02,2,0,1,0.33545916666666664,,
dqn,2026,2898,42007,-10.36,36,0,1,0.3348891666666667,0.006828242550707526,-0.3278430816200044
dqn,2026,2899,42015,-10.08,8,0,1,0.33476249999999996,0.012772588524967432,-0.2897600829601288
dqn,2026,2900,42024,-10.09,9,0,1,0.33462000000000003,0.003234063663209478,-0.1811150312423706
dqn,2026,2901,42030,-10.06,6,0,1,0.3345250000000001,0.005309564061462879,-0.08239943534135818
dqn,2026,2902,42038,-10.08,8,0,1,0.33439833333333335,0.0038722953759133816,-0.49908285588026047
dqn,2026,2903,42088,-10.5,50,0,1,0.3336066666666667,0.025674345509077493,-0.3460444750694128
dqn,2026,2904,42110,9.78,22,1,0,0.33325833333333343,0.003926661657169461,-0.32841112464666367
dqn,2026,2905,42146,-10.36,36,0,1,0.33268833333333336,0.004802015234923197,-0.12991380443175635
dqn,2026,2906,42158,-10.12,12,0,1,0.33249833333333334,0.005164616586019595,-0.1937514841556549
dqn,2026,2907,42161,-10.03,3,0,1,0.33245083333333336,0.0048891762271523476,-0.2925744652748108
dqn,2026,2908,42203,-10.42,42,0,1,0.33178583333333334,0.0024537954886909574,-0.24067632481455803
dqn,2026,2909,42215,-10.12,12,0,1,0.3315958333333333,0.0019662774090344706,-0.3027426451444626
dqn,2026,2910,42261,-10.46,46,0,1,0.3308675,0.0016633612103760242,-0.23786641657352448
dqn,2026,2911,42327,-10.66,66,0,1,0.3298225,0.019265067312517203,-0.16753367148339748
dqn,2026,2912,42354,-10.27,27,0,1,0.3293950000000001,0.0014526191101010358,-0.35806440242699217
dqn,2026,2913,42365,-10.11,11,0,1,0.3292208333333334,0.0013503673253580928,-0.242255965868632
dqn,2026,2914,42377,-10.12,12,0,1,0.3290308333333333,0.0013550630149741967,-0.5153327186902364
dqn,2026,2915,42468,-10.91,91,0,1,0.32759000000000005,0.01719343995311014,-0.43551885142274527
dqn,2026,2916,42487,-10.19,19,0,1,0.32728916666666674,0.0036257971660234034,-0.1434889119118452
dqn,2026,2917,42508,-10.209999999999999,21,0,1,0.3269566666666667,0.002132138683615873,-0.5022192820906639
dqn,2026,2918,42555,-10.47,47,0,1,0.3262125,0.002884903224185109,-0.08963094516233965
dqn,2026,2919,42599,-10.44,44,0,1,0.32551583333333345,0.0032717803260311484,-0.23841134120117535
dqn,2026,2920,42684,-10.85,85,0,1,0.32416999999999996,0.0013272767696021633,-0.32843265208331024
dqn,2026,2921,42744,-10.6,60,0,1,0.32321999999999995,0.001290173390104125,-0.23265722692012786
dqn,2026,2922,42897,-11.530000000000001,153,0,1,0.32079750000000007,0.008355689519942788,-0.19229140916937276
dqn,2026,2923,42898,-10.01,1,0,1,0.32078166666666674,,
dqn,2026,2924,42903,-10.049999999999999,5,0,1,0.3207025000000001,0.0012470937799662352,-0.41389918327331543
dqn,2026,2925,43009,-11.06,106,0,1,0.31902416666666666,0.0017580110558170687,-0.3793999905939455
dqn,2026,2926,43057,-10.48,48,0,1,0.3182641666666667,0.002107675982794414,-0.2090203296393156
dqn,2026,2927,43070,-10.129999999999999,13,0,1,0.31805833333333333,0.0008686421012195448,-0.21925441672404608
dqn,2026,2928,43115,-10.45,45,0,1,0.3173458333333333,0.0013703631411772221,-0.17475627972321076
dqn,2026,2929,43126,-10.11,11,0,1,0.31717166666666674,0.10117404791526496,-0.4464193681875865
dqn,2026,2930,43206,-10.8,80,0,1,0.3159050000000001,0.01827871603309177,-0.37706430777907374
dqn,2026,2931,43255,-10.49,49,0,1,0.3151291666666667,0.023898471918073483,-0.3913404780129592
dqn,2026,2932,43279,-10.24,24,0,1,0.31474916666666664,0.0029667039634659886,-0.32475582261880237
dqn,2026,2933,43365,-10.86,86,0,1,0.31338750000000004,0.0016982318775262684,-0.3060133358971639
dqn,2026,2934,43385,-10.2,20,0,1,0.3130708333333334,0.0036642480408772826,-0.4975884795188904
dqn,2026,2935,43486,-11.01,101,0,1,0.3114716666666667,0.0011557628866285085,-0.2539198577404022
dqn,2026,2936,43491,-10.049999999999999,5,0,1,0.31139250000000007,0.0004870234406553209,-0.2282009720802307
dqn,2026,2937,43493,-10.02,2,0,1,0.3113608333333334,0.0011260054307058454,-0.23011131584644318
dqn,2026,2938,43513,-10.2,20,0,1,0.3110441666666668,0.0005939293187111616,-0.16956575512886046
dqn,2026,2939,43579,-10.66,66,0,1,0.3099991666666666,0.0006864162387500983,-0.35432855039834976
dqn,2026,2940,43624,-10.45,45,0,1,0.3092866666666667,0.022310584516768966,-0.2693863107512395
dqn,2026,2941,43641,-10.17,17,0,1,0.30901749999999995,0.0006409928246284835,-0.30694813653826714
dqn,2026,2942,43692,-10.51,51,0,1,0.3082100000000001,0.0009630132318796733,-0.2116312992114287
dqn,2026,2943,43725,-10.33,33,0,1,0.3076875,0.0017852892488008365,-0.43706606701016426
dqn,2026,2944,43730,-10.049999999999999,5,0,1,0.3076083333333334,0.002077024430036545,-0.8703782558441162
dqn,2026,2945,43749,-10.19,19,0,1,0.30730750000000007,0.0008190072665456682,-0.23429965376853942
dqn,2026,2946,43760,-10.11,11,0,1,0.30713333333333337,0.0023965578099402287,-0.24094709505637488
dqn,2026,2947,43805,-10.45,45,0,1,0.30642083333333336,0.00149144893723794,-0.36410365118221805
dqn,2026,2948,43810,-10.049999999999999,5,0,1,0.30634166666666673,0.0017827402334660292,-0.3970472514629364
dqn,2026,2949,43815,-10.049999999999999,5,0,1,0.3062625000000001,0.2871834337711334,-0.22572264075279236
dqn,2026,2950,43836,-10.209999999999999,21,0,1,0.30593000000000004,0.0008347489638254046,-0.3119743925829728
dqn,2026,2951,43929,-10.93,93,0,1,0.30445750000000005,0.0012151267058114804,-0.13464474483676578
dqn,2026,2952,43942,-10.129999999999999,13,0,1,0.3042516666666667,0.0011515711861041684,-0.23512191077073416
dqn,2026,2953,43968,-10.26,26,0,1,0.30384,0.000679875017210309,-0.32406376408679144
dqn,2026,2954,43974,-10.06,6,0,1,0.30374500000000004,0.0007722218288108706,-0.07708483189344406
dqn,2026,2955,43997,-10.23,23,0,1,0.30338083333333343,0.0004171347657878262,-0.1267828457057476
dqn,2026,2956,44028,-10.31,31,0,1,0.30289,0.0005021104043407831,-0.1938589485362172
dqn,2026,2957,44056,-10.28,28,0,1,0.30244666666666675,0.00047309553234039674,-0.3230455975447382
dqn,2026,2958,44082,-10.26,26,0,1,0.30203500000000005,0.0457019885070622,-0.29910236969590187
dqn,2026,2959,44099,-10.17,17,0,1,0.3017658333333334,0.0017227598582394421,-0.728708878159523
dqn,2026,2960,44107,-10.08,8,0,1,0.3016391666666667,0.1519020999839995,-0.15443522110581398
dqn,2026,2961,44119,-10.12,12,0,1,0.30144916666666677,0.00244777436212947,-0.22538463895519575
dqn,2026,2962,44124,-10.049999999999999,5,0,1,0.30137,0.005069387378171086,-0.167059775441885
dqn,2026,2963,44199,-10.75,75,0,1,0.3001825,0.003931749243444453,-0.3413440982500712
dqn,2026,2964,44211,-10.12,12,0,1,0.2999925,0.0031849500567962727,-0.18216101825237274
dqn,2026,2965,44241,-10.3,30,0,1,0.2995175000000001,0.0011441363203630317,-0.43822480365633965
dqn,2026,2966,44252,-10.11,11,0,1,0.2993433333333333,0.0009493570541962981,-0.44346243143081665
dqn,2026,2967,44312,-10.6,60,0,1,0.2983933333333333,0.0005755549180321395,-0.21456855833530425
dqn,2026,2968,44319,-10.07,7,0,1,0.2982825,0.0002006209979299456,0.25974610447883606
dqn,2026,2969,44461,-11.420000000000002,142,0,1,0.2960341666666667,0.016695885697926214,-0.24743972666975525
dqn,2026,2970,44464,-10.03,3,0,1,0.29598666666666673,0.0012160168262198567,0.07602708041667938
dqn,2026,2971,44483,-10.19,19,0,1,0.2956858333333334,0.058664938565925695,-0.5936893038451672
dqn,2026,2972,44496,-10.129999999999999,13,0,1,0.29547999999999996,0.005687640208634548,-0.2547343857586384
dqn,2026,2973,44508,-10.12,12,0,1,0.29529000000000005,0.0035886837479968867,-0.3712511087457339
dqn,2026,2974,44573,-10.65,65,0,1,0.2942608333333333,0.00892812039819546,-0.1915204580873251
dqn,2026,2975,44578,-10.049999999999999,5,0,1,0.2941816666666667,0.014252413995563984,-0.595264196395874
dqn,2026,2976,44585,-10.07,7,0,1,0.2940708333333334,0.00332335673738271,-0.2983444184064865
dqn,2026,2977,44657,-10.72,72,0,1,0.29293083333333336,0.04271086773628162,-0.15312886155313915
dqn,2026,2978,44674,-10.17,17,0,1,0.2926616666666667,0.009516846388578415,-0.24847211875021458
dqn,2026,2979,44709,-10.35,35,0,1,0.2921075000000001,0.005335160531103611,-0.16211369964811537
dqn,2026,2980,44751,-10.42,42,0,1,0.29144250000000005,0.0033146976755233483,-0.1552322417497635
dqn,2026,2981,44762,-10.11,11,0,1,0.29126833333333335,0.09145313260766368,-0.565690944592158
dqn,2026,2982,44771,-10.09,9,0,1,0.2911258333333334,0.0026342657511122525,-0.061366498470306396
dqn,2026,2983,44862,-10.91,91,0,1,0.28968499999999997,0.02761514841467547,-0.25899855760128604
dqn,2026,2984,44902,-10.4,40,0,1,0.2890516666666667,0.0052898132242262365,-0.35839511677622793
dqn,2026,2985,44904,-10.02,2,0,1,0.28902000000000005,0.27384287118911743,-0.36041414737701416
dqn,2026,2986,44979,-10.75,75,0,1,0.28783250000000005,0.007382116487456692,-0.2870397898885939
dqn,2026,2987,45009,-10.3,30,0,1,0.28735750000000004,0.035156665049726143,-0.25209890492260456
dqn,2026,2988,45035,9.74,26,1,0,0.28694583333333334,0.002374952814231316,-0.21670023848613104
dqn,2026,2989,45073,-10.38,38,0,1,0.28634416666666673,0.054908352222992104,-0.30787609666585924
dqn,2026,2990,45082,-10.09,9,0,1,0.2862016666666667,0.007853041170164943,-0.31864669919013977
dqn,2026,2991,45085,-10.03,3,0,1,0.2861541666666667,0.00041430408600717783,-0.2100881189107895
dqn,2026,2992,45087,-10.02,2,0,1,0.28612250000000006,,
dqn,2026,2993,45095,-10.08,8,0,1,0.28599583333333334,0.004359710612334311,-0.16831223666667938
dqn,2026,2994,45097,-10.02,2,0,1,0.2859641666666667,0.010425940155982971,-0.9410146474838257
dqn,2026,2995,45105,-10.08,8,0,1,0.28583749999999997,0.005884221754968166,-0.30788190849125385
dqn,2026,2996,45151,9.54,46,1,0,0.28510916666666675,0.0018992982011034408,-0.3490711586041884
dqn,2026,2997,45159,-10.08,8,0,1,0.2849825,0.005628407467156649,-0.8086592853069305
dqn,2026,2998,45170,-10.11,11,0,1,0.28480833333333333,0.0020177553330237665,-0.26779207587242126
dqn,2026,2999,45181,-10.11,11,0,1,0.28463416666666674,0.0014934658150499065,-0.3230222910642624
dqn,2026,3000,45194,-10.129999999999999,13,0,1,0.2844283333333334,0.0022154312658434114,0.054970309138298035
dqn,2026,3001,45201,-10.07,7,0,1,0.2843175000000001,0.0024482005974277854,-0.30138564109802246
dqn,2026,3002,45251,-10.5,50,0,1,0.28352583333333337,0.0026901731786589758,-0.1925318775077661
dqn,2026,3003,45258,-10.07,7,0,1,0.2834150000000001,0.0007994749175850302,-0.13029587268829346
dqn,2026,3004,45279,9.790000000000001,21,1,0,0.2830825,0.001924625621177256,-0.32156226187944414
dqn,2026,3005,45304,-10.25,25,0,1,0.28268666666666675,0.0012995531017492925,-0.33351241265024456
dqn,2026,3006,45331,-10.27,27,0,1,0.2822591666666667,0.047365695296321064,-0.025996172179778416
dqn,2026,3007,45342,-10.11,11,0,1,0.28208500000000003,0.0033904994294668236,-0.46791014571984607
dqn,2026,3008,45360,-10.18,18,0,1,0.28180000000000005,0.002894899225793779,-0.16567448675632476
dqn,2026,3009,45376,-10.16,16,0,1,0.2815466666666667,0.0007262554936460219,0.02414700575172901
dqn,2026,3010,45381,-10.049999999999999,5,0,1,0.2814675000000001,0.0006866424810141325,-0.2058563232421875
dqn,2026,3011,45398,-10.17,17,0,1,0.28119833333333333,0.004481099633267149,-0.2206534557044506
dqn,2026,3012,45410,-10.12,12,0,1,0.2810083333333333,0.002355703618377447,-0.24955323338508606
dqn,2026,3013,45412,-10.02,2,0,1,0.28097666666666665,0.002410583198070526,-0.3723810315132141
dqn,2026,3014,45413,-10.01,1,0,1,0.2809608333333333,,
dqn,2026,3015,45611,-11.98,198,0,1,0.2778258333333333,0.013139443163764758,-0.3272068516484329
dqn,2026,3016,45613,-10.02,2,0,1,0.2777941666666667,0.006871526129543781,-0.2587055563926697
dqn,2026,3017,45671,9.42,58,1,0,0.27687583333333343,0.023893011309805194,-0.18042974253850325
dqn,2026,3018,45686,-10.15,15,0,1,0.27663833333333343,0.011202538036741316,-0.1863459013402462
dqn,2026,3019,45701,-10.15,15,0,1,0.2764008333333333,0.01396002247929573,-0.2669116221368313
dqn,2026,3020,45710,-10.09,9,0,1,0.2762583333333334,0.0046885269694030285,-0.2926438897848129
dqn,2026,3021,45716,-10.06,6,0,1,0.2761633333333333,0.01979891862720251,-0.489714115858078
dqn,2026,3022,45756,-10.4,40,0,1,0.27553000000000005,0.03526218968909234,-0.31052082106471063
dqn,2026,3023,45758,-10.02,2,0,1,0.2754983333333333,,
dqn,2026,3024,45775,-10.17,17,0,1,0.27522916666666664,0.005629558640066534,-0.28495886735618114
dqn,2026,3025,45784,-10.09,9,0,1,0.2750866666666667,0.0049368116694192095,-0.21611732244491577
dqn,2026,3026,45797,-10.129999999999999,13,0,1,0.27488083333333335,0.0029467707499861717,-0.20058885216712952
dqn,2026,3027,45812,-10.15,15,0,1,0.27464333333333346,0.002670586203748826,-0.13897044211626053
dqn,2026,3028,45822,-10.1,10,0,1,0.274485,0.0016574672190472484,-0.45263683795928955
dqn,2026,3029,45869,-10.47,47,0,1,0.27374083333333343,0.0069795858253201,-0.1898982971906662
dqn,2026,3030,45916,-10.47,47,0,1,0.27299666666666667,0.0048231843538815156,-0.23929336108267307
dqn,2026,3031,45955,9.61,39,1,0,0.2723791666666667,0.003261000933384316,-0.23295118908087412
dqn,2026,3032,45988,-10.33,33,0,1,0.27185666666666675,0.0292218939446482,-0.14087597694661882
dqn,2026,3033,46009,-10.209999999999999,21,0,1,0.2715241666666667,0.0017455798340961337,-0.17836123183369637
dqn,2026,3034,46038,9.71,29,1,0,0.271065,0.0038745621901138554,-0.2310095461351531
dqn,2026,3035,46041,-10.03,3,0,1,0.2710175,0.0019867222290486097,-0.38661184906959534
dqn,2026,3036,46045,-10.04,4,0,1,0.2709541666666667,0.0008220883319154382,-0.045721784234046936
dqn,2026,3037,46051,-10.06,6,0,1,0.27085916666666676,0.30446532368659973,-0.35307130217552185
dqn,2026,3038,46067,-10.16,16,0,1,0.2706058333333333,0.0029136300436221063,-0.24443791806697845
dqn,2026,3039,46077,-10.1,10,0,1,0.27044750000000006,0.0020723295553276935,-0.07163672645886739
dqn,2026,3040,46080,-10.03,3,0,1,0.2704,0.006953573785722256,-0.08096760511398315
dqn,2026,3041,46090,-10.1,10,0,1,0.2702416666666667,0.0031540722120553255,-0.3083505406975746
dqn,2026,3042,46107,-10.17,17,0,1,0.26997250000000006,0.002889846859034151,-0.4617474935948849
dqn,2026,3043,46117,-10.1,10,0,1,0.2698141666666668,0.0008625630871392787,-0.11372472594181697
dqn,2026,3044,46135,-10.18,18,0,1,0.2695291666666667,0.001180790364742279,-0.0929290521889925
dqn,2026,3045,46185,-10.5,50,0,1,0.26873749999999996,0.0008251043909694999,-0.19571566295165282
dqn,2026,3046,46191,-10.06,6,0,1,0.2686425,0.0009723527473397553,-0.3947019577026367
dqn,2026,3047,46259,-10.68,68,0,1,0.2675658333333334,0.0008123203382745166,-0.24985087158925393
dqn,2026,3048,46265,-10.06,6,0,1,0.2674708333333333,0.00039090795326046646,-0.385630264878273
dqn,2026,3049,46268,-10.03,3,0,1,0.26742333333333335,0.00048198422882705927,-0.3776865005493164
dqn,2026,3050,46284,-10.16,16,0,1,0.26717,0.0003340155089972541,-0.09293915331363678
dqn,2026,3051,46318,-10.34,34,0,1,0.2666316666666667,0.002410225837593316,-0.2862744424492121
dqn,2026,3052,46352,-10.34,34,0,1,0.2660933333333334,0.0010574309659811358,-0.21527304583125645
dqn,2026,3053,46356,-10.04,4,0,1,0.2660300000000001,0.00028911937261000276,0.2752190828323364
dqn,2026,3054,46376,-10.2,20,0,1,0.26571333333333336,0.0016256529837846757,-0.22786349058151245
dqn,2026,3055,46413,-10.37,37,0,1,0.26512750000000007,0.03193717418212651,-0.21192915365099907
dqn,2026,3056,46417,-10.04,4,0,1,0.26506416666666677,0.0007290137582458556,-0.5502675771713257
dqn,2026,3057,46428,-10.11,11,0,1,0.26488999999999996,0.0010197347146458924,-0.3314679066340129
dqn,2026,3058,46450,-10.22,22,0,1,0.2645416666666667,0.0013870998314814641,-0.22070392295718194
dqn,2026,3059,46493,-10.43,43,0,1,0.2638608333333333,0.0009542836805022406,-0.38309424776922574
dqn,2026,3060,46497,-10.04,4,0,1,0.2637975,0.0018738079816102982,-0.06677243113517761
dqn,2026,3061,46570,-10.73,73,0,1,0.26264166666666666,0.0006908383770173208,-0.3562239681680997
dqn,2026,3062,46594,-10.24,24,0,1,0.2622616666666667,0.0008480682614996719,-0.24173911909262338
dqn,2026,3063,46606,-10.12,12,0,1,0.2620716666666667,0.0010232707912412782,-0.6128285527229309
dqn,2026,3064,46608,-10.02,2,0,1,0.26203999999999994,0.0005194917903281748,-0.2292337566614151
dqn,2026,3065,46683,9.25,75,1,0,0.26085250000000004,0.0161847075489479,-0.22011067532002926
dqn,2026,3066,46713,-10.3,30,0,1,0.26037750000000004,0.016146442969329655,-0.31379857286810875
dqn,2026,3067,46728,-10.15,15,0,1,0.26014000000000004,0.009168532153125852,-0.4098559096455574
dqn,2026,3068,46773,-10.45,45,0,1,0.25942750000000003,0.02728088256712495,-0.24416259947148236
dqn,2026,3069,46796,9.77,23,1,0,0.2590633333333333,0.004562059494977196,-0.22656629731257757
dqn,2026,3070,46811,-10.15,15,0,1,0.2588258333333333,0.001560874448235457,-0.046461051950852074
dqn,2026,3071,46864,-10.53,53,0,1,0.2579866666666667,0.007032883860769549,-0.2644870547311647
dqn,2026,3072,46899,9.65,35,1,0,0.25743250000000006,0.0065775961556937546,-0.2768291300162673
dqn,2026,3073,46903,-10.04,4,0,1,0.25736916666666676,0.006716414354741573,-0.10538561642169952
dqn,2026,3074,46905,-10.02,2,0,1,0.2573375000000001,0.009739303961396217,-0.5893162488937378
dqn,2026,3075,46918,-10.129999999999999,13,0,1,0.25713166666666665,0.004601592275624474,-0.19545440251628557
dqn,2026,3076,46923,-10.049999999999999,5,0,1,0.2570525,0.0014353316510096192,-0.2071428745985031
dqn,2026,3077,46926,-10.03,3,0,1,0.25700500000000004,0.0024742919486016035,-0.8552072644233704
dqn,2026,3078,46957,-10.31,31,0,1,0.2565141666666667,0.001916522996907588,-0.26510542817413807
dqn,2026,3079,46969,-10.12,12,0,1,0.2563241666666667,0.0010259839473292232,-0.3238731399178505
dqn,2026,3080,46973,-10.04,4,0,1,0.2562608333333334,0.0007372101536020637,-0.39618879556655884
dqn,2026,3081,46987,-10.14,14,0,1,0.2560391666666667,0.08877262050130715,-0.2108925978342692
dqn,2026,3082,46997,-10.1,10,0,1,0.25588083333333334,0.0015561415736253064,-0.09206617126862209
dqn,2026,3083,46999,-10.02,2,0,1,0.2558491666666667,,
dqn,2026,3084,47009,-10.1,10,0,1,0.2556908333333334,0.002312906067042301,-0.23374933997790018
dqn,2026,3085,47039,-10.3,30,0,1,0.2552158333333333,0.0019168390676246158,-0.4414277694055012
dqn,2026,3086,47078,-10.39,39,0,1,0.25459833333333337,0.0017963181482627988,-0.15002041459083557
dqn,2026,3087,47103,9.75,25,1,0,0.2542025,0.001308723381953314,-0.25357430924971897
dqn,2026,3088,47129,-10.26,26,0,1,0.2537908333333334,0.0012638761379223848,-0.2064026344035353
dqn,2026,3089,47139,-10.1,10,0,1,0.25363250000000004,0.0004304222238715738,-0.15253610163927078
dqn,2026,3090,47225,-10.86,86,0,1,0.25227083333333333,0.013374522358803502,-0.29869901287284767
dqn,2026,3091,47236,-10.11,11,0,1,0.25209666666666675,0.00043540959207651514,-0.00797091176112493
dqn,2026,3092,47245,-10.09,9,0,1,0.2519541666666667,0.12704392331943382,-0.19479179754853249
dqn,2026,3093,47250,-10.049999999999999,5,0,1,0.25187500000000007,0.002076805103570223,-0.21059346199035645
dqn,2026,3094,47299,9.51,49,1,0,0.25109916666666665,0.024290896966704167,-0.054791501412789025
dqn,2026,3095,47301,-10.02,2,0,1,0.2510675,0.003233635099604726,0.10720285773277283
dqn,2026,3096,47367,-10.66,66,0,1,0.25002250000000004,0.00935728223703336,-0.2221938450820744
dqn,2026,3097,47377,-10.1,10,0,1,0.24986416666666678,0.0027894031178827086,0.06942116469144821
dqn,2026,3098,47388,-10.11,11,0,1,0.24969000000000008,0.006806069519370794,-0.5704317887624105
dqn,2026,3099,47408,-10.2,20,0,1,0.24937333333333334,0.001816710946150124,-0.08067646920681
dqn,2026,3100,47409,-10.01,1,0,1,0.2493575,,
dqn,2026,3101,47433,9.76,24,1,0,0.24897750000000007,0.041594147919871226,-0.3301970213651657
dqn,2026,3102,47437,-10.04,4,0,1,0.24891416666666677,0.0025307778269052505,-0.21076340973377228
dqn,2026,3103,47514,-10.77,77,0,1,0.247695,0.01440651296625698,-0.21915786595720993
dqn,2026,3104,47565,9.49,51,1,0,0.24688750000000004,0.005506441812030971,-0.3237309656464137
dqn,2026,3105,47572,-10.07,7,0,1,0.24677666666666664,0.004935231059789658,-0.48353901505470276
dqn,2026,3106,47574,-10.02,2,0,1,0.246745,,
dqn,2026,3107,47577,-10.03,3,0,1,0.24669750000000001,0.008854014798998833,-0.41915979981422424
dqn,2026,3108,47665,-10.88,88,0,1,0.24530416666666666,0.016264968043701214,-0.16867254301905632
dqn,2026,3109,47780,-11.15,115,0,1,0.24348333333333338,0.0017756924729649748,-0.34098007401515695
dqn,2026,3110,47879,-10.99,99,0,1,0.24191583333333333,0.014351732652964225,-0.2783149550668895
dqn,2026,3111,47969,-10.9,90,0,1,0.24049083333333343,0.04061871939389359,-0.25612693765889044
dqn,2026,3112,47973,-10.04,4,0,1,0.24042750000000002,0.002133031841367483,-0.2307143211364746
dqn,2026,3113,48038,-10.65,65,0,1,0.23939833333333338,0.00489175169786904,-0.18787676934152842
dqn,2026,3114,48124,-10.86,86,0,1,0.23803666666666667,0.018691279311579736,-0.4193263135173104
dqn,2026,3115,48128,-10.04,4,0,1,0.23797333333333337,0.005229138303548098,-0.2162872552871704
dqn,2026,3116,48135,-10.07,7,0,1,0.23786249999999998,0.004649912938475609,-0.03848792240023613
dqn,2026,3117,48165,-10.3,30,0,1,0.23738750000000008,0.002699226031836588,0.034579409286379814
dqn,2026,3118,48197,-10.32,32,0,1,0.23688083333333332,0.005743899986555334,-0.12370339781045914
dqn,2026,3119,48225,-10.28,28,0,1,0.23643750000000008,0.07878545533666122,-0.20174398379666464
dqn,2026,3120,48353,-11.280000000000001,128,0,1,0.23441083333333346,0.014905170624842867,-0.177156840916723
dqn,2026,3121,48450,-10.97,97,0,1,0.23287500000000005,0.0155908044531922,-0.1868320774907867
dqn,2026,3122,48511,-10.61,61,0,1,0.23190916666666672,0.004293643194250763,-0.16690960824489592
dqn,2026,3123,48587,-10.76,76,0,1,0.2307058333333334,0.01623039832951403,-0.11420459986517303
dqn,2026,3124,48589,-10.02,2,0,1,0.23067416666666674,0.0023432860616594553,-1.3613286018371582
dqn,2026,3125,48600,-10.11,11,0,1,0.23050000000000004,0.008525587928791841,-0.22033640990654627
dqn,2026,3126,48646,-10.46,46,0,1,0.2297716666666667,0.0025306109243749893,-0.22892058979381213
dqn,2026,3127,48687,-10.41,41,0,1,0.2291225,0.030433374620042742,-0.07673501372337341
dqn,2026,3128,48755,-10.68,68,0,1,0.2280458333333334,0.0023983648433760904,-0.07655893397681854
dqn,2026,3129,48824,-10.69,69,0,1,0.22695333333333334,0.015519195406038003,-0.11885037583609422
dqn,2026,3130,48828,-10.04,4,0,1,0.22689000000000004,0.0010144388070330024,-0.3715912997722626
dqn,2026,3131,48874,-10.46,46,0,1,0.2261616666666667,0.0008372053694487972,-0.19775644012472846
dqn,2026,3132,48909,-10.35,35,0,1,0.22560749999999996,0.0009021233207830745,-0.049352176073524684
dqn,2026,3133,48933,-10.24,24,0,1,0.22522750000000002,0.0005236685780497888,-0.321828077857693
dqn,2026,3134,48953,-10.2,20,0,1,0.2249108333333334,0.04383754306472838,-0.34537653028965
dqn,2026,3135,48964,-10.11,11,0,1,0.2247366666666667,0.002223639671380321,-0.2741715336839358
dqn,2026,3136,49017,-10.53,53,0,1,0.22389750000000008,0.03503631558179712,-0.23868331255821082
dqn,2026,3137,49029,-10.12,12,0,1,0.22370749999999995,0.0062012801063247025,-0.42656392355759937
dqn,2026,3138,49056,-10.27,27,0,1,0.22328000000000003,0.040288187721411566,-0.16993182471820287
dqn,2026,3139,49064,-10.08,8,0,1,0.22315333333333343,0.002913580319727771,-0.08064298331737518
dqn,2026,3140,49089,-10.25,25,0,1,0.22275749999999994,0.04687554370805932,-0.32516527734696865
dqn,2026,3141,49091,-10.02,2,0,1,0.2227258333333333,,
dqn,2026,3142,49112,-10.209999999999999,21,0,1,0.22239333333333333,0.003687645172855506,-0.20282581324378648
dqn,2026,3143,49128,-10.16,16,0,1,0.22214000000000012,0.0694825351529289,-0.16691171936690807
dqn,2026,3144,49193,-10.65,65,0,1,0.22111083333333337,0.005246507171250414,-0.24419598607346416
dqn,2026,3145,49291,-10.98,98,0,1,0.21955916666666675,0.014750806418305729,-0.29733725419888896
dqn,2026,3146,49304,-10.129999999999999,13,0,1,0.2193533333333334,0.0006900084190419875,-0.14925336837768555
dqn,2026,3147,49439,-11.350000000000001,135,0,1,0.21721583333333339,0.019382053316583166,-0.2411195177471999
dqn,2026,3148,49504,-10.65,65,0,1,0.21618666666666675,0.060641907299320924,-0.42020297620226355
dqn,2026,3149,49671,-11.670000000000002,167,0,1,0.21354250000000008,0.023475595125247065,-0.215879388153553
dqn,2026,3150,49741,-10.7,70,0,1,0.2124341666666667,0.005056707987225511,-0.16304190374082989
dqn,2026,3151,49808,-10.67,67,0,1,0.2113733333333334,0.017700760705766323,-0.153644709245247
dqn,2026,3152,49814,-10.06,6,0,1,0.21127833333333335,0.0008154114475473762,-0.07646964490413666
dqn,2026,3153,49853,-10.39,39,0,1,0.2106608333333334,0.022470998935750684,-0.16281298100948333
dqn,2026,3154,49865,-10.12,12,0,1,0.21047083333333338,0.003095014796902736,-0.32860972980658215
dqn,2026,3155,49867,-10.02,2,0,1,0.21043916666666673,,
dqn,2026,3156,49960,-10.93,93,0,1,0.20896666666666674,0.00357726780930534,-0.29105204871545237
dqn,2026,3157,49978,-10.18,18,0,1,0.20868166666666677,0.06175566326419357,-0.26785216480493546
dqn,2026,3158,50053,-10.75,75,0,1,0.20749416666666665,0.03149542666506022,-0.23931508315236946
dqn,2026,3159,50081,-10.28,28,0,1,0.2070508333333334,0.006016916794968503,-0.194005015705313
dqn,2026,3160,50098,-10.17,17,0,1,0.20678166666666675,0.004918598919175565,-0.39419789239764214
dqn,2026,3161,50117,-10.19,19,0,1,0.20648083333333334,0.003432656126096845,-0.3057978987693787
dqn,2026,3162,50132,-10.15,15,0,1,0.20624333333333333,0.04882289940724149,-0.2216693703085184
dqn,2026,3163,50140,-10.08,8,0,1,0.20611666666666673,0.0010594054183457047,-0.15567269921302795
dqn,2026,3164,50150,-10.1,10,0,1,0.20595833333333335,0.0017123404541052878,-0.2465451955795288
dqn,2026,3165,50164,-10.14,14,0,1,0.2057366666666668,0.0009681593219283968,-0.31122105568647385
dqn,2026,3166,50172,-10.08,8,0,1,0.20560999999999996,0.009177509986329824,-0.22625789046287537
dqn,2026,3167,50182,-10.1,10,0,1,0.2054516666666667,0.0012369455653242767,-0.16350051015615463
dqn,2026,3168,50190,-10.08,8,0,1,0.20532499999999998,0.002423930127406493,-0.023647602647542953
dqn,2026,3169,50205,-10.15,15,0,1,0.2050875000000001,0.003108505450654775,-0.42545601911842823
dqn,2026,3170,50225,-10.2,20,0,1,0.20477083333333346,0.0009931901877280325,-0.23947246372699738
dqn,2026,3171,50268,-10.43,43,0,1,0.20409,0.0022357263528233902,-0.2655119435353713
dqn,2026,3172,50310,-10.42,42,0,1,0.20342499999999997,0.0017949575529200956,-0.06240153536200523
dqn,2026,3173,50335,-10.25,25,0,1,0.2030291666666667,0.002792037014539043,-0.3797689105073611
dqn,2026,3174,50428,-10.93,93,0,1,0.20155666666666672,0.0013929377620722032,-0.29414683238913614
dqn,2026,3175,50431,-10.03,3,0,1,0.20150916666666663,,
dqn,2026,3176,50466,-10.35,35,0,1,0.2009550000000001,0.034644104352790035,-0.20690700742933485
dqn,2026,3177,50499,-10.33,33,0,1,0.2004325,0.005592017216258682,-0.1583828371949494
dqn,2026,3178,50547,-10.48,48,0,1,0.19967250000000003,0.018686598419056583,-0.2328308584789435
dqn,2026,3179,50549,-10.02,2,0,1,0.19964083333333338,0.00033715879544615746,0.0626225695014
dqn,2026,3180,50551,-10.02,2,0,1,0.19960916666666673,,
dqn,2026,3181,50559,-10.08,8,0,1,0.1994825,0.0004194098000880331,-0.013793956488370895
dqn,2026,3182,50649,-10.9,90,0,1,0.1980575000000001,0.002888488001190126,-0.2811283822292867
dqn,2026,3183,50660,-10.11,11,0,1,0.1978833333333333,0.0013640566952138518,-0.1932099461555481
dqn,2026,3184,50664,-10.04,4,0,1,0.19782,0.0020855325274169445,-0.5973432064056396
dqn,2026,3185,50677,-10.129999999999999,13,0,1,0.19761416666666665,0.0007101342586490015,-0.09515746931234996
dqn,2026,3186,50758,-10.81,81,0,1,0.19633166666666668,0.01741749597422313,-0.3628932885825634
dqn,2026,3187,50766,-10.08,8,0,1,0.19620500000000007,0.007909642532467842,-0.3845880627632141
dqn,2026,3188,50773,-10.07,7,0,1,0.1960941666666668,0.001938165572937578,0.01598712056875229
dqn,2026,3189,50776,-10.03,3,0,1,0.1960466666666667,0.0009268400026485324,-0.40118637681007385
dqn,2026,3190,50780,-10.04,4,0,1,0.1959833333333333,0.001333868014626205,0.07802726328372955
dqn,2026,3191,50782,-10.02,2,0,1,0.19595166666666664,,
dqn,2026,3192,50800,-10.18,18,0,1,0.19566666666666666,0.0019254536018706858,-0.39883760660886763
dqn,2026,3193,50839,-10.39,39,0,1,0.1950491666666666,0.0010259212754640935,-0.21262351671854654
dqn,2026,3194,50855,-10.16,16,0,1,0.1947958333333334,0.001126929433667101,0.0316898487508297
dqn,2026,3195,50858,-10.03,3,0,1,0.1947483333333333,0.00039475178346037865,-0.08197429031133652
dqn,2026,3196,50867,-10.09,9,0,1,0.19460583333333337,0.0022837932338006794,-0.8215939700603485
dqn,2026,3197,50869,-10.02,2,0,1,0.19457416666666671,0.0008618430001661181,-0.245305135846138
dqn,2026,3198,50871,-10.02,2,0,1,0.19454250000000006,,
dqn,2026,3199,50912,-10.41,41,0,1,0.19389333333333336,0.020084833742161703,-0.22822501171718945
dqn,2026,3200,50929,-10.17,17,0,1,0.1936241666666667,0.04597074989578687,-0.1997809149324894
dqn,2026,3201,50977,-10.48,48,0,1,0.19286416666666673,0.0030445522109706267,-0.2024891891827186
dqn,2026,3202,50982,-10.049999999999999,5,0,1,0.19278499999999998,0.00013702343858312815,0.4085068702697754
dqn,2026,3203,50991,-10.09,9,0,1,0.19264250000000005,0.00035322375333635136,-0.0001833587884902954
dqn,2026,3204,51000,-10.09,9,0,1,0.1925,0.0013187735069853563,-0.42106479158004123
dqn,2026,3205,51047,9.53,47,1,0,0.19175583333333335,0.019975666505078236,-0.35986649990081787
dqn,2026,3206,51055,-10.08,8,0,1,0.19162916666666674,0.000364989711670205,-0.10973209887742996
dqn,2026,3207,51069,-10.14,14,0,1,0.19140750000000006,0.01512594474479556,-0.03842650540173054
dqn,2026,3208,51089,-10.2,20,0,1,0.19109083333333332,0.06177713153883815,-0.10554534345865249
dqn,2026,3209,51105,-10.16,16,0,1,0.1908375,0.006239796988666058,-0.2618989273905754
dqn,2026,3210,51115,-10.1,10,0,1,0.19067916666666673,0.0016837363364174962,-0.015603534877300262
dqn,2026,3211,51164,-10.49,49,0,1,0.1899033333333333,0.004029385987311029,-0.20826662389131692
dqn,2026,3212,51215,-10.51,51,0,1,0.18909583333333335,0.004683094055508263,-0.24151312249402204
dqn,2026,3213,51220,-10.049999999999999,5,0,1,0.18901666666666672,0.0005902343546040356,-0.01824730634689331
dqn,2026,3214,51247,-10.27,27,0,1,0.1885891666666667,0.0010333643682921927,-0.23319730162620544
dqn,2026,3215,51249,-10.02,2,0,1,0.18855750000000004,0.00025288655888289213,-0.43941155076026917
dqn,2026,3216,51266,-10.17,17,0,1,0.18828833333333328,0.004952610732289031,-0.021819688379764557
dqn,2026,3217,51351,-10.85,85,0,1,0.1869425,0.005205786177178933,-0.23584602329702603
dqn,2026,3218,51402,-10.51,51,0,1,0.18613500000000005,0.001994169180621751,-0.183078877054728
dqn,2026,3219,51444,-10.42,42,0,1,0.18547000000000002,0.0008175851147494872,-0.11906801164150238
dqn,2026,3220,51462,-10.18,18,0,1,0.18518500000000004,0.0013709825871046633,-0.3405957259237766
dqn,2026,3221,51472,-10.1,10,0,1,0.18502666666666667,0.0010484797288275634,-0.16024561474720636
dqn,2026,3222,51574,-11.02,102,0,1,0.18341166666666664,0.035969135669292884,-0.28908378034830096
dqn,2026,3223,51583,-10.09,9,0,1,0.1832691666666667,0.0034755251836031675,-0.12829668819904327
dqn,2026,3224,51599,-10.16,16,0,1,0.18301583333333338,0.06913707591593266,-0.07135600969195366
dqn,2026,3225,51645,-10.46,46,0,1,0.18228750000000005,0.026418095900832366,-0.10342939880987008
dqn,2026,3226,51727,-10.82,82,0,1,0.18098916666666676,0.035426800274581186,-0.10073274075984955
dqn,2026,3227,51757,-10.3,30,0,1,0.18051416666666664,0.03141082137153717,-0.5449273278936744
dqn,2026,3228,51763,-10.06,6,0,1,0.18041916666666669,0.0007720602443441749,0.223078191280365
dqn,2026,3229,51965,-12.020000000000001,202,0,1,0.17722083333333338,0.0071810963980205285,-0.206000411919519
dqn,2026,3230,52031,-10.66,66,0,1,0.17617583333333342,0.0035729497594729764,-0.22625801200047135
dqn,2026,3231,52057,-10.26,26,0,1,0.17576416666666672,0.010148440670621182,-0.4785147500889642
dqn,2026,3232,52059,-10.02,2,0,1,0.17573249999999996,,
dqn,2026,3233,52141,-10.82,82,0,1,0.17443416666666667,0.04130933100878749,-0.3173513238628705
dqn,2026,3234,52147,-10.06,6,0,1,0.1743391666666667,0.00046082158223725855,0.37103068828582764
dqn,2026,3235,52195,-10.48,48,0,1,0.17357916666666673,0.0023417004073659578,-0.16583182786901793
dqn,2026,3236,52203,-10.08,8,0,1,0.1734525,0.0011976223322562873,-0.2590736150741577
dqn,2026,3237,52231,-10.28,28,0,1,0.17300916666666666,0.002147738235570224,-0.2783704698085785
dqn,2026,3238,52274,-10.43,43,0,1,0.17232833333333342,0.02092975083558651,-0.2450344921513037
dqn,2026,3239,52361,-10.870000000000001,87,0,1,0.17095083333333339,0.0016459347766199658,-0.3182981999760324
dqn,2026,3240,52380,-10.19,19,0,1,0.17065000000000008,0.03810852950555273,-0.38424749970436095
dqn,2026,3241,52385,-10.049999999999999,5,0,1,0.17057083333333334,0.0003417814732529223,-0.10889473557472229
dqn,2026,3242,52413,-10.28,28,0,1,0.1701275,0.0014768248365726322,-0.21857549675873347
dqn,2026,3243,52444,-10.31,31,0,1,0.16963666666666666,0.009856312477495521,-0.31660089269280434
dqn,2026,3244,52470,-10.26,26,0,1,0.16922499999999996,0.0009388754381992234,-0.10687278831998508
dqn,2026,3245,52508,-10.38,38,0,1,0.16862333333333335,0.02875840442138724,-0.3282585978507996
dqn,2026,3246,52510,-10.02,2,0,1,0.1685916666666667,,
dqn,2026,3247,52522,-10.12,12,0,1,0.16840166666666678,0.0026778432074934244,-0.21954583128293356
dqn,2026,3248,52533,-10.11,11,0,1,0.16822749999999997,0.002035168571940934,-0.15421433746814728
dqn,2026,3249,52590,-10.57,57,0,1,0.16732500000000006,0.0019400804469894087,-0.08941059346709933
dqn,2026,3250,52610,9.8,20,1,0,0.16700833333333331,0.0009429062571143732,0.057760870456695555
dqn,2026,3251,52614,-10.04,4,0,1,0.166945,0.0032631298527121544,-0.10046328604221344
dqn,2026,3252,52626,-10.12,12,0,1,0.1667550000000001,0.0005734250298701227,-0.38990019758542377
dqn,2026,3253,52638,-10.12,12,0,1,0.16656500000000007,0.06158360755459095,-0.1165925810734431
dqn,2026,3254,52650,-10.12,12,0,1,0.16637500000000005,0.001081317663192749,-0.2671317011117935
dqn,2026,3255,52664,-10.14,14,0,1,0.16615333333333338,0.0012757290824083611,-0.19730978831648827
dqn,2026,3256,52689,-10.25,25,0,1,0.1657575,0.009070115610181043,-0.4288795242706935
dqn,2026,3257,52706,-10.17,17,0,1,0.16548833333333346,0.04729761224007234,-0.2625179495662451
dqn,2026,3258,52752,-10.46,46,0,1,0.16476000000000002,0.0034437887952663004,-0.2706899686406056
dqn,2026,3259,52757,-10.049999999999999,5,0,1,0.1646808333333334,0.0033604882191866636,-0.08961257338523865
dqn,2026,3260,52795,-10.38,38,0,1,0.16407916666666666,0.0011586051421343451,-0.2389591799841987
dqn,2026,3261,52810,-10.15,15,0,1,0.16384166666666677,0.0008461749748676084,-0.1066597681492567
dqn,2026,3262,52824,-10.14,14,0,1,0.1636200000000001,0.0008810010185698047,-0.2771896682679653
dqn,2026,3263,52836,-10.12,12,0,1,0.16342999999999996,0.00138814008096233,-0.28241777420043945
dqn,2026,3264,52844,-10.08,8,0,1,0.16330333333333336,0.005920914234593511,-0.17867130041122437
dqn,2026,3265,52850,-10.06,6,0,1,0.1632083333333334,0.0018373600905761123,-0.42146921157836914
dqn,2026,3266,52870,-10.2,20,0,1,0.16289166666666677,0.0007661475625354797,-0.14303214251995086
dqn,2026,3267,52926,-10.56,56,0,1,0.16200500000000007,0.00097496658522037,-0.14585125339882715
dqn,2026,3268,52945,-10.19,19,0,1,0.16170416666666676,0.0005911410495173186,-0.0814706802368164
dqn,2026,3269,52979,-10.34,34,0,1,0.16116583333333334,0.021749474624812137,-0.18459832295775414
dqn,2026,3270,52991,-10.12,12,0,1,0.16097583333333343,0.005292761236584435,-0.0075428783893585205
dqn,2026,3271,53010,-10.19,19,0,1,0.16067500000000012,0.003909222665242851,-0.2246579647064209
dqn,2026,3272,53028,-10.18,18,0,1,0.16039000000000003,0.081225073360838,-0.15700522363185881
dqn,2026,3273,53034,-10.06,6,0,1,0.16029500000000008,0.002729798201471567,-0.09838354587554932
dqn,2026,3274,53045,-10.11,11,0,1,0.16012083333333338,0.0018917927130435903,-0.38503595689932507
dqn,2026,3275,53055,-10.1,10,0,1,0.1599625,0.002146716578863561,-0.37254928052425385
dqn,2026,3276,53069,-10.14,14,0,1,0.15974083333333344,0.01463997142855078,-0.18978225998580456
dqn,2026,3277,53193,-11.24,124,0,1,0.15777750000000013,0.02814810068887328,-0.288563953051644
dqn,2026,3278,53296,-11.030000000000001,103,0,1,0.15614666666666677,0.0033139679580926895,-0.2516979188300096
dqn,2026,3279,53335,-10.39,39,0,1,0.15552916666666672,0.0058513493923884295,-0.5192282108796967
dqn,2026,3280,53387,-10.52,52,0,1,0.15470583333333332,0.015873567004186604,-0.16933098435401917
dqn,2026,3281,53498,-11.110000000000001,111,0,1,0.15294833333333335,0.01651064411063479,-0.1574072977527976
dqn,2026,3282,53505,-10.07,7,0,1,0.15283749999999996,0.0035105301067233086,-0.206361286342144
dqn,2026,3283,53508,-10.03,3,0,1,0.15278999999999998,0.003229643916711211,-0.6261609196662903
dqn,2026,3284,53525,-10.17,17,0,1,0.15252083333333333,0.002492463252565358,-0.03743230365216732
dqn,2026,3285,53546,-10.209999999999999,21,0,1,0.15218833333333337,0.0040549531229771675,-0.07514860928058624
dqn,2026,3286,53663,-11.17,117,0,1,0.15033583333333345,0.0032020017799744703,-0.13904974198546902
dqn,2026,3287,53681,-10.18,18,0,1,0.15005083333333336,0.001974922919180244,-0.0870104819536209
dqn,2026,3288,53769,9.12,88,1,0,0.1486575,0.008790315337881277,-0.1667281754992225
dqn,2026,3289,53798,-10.29,29,0,1,0.14819833333333343,0.001710971152143819,-0.2176951106105532
dqn,2026,3290,53842,-10.44,44,0,1,0.14750166666666675,0.0016721125866752118,-0.09513174877925352
dqn,2026,3291,53845,-10.03,3,0,1,0.14745416666666677,0.0030228919349610806,0.06106104701757431
dqn,2026,3292,53917,-10.72,72,0,1,0.14631416666666675,0.0008609169639789292,-0.23579134999050033
dqn,2026,3293,53920,-10.03,3,0,1,0.14626666666666677,0.0008716150186955929,-0.10871399939060211
dqn,2026,3294,54054,8.66,134,1,0,0.14414499999999997,0.017234469277106902,-0.23196508577375702
dqn,2026,3295,54059,-10.049999999999999,5,0,1,0.14406583333333334,0.0010654802899807692,-0.11558376997709274
dqn,2026,3296,54107,9.52,48,1,0,0.14330583333333335,0.029108613370529685,-0.2794865320126216
dqn,2026,3297,54272,8.35,165,1,0,0.14069333333333345,0.01569265518836411,-0.27872506387176965
dqn,2026,3298,54301,9.71,29,1,0,0.14023416666666666,0.010070538002764806,-0.23946891512189591
dqn,2026,3299,54506,-12.05,205,0,1,0.13698833333333338,0.015921879848510977,-0.145666572831425
dqn,2026,3300,54762,-2.5599999999999894,256,0,0,0.13293500000000014,0.01829028235943042,-0.20287281624041498
dqn,2026,3301,54788,-10.26,26,0,1,0.13252333333333333,0.0026411968158624533,-0.15744885163647787
dqn,2026,3302,54843,9.45,55,1,0,0.13165250000000006,0.004889080856138697,-0.175247504734076
dqn,2026,3303,54912,-10.69,69,0,1,0.13056,0.011228181997365836,-0.2768583252198166
dqn,2026,3304,54936,-10.24,24,0,1,0.13018000000000007,0.024899089883547276,-0.4878472586472829
dqn,2026,3305,54951,-10.15,15,0,1,0.12994249999999996,0.000570136015691484,-0.004455899198849996
dqn,2026,3306,54970,-10.19,19,0,1,0.12964166666666666,0.00047968116705305875,0.01663793474435806
dqn,2026,3307,54995,-10.25,25,0,1,0.1292458333333334,0.001920726305494706,-0.2225997398296992
dqn,2026,3308,55041,-10.46,46,0,1,0.12851750000000006,0.02582348380140805,-0.16173696517944336
dqn,2026,3309,55047,-10.06,6,0,1,0.1284225000000001,0.002429158426821232,-0.6220521926879883
dqn,2026,3310,55063,-10.16,16,0,1,0.12816916666666678,0.0026314477872801945,-0.28644823282957077
dqn,2026,3311,55069,-10.06,6,0,1,0.1280741666666667,0.0008392099116463214,-0.45842882990837097
dqn,2026,3312,55161,9.08,92,1,0,0.12661750000000005,0.03747311999778385,-0.16722661208199419
dqn,2026,3313,55415,-12.53999999999999,254,0,1,0.12259583333333335,0.006660585332798609,-0.2357873280370046
dqn,2026,3314,55591,-11.760000000000002,176,0,1,0.11980916666666674,0.013281963826474648,-0.1777653181078759
dqn,2026,3315,55667,9.24,76,1,0,0.11860583333333341,0.012467885279635849,-0.3605702923316705
dqn,2026,3316,55743,-10.76,76,0,1,0.11740249999999997,0.013823395081042116,-0.13936126232147217
dqn,2026,3317,55795,-10.52,52,0,1,0.11657916666666679,0.0016552498273085803,-0.14061257873590177
dqn,2026,3318,55901,-11.06,106,0,1,0.11490083333333345,0.022765286106193713,-0.21964650573553862
dqn,2026,3319,55911,-10.1,10,0,1,0.11474250000000008,0.0026464441907592118,-0.44412271678447723
dqn,2026,3320,55930,-10.19,19,0,1,0.11444166666666666,0.0033661268767900764,-0.2859495460987091
dqn,2026,3321,56012,-10.82,82,0,1,0.11314333333333337,0.01031396143038624,-0.2210030314468202
dqn,2026,3322,56084,9.28,72,1,0,0.11200333333333345,0.016846479220677994,-0.19778848894768292
dqn,2026,3323,56144,-10.6,60,0,1,0.11105333333333345,0.022622847751093408,-0.29849532842636106
dqn,2026,3324,56400,-2.5599999999999894,256,0,0,0.1070000000000001,0.01362119825944319,-0.23443419358227402
dqn,2026,3325,56656,-2.5599999999999894,256,0,0,0.10294666666666663,0.010183189286635752,-0.21564094070345163
dqn,2026,3326,56831,-11.750000000000002,175,0,1,0.10017583333333335,0.010637046487021889,-0.19617686663256134
dqn,2026,3327,56840,-10.09,9,0,1,0.10003333333333331,0.0029115008170871684,-0.09501041968663533
dqn,2026,3328,56959,-11.190000000000001,119,0,1,0.09814916666666673,0.002415079385612224,-0.3015747990073829
dqn,2026,3329,56983,-10.24,24,0,1,0.09776916666666668,0.001487453882873524,-0.10786224404970805
dqn,2026,3330,57108,8.75,125,1,0,0.09579000000000004,0.01621784296230544,-0.08625870058313012
dqn,2026,3331,57255,8.53,147,1,0,0.0934625,0.013870979457553605,-0.15566114501820671
dqn,2026,3332,57324,9.31,69,1,0,0.09237000000000006,0.008749192023565734,-0.18483785912394524
dqn,2026,3333,57361,9.63,37,1,0,0.09178416666666678,0.0006767854210920632,-0.26299718850188786
dqn,2026,3334,57412,-10.51,51,0,1,0.0909766666666667,0.0012315069509965654,-0.2174332829622122
dqn,2026,3335,57433,-10.209999999999999,21,0,1,0.09064416666666664,0.07843274401966482,-0.37767785489559175
dqn,2026,3336,57650,-12.169999999999998,217,0,1,0.08720833333333344,0.015702860876141738,-0.15388727395070922
dqn,2026,3337,57665,-10.15,15,0,1,0.08697083333333344,0.004258997447323054,-0.4888163022696972
dqn,2026,3338,57667,-10.02,2,0,1,0.08693916666666679,,
dqn,2026,3339,57735,-10.68,68,0,1,0.08586249999999995,0.002276919927680865,-0.20990333749967463
dqn,2026,3340,57745,-10.1,10,0,1,0.08570416666666669,0.003264164629702767,-0.5865513483683268
dqn,2026,3341,57849,8.959999999999999,104,1,0,0.08405750000000012,0.0016671431994137282,-0.23271046177699015
dqn,2026,3342,57897,-10.48,48,0,1,0.08329750000000002,0.02707814764289651,-0.238127663731575
dqn,2026,3343,58042,8.549999999999999,145,1,0,0.08100166666666664,0.011753141613250287,-0.2248281283924977
dqn,2026,3344,58072,-10.3,30,0,1,0.08052666666666675,0.0304155427547812,-0.14517251681536436
dqn,2026,3345,58115,9.57,43,1,0,0.0798458333333334,0.006115388940088451,-0.37239057570695877
dqn,2026,3346,58154,-10.39,39,0,1,0.07922833333333346,0.01835445733158849,-0.14865572452545167
dqn,2026,3347,58157,-10.03,3,0,1,0.07918083333333337,0.0009138911264017224,-0.32880616188049316
dqn,2026,3348,58374,-12.169999999999998,217,0,1,0.07574500000000006,0.004687178209914472,-0.22737565222713682
dqn,2026,3349,58555,-11.81,181,0,1,0.07287916666666672,0.003563474010055264,-0.18534578631321588
dqn,2026,3350,58562,-10.07,7,0,1,0.07276833333333343,0.00021718823700211942,0.07568399608135223
dqn,2026,3351,58592,-10.3,30,0,1,0.07229333333333332,0.0003551274239725899,-0.2632965808734298
dqn,2026,3352,58650,-10.58,58,0,1,0.07137499999999997,0.06474035465570134,-0.18285031776343072
dqn,2026,3353,58700,-10.5,50,0,1,0.07058333333333333,0.017304525370351397,0.010272106299033532
dqn,2026,3354,58745,9.55,45,1,0,0.06987083333333344,0.003096958378922533,-0.21001074395396493
dqn,2026,3355,58982,7.630000000000006,237,1,0,0.06611833333333339,0.015751634668450313,-0.15341495722532272
dqn,2026,3356,59112,8.7,130,1,0,0.06406000000000012,0.0028678090020548552,-0.2168537996935122
dqn,2026,3357,59168,9.44,56,1,0,0.06317333333333341,0.0011754281731555238,-0.23476931772061757
dqn,2026,3358,59195,-10.27,27,0,1,0.06274583333333339,0.0428917021054076,-0.1390814185142517
dqn,2026,3359,59247,9.48,52,1,0,0.06192249999999999,0.002887757304751386,-0.1917547067770591
dqn,2026,3360,59270,9.77,23,1,0,0.06155833333333338,0.0009044120621789867,-0.1512097828090191
dqn,2026,3361,59281,9.89,11,1,0,0.061384166666666684,0.000732432856845359,-0.0026260962088902793
dqn,2026,3362,59321,-10.4,40,0,1,0.06075083333333331,0.0012229313928401099,0.029429273307323457
dqn,2026,3363,59364,9.57,43,1,0,0.06007000000000007,0.0018809970470928502,-0.05024491995573044
dqn,2026,3364,59387,9.77,23,1,0,0.05970583333333335,0.030108171387109906,0.03767315596342087
dqn,2026,3365,59415,9.72,28,1,0,0.05926250000000011,0.03482546218271766,-0.15403960538761957
dqn,2026,3366,59427,-10.12,12,0,1,0.05907249999999997,0.0010969458768765132,-0.05361147224903107
dqn,2026,3367,59439,-10.12,12,0,1,0.05888250000000006,0.002457642462104559,-0.10139862199624379
dqn,2026,3368,59456,-10.17,17,0,1,0.058613333333333406,0.0011973100365139544,-0.12346377968788147
dqn,2026,3369,59546,-10.9,90,0,1,0.057188333333333397,0.019735969531625,-0.12495833906260403
dqn,2026,3370,59550,-10.04,4,0,1,0.05712499999999998,0.0013828743249177933,0.0028357207775115967
dqn,2026,3371,59623,9.27,73,1,0,0.055969166666666736,0.014379685408332281,-0.13858515065577295
dqn,2026,3372,59693,9.3,70,1,0,0.05486083333333336,0.04061382933933702,-0.1487695694797569
dqn,2026,3373,59695,-10.02,2,0,1,0.05482916666666671,,
dqn,2026,3374,59718,9.77,23,1,0,0.0544650000000001,0.005597733780935717,0.01045530786116918
dqn,2026,3375,59736,-10.18,18,0,1,0.054180000000000006,0.001182555896230042,-0.1247104287147522
dqn,2026,3376,59755,9.81,19,1,0,0.0538791666666667,0.0024669593112776056,-0.23858538642525673
dqn,2026,3377,59780,9.75,25,1,0,0.05348333333333344,0.06015196354461035,-0.1637478002480098
dqn,2026,3378,59833,-10.53,53,0,1,0.052644166666666714,0.002861975759375267,-0.20354338334156916
dqn,2026,3379,59953,8.799999999999999,120,1,0,0.0507441666666667,0.010533409229052874,-0.17773486499985058
dqn,2026,3380,59976,9.77,23,1,0,0.05037999999999998,0.0008694420054477329,-0.24060859034458795
dqn,2026,3381,60013,-10.37,37,0,1,0.050000000000000044,0.052165461691199906,-0.16400245742665398
dqn,2026,3382,60032,-10.19,19,0,1,0.050000000000000044,0.0026995281921699645,-0.055694767832756044
dqn,2026,3383,60073,9.59,41,1,0,0.050000000000000044,0.004344907146878541,-0.12889499515295028
dqn,2026,3384,60108,9.65,35,1,0,0.050000000000000044,0.03230470041873761,-0.10278529756599003
dqn,2026,3385,60129,9.790000000000001,21,1,0,0.050000000000000044,0.0022211820469237864,-0.12080298215150834
dqn,2026,3386,60141,-10.12,12,0,1,0.050000000000000044,0.0015918384694183867,-0.166123037536939
dqn,2026,3387,60171,9.7,30,1,0,0.050000000000000044,0.04169044153864628,-0.2027765459247998
dqn,2026,3388,60255,9.16,84,1,0,0.050000000000000044,0.014952822063129307,-0.12079105632645744
dqn,2026,3389,60291,9.64,36,1,0,0.050000000000000044,0.002833245354445858,-0.09995989170339373
dqn,2026,3390,60330,-10.39,39,0,1,0.050000000000000044,0.022475774376653136,-0.19749992340803146
dqn,2026,3391,60420,9.1,90,1,0,0.050000000000000044,0.020289916580583413,-0.17632392275592554
dqn,2026,3392,60482,-10.620000000000001,62,0,1,0.050000000000000044,0.02676767248194665,0.0053502152363459265
dqn,2026,3393,60503,9.790000000000001,21,1,0,0.050000000000000044,0.006429671333171428,-0.19348081052303315
dqn,2026,3394,60514,-10.11,11,0,1,0.050000000000000044,0.008592010320474705,-0.2944764296213786
dqn,2026,3395,60605,9.09,91,1,0,0.050000000000000044,0.018716143423934347,-0.15940008636402048
dqn,2026,3396,60664,-10.59,59,0,1,0.050000000000000044,0.027698736816334227,-0.10940790226062139
dqn,2026,3397,60711,9.53,47,1,0,0.050000000000000044,0.01314814005904323,-0.08611555668440732
dqn,2026,3398,60764,-10.53,53,0,1,0.050000000000000044,0.010706890528256605,-0.050794050097465515
dqn,2026,3399,60838,9.26,74,1,0,0.050000000000000044,0.02504359610611573,-0.06924816427959336
dqn,2026,3400,60895,9.43,57,1,0,0.050000000000000044,0.030841848297443773,-0.08243798038789205
dqn,2026,3401,60917,9.78,22,1,0,0.050000000000000044,0.024809781190318365,-0.10935070365667343
dqn,2026,3402,61012,9.049999999999999,95,1,0,0.050000000000000044,0.023806997400242835,-0.14729289648433527
dqn,2026,3403,61039,-10.27,27,0,1,0.050000000000000044,0.0034061864910957715,0.026519715785980225
dqn,2026,3404,61091,9.48,52,1,0,0.050000000000000044,0.016155777087148566,-0.06487623086342445
dqn,2026,3405,61097,-10.06,6,0,1,0.050000000000000044,0.06832649931311607,-0.0012390315532684326
dqn,2026,3406,61122,-10.25,25,0,1,0.050000000000000044,0.005666933429893106,-0.1693943329155445
dqn,2026,3407,61153,9.69,31,1,0,0.050000000000000044,0.0014694148921989836,-0.008733964525163174
dqn,2026,3408,61192,9.61,39,1,0,0.050000000000000044,0.029841110541019587,-0.07105857580900192
dqn,2026,3409,61196,-10.04,4,0,1,0.050000000000000044,0.0022462219931185246,-0.16019538044929504
dqn,2026,3410,61247,9.49,51,1,0,0.050000000000000044,0.024824515770887956,-0.18122539638231197
dqn,2026,3411,61318,9.29,71,1,0,0.050000000000000044,0.020063486409425322,0.03181700325674481
dqn,2026,3412,61390,9.28,72,1,0,0.050000000000000044,0.03177182785778617,-0.17582137634356818
dqn,2026,3413,61426,-10.36,36,0,1,0.050000000000000044,0.011749531000128223,-0.1491574173172315
dqn,2026,3414,61453,9.73,27,1,0,0.050000000000000044,0.027156042267701457,0.025601643536772047
dqn,2026,3415,61477,-10.24,24,0,1,0.050000000000000044,0.030335219770980377,-0.06945700570940971
dqn,2026,3416,61508,9.69,31,1,0,0.050000000000000044,0.02259795111604035,-0.0660238154232502
dqn,2026,3417,61588,9.2,80,1,0,0.050000000000000044,0.019564432644983754,-0.022241298481822012
dqn,2026,3418,61715,8.729999999999999,127,1,0,0.050000000000000044,0.031784312164921676,-0.11634090230349571
dqn,2026,3419,61725,-10.1,10,0,1,0.050000000000000044,0.012992141069844365,-0.20876004298528036
dqn,2026,3420,61735,-10.1,10,0,1,0.050000000000000044,0.060789114562794566,0.10631527006626129
dqn,2026,3421,61846,-11.110000000000001,111,0,1,0.050000000000000044,0.013526940643454768,-0.16757833052958762
dqn,2026,3422,61922,-10.76,76,0,1,0.050000000000000044,0.019148615568778234,-0.07820976956894524
dqn,2026,3423,61974,-10.52,52,0,1,0.050000000000000044,0.023831838401607595,0.024106420576572418
dqn,2026,3424,62006,9.68,32,1,0,0.050000000000000044,0.008019888337003067,0.006723387166857719
dqn,2026,3425,62141,-11.350000000000001,135,0,1,0.050000000000000044,0.036008326240870005,-0.09185983722700793
dqn,2026,3426,62344,-12.030000000000001,203,0,1,0.050000000000000044,0.02271143156195096,-0.08433726678291957
dqn,2026,3427,62380,-10.36,36,0,1,0.050000000000000044,0.006647307865528597,-0.13190831243991852
dqn,2026,3428,62478,9.02,98,1,0,0.050000000000000044,0.019301040389109403,0.014836489533384642
dqn,2026,3429,62591,-11.13,113,0,1,0.050000000000000044,0.007251729207512524,-0.06064569976712976
dqn,2026,3430,62756,-11.65,165,0,1,0.050000000000000044,0.02165365266791057,-0.007487344777300244
dqn,2026,3431,62798,-10.42,42,0,1,0.050000000000000044,0.014850917784497143,-0.23516567051410675
dqn,2026,3432,62899,-11.01,101,0,1,0.050000000000000044,0.033720071986317636,0.0031942175328731537
dqn,2026,3433,62972,-10.73,73,0,1,0.050000000000000044,0.03135819905927699,-0.1694713717228488
dqn,2026,3434,63021,-10.49,49,0,1,0.050000000000000044,0.031568370875902474,0.01887204498052597
dqn,2026,3435,63095,-10.74,74,0,1,0.050000000000000044,0.04016175113307933,0.010731774071852366
dqn,2026,3436,63212,-11.17,117,0,1,0.050000000000000044,0.016227675039165963,0.03530698989828428
dqn,2026,3437,63250,-10.38,38,0,1,0.050000000000000044,0.0234787092388918,0.15087716778119406
dqn,2026,3438,63404,-11.540000000000001,154,0,1,0.050000000000000044,0.010012239564019136,-0.02603525162125245
dqn,2026,3439,63435,-10.31,31,0,1,0.050000000000000044,0.041477608461199064,0.010289013385772705
dqn,2026,3440,63548,8.87,113,1,0,0.050000000000000044,0.012636482057257974,0.030422252056927515
dqn,2026,3441,63640,-10.92,92,0,1,0.050000000000000044,0.012076734805621369,-0.0202501289870428
dqn,2026,3442,63690,-10.5,50,0,1,0.050000000000000044,0.017633552352587383,0.0020767366513609886
dqn,2026,3443,63701,9.89,11,1,0,0.050000000000000044,0.005090432823635638,-0.14052128791809082
dqn,2026,3444,63738,-10.37,37,0,1,0.050000000000000044,0.02801625021836824,0.06571678486135271
dqn,2026,3445,63753,9.85,15,1,0,0.050000000000000044,0.01193717835121788,0.0299714133143425
dqn,2026,3446,63812,-10.59,59,0,1,0.050000000000000044,0.024782680601735288,0.017130112648010253
dqn,2026,3447,63857,-10.45,45,0,1,0.050000000000000044,0.02796554264866493,0.18807361207225107
dqn,2026,3448,63896,-10.39,39,0,1,0.050000000000000044,0.012374723749235272,0.10047338455915451
dqn,2026,3449,63912,9.84,16,1,0,0.050000000000000044,0.00409627627232112,-0.2213442400097847
dqn,2026,3450,63960,9.52,48,1,0,0.050000000000000044,0.029670123049678903,0.055664340034127235
dqn,2026,3451,63976,-10.16,16,0,1,0.050000000000000044,0.03777199253090657,0.11765372939407825
dqn,2026,3452,64053,-10.77,77,0,1,0.050000000000000044,0.028563290907952347,-0.03339001477548951
dqn,2026,3453,64082,9.71,29,1,0,0.050000000000000044,0.015589814034423657,-0.02990174719265529
dqn,2026,3454,64147,-10.65,65,0,1,0.050000000000000044,0.0515893827250693,0.02995886653661728
dqn,2026,3455,64215,9.32,68,1,0,0.050000000000000044,0.042905726771363444,0.2512958593228284
dqn,2026,3456,64230,9.85,15,1,0,0.050000000000000044,0.04421836044639349,-0.1983307208865881
dqn,2026,3457,64287,-10.57,57,0,1,0.050000000000000044,0.03544374678416976,0.10979206753628594
dqn,2026,3458,64307,-10.2,20,0,1,0.050000000000000044,0.014530206192284822,0.05969557762145996
dqn,2026,3459,64380,-10.73,73,0,1,0.050000000000000044,0.011837890604510903,0.05778192238588082
dqn,2026,3460,64428,9.52,48,1,0,0.050000000000000044,0.015012448420748115,0.05033013472954432
dqn,2026,3461,64492,9.36,64,1,0,0.050000000000000044,0.011044496233807877,0.13570579700171947
dqn,2026,3462,64560,9.32,68,1,0,0.050000000000000044,0.026193185517673984,-0.045248057035838854
dqn,2026,3463,64591,9.69,31,1,0,0.050000000000000044,0.01013851970700281,0.061770500881331306
dqn,2026,3464,64627,9.64,36,1,0,0.050000000000000044,0.006329492381256487,0.1637913684050242
dqn,2026,3465,64686,-10.59,59,0,1,0.050000000000000044,0.018861242678637306,0.05066092014312744
dqn,2026,3466,64720,9.66,34,1,0,0.050000000000000044,0.037595185399469405,0.14786209331618416
dqn,2026,3467,64889,8.309999999999999,169,1,0,0.050000000000000044,0.02633999838837467,0.009883760962457884
dqn,2026,3468,64938,9.51,49,1,0,0.050000000000000044,0.031211024150252342,0.038380611377457775
dqn,2026,3469,64964,-10.26,26,0,1,0.050000000000000044,0.017032036557793617,0.10026260891130992
dqn,2026,3470,65006,9.58,42,1,0,0.050000000000000044,0.03850664985366166,0.014155837148427964
dqn,2026,3471,65021,9.85,15,1,0,0.050000000000000044,0.03621669043786824,0.003318293020129204
dqn,2026,3472,65051,-10.3,30,0,1,0.050000000000000044,0.062258572849844186,0.23586281282561167
dqn,2026,3473,65171,8.799999999999999,120,1,0,0.050000000000000044,0.052621238554517426,0.18119990229606628
dqn,2026,3474,65186,9.85,15,1,0,0.050000000000000044,0.07111675199121237,0.17363732121884823
dqn,2026,3475,65220,9.66,34,1,0,0.050000000000000044,0.029244387211898964,0.13153094549973807
dqn,2026,3476,65258,9.62,38,1,0,0.050000000000000044,0.06368552996880478,0.2018109220597479
dqn,2026,3477,65273,9.85,15,1,0,0.050000000000000044,0.031038549728691578,0.2621822711080313
dqn,2026,3478,65303,9.7,30,1,0,0.050000000000000044,0.06446597179664033,0.0073924799050603595
dqn,2026,3479,65316,-10.129999999999999,13,0,1,0.050000000000000044,0.04477704130113125,0.3444066569209099
dqn,2026,3480,65352,9.64,36,1,0,0.050000000000000044,0.07374450367771918,0.32840055723985034
dqn,2026,3481,65363,-10.11,11,0,1,0.050000000000000044,0.04797711316496134,0.1986216977238655
dqn,2026,3482,65481,-11.18,118,0,1,0.050000000000000044,0.03687068931758404,0.29913108895222346
dqn,2026,3483,65524,9.57,43,1,0,0.050000000000000044,0.019024143715135076,0.08009781349789012
dqn,2026,3484,65549,9.75,25,1,0,0.050000000000000044,0.03318552083025376,0.2414689635237058
dqn,2026,3485,65632,9.17,83,1,0,0.050000000000000044,0.04548049141608533,0.2853889287937255
dqn,2026,3486,65634,-10.02,2,0,1,0.050000000000000044,,
dqn,2026,3487,65702,9.32,68,1,0,0.050000000000000044,0.039937236948924905,0.2630207516691264
dqn,2026,3488,65741,-10.39,39,0,1,0.050000000000000044,0.02065770709887147,0.29732393100857735
dqn,2026,3489,65762,-10.209999999999999,21,0,1,0.050000000000000044,0.025412031821906565,0.3013251483440399
dqn,2026,3490,65791,-10.29,29,0,1,0.050000000000000044,0.01937380526214838,0.16790166710104262
dqn,2026,3491,65802,9.89,11,1,0,0.050000000000000044,0.04710048623383045,0.18274409572283426
dqn,2026,3492,65856,9.46,54,1,0,0.050000000000000044,0.029548765559281622,0.3064416434083666
dqn,2026,3493,65871,9.85,15,1,0,0.050000000000000044,0.03552839268619815,0.37543340524037677
dqn,2026,3494,66076,-12.05,205,0,1,0.050000000000000044,0.04811851673114758,0.20781847218481395
dqn,2026,3495,66115,9.61,39,1,0,0.050000000000000044,0.05862522746125857,0.25340145495202804
dqn,2026,3496,66138,-10.23,23,0,1,0.050000000000000044,0.08667572339375813,0.4029768904050191
dqn,2026,3497,66289,-11.510000000000002,151,0,1,0.050000000000000044,0.04289796235235898,0.35395685779420955
dqn,2026,3498,66313,9.76,24,1,0,0.050000000000000044,0.03416849424441656,0.4367322375377019
dqn,2026,3499,66362,-10.49,49,0,1,0.050000000000000044,0.05117761056559781,0.18765550355116525
dqn,2026,3500,66397,9.65,35,1,0,0.050000000000000044,0.0381853844349583,0.17576084203190273
dqn,2026,3501,66506,-11.09,109,0,1,0.050000000000000044,0.04263168735498631,0.2963831239828357
dqn,2026,3502,66560,-10.54,54,0,1,0.050000000000000044,0.03013948502484709,0.25680038439376013
dqn,2026,3503,66681,8.79,121,1,0,0.050000000000000044,0.03683797371728967,0.3599770387013753
dqn,2026,3504,66874,-11.930000000000001,193,0,1,0.050000000000000044,0.03821385990401419,0.34009179441879195
dqn,2026,3505,66880,-10.06,6,0,1,0.050000000000000044,0.05867465911433101,0.2764868289232254
dqn,2026,3506,66993,-11.13,113,0,1,0.050000000000000044,0.04752125386481306,0.2139099490429674
dqn,2026,3507,67058,9.35,65,1,0,0.050000000000000044,0.08519295309088193,0.245971389580518
dqn,2026,3508,67076,9.82,18,1,0,0.050000000000000044,0.1644088938832283,0.23726885616779328
dqn,2026,3509,67137,-10.61,61,0,1,0.050000000000000044,0.09647142576674621,0.5330670793851217
dqn,2026,3510,67159,9.78,22,1,0,0.050000000000000044,0.10639796368777751,0.36416439414024354
dqn,2026,3511,67189,9.7,30,1,0,0.050000000000000044,0.10945521993562579,0.4484121520072222
dqn,2026,3512,67191,-10.02,2,0,1,0.050000000000000044,,
dqn,2026,3513,67208,9.83,17,1,0,0.050000000000000044,0.09528054296970367,0.26224187314510344
dqn,2026,3514,67221,9.870000000000001,13,1,0,0.050000000000000044,0.04373348504304886,0.2784341424703598
dqn,2026,3515,67245,9.76,24,1,0,0.050000000000000044,0.06809651013463736,0.5865086317062378
dqn,2026,3516,67278,9.67,33,1,0,0.050000000000000044,0.09656996093690395,0.4085839679464698
dqn,2026,3517,67291,9.870000000000001,13,1,0,0.050000000000000044,0.06444056021670501,0.44867609937985736
dqn,2026,3518,67308,9.83,17,1,0,0.050000000000000044,0.10807551816105843,0.33403724133968354
dqn,2026,3519,67321,-10.129999999999999,13,0,1,0.050000000000000044,0.05400886883338293,0.7585380474726359
dqn,2026,3520,67350,9.71,29,1,0,0.050000000000000044,0.08204856142401695,0.1024915065084185
dqn,2026,3521,67383,9.67,33,1,0,0.050000000000000044,0.08191561372950673,0.6065395437180996
dqn,2026,3522,67412,9.71,29,1,0,0.050000000000000044,0.1282914156327024,0.4649187568575144
dqn,2026,3523,67500,-10.88,88,0,1,0.050000000000000044,0.11194486797533253,0.41683183712038124
dqn,2026,3524,67532,9.68,32,1,0,0.050000000000000044,0.12204717192798853,0.5295802690088749
dqn,2026,3525,67654,8.78,122,1,0,0.050000000000000044,0.08793923997630676,0.42588270803292594
dqn,2026,3526,67676,9.78,22,1,0,0.050000000000000044,0.10056215027968089,0.3164854645729065
dqn,2026,3527,67743,-10.67,67,0,1,0.050000000000000044,0.10472900862805545,0.39200665010139346
dqn,2026,3528,67778,9.65,35,1,0,0.050000000000000044,0.08886111920906438,0.4959493511252933
dqn,2026,3529,67835,-10.57,57,0,1,0.050000000000000044,0.04102993477135897,0.39524112003190176
dqn,2026,3530,67860,9.75,25,1,0,0.050000000000000044,0.056019043017710955,0.5370908209255764
dqn,2026,3531,67895,9.65,35,1,0,0.050000000000000044,0.07303151185624301,0.48110563308000565
dqn,2026,3532,67915,9.8,20,1,0,0.050000000000000044,0.053720136359333995,0.19261529445648193
dqn,2026,3533,67931,9.84,16,1,0,0.050000000000000044,0.08068288024514914,0.4353829547762871
dqn,2026,3534,67948,9.83,17,1,0,0.050000000000000044,0.047086355090141294,0.7523869633674621
dqn,2026,3535,68004,9.44,56,1,0,0.050000000000000044,0.07897660774844033,0.5223497929317611
dqn,2026,3536,68021,9.83,17,1,0,0.050000000000000044,0.16702010203152895,0.42025305330753326
dqn,2026,3537,68052,9.69,31,1,0,0.050000000000000044,0.14379108836874366,0.7037497460842133
dqn,2026,3538,68119,-10.67,67,0,1,0.050000000000000044,0.1627692166948691,0.6173294708132744
dqn,2026,3539,68175,-10.56,56,0,1,0.050000000000000044,0.130338600437556,0.6252748817205429
dqn,2026,3540,68431,-2.5599999999999894,256,0,0,0.050000000000000044,0.1201239549118327,0.6438912372104824
dqn,2026,3541,68533,8.98,102,1,0,0.050000000000000044,0.12455039528700021,0.6478768535531484
dqn,2026,3542,68760,-12.269999999999996,227,0,1,0.050000000000000044,0.12361277902923655,0.696127686584205
dqn,2026,3543,68815,-10.55,55,0,1,0.050000000000000044,0.08930086158216,0.6147683340196426
dqn,2026,3544,68917,-11.02,102,0,1,0.050000000000000044,0.11098711651105148,0.6486826269672468
dqn,2026,3545,69173,-2.5599999999999894,256,0,0,0.050000000000000044,0.15839704632526264,0.819731104420498
dqn,2026,3546,69316,-11.430000000000001,143,0,1,0.050000000000000044,0.13676294177356693,0.8998055929938952
dqn,2026,3547,69333,9.83,17,1,0,0.050000000000000044,0.23613475263118744,0.911695271730423
dqn,2026,3548,69385,9.48,52,1,0,0.050000000000000044,0.16729336690444213,0.7691816366635836
dqn,2026,3549,69403,9.82,18,1,0,0.050000000000000044,0.111360814422369,0.798936665058136
dqn,2026,3550,69480,9.23,77,1,0,0.050000000000000044,0.14469913989305497,0.8660511650145054
dqn,2026,3551,69736,-2.5599999999999894,256,0,0,0.050000000000000044,0.16122129929135554,0.9446666482836008
dqn,2026,3552,69761,9.75,25,1,0,0.050000000000000044,0.20544272909561792,1.1585630873839061
dqn,2026,3553,70017,-2.5599999999999894,256,0,0,0.050000000000000044,0.12054568083840422,0.9511294742114842
dqn,2026,3554,70030,9.870000000000001,13,1,0,0.050000000000000044,0.17899041374524435,1.4009664456049602
dqn,2026,3555,70066,9.64,36,1,0,0.050000000000000044,0.21078868210315704,1.0951017671161227
dqn,2026,3556,70081,9.85,15,1,0,0.050000000000000044,0.17526333034038544,1.1235252767801285
dqn,2026,3557,70106,-10.25,25,0,1,0.050000000000000044,0.2016858607530594,1.338499387105306
dqn,2026,3558,70121,9.85,15,1,0,0.050000000000000044,0.1894068494439125,1.1455225944519043
dqn,2026,3559,70135,9.86,14,1,0,0.050000000000000044,0.23652615149815878,1.1262755393981934
dqn,2026,3560,70146,9.89,11,1,0,0.050000000000000044,0.22101764877637228,1.2855850458145142
dqn,2026,3561,70162,9.84,16,1,0,0.050000000000000044,0.21996213495731354,1.1117820739746094
dqn,2026,3562,70178,9.84,16,1,0,0.050000000000000044,0.19631529226899147,1.550914704799652
dqn,2026,3563,70192,9.86,14,1,0,0.050000000000000044,0.15705136768519878,1.0630907863378525
dqn,2026,3564,70205,9.870000000000001,13,1,0,0.050000000000000044,0.17074110358953476,1.652156114578247
dqn,2026,3565,70232,-10.27,27,0,1,0.050000000000000044,0.14536961114832334,1.1588475704193115
dqn,2026,3566,70322,-10.9,90,0,1,0.050000000000000044,0.16619499027729034,1.1992887692017988
dqn,2026,3567,70333,9.89,11,1,0,0.050000000000000044,0.16372214754422507,1.1388516426086426
dqn,2026,3568,70349,9.84,16,1,0,0.050000000000000044,0.15726709179580212,1.493070125579834
dqn,2026,3569,70363,9.86,14,1,0,0.050000000000000044,0.1874613811572393,1.247753620147705
dqn,2026,3570,70379,9.84,16,1,0,0.050000000000000044,0.2204503621906042,1.2636909186840057
dqn,2026,3571,70412,9.67,33,1,0,0.050000000000000044,0.14484453366862404,1.318608197900984
dqn,2026,3572,70425,-10.129999999999999,13,0,1,0.050000000000000044,0.1739408572514852,1.0606853167215984
dqn,2026,3573,70458,9.67,33,1,0,0.050000000000000044,0.1378876930102706,1.358061008155346
dqn,2026,3574,70477,9.81,19,1,0,0.050000000000000044,0.1675674945116043,1.280057716369629
dqn,2026,3575,70494,9.83,17,1,0,0.050000000000000044,0.12439737748354673,1.2984870374202728
dqn,2026,3576,70570,9.24,76,1,0,0.050000000000000044,0.15633573000760456,1.3403674426831698
dqn,2026,3577,70694,8.76,124,1,0,0.050000000000000044,0.14626063045955473,1.2295187038760031
dqn,2026,3578,70707,9.870000000000001,13,1,0,0.050000000000000044,0.1372400795420011,1.344042460123698
dqn,2026,3579,70723,9.84,16,1,0,0.050000000000000044,0.12102633900940418,1.4753828644752502
dqn,2026,3580,70739,9.84,16,1,0,0.050000000000000044,0.16024716012179852,1.3200284987688065
dqn,2026,3581,70757,-10.18,18,0,1,0.050000000000000044,0.18505356162786485,1.3404691219329834
dqn,2026,3582,70773,9.84,16,1,0,0.050000000000000044,0.1712052207440138,1.4454436600208282
dqn,2026,3583,70786,9.870000000000001,13,1,0,0.050000000000000044,0.2127427856127421,1.537797172864278
dqn,2026,3584,70819,9.67,33,1,0,0.050000000000000044,0.14863845519721508,1.039923295378685
dqn,2026,3585,70836,-10.17,17,0,1,0.050000000000000044,0.15472313463687898,1.3720281362533568
dqn,2026,3586,70851,-10.15,15,0,1,0.050000000000000044,0.18468807140986124,1.2695642709732056
dqn,2026,3587,70921,-10.7,70,0,1,0.050000000000000044,0.18548595077461666,1.2768638564480677
dqn,2026,3588,70930,-10.09,9,0,1,0.050000000000000044,0.1496998444199562,1.318386197090149
dqn,2026,3589,70946,9.84,16,1,0,0.050000000000000044,0.1222025454044342,1.001667246222496
dqn,2026,3590,70993,9.53,47,1,0,0.050000000000000044,0.17512884425620237,1.1493811706701915
dqn,2026,3591,71006,9.870000000000001,13,1,0,0.050000000000000044,0.22602165242036185,1.6200822591781616
dqn,2026,3592,71017,9.89,11,1,0,0.050000000000000044,0.19915799299875894,1.5744532346725464
dqn,2026,3593,71038,9.790000000000001,21,1,0,0.050000000000000044,0.20396827161312103,1.7175975561141967
dqn,2026,3594,71083,9.55,45,1,0,0.050000000000000044,0.21448287706483493,1.4112093231894753
dqn,2026,3595,71098,-10.15,15,0,1,0.050000000000000044,0.1507334914058447,1.2598159611225128
dqn,2026,3596,71112,9.86,14,1,0,0.050000000000000044,0.1665400080382824,1.6423632204532623
dqn,2026,3597,71116,-10.04,4,0,1,0.050000000000000044,0.3319137394428253,1.8161941766738892
dqn,2026,3598,71129,9.870000000000001,13,1,0,0.050000000000000044,0.13467479745546976,1.4722481568654378
dqn,2026,3599,71149,9.8,20,1,0,0.050000000000000044,0.19811289608478547,1.4663124561309815
dqn,2026,3600,71163,9.86,14,1,0,0.050000000000000044,0.2189325491587321,1.8472661972045898
dqn,2026,3601,71176,9.870000000000001,13,1,0,0.050000000000000044,0.15356506407260895,1.5062083899974823
dqn,2026,3602,71190,9.86,14,1,0,0.050000000000000044,0.27684562901655835,1.3356009324391682
dqn,2026,3603,71212,9.78,22,1,0,0.050000000000000044,0.17946399996678034,1.911595384279887
dqn,2026,3604,71254,9.58,42,1,0,0.050000000000000044,0.14423897936940194,1.491928505897522
dqn,2026,3605,71267,9.870000000000001,13,1,0,0.050000000000000044,0.1870199739933014,1.6473160584767659
dqn,2026,3606,71281,9.86,14,1,0,0.050000000000000044,0.18704180046916008,1.4758598804473877
dqn,2026,3607,71298,9.83,17,1,0,0.050000000000000044,0.11502152867615223,1.5406036376953125
dqn,2026,3608,71323,9.75,25,1,0,0.050000000000000044,0.15657091761628786,1.5128154754638672
dqn,2026,3609,71353,-10.3,30,0,1,0.050000000000000044,0.16951107932254672,1.5461040884256363
dqn,2026,3610,71381,9.72,28,1,0,0.050000000000000044,0.22636421344109944,1.570404291152954
dqn,2026,3611,71394,9.870000000000001,13,1,0,0.050000000000000044,0.2075976183017095,1.593839963277181
dqn,2026,3612,71405,9.89,11,1,0,0.050000000000000044,0.10657680779695511,1.4221110741297405
dqn,2026,3613,71426,9.790000000000001,21,1,0,0.050000000000000044,0.1441040024161339,1.7132153749465941
dqn,2026,3614,71455,9.71,29,1,0,0.050000000000000044,0.1338979463492121,1.4321014370237077
dqn,2026,3615,71471,9.84,16,1,0,0.050000000000000044,0.14407716132700443,1.389392912387848
dqn,2026,3616,71475,-10.04,4,0,1,0.050000000000000044,0.15741707384586334,1.3757243156433105
dqn,2026,3617,71488,9.870000000000001,13,1,0,0.050000000000000044,0.12606426142156124,1.6183079779148102
dqn,2026,3618,71499,9.89,11,1,0,0.050000000000000044,0.11091694980859756,1.7044086456298828
dqn,2026,3619,71592,9.07,93,1,0,0.050000000000000044,0.15458141500130296,1.5742202724019687
dqn,2026,3620,71607,9.85,15,1,0,0.050000000000000044,0.16202522814273834,1.121223251024882
dqn,2026,3621,71643,9.64,36,1,0,0.050000000000000044,0.13236892968416214,1.6702624559402466
dqn,2026,3622,71654,9.89,11,1,0,0.050000000000000044,0.11418108642101288,1.3366194168726604
dqn,2026,3623,71665,9.89,11,1,0,0.050000000000000044,0.14729972928762436,1.3326750199000041
dqn,2026,3624,71687,9.78,22,1,0,0.050000000000000044,0.17640164941549302,1.371127450466156
dqn,2026,3625,71707,9.8,20,1,0,0.050000000000000044,0.1789788544178009,1.6644598722457886
dqn,2026,3626,71725,9.82,18,1,0,0.050000000000000044,0.13315253853797912,1.6563074350357057
dqn,2026,3627,71749,9.76,24,1,0,0.050000000000000044,0.14827655628323555,1.333881437778473
dqn,2026,3628,71788,9.61,39,1,0,0.050000000000000044,0.17375277280807494,1.66488037109375
dqn,2026,3629,71815,9.73,27,1,0,0.050000000000000044,0.11501246814926465,1.4064595997333527
dqn,2026,3630,71819,-10.04,4,0,1,0.050000000000000044,0.14540475606918335,1.5693957805633545
dqn,2026,3631,71835,9.84,16,1,0,0.050000000000000044,0.18597631994634867,1.7089467644691467
dqn,2026,3632,71880,9.55,45,1,0,0.050000000000000044,0.1219019324829181,1.482931802670161
dqn,2026,3633,71894,9.86,14,1,0,0.050000000000000044,0.14295565585295358,1.759994347890218
dqn,2026,3634,71909,9.85,15,1,0,0.050000000000000044,0.17623491398990154,1.9206015765666962
dqn,2026,3635,71926,9.83,17,1,0,0.050000000000000044,0.15339858643710613,1.3471181392669678
dqn,2026,3636,71942,9.84,16,1,0,0.050000000000000044,0.1063345205038786,1.3397846817970276
dqn,2026,3637,71957,9.85,15,1,0,0.050000000000000044,0.12176773510873318,1.5494148135185242
dqn,2026,3638,71968,9.89,11,1,0,0.050000000000000044,0.09646594524383545,1.6166622638702393
dqn,2026,3639,71996,9.72,28,1,0,0.050000000000000044,0.132756878222738,1.6619273594447546
dqn,2026,3640,72023,-10.27,27,0,1,0.050000000000000044,0.25331080829103786,2.0028412342071533
dqn,2026,3641,72154,8.69,131,1,0,0.050000000000000044,0.23106755338834994,1.955181649236968
dqn,2026,3642,72212,-10.58,58,0,1,0.050000000000000044,0.20669757028420765,2.0929528872172036
dqn,2026,3643,72274,-10.620000000000001,62,0,1,0.050000000000000044,0.22103290756543478,1.984764297803243
dqn,2026,3644,72340,-10.66,66,0,1,0.050000000000000044,0.26431460240307975,1.9824445598265703
dqn,2026,3645,72415,-10.75,75,0,1,0.050000000000000044,0.22096506651077005,2.14056263367335
dqn,2026,3646,72470,9.45,55,1,0,0.050000000000000044,0.20294579650674546,1.9642873917307173
dqn,2026,3647,72583,-11.13,113,0,1,0.050000000000000044,0.20219589610184943,1.9841506353446416
dqn,2026,3648,72666,9.17,83,1,0,0.050000000000000044,0.19732085083212172,2.147232555207752
dqn,2026,3649,72788,-11.22,122,0,1,0.050000000000000044,0.1655008590990497,2.164379600555666
dqn,2026,3650,72894,8.94,106,1,0,0.050000000000000044,0.18673057854175568,2.2238446657474222
dqn,2026,3651,72918,9.76,24,1,0,0.050000000000000044,0.17412375658750534,1.9716166655222576
dqn,2026,3652,72959,-10.41,41,0,1,0.050000000000000044,0.1769615240395069,2.281698524951935
dqn,2026,3653,73005,9.54,46,1,0,0.050000000000000044,0.1975742975870768,2.0359426538149514
dqn,2026,3654,73033,-10.28,28,0,1,0.050000000000000044,0.3445666432380676,2.713064636502947
dqn,2026,3655,73049,-10.16,16,0,1,0.050000000000000044,0.2663808651268482,2.3798381686210632
dqn,2026,3656,73086,9.63,37,1,0,0.050000000000000044,0.30765848027335274,2.774241659376356
dqn,2026,3657,73097,9.89,11,1,0,0.050000000000000044,0.2429032325744629,2.4066126346588135
dqn,2026,3658,73128,-10.31,31,0,1,0.050000000000000044,0.24408316239714622,2.620194375514984
dqn,2026,3659,73165,-10.37,37,0,1,0.050000000000000044,0.22626258929570517,2.8131724993387857
dqn,2026,3660,73223,-10.58,58,0,1,0.050000000000000044,0.2208359262772969,2.765608881201063
dqn,2026,3661,73245,9.78,22,1,0,0.050000000000000044,0.20920632779598236,2.8762338558832803
dqn,2026,3662,73311,9.34,66,1,0,0.050000000000000044,0.2054782835766673,2.9800608158111572
dqn,2026,3663,73396,9.15,85,1,0,0.050000000000000044,0.23005978051911702,3.027961254119873
dqn,2026,3664,73461,-10.65,65,0,1,0.050000000000000044,0.21953981555998325,2.7816074788570404
dqn,2026,3665,73539,-10.780000000000001,78,0,1,0.050000000000000044,0.1761312449448987,2.77886018000151
dqn,2026,3666,73567,9.72,28,1,0,0.050000000000000044,0.20453442633152008,2.9928509848458424
dqn,2026,3667,73593,9.74,26,1,0,0.050000000000000044,0.21833704624857223,2.887063946042742
dqn,2026,3668,73623,-10.3,30,0,1,0.050000000000000044,0.20768766743796213,2.756937026977539
dqn,2026,3669,73631,-10.08,8,0,1,0.050000000000000044,0.16850196197628975,2.287563920021057
dqn,2026,3670,73686,9.45,55,1,0,0.050000000000000044,0.19500256276556424,2.604590994971139
dqn,2026,3671,73844,-11.580000000000002,158,0,1,0.050000000000000044,0.17653184272348882,2.7512132257223127
dqn,2026,3672,74027,8.169999999999998,183,1,0,0.050000000000000044,0.21130809949504004,2.9098382711410524
dqn,2026,3673,74061,-10.34,34,0,1,0.050000000000000044,0.35565495159890914,3.060161590576172
dqn,2026,3674,74175,-11.14,114,0,1,0.050000000000000044,0.33208517144833294,3.5553138852119446
dqn,2026,3675,74253,-10.780000000000001,78,0,1,0.050000000000000044,0.2930104471743107,3.348920428752899
dqn,2026,3676,74291,-10.38,38,0,1,0.050000000000000044,0.2767573843399684,3.4125877221425376
dqn,2026,3677,74313,-10.22,22,0,1,0.050000000000000044,0.21596172451972961,3.5812164545059204
dqn,2026,3678,74330,9.83,17,1,0,0.050000000000000044,0.17916279658675194,3.7577913999557495
dqn,2026,3679,74378,-10.48,48,0,1,0.050000000000000044,0.2593721002340317,3.581382632255554
dqn,2026,3680,74451,-10.73,73,0,1,0.050000000000000044,0.2429512660536501,3.613989485634698
dqn,2026,3681,74464,-10.129999999999999,13,0,1,0.050000000000000044,0.2791563980281353,3.7558910846710205
dqn,2026,3682,74698,-12.339999999999995,234,0,1,0.050000000000000044,0.23606874485468043,3.4685394599519928
dqn,2026,3683,74728,-10.3,30,0,1,0.050000000000000044,0.21222856640815735,3.7651564180850983
dqn,2026,3684,74770,9.58,42,1,0,0.050000000000000044,0.19368399828672409,3.5921138048172
dqn,2026,3685,74877,8.93,107,1,0,0.050000000000000044,0.24982421762413448,3.6376557968280934
dqn,2026,3686,74963,-10.86,86,0,1,0.050000000000000044,0.23739030815306164,3.4567884036472867
dqn,2026,3687,75013,9.5,50,1,0,0.050000000000000044,0.2726458001595277,3.8294085539304294
dqn,2026,3688,75155,8.579999999999998,142,1,0,0.050000000000000044,0.3613675458090646,4.252151904787336
dqn,2026,3689,75173,9.82,18,1,0,0.050000000000000044,0.3682273209095001,4.216622400283813
dqn,2026,3690,75250,9.23,77,1,0,0.050000000000000044,0.3308303952217102,4.35474399516457
dqn,2026,3691,75265,-10.15,15,0,1,0.050000000000000044,0.31214820593595505,3.9132028818130493
dqn,2026,3692,75384,8.809999999999999,119,1,0,0.050000000000000044,0.308266818523407,4.439350708325704
dqn,2026,3693,75517,8.67,133,1,0,0.050000000000000044,0.30208787141424237,4.410630428429806
dqn,2026,3694,75561,-10.44,44,0,1,0.050000000000000044,0.2845594151453538,4.624608625065196
dqn,2026,3695,75676,8.85,115,1,0,0.050000000000000044,0.26049247075771464,4.439809774530345
dqn,2026,3696,75932,-2.5599999999999894,256,0,0,0.050000000000000044,0.2382407495751977,4.501298356801271
dqn,2026,3697,76050,8.82,118,1,0,0.050000000000000044,0.3522333764824374,4.9291621241076236
dqn,2026,3698,76122,9.28,72,1,0,0.050000000000000044,0.3992474757962757,5.459102312723796
dqn,2026,3699,76247,8.75,125,1,0,0.050000000000000044,0.29494138783024204,5.402243860306278
dqn,2026,3700,76307,9.4,60,1,0,0.050000000000000044,0.28966216643651327,5.4615508079528805
dqn,2026,3701,76395,9.12,88,1,0,0.050000000000000044,0.26647348972884094,5.666815454309637
dqn,2026,3702,76453,-10.58,58,0,1,0.050000000000000044,0.27601971924304963,5.289336013793945
dqn,2026,3703,76502,-10.49,49,0,1,0.050000000000000044,0.2388115239640077,5.455552816390991
dqn,2026,3704,76533,9.69,31,1,0,0.050000000000000044,0.2213585190474987,5.614970624446869
dqn,2026,3705,76703,8.299999999999999,170,1,0,0.050000000000000044,0.25003096230682875,5.418573493049259
dqn,2026,3706,76743,9.6,40,1,0,0.050000000000000044,0.20622559785842895,5.497011280059814
dqn,2026,3707,76999,-2.5599999999999894,256,0,0,0.050000000000000044,0.22333245689515024,5.555444568395615
dqn,2026,3708,77033,9.66,34,1,0,0.050000000000000044,0.4363501999113295,6.60142543580797
dqn,2026,3709,77062,-10.29,29,0,1,0.050000000000000044,0.34809074657303946,6.197420937674386
dqn,2026,3710,77318,-2.5599999999999894,256,0,0,0.050000000000000044,0.260921131586656,6.317351967096329
dqn,2026,3711,77513,8.049999999999999,195,1,0,0.050000000000000044,0.19414612924566074,6.3248308337464625
dqn,2026,3712,77539,9.74,26,1,0,0.050000000000000044,0.1669220378001531,6.224676132202148
dqn,2026,3713,77741,7.979999999999999,202,1,0,0.050000000000000044,0.18212604800275728,6.335434642492556
dqn,2026,3714,77890,8.51,149,1,0,0.050000000000000044,0.17463950691996394,6.412399588404475
dqn,2026,3715,77901,-10.11,11,0,1,0.050000000000000044,0.1682200382153193,6.020893573760986
dqn,2026,3716,78136,7.650000000000006,235,1,0,0.050000000000000044,0.2419714956717976,6.831027709831626
dqn,2026,3717,78137,-10.01,1,0,1,0.050000000000000044,,
dqn,2026,3718,78151,-10.14,14,0,1,0.050000000000000044,0.18800340096155801,7.072512944539388
dqn,2026,3719,78259,8.92,108,1,0,0.050000000000000044,0.18202236625883314,7.3892875600744174
dqn,2026,3720,78496,-12.369999999999994,237,0,1,0.050000000000000044,0.14845314901322126,7.324642999966939
dqn,2026,3721,78554,-10.58,58,0,1,0.050000000000000044,0.13416723587683269,7.240488461085728
dqn,2026,3722,78606,-10.52,52,0,1,0.050000000000000044,0.16964896137897784,7.3361956889812765
dqn,2026,3723,78827,7.790000000000003,221,1,0,0.050000000000000044,0.1506830844012174,7.303479133952748
dqn,2026,3724,78999,-11.72,172,0,1,0.050000000000000044,0.13229863215671028,7.3166371722554056
dqn,2026,3725,79170,-11.71,171,0,1,0.050000000000000044,0.2059345020111217,7.9910442551901175
dqn,2026,3726,79345,-11.750000000000002,175,0,1,0.050000000000000044,0.13307633471082558,8.043095686218955
dqn,2026,3727,79493,-11.48,148,0,1,0.050000000000000044,0.10268957228273959,8.054503531069368
dqn,2026,3728,79501,-10.08,8,0,1,0.050000000000000044,0.14820682629942894,8.376999378204346
dqn,2026,3729,79754,-12.52999999999999,253,0,1,0.050000000000000044,0.11970153557402748,8.055664690714034
dqn,2026,3730,80010,-2.5599999999999894,256,0,0,0.050000000000000044,0.11834952473873273,8.139219731092453
dqn,2026,3731,80037,-10.27,27,0,1,0.050000000000000044,0.15808606999261038,8.725991794041224
dqn,2026,3732,80188,-11.510000000000002,151,0,1,0.050000000000000044,0.1155377826408336,8.742767396726107
dqn,2026,3733,80249,-10.61,61,0,1,0.050000000000000044,0.10073589260379473,8.706116549173991
dqn,2026,3734,80347,9.02,98,1,0,0.050000000000000044,0.09866215226550896,8.795077860355377
dqn,2026,3735,80603,-2.5599999999999894,256,0,0,0.050000000000000044,0.07723129179794341,8.871854342520237
dqn,2026,3736,80825,-12.219999999999997,222,0,1,0.050000000000000044,0.08706048643216491,8.771004966327123
dqn,2026,3737,80928,-11.030000000000001,103,0,1,0.050000000000000044,0.07666225559436358,8.843170569493221
dqn,2026,3738,80943,-10.15,15,0,1,0.050000000000000044,0.07952231417099635,8.419854799906412
dqn,2026,3739,81008,9.35,65,1,0,0.050000000000000044,0.08753417936318061,8.84443193323472
dqn,2026,3740,81058,-10.5,50,0,1,0.050000000000000044,0.1366128201285998,9.405357360839844
dqn,2026,3741,81076,-10.18,18,0,1,0.050000000000000044,0.10426966100931168,8.894562721252441
dqn,2026,3742,81193,8.83,117,1,0,0.050000000000000044,0.100152596060572,9.136971079069992
dqn,2026,3743,81374,8.19,181,1,0,0.050000000000000044,0.07840315153201421,9.396598731146918
dqn,2026,3744,81448,9.26,74,1,0,0.050000000000000044,0.06906856459222342,9.088006722299676
dqn,2026,3745,81521,9.27,73,1,0,0.050000000000000044,0.08597793678442638,9.30375607808431
dqn,2026,3746,81574,9.47,53,1,0,0.050000000000000044,0.07422895586261383,9.354406356811523
dqn,2026,3747,81715,8.59,141,1,0,0.050000000000000044,0.07026882895401546,9.309404509408134
dqn,2026,3748,81745,-10.3,30,0,1,0.050000000000000044,0.08410687372088432,8.996801853179932
dqn,2026,3749,81896,-11.510000000000002,151,0,1,0.050000000000000044,0.06703576381857458,9.255718281394557
dqn,2026,3750,81910,-10.14,14,0,1,0.050000000000000044,0.07818747063477834,9.216804504394531
dqn,2026,3751,81980,-10.7,70,0,1,0.050000000000000044,0.07521992321643564,9.424277411566841
dqn,2026,3752,82213,-12.329999999999995,233,0,1,0.050000000000000044,0.07423028690290862,9.70195173395091
dqn,2026,3753,82253,9.6,40,1,0,0.050000000000000044,0.056360438093543054,9.659529209136963
dqn,2026,3754,82328,9.25,75,1,0,0.050000000000000044,0.05957797032437826,9.68162637007864
dqn,2026,3755,82338,-10.1,10,0,1,0.050000000000000044,0.05439520627260208,9.867015838623047
dqn,2026,3756,82410,9.28,72,1,0,0.050000000000000044,0.053882504192491375,9.935944610171848
dqn,2026,3757,82498,-10.88,88,0,1,0.050000000000000044,0.04595638464458964,9.820120681415904
dqn,2026,3758,82669,8.29,171,1,0,0.050000000000000044,0.061961950907527014,9.944621862367143
dqn,2026,3759,82714,-10.45,45,0,1,0.050000000000000044,0.05991436778144403,9.883644624189897
dqn,2026,3760,82789,9.25,75,1,0,0.050000000000000044,0.05503681919684535,9.804563120791787
dqn,2026,3761,82818,-10.29,29,0,1,0.050000000000000044,0.0386412287397044,9.660014969961983
dqn,2026,3762,83074,-2.5599999999999894,256,0,0,0.050000000000000044,0.05135532666463405,10.007053852081299
dqn,2026,3763,83177,8.969999999999999,103,1,0,0.050000000000000044,0.07958297288188568,10.072971270634579
dqn,2026,3764,83185,-10.08,8,0,1,0.050000000000000044,0.03552856668829918,10.319477081298828
dqn,2026,3765,83208,-10.23,23,0,1,0.050000000000000044,0.07799434413512547,9.868899663289389
dqn,2026,3766,83299,9.09,91,1,0,0.050000000000000044,0.059725658714093945,10.318964394656094
dqn,2026,3767,83327,9.72,28,1,0,0.050000000000000044,0.03893075351204191,10.025926317487444
dqn,2026,3768,83439,-11.120000000000001,112,0,1,0.050000000000000044,0.0428490338713995,10.33515088898795
dqn,2026,3769,83499,9.4,60,1,0,0.050000000000000044,0.0578536257147789,10.051414489746094
dqn,2026,3770,83584,-10.85,85,0,1,0.050000000000000044,0.05484372470527887,10.146144433455033
dqn,2026,3771,83681,-10.97,97,0,1,0.050000000000000044,0.04821172899877032,10.184062480926514
dqn,2026,3772,83853,8.28,172,1,0,0.050000000000000044,0.040018437040406606,10.188304812409157
dqn,2026,3773,83919,9.34,66,1,0,0.050000000000000044,0.04335888708010316,10.11483383178711
dqn,2026,3774,83941,9.78,22,1,0,0.050000000000000044,0.03894858993589878,10.395827134450277
dqn,2026,3775,84073,-11.32,132,0,1,0.050000000000000044,0.04201053952177366,10.290619301073479
dqn,2026,3776,84091,-10.18,18,0,1,0.050000000000000044,0.07850967207923532,10.141671419143677
dqn,2026,3777,84347,-2.5599999999999894,256,0,0,0.050000000000000044,0.04475467689917423,10.419847711920738
dqn,2026,3778,84432,9.15,85,1,0,0.050000000000000044,0.03949561012400822,10.30756950378418
dqn,2026,3779,84635,-12.030000000000001,203,0,1,0.050000000000000044,0.03190913964062929,10.38604528427124
dqn,2026,3780,84662,9.73,27,1,0,0.050000000000000044,0.03225445640938623,10.52401760646275
dqn,2026,3781,84691,9.71,29,1,0,0.050000000000000044,0.027544092386960983,10.472997392926898
dqn,2026,3782,84854,-11.63,163,0,1,0.050000000000000044,0.03918979321492881,10.335579453445062
dqn,2026,3783,84920,9.34,66,1,0,0.050000000000000044,0.03556139953434467,10.348975013284122
dqn,2026,3784,84946,9.74,26,1,0,0.050000000000000044,0.037958043006559215,10.274673302968344
dqn,2026,3785,85054,-11.08,108,0,1,0.050000000000000044,0.040836635356148086,10.425941891140408
dqn,2026,3786,85059,-10.049999999999999,5,0,1,0.050000000000000044,0.02496718242764473,10.422151565551758
dqn,2026,3787,85139,-10.8,80,0,1,0.050000000000000044,0.02756395749747753,10.515686655044556
dqn,2026,3788,85266,-11.270000000000001,127,0,1,0.050000000000000044,0.041338166513014585,10.551279991865158
dqn,2026,3789,85287,9.790000000000001,21,1,0,0.050000000000000044,0.031249371729791163,10.673904418945312
dqn,2026,3790,85332,9.55,45,1,0,0.050000000000000044,0.041160461492836475,10.457745234171549
dqn,2026,3791,85480,8.52,148,1,0,0.050000000000000044,0.028369115866922045,10.379272899112186
dqn,2026,3792,85603,8.77,123,1,0,0.050000000000000044,0.027844579766194026,10.522809378306071
dqn,2026,3793,85692,-10.89,89,0,1,0.050000000000000044,0.03452687771262034,10.557780597520912
dqn,2026,3794,85751,9.41,59,1,0,0.050000000000000044,0.029839137569069862,10.461836746760778
dqn,2026,3795,85830,-10.790000000000001,79,0,1,0.050000000000000044,0.02359318626113236,10.522683382034302
dqn,2026,3796,85916,-10.86,86,0,1,0.050000000000000044,0.024639821992340414,10.529098987579346
dqn,2026,3797,86163,-12.469999999999992,247,0,1,0.050000000000000044,0.039166990682849144,10.480993724260173
dqn,2026,3798,86419,-2.5599999999999894,256,0,0,0.050000000000000044,0.03513848379952833,10.69380308687687
dqn,2026,3799,86434,-10.15,15,0,1,0.050000000000000044,0.032148048747330904,10.762823820114136
dqn,2026,3800,86550,-11.16,116,0,1,0.050000000000000044,0.035070509810386036,10.657441204991834
dqn,2026,3801,86677,-11.270000000000001,127,0,1,0.050000000000000044,0.027377176331356168,10.669166833162308
dqn,2026,3802,86926,-12.489999999999991,249,0,1,0.050000000000000044,0.030226688862087264,10.636009862346034
dqn,2026,3803,87030,-11.040000000000001,104,0,1,0.050000000000000044,0.03900104710975519,10.686622069432186
dqn,2026,3804,87264,7.6600000000000055,234,1,0,0.050000000000000044,0.03674036734816381,10.710447747828598
dqn,2026,3805,87520,-2.5599999999999894,256,0,0,0.050000000000000044,0.026623953759553842,10.707160323858261
dqn,2026,3806,87589,-10.69,69,0,1,0.050000000000000044,0.05597925624426674,10.649632005130544
dqn,2026,3807,87845,-2.5599999999999894,256,0,0,0.050000000000000044,0.033312669591396116,10.724910452961922
dqn,2026,3808,87850,-10.049999999999999,5,0,1,0.050000000000000044,0.01895774155855179,10.809867858886719
dqn,2026,3809,88106,-2.5599999999999894,256,0,0,0.050000000000000044,0.02944589327671565,10.825665384531021
dqn,2026,3810,88270,-11.64,164,0,1,0.050000000000000044,0.021243233165544707,10.863656439432283
dqn,2026,3811,88526,-2.5599999999999894,256,0,0,0.050000000000000044,0.028008997993310913,10.799002200365067
dqn,2026,3812,88693,8.329999999999998,167,1,0,0.050000000000000044,0.020699486136436462,10.999024595533099
dqn,2026,3813,88949,-2.5599999999999894,256,0,0,0.050000000000000044,0.02980320271308301,10.840232983231544
dqn,2026,3814,89142,-11.930000000000001,193,0,1,0.050000000000000044,0.019461015006527305,10.81831286350886
dqn,2026,3815,89282,-11.4,140,0,1,0.050000000000000044,0.028213741044913018,10.93638253893171
dqn,2026,3816,89304,-10.22,22,0,1,0.050000000000000044,0.01692559119934837,10.938803672790527
dqn,2026,3817,89560,-2.5599999999999894,256,0,0,0.050000000000000044,0.020426010589289945,10.94809328019619
dqn,2026,3818,89755,8.049999999999999,195,1,0,0.050000000000000044,0.01995207161720221,10.913297355175018
dqn,2026,3819,90011,-2.5599999999999894,256,0,0,0.050000000000000044,0.019352061055542435,10.970169439911842
dqn,2026,3820,90096,-10.85,85,0,1,0.050000000000000044,0.015595233872194181,11.012393474578857
dqn,2026,3821,90245,-11.49,149,0,1,0.050000000000000044,0.02281147234041143,10.90711717347841
dqn,2026,3822,90501,-2.5599999999999894,256,0,0,0.050000000000000044,0.01661314508965006,10.906412228941917
dqn,2026,3823,90741,-12.399999999999993,240,0,1,0.050000000000000044,0.012981225511369605,10.980135790507
dqn,2026,3824,90882,-11.41,141,0,1,0.050000000000000044,0.019327548186161687,10.986290904453822
dqn,2026,3825,90986,-11.040000000000001,104,0,1,0.050000000000000044,0.021916474358966716,10.970335226792555
dqn,2026,3826,91131,-11.450000000000001,145,0,1,0.050000000000000044,0.019183444053245086,11.01535275247362
dqn,2026,3827,91205,-10.74,74,0,1,0.050000000000000044,0.03007564022156753,11.151976585388184
dqn,2026,3828,91289,-10.84,84,0,1,0.050000000000000044,0.012330047586666686,10.98411650884719
dqn,2026,3829,91449,-11.600000000000001,160,0,1,0.050000000000000044,0.012116394389886409,11.001473259925842
dqn,2026,3830,91705,-2.5599999999999894,256,0,0,0.050000000000000044,0.010879843379370868,10.986988544464111
dqn,2026,3831,91745,-10.4,40,0,1,0.050000000000000044,0.028039480838924647,10.947952938079833
dqn,2026,3832,91824,-10.790000000000001,79,0,1,0.050000000000000044,0.011025351588614285,11.009554958343506
dqn,2026,3833,91912,-10.88,88,0,1,0.050000000000000044,0.01028243558142673,11.12834796038541
dqn,2026,3834,92168,-2.5599999999999894,256,0,0,0.050000000000000044,0.028494889455032535,11.120438873767853
dqn,2026,3835,92189,-10.209999999999999,21,0,1,0.050000000000000044,0.021380286291241647,11.228793907165528
dqn,2026,3836,92445,-2.5599999999999894,256,0,0,0.050000000000000044,0.02431981211702805,11.094720587134361
dqn,2026,3837,92701,-2.5599999999999894,256,0,0,0.050000000000000044,0.02695910800684942,11.014290899038315
dqn,2026,3838,92730,-10.29,29,0,1,0.050000000000000044,0.014299565394009863,11.139433179582868
dqn,2026,3839,92986,-2.5599999999999894,256,0,0,0.050000000000000044,0.01683362117910292,11.118141442537308
dqn,2026,3840,93039,-10.53,53,0,1,0.050000000000000044,0.015477130726839487,11.094461441040039
dqn,2026,3841,93295,-2.5599999999999894,256,0,0,0.050000000000000044,0.02165755598252872,11.095439180731773
dqn,2026,3842,93551,-2.5599999999999894,256,0,0,0.050000000000000044,0.025581203735782765,11.07820150256157
dqn,2026,3843,93807,-2.5599999999999894,256,0,0,0.050000000000000044,0.026794112818606663,11.082744777202606
dqn,2026,3844,93824,-10.17,17,0,1,0.050000000000000044,0.011871412582695483,11.120837020874024
dqn,2026,3845,94080,-2.5599999999999894,256,0,0,0.050000000000000044,0.012669038042076863,11.075612157583237
dqn,2026,3846,94168,-10.88,88,0,1,0.050000000000000044,0.017684643580154938,11.033468116413463
dqn,2026,3847,94201,-10.33,33,0,1,0.050000000000000044,0.007701543974690139,11.156537294387817
dqn,2026,3848,94273,-10.72,72,0,1,0.050000000000000044,0.007546346608756317,11.12876362270779
dqn,2026,3849,94521,-12.479999999999992,248,0,1,0.050000000000000044,0.013318657612187727,10.92750383192493
dqn,2026,3850,94580,-10.59,59,0,1,0.050000000000000044,0.019706019231428704,11.030826505025228
dqn,2026,3851,94836,-2.5599999999999894,256,0,0,0.050000000000000044,0.015872205985942855,10.95889301598072
dqn,2026,3852,95023,-11.870000000000001,187,0,1,0.050000000000000044,0.02491471617806541,10.977606794108516
dqn,2026,3853,95279,-2.5599999999999894,256,0,0,0.050000000000000044,0.01915785672463244,10.91483698785305
dqn,2026,3854,95458,-11.790000000000001,179,0,1,0.050000000000000044,0.024100063120325407,10.871609052022299
dqn,2026,3855,95670,-12.12,212,0,1,0.050000000000000044,0.012796994799502054,10.931176131626344
dqn,2026,3856,95788,-11.18,118,0,1,0.050000000000000044,0.019265168346464634,10.947589619954426
dqn,2026,3857,96044,-2.5599999999999894,256,0,0,0.050000000000000044,0.013312522965861717,10.951412692666054
dqn,2026,3858,96226,-11.82,182,0,1,0.050000000000000044,0.024109164542622036,10.96308553483751
dqn,2026,3859,96242,-10.16,16,0,1,0.050000000000000044,0.008748805848881602,11.070464134216309
dqn,2026,3860,96498,-2.5599999999999894,256,0,0,0.050000000000000044,0.016654505801852793,10.957231372594833
dqn,2026,3861,96754,-2.5599999999999894,256,0,0,0.050000000000000044,0.010875552907236852,11.01290711760521
dqn,2026,3862,96841,-10.870000000000001,87,0,1,0.050000000000000044,0.022666277818974446,11.085370497270064
dqn,2026,3863,97097,-2.5599999999999894,256,0,0,0.050000000000000044,0.01354343358980259,10.975856021046638
dqn,2026,3864,97260,-11.63,163,0,1,0.050000000000000044,0.020831210186659562,11.038155090518114
dqn,2026,3865,97444,-11.840000000000002,184,0,1,0.050000000000000044,0.022925126867409308,11.103528934976328
dqn,2026,3866,97700,-2.5599999999999894,256,0,0,0.050000000000000044,0.026311835841624998,10.986919566988945
dqn,2026,3867,97758,9.42,58,1,0,0.050000000000000044,0.027756271451445564,11.05095032283238
dqn,2026,3868,97917,-11.590000000000002,159,0,1,0.050000000000000044,0.01798902956652455,11.068641924858094
dqn,2026,3869,98044,-11.270000000000001,127,0,1,0.050000000000000044,0.012161349230154883,11.030688464641571
dqn,2026,3870,98266,-12.219999999999997,222,0,1,0.050000000000000044,0.013909202577038244,11.030420390042392
dqn,2026,3871,98345,-10.790000000000001,79,0,1,0.050000000000000044,0.011578062013722957,11.044293642044067
dqn,2026,3872,98535,-11.900000000000002,190,0,1,0.050000000000000044,0.014576515113498936,10.988281655818858
dqn,2026,3873,98590,-10.55,55,0,1,0.050000000000000044,0.019975882189880525,11.069133758544922
dqn,2026,3874,98846,-2.5599999999999894,256,0,0,0.050000000000000044,0.03518138515937608,10.933819845318794
dqn,2026,3875,99069,-12.229999999999997,223,0,1,0.050000000000000044,0.0176560693403839,11.042905364717756
dqn,2026,3876,99325,-2.5599999999999894,256,0,0,0.050000000000000044,0.017501207312307088,10.991921544075012
dqn,2026,3877,99581,-2.5599999999999894,256,0,0,0.050000000000000044,0.017260054984944873,10.917312815785408
dqn,2026,3878,99679,-10.98,98,0,1,0.050000000000000044,0.01795617201908802,10.913497686386108
dqn,2026,3879,99790,-11.110000000000001,111,0,1,0.050000000000000044,0.012970583521694477,11.012952259608678
dqn,2026,3880,99804,-10.14,14,0,1,0.050000000000000044,0.0474751052679494,10.880361080169678
